time_s,base_error_x_m,base_error_y_m,base_error_z_m,base_orientation_error_rad,wheel_error_fl_m,wheel_error_fr_m,wheel_error_rl_m,wheel_error_rr_m,contact_mismatch_fl,contact_mismatch_fr,contact_mismatch_rl,contact_mismatch_rr,solve_ms,rollout_termination_rate
2.000000000000000042e-02,0.000000000000000000e+00,0.000000000000000000e+00,0.000000000000000000e+00,0.000000000000000000e+00,1.907348632812500000e-06,5.960464477539062500e-08,4.991888999938964844e-07,1.921282091643661261e-06,1.000000000000000000e+00,1.000000000000000000e+00,0.000000000000000000e+00,1.000000000000000000e+00,3.185132446289062500e+02,0.000000000000000000e+00
4.000000000000000083e-02,-1.716613769531250000e-05,1.468658447265625000e-04,-1.671612262725830078e-03,4.683430306613445282e-03,2.327774884179234505e-03,6.344900466501712799e-04,1.496424665674567223e-03,1.402727211825549603e-03,1.000000000000000000e+00,1.000000000000000000e+00,0.000000000000000000e+00,0.000000000000000000e+00,2.648381347656250000e+02,0.000000000000000000e+00
5.999999999999999778e-02,-3.398895263671875000e-03,1.029968261718750000e-04,-5.084693431854248047e-03,1.619450189173221588e-02,8.160872384905815125e-03,3.138038096949458122e-03,3.236306132748723030e-03,2.156906295567750931e-03,1.000000000000000000e+00,1.000000000000000000e+00,0.000000000000000000e+00,0.000000000000000000e+00,2.895339965820312500e+02,0.000000000000000000e+00
8.000000000000000167e-02,-8.071899414062500000e-03,1.077651977539062500e-03,-1.059269905090332031e-02,2.928899787366390228e-02,1.936985552310943604e-02,7.019701413810253143e-03,9.139994159340858459e-03,5.777418613433837891e-03,1.000000000000000000e+00,0.000000000000000000e+00,1.000000000000000000e+00,0.000000000000000000e+00,2.724083251953125000e+02,0.000000000000000000e+00
1.000000000000000056e-01,-1.270484924316406250e-02,1.583099365234375000e-03,-1.558256149291992188e-02,3.314600884914398193e-02,2.306322939693927765e-02,1.571532152593135834e-02,1.640455797314643860e-02,4.601890221238136292e-03,0.000000000000000000e+00,0.000000000000000000e+00,1.000000000000000000e+00,0.000000000000000000e+00,2.791628417968750000e+02,0.000000000000000000e+00
1.199999999999999956e-01,-1.600646972656250000e-02,2.050399780273437500e-03,-2.024745941162109375e-02,3.917283564805984497e-02,2.549474313855171204e-02,2.209825254976749420e-02,2.306133694946765900e-02,4.559820983558893204e-03,0.000000000000000000e+00,0.000000000000000000e+00,1.000000000000000000e+00,0.000000000000000000e+00,2.741095886230468750e+02,0.000000000000000000e+00
1.400000000000000133e-01,-1.743888854980468750e-02,2.473831176757812500e-03,-2.405756711959838867e-02,4.248407483100891113e-02,2.587168663740158081e-02,2.738500200212001801e-02,2.862952277064323425e-02,5.038873758167028427e-03,0.000000000000000000e+00,0.000000000000000000e+00,0.000000000000000000e+00,0.000000000000000000e+00,2.716025695800781250e+02,0.000000000000000000e+00
1.600000000000000033e-01,-1.722908020019531250e-02,2.689361572265625000e-03,-2.714174985885620117e-02,3.919717296957969666e-02,2.513462677597999573e-02,3.203067556023597717e-02,3.384215757250785828e-02,4.792169667780399323e-03,0.000000000000000000e+00,0.000000000000000000e+00,0.000000000000000000e+00,0.000000000000000000e+00,2.659943542480468750e+02,0.000000000000000000e+00
1.799999999999999933e-01,-1.597976684570312500e-02,2.698898315429687500e-03,-2.927511930465698242e-02,3.219730406999588013e-02,2.413744665682315826e-02,3.784597665071487427e-02,3.855229914188385010e-02,4.864109214395284653e-03,0.000000000000000000e+00,0.000000000000000000e+00,0.000000000000000000e+00,0.000000000000000000e+00,2.737408142089843750e+02,0.000000000000000000e+00
2.000000000000000111e-01,-1.438522338867187500e-02,2.517700195312500000e-03,-3.032183647155761719e-02,2.403032965958118439e-02,2.326061576604843140e-02,4.383468627929687500e-02,4.309513419866561890e-02,4.946075845509767532e-03,0.000000000000000000e+00,0.000000000000000000e+00,1.000000000000000000e+00,0.000000000000000000e+00,2.941930541992187500e+02,0.000000000000000000e+00
2.200000000000000011e-01,-1.277923583984375000e-02,2.218246459960937500e-03,-3.008198738098144531e-02,1.680146530270576477e-02,2.224824018776416779e-02,4.883215948939323425e-02,4.737864434719085693e-02,5.086191464215517044e-03,0.000000000000000000e+00,0.000000000000000000e+00,1.000000000000000000e+00,0.000000000000000000e+00,2.832131042480468750e+02,0.000000000000000000e+00
2.399999999999999911e-01,-1.126861572265625000e-02,1.926422119140625000e-03,-2.889078855514526367e-02,1.317457202821969986e-02,2.119303122162818909e-02,4.981776326894760132e-02,5.013483390212059021e-02,5.654690321534872055e-03,0.000000000000000000e+00,0.000000000000000000e+00,1.000000000000000000e+00,0.000000000000000000e+00,2.927724304199218750e+02,0.000000000000000000e+00
2.600000000000000089e-01,-9.790420532226562500e-03,1.873016357421875000e-03,-2.727901935577392578e-02,1.387958880513906479e-02,2.043830417096614838e-02,4.248804971575737000e-02,4.935034364461898804e-02,5.591845139861106873e-03,0.000000000000000000e+00,0.000000000000000000e+00,0.000000000000000000e+00,0.000000000000000000e+00,2.603915710449218750e+02,0.000000000000000000e+00
2.800000000000000266e-01,-8.495330810546875000e-03,2.159118652343750000e-03,-2.579271793365478516e-02,1.685813255608081818e-02,1.949178613722324371e-02,3.011126443743705750e-02,4.595049098134040833e-02,5.548912100493907928e-03,0.000000000000000000e+00,0.000000000000000000e+00,1.000000000000000000e+00,0.000000000000000000e+00,2.828414306640625000e+02,0.000000000000000000e+00
2.999999999999999889e-01,-7.223129272460937500e-03,2.681732177734375000e-03,-2.430611848831176758e-02,1.807306520640850067e-02,1.783044822514057159e-02,1.821430772542953491e-02,4.200912639498710632e-02,5.478807725012302399e-03,0.000000000000000000e+00,0.000000000000000000e+00,0.000000000000000000e+00,0.000000000000000000e+00,2.746334228515625000e+02,0.000000000000000000e+00
3.200000000000000067e-01,-5.575180053710937500e-03,3.606796264648437500e-03,-2.312862873077392578e-02,1.825682073831558228e-02,1.673729345202445984e-02,1.026452239602804184e-02,3.853078559041023254e-02,5.674274172633886337e-03,0.000000000000000000e+00,0.000000000000000000e+00,0.000000000000000000e+00,0.000000000000000000e+00,2.580065917968750000e+02,0.000000000000000000e+00
3.400000000000000244e-01,-3.295898437500000000e-03,5.523681640625000000e-03,-2.297598123550415039e-02,1.923612505197525024e-02,1.666690036654472351e-02,1.091825217008590698e-02,3.553061187267303467e-02,5.874287337064743042e-03,0.000000000000000000e+00,0.000000000000000000e+00,1.000000000000000000e+00,0.000000000000000000e+00,2.762244873046875000e+02,0.000000000000000000e+00
3.599999999999999867e-01,3.738403320312500000e-04,8.733749389648437500e-03,-2.343517541885375977e-02,1.833500899374485016e-02,1.723827049136161804e-02,1.727301068603992462e-02,3.353082388639450073e-02,5.541475955396890640e-03,0.000000000000000000e+00,0.000000000000000000e+00,1.000000000000000000e+00,0.000000000000000000e+00,2.614106750488281250e+02,0.000000000000000000e+00
3.800000000000000044e-01,5.214691162109375000e-03,1.283264160156250000e-02,-2.402055263519287109e-02,1.319265644997358322e-02,1.856903359293937683e-02,2.483692578971385956e-02,3.486362844705581665e-02,5.612260662019252777e-03,0.000000000000000000e+00,0.000000000000000000e+00,1.000000000000000000e+00,0.000000000000000000e+00,2.664604797363281250e+02,0.000000000000000000e+00
4.000000000000000222e-01,9.506225585937500000e-03,1.656150817871093750e-02,-2.434182167053222656e-02,1.415176503360271454e-02,1.949909143149852753e-02,3.235949575901031494e-02,4.608152061700820923e-02,5.741806235164403915e-03,0.000000000000000000e+00,0.000000000000000000e+00,1.000000000000000000e+00,0.000000000000000000e+00,2.854743347167968750e+02,0.000000000000000000e+00
4.199999999999999845e-01,1.061439514160156250e-02,1.828193664550781250e-02,-2.431124448776245117e-02,2.378099039196968079e-02,1.945498958230018616e-02,3.659610822796821594e-02,5.560123175382614136e-02,6.115164607763290405e-03,1.000000000000000000e+00,0.000000000000000000e+00,0.000000000000000000e+00,0.000000000000000000e+00,2.765385131835937500e+02,0.000000000000000000e+00
4.400000000000000022e-01,1.007461547851562500e-02,1.930999755859375000e-02,-2.519065141677856445e-02,2.459906414151191711e-02,1.900833286345005035e-02,3.599110618233680725e-02,5.551719665527343750e-02,6.335864774882793427e-03,0.000000000000000000e+00,0.000000000000000000e+00,0.000000000000000000e+00,0.000000000000000000e+00,2.935434265136718750e+02,0.000000000000000000e+00
4.600000000000000200e-01,8.277893066406250000e-03,2.135658264160156250e-02,-2.487075328826904297e-02,2.271438576281070709e-02,1.806566119194030762e-02,3.591636195778846741e-02,5.595067888498306274e-02,6.515215151011943817e-03,1.000000000000000000e+00,0.000000000000000000e+00,0.000000000000000000e+00,0.000000000000000000e+00,2.687352600097656250e+02,0.000000000000000000e+00
4.799999999999999822e-01,4.089355468750000000e-03,2.439689636230468750e-02,-2.323424816131591797e-02,1.375881861895322800e-02,1.802095957100391388e-02,3.788103535771369934e-02,5.512596666812896729e-02,6.716263014823198318e-03,0.000000000000000000e+00,0.000000000000000000e+00,0.000000000000000000e+00,1.000000000000000000e+00,2.860381164550781250e+02,0.000000000000000000e+00
5.000000000000000000e-01,-1.054763793945312500e-03,3.022575378417968750e-02,-2.241069078445434570e-02,2.191300503909587860e-02,2.043772861361503601e-02,4.039882495999336243e-02,5.555692687630653381e-02,3.497176244854927063e-02,0.000000000000000000e+00,0.000000000000000000e+00,0.000000000000000000e+00,1.000000000000000000e+00,2.847933349609375000e+02,0.000000000000000000e+00
5.200000000000000178e-01,-6.792068481445312500e-03,3.490066528320312500e-02,-1.985758543014526367e-02,2.238662727177143097e-02,3.175116702914237976e-02,4.423294216394424438e-02,5.587949231266975403e-02,4.970523342490196228e-02,0.000000000000000000e+00,0.000000000000000000e+00,0.000000000000000000e+00,1.000000000000000000e+00,2.583414916992187500e+02,0.000000000000000000e+00
5.400000000000000355e-01,-1.111221313476562500e-02,3.764533996582031250e-02,-1.724946498870849609e-02,2.223702333867549896e-02,4.087979346513748169e-02,4.834422096610069275e-02,5.566207692027091980e-02,5.521608144044876099e-02,0.000000000000000000e+00,0.000000000000000000e+00,0.000000000000000000e+00,1.000000000000000000e+00,2.719637145996093750e+02,0.000000000000000000e+00
5.600000000000000533e-01,-1.334190368652343750e-02,4.034042358398437500e-02,-1.442980766296386719e-02,2.883779443800449371e-02,4.799661412835121155e-02,5.117665603756904602e-02,5.568424612283706665e-02,6.642138212919235229e-02,0.000000000000000000e+00,0.000000000000000000e+00,0.000000000000000000e+00,0.000000000000000000e+00,2.518853149414062500e+02,0.000000000000000000e+00
5.799999999999999600e-01,-1.548576354980468750e-02,3.904914855957031250e-02,-1.296424865722656250e-02,3.076589666306972504e-02,5.461615696549415588e-02,5.159668624401092529e-02,5.533006787300109863e-02,6.424974650144577026e-02,0.000000000000000000e+00,0.000000000000000000e+00,0.000000000000000000e+00,0.000000000000000000e+00,2.750654296875000000e+02,0.000000000000000000e+00
5.999999999999999778e-01,-1.633834838867187500e-02,3.840827941894531250e-02,-1.331973075866699219e-02,3.584178537130355835e-02,6.212813034653663635e-02,5.041893571615219116e-02,5.521648749709129333e-02,6.478004157543182373e-02,0.000000000000000000e+00,0.000000000000000000e+00,0.000000000000000000e+00,0.000000000000000000e+00,2.624019470214843750e+02,0.000000000000000000e+00
6.199999999999999956e-01,-1.664924621582031250e-02,3.795051574707031250e-02,-1.427453756332397461e-02,4.089408367872238159e-02,6.911492347717285156e-02,4.897574707865715027e-02,5.732423067092895508e-02,6.409616768360137939e-02,0.000000000000000000e+00,0.000000000000000000e+00,0.000000000000000000e+00,0.000000000000000000e+00,2.666142272949218750e+02,0.000000000000000000e+00
6.400000000000000133e-01,-1.632499694824218750e-02,3.773689270019531250e-02,-1.498305797576904297e-02,4.410866647958755493e-02,7.372246682643890381e-02,4.809260368347167969e-02,6.056430190801620483e-02,6.461023539304733276e-02,0.000000000000000000e+00,0.000000000000000000e+00,0.000000000000000000e+00,0.000000000000000000e+00,2.727031250000000000e+02,0.000000000000000000e+00
6.600000000000000311e-01,-1.544952392578125000e-02,3.803062438964843750e-02,-1.457679271697998047e-02,4.941666871309280396e-02,7.298202812671661377e-02,4.711250588297843933e-02,6.512702256441116333e-02,7.069604843854904175e-02,0.000000000000000000e+00,0.000000000000000000e+00,0.000000000000000000e+00,0.000000000000000000e+00,2.514493255615234375e+02,0.000000000000000000e+00
6.800000000000000488e-01,-1.428604125976562500e-02,3.730964660644531250e-02,-1.331144571304321289e-02,5.169010907411575317e-02,6.905281543731689453e-02,4.570307210087776184e-02,6.682378798723220825e-02,7.608935981988906860e-02,0.000000000000000000e+00,0.000000000000000000e+00,1.000000000000000000e+00,0.000000000000000000e+00,2.694714660644531250e+02,0.000000000000000000e+00
7.000000000000000666e-01,-1.296424865722656250e-02,3.573608398437500000e-02,-1.307088136672973633e-02,4.594098404049873352e-02,6.195367872714996338e-02,4.390698298811912537e-02,7.071486860513687134e-02,7.519444823265075684e-02,0.000000000000000000e+00,0.000000000000000000e+00,0.000000000000000000e+00,0.000000000000000000e+00,2.692247619628906250e+02,0.000000000000000000e+00
7.199999999999999734e-01,-8.705139160156250000e-03,3.819847106933593750e-02,-1.262658834457397461e-02,6.028079614043235779e-02,5.961420014500617981e-02,4.209040850400924683e-02,7.298760861158370972e-02,9.099604189395904541e-02,0.000000000000000000e+00,0.000000000000000000e+00,0.000000000000000000e+00,0.000000000000000000e+00,2.663700866699218750e+02,0.000000000000000000e+00
7.399999999999999911e-01,-4.810333251953125000e-03,3.916549682617187500e-02,-1.341015100479125977e-02,6.054525077342987061e-02,5.470765009522438049e-02,4.106560349464416504e-02,7.873909920454025269e-02,9.437406808137893677e-02,0.000000000000000000e+00,0.000000000000000000e+00,0.000000000000000000e+00,0.000000000000000000e+00,2.647233581542968750e+02,0.000000000000000000e+00
7.600000000000000089e-01,9.880065917968750000e-04,4.109954833984375000e-02,-1.465493440628051758e-02,7.154992967844009399e-02,5.068579688668251038e-02,3.982431814074516296e-02,7.973203063011169434e-02,1.035934314131736755e-01,0.000000000000000000e+00,0.000000000000000000e+00,0.000000000000000000e+00,1.000000000000000000e+00,2.612215576171875000e+02,0.000000000000000000e+00
7.800000000000000266e-01,7.625579833984375000e-03,4.245758056640625000e-02,-1.583582162857055664e-02,8.434190601110458374e-02,4.543416574597358704e-02,3.884772956371307373e-02,8.106239885091781616e-02,1.097668409347534180e-01,0.000000000000000000e+00,0.000000000000000000e+00,0.000000000000000000e+00,1.000000000000000000e+00,2.615857238769531250e+02,0.000000000000000000e+00
8.000000000000000444e-01,1.307678222656250000e-02,4.312133789062500000e-02,-1.712387800216674805e-02,1.026851087808609009e-01,4.042182117700576782e-02,3.823643177747726440e-02,8.137117326259613037e-02,1.162994578480720520e-01,0.000000000000000000e+00,0.000000000000000000e+00,0.000000000000000000e+00,1.000000000000000000e+00,3.129966430664062500e+02,0.000000000000000000e+00
8.200000000000000622e-01,1.506614685058593750e-02,4.147529602050781250e-02,-1.805996894836425781e-02,1.165675073862075806e-01,3.158146515488624573e-02,3.770954161882400513e-02,8.135928213596343994e-02,1.252932548522949219e-01,0.000000000000000000e+00,1.000000000000000000e+00,0.000000000000000000e+00,0.000000000000000000e+00,2.817879638671875000e+02,0.000000000000000000e+00
8.399999999999999689e-01,1.295852661132812500e-02,3.649330139160156250e-02,-1.835739612579345703e-02,1.189297959208488464e-01,2.614612132310867310e-02,3.815361484885215759e-02,8.126726746559143066e-02,1.247802451252937317e-01,1.000000000000000000e+00,1.000000000000000000e+00,0.000000000000000000e+00,0.000000000000000000e+00,2.709101562500000000e+02,0.000000000000000000e+00
8.599999999999999867e-01,1.083946228027343750e-02,3.216743469238281250e-02,-1.628100872039794922e-02,1.142837926745414734e-01,2.367594651877880096e-02,3.784997016191482544e-02,8.085441589355468750e-02,1.239514946937561035e-01,0.000000000000000000e+00,1.000000000000000000e+00,0.000000000000000000e+00,0.000000000000000000e+00,2.811187133789062500e+02,0.000000000000000000e+00
8.800000000000000044e-01,5.495071411132812500e-03,2.967453002929687500e-02,-1.246958971023559570e-02,1.116826310753822327e-01,2.356760762631893158e-02,3.544201329350471497e-02,8.047259598970413208e-02,1.234962269663810730e-01,0.000000000000000000e+00,1.000000000000000000e+00,0.000000000000000000e+00,0.000000000000000000e+00,2.715306091308593750e+02,0.000000000000000000e+00
9.000000000000000222e-01,-2.706527709960937500e-03,2.977180480957031250e-02,-1.055759191513061523e-02,1.100040301680564880e-01,2.661960944533348083e-02,3.102087602019309998e-02,8.203442394733428955e-02,1.230346858501434326e-01,0.000000000000000000e+00,0.000000000000000000e+00,0.000000000000000000e+00,0.000000000000000000e+00,2.695027770996093750e+02,0.000000000000000000e+00
9.200000000000000400e-01,-9.267807006835937500e-03,3.123283386230468750e-02,-8.674085140228271484e-03,1.143338754773139954e-01,3.097769618034362793e-02,3.593158721923828125e-02,9.852319210767745972e-02,1.228157877922058105e-01,0.000000000000000000e+00,0.000000000000000000e+00,0.000000000000000000e+00,0.000000000000000000e+00,2.897152709960937500e+02,0.000000000000000000e+00
9.400000000000000577e-01,-1.585388183593750000e-02,3.294181823730468750e-02,-7.216632366180419922e-03,1.162396073341369629e-01,3.496063128113746643e-02,4.039741680026054382e-02,1.093636900186538696e-01,1.224657967686653137e-01,0.000000000000000000e+00,0.000000000000000000e+00,0.000000000000000000e+00,0.000000000000000000e+00,2.777744140625000000e+02,0.000000000000000000e+00
9.599999999999999645e-01,-2.007675170898437500e-02,3.484344482421875000e-02,-5.741894245147705078e-03,1.185259297490119934e-01,3.797918185591697693e-02,4.223556444048881531e-02,1.184506937861442566e-01,1.229415088891983032e-01,0.000000000000000000e+00,0.000000000000000000e+00,0.000000000000000000e+00,0.000000000000000000e+00,2.638931579589843750e+02,0.000000000000000000e+00
9.799999999999999822e-01,-2.173805236816406250e-02,3.662681579589843750e-02,-4.255831241607666016e-03,1.174198240041732788e-01,4.108977317810058594e-02,4.338527843356132507e-02,1.257142424583435059e-01,1.226933747529983521e-01,0.000000000000000000e+00,0.000000000000000000e+00,0.000000000000000000e+00,0.000000000000000000e+00,2.728135986328125000e+02,0.000000000000000000e+00
1.000000000000000000e+00,-2.148818969726562500e-02,3.809165954589843750e-02,-2.901792526245117188e-03,1.151239871978759766e-01,4.348294064402580261e-02,4.514914378523826599e-02,1.321178078651428223e-01,1.223924979567527771e-01,0.000000000000000000e+00,0.000000000000000000e+00,0.000000000000000000e+00,0.000000000000000000e+00,2.766448974609375000e+02,0.000000000000000000e+00
1.020000000000000018e+00,-2.033996582031250000e-02,3.913307189941406250e-02,-1.966834068298339844e-03,1.129104346036911011e-01,4.429012909531593323e-02,4.779624193906784058e-02,1.375780999660491943e-01,1.220513805747032166e-01,0.000000000000000000e+00,0.000000000000000000e+00,0.000000000000000000e+00,0.000000000000000000e+00,2.682414245605468750e+02,0.000000000000000000e+00
1.040000000000000036e+00,-1.907157897949218750e-02,3.978347778320312500e-02,-1.249432563781738281e-03,1.109561994671821594e-01,4.344646260142326355e-02,5.148094892501831055e-02,1.414860785007476807e-01,1.218014359474182129e-01,0.000000000000000000e+00,0.000000000000000000e+00,0.000000000000000000e+00,0.000000000000000000e+00,2.600723876953125000e+02,0.000000000000000000e+00
1.060000000000000053e+00,-1.796150207519531250e-02,4.027748107910156250e-02,-6.809830665588378906e-04,1.099281013011932373e-01,4.107444360852241516e-02,5.561062321066856384e-02,1.440433859825134277e-01,1.213415563106536865e-01,0.000000000000000000e+00,0.000000000000000000e+00,0.000000000000000000e+00,0.000000000000000000e+00,2.791470947265625000e+02,0.000000000000000000e+00
1.080000000000000071e+00,-1.720237731933593750e-02,4.074096679687500000e-02,-1.579523086547851562e-05,1.091222688555717468e-01,3.777615353465080261e-02,5.784019455313682556e-02,1.457562744617462158e-01,1.210516393184661865e-01,0.000000000000000000e+00,0.000000000000000000e+00,0.000000000000000000e+00,0.000000000000000000e+00,2.702808532714843750e+02,0.000000000000000000e+00
1.100000000000000089e+00,-1.668548583984375000e-02,4.125213623046875000e-02,9.189844131469726562e-04,1.085128784179687500e-01,3.470422327518463135e-02,5.747117474675178528e-02,1.463193595409393311e-01,1.208875253796577454e-01,0.000000000000000000e+00,0.000000000000000000e+00,0.000000000000000000e+00,0.000000000000000000e+00,2.820541992187500000e+02,0.000000000000000000e+00
1.120000000000000107e+00,-1.614189147949218750e-02,4.189109802246093750e-02,1.467525959014892578e-03,1.085370555520057678e-01,3.173533827066421509e-02,5.722755566239356995e-02,1.450405865907669067e-01,1.205181479454040527e-01,0.000000000000000000e+00,0.000000000000000000e+00,0.000000000000000000e+00,0.000000000000000000e+00,2.873701171875000000e+02,0.000000000000000000e+00
1.140000000000000124e+00,-1.513481140136718750e-02,4.294586181640625000e-02,1.325130462646484375e-03,1.093188300728797913e-01,2.864696271717548370e-02,5.817073211073875427e-02,1.427882164716720581e-01,1.204287707805633545e-01,0.000000000000000000e+00,0.000000000000000000e+00,0.000000000000000000e+00,0.000000000000000000e+00,2.648340148925781250e+02,0.000000000000000000e+00
1.159999999999999920e+00,-1.333618164062500000e-02,4.475784301757812500e-02,3.383159637451171875e-04,1.093908175826072693e-01,2.598932199180126190e-02,6.008139252662658691e-02,1.396155208349227905e-01,1.207322925329208374e-01,0.000000000000000000e+00,0.000000000000000000e+00,0.000000000000000000e+00,0.000000000000000000e+00,2.714042968750000000e+02,0.000000000000000000e+00
1.179999999999999938e+00,-1.029014587402343750e-02,4.780387878417968750e-02,-1.882791519165039062e-03,1.067755743861198425e-01,2.341357618570327759e-02,6.317085027694702148e-02,1.353481858968734741e-01,1.199318915605545044e-01,0.000000000000000000e+00,0.000000000000000000e+00,0.000000000000000000e+00,0.000000000000000000e+00,2.602252807617187500e+02,0.000000000000000000e+00
1.199999999999999956e+00,-5.956649780273437500e-03,5.222129821777343750e-02,-5.341529846191406250e-03,1.030236929655075073e-01,2.296334505081176758e-02,6.740078330039978027e-02,1.331246048212051392e-01,1.193713620305061340e-01,0.000000000000000000e+00,0.000000000000000000e+00,0.000000000000000000e+00,0.000000000000000000e+00,2.754853515625000000e+02,0.000000000000000000e+00
1.219999999999999973e+00,-1.726150512695312500e-03,5.686187744140625000e-02,-9.191691875457763672e-03,1.026711761951446533e-01,2.349161915481090546e-02,7.092564553022384644e-02,1.375004798173904419e-01,1.193579286336898804e-01,0.000000000000000000e+00,0.000000000000000000e+00,0.000000000000000000e+00,0.000000000000000000e+00,2.736379089355468750e+02,0.000000000000000000e+00
1.239999999999999991e+00,1.041412353515625000e-03,6.041908264160156250e-02,-1.172012090682983398e-02,1.101925224065780640e-01,2.433247864246368408e-02,7.320973277091979980e-02,1.511808633804321289e-01,1.196373179554939270e-01,0.000000000000000000e+00,0.000000000000000000e+00,0.000000000000000000e+00,0.000000000000000000e+00,2.636437377929687500e+02,0.000000000000000000e+00
1.260000000000000009e+00,-3.890991210937500000e-04,6.102180480957031250e-02,-1.597535610198974609e-02,1.122429668903350830e-01,2.330709807574748993e-02,7.353340089321136475e-02,1.475285738706588745e-01,1.204871311783790588e-01,1.000000000000000000e+00,0.000000000000000000e+00,0.000000000000000000e+00,0.000000000000000000e+00,2.772139282226562500e+02,0.000000000000000000e+00
1.280000000000000027e+00,-1.279830932617187500e-03,6.316947937011718750e-02,-1.942008733749389648e-02,1.102596074342727661e-01,2.331919968128204346e-02,7.323386520147323608e-02,1.473502218723297119e-01,1.207667142152786255e-01,1.000000000000000000e+00,0.000000000000000000e+00,0.000000000000000000e+00,0.000000000000000000e+00,2.631400756835937500e+02,0.000000000000000000e+00
1.300000000000000044e+00,-4.055023193359375000e-03,6.629180908203125000e-02,-2.065277099609375000e-02,1.076743155717849731e-01,2.377745509147644043e-02,7.321181148290634155e-02,1.475866287946701050e-01,1.207182407379150391e-01,1.000000000000000000e+00,0.000000000000000000e+00,0.000000000000000000e+00,1.000000000000000000e+00,2.647600402832031250e+02,0.000000000000000000e+00
1.320000000000000062e+00,-9.153366088867187500e-03,7.097816467285156250e-02,-2.189344167709350586e-02,1.140351295471191406e-01,2.767222747206687927e-02,7.374679297208786011e-02,1.483004540205001831e-01,1.381305754184722900e-01,0.000000000000000000e+00,0.000000000000000000e+00,0.000000000000000000e+00,1.000000000000000000e+00,2.825057373046875000e+02,0.000000000000000000e+00
1.340000000000000080e+00,-1.525878906250000000e-02,7.614135742187500000e-02,-2.282184362411499023e-02,1.242028474807739258e-01,4.134170711040496826e-02,7.473833858966827393e-02,1.479525119066238403e-01,1.652939915657043457e-01,0.000000000000000000e+00,0.000000000000000000e+00,0.000000000000000000e+00,1.000000000000000000e+00,2.732019958496093750e+02,0.000000000000000000e+00
1.360000000000000098e+00,-2.044486999511718750e-02,8.012771606445312500e-02,-2.221536636352539062e-02,1.284614056348800659e-01,5.447773262858390808e-02,7.593657076358795166e-02,1.475385129451751709e-01,1.784161329269409180e-01,0.000000000000000000e+00,0.000000000000000000e+00,0.000000000000000000e+00,1.000000000000000000e+00,2.631715698242187500e+02,0.000000000000000000e+00
1.380000000000000115e+00,-2.348136901855468750e-02,8.218955993652343750e-02,-2.068108320236206055e-02,1.310102641582489014e-01,6.448562443256378174e-02,7.738289982080459595e-02,1.473895013332366943e-01,1.849009245634078979e-01,0.000000000000000000e+00,0.000000000000000000e+00,0.000000000000000000e+00,1.000000000000000000e+00,2.603005065917968750e+02,0.000000000000000000e+00
1.400000000000000133e+00,-2.480316162109375000e-02,8.254814147949218750e-02,-1.827538013458251953e-02,1.342075020074844360e-01,7.255271077156066895e-02,7.925061136484146118e-02,1.474337428808212280e-01,1.893486827611923218e-01,0.000000000000000000e+00,0.000000000000000000e+00,0.000000000000000000e+00,1.000000000000000000e+00,2.606321411132812500e+02,0.000000000000000000e+00
1.419999999999999929e+00,-2.488136291503906250e-02,8.160209655761718750e-02,-1.536303758621215820e-02,1.366162002086639404e-01,7.967601716518402100e-02,8.154445141553878784e-02,1.473753899335861206e-01,1.914033591747283936e-01,0.000000000000000000e+00,0.000000000000000000e+00,0.000000000000000000e+00,1.000000000000000000e+00,3.021304321289062500e+02,0.000000000000000000e+00
1.439999999999999947e+00,-2.469635009765625000e-02,7.986259460449218750e-02,-1.266628503799438477e-02,1.389591991901397705e-01,8.693838119506835938e-02,8.399675786495208740e-02,1.472578346729278564e-01,1.925178617238998413e-01,0.000000000000000000e+00,0.000000000000000000e+00,0.000000000000000000e+00,1.000000000000000000e+00,2.783087158203125000e+02,0.000000000000000000e+00
1.459999999999999964e+00,-2.490615844726562500e-02,7.738685607910156250e-02,-1.131743192672729492e-02,1.364029645919799805e-01,9.252738207578659058e-02,8.500009030103683472e-02,1.479191333055496216e-01,1.889937371015548706e-01,0.000000000000000000e+00,0.000000000000000000e+00,0.000000000000000000e+00,0.000000000000000000e+00,2.667581481933593750e+02,0.000000000000000000e+00
1.479999999999999982e+00,-2.508163452148437500e-02,7.509231567382812500e-02,-1.194238662719726562e-02,1.331687867641448975e-01,9.536569565534591675e-02,8.504432439804077148e-02,1.481645107269287109e-01,1.830424666404724121e-01,0.000000000000000000e+00,0.000000000000000000e+00,0.000000000000000000e+00,0.000000000000000000e+00,2.814442138671875000e+02,0.000000000000000000e+00
1.500000000000000000e+00,-2.546310424804687500e-02,7.168388366699218750e-02,-1.368683576583862305e-02,1.240510120987892151e-01,9.261887520551681519e-02,8.499487489461898804e-02,1.500482857227325439e-01,1.693847626447677612e-01,0.000000000000000000e+00,0.000000000000000000e+00,0.000000000000000000e+00,0.000000000000000000e+00,2.761795959472656250e+02,0.000000000000000000e+00
1.520000000000000018e+00,-2.477645874023437500e-02,6.967544555664062500e-02,-1.787561178207397461e-02,1.180277466773986816e-01,8.709789812564849854e-02,8.512343466281890869e-02,1.502379924058914185e-01,1.599789708852767944e-01,0.000000000000000000e+00,0.000000000000000000e+00,0.000000000000000000e+00,0.000000000000000000e+00,2.649218139648437500e+02,0.000000000000000000e+00
1.540000000000000036e+00,-2.351188659667968750e-02,6.849479675292968750e-02,-2.286589145660400391e-02,1.110786721110343933e-01,7.874500751495361328e-02,8.520664274692535400e-02,1.543923318386077881e-01,1.525063514709472656e-01,0.000000000000000000e+00,0.000000000000000000e+00,0.000000000000000000e+00,0.000000000000000000e+00,2.603765563964843750e+02,0.000000000000000000e+00
1.560000000000000053e+00,-2.126693725585937500e-02,6.830024719238281250e-02,-2.724224328994750977e-02,1.080171465873718262e-01,6.986100226640701294e-02,8.468409627676010132e-02,1.553267389535903931e-01,1.507193744182586670e-01,0.000000000000000000e+00,0.000000000000000000e+00,0.000000000000000000e+00,1.000000000000000000e+00,2.637997131347656250e+02,0.000000000000000000e+00
1.580000000000000071e+00,-1.767349243164062500e-02,6.903648376464843750e-02,-3.012305498123168945e-02,1.065273135900497437e-01,5.976164340972900391e-02,8.343938738107681274e-02,1.548083424568176270e-01,1.494192183017730713e-01,0.000000000000000000e+00,0.000000000000000000e+00,0.000000000000000000e+00,1.000000000000000000e+00,2.617955322265625000e+02,0.000000000000000000e+00
1.600000000000000089e+00,-1.229095458984375000e-02,7.019615173339843750e-02,-3.174060583114624023e-02,1.061032712459564209e-01,4.956397041678428650e-02,8.189285546541213989e-02,1.543899029493331909e-01,1.518082916736602783e-01,0.000000000000000000e+00,0.000000000000000000e+00,0.000000000000000000e+00,1.000000000000000000e+00,2.835288391113281250e+02,0.000000000000000000e+00
1.620000000000000107e+00,-5.666732788085937500e-03,7.144737243652343750e-02,-3.176480531692504883e-02,1.081164702773094177e-01,4.124911502003669739e-02,8.116131275892257690e-02,1.542796790599822998e-01,1.554100066423416138e-01,0.000000000000000000e+00,1.000000000000000000e+00,0.000000000000000000e+00,1.000000000000000000e+00,2.748683471679687500e+02,0.000000000000000000e+00
1.640000000000000124e+00,-5.302429199218750000e-04,7.189178466796875000e-02,-3.091794252395629883e-02,1.109819933772087097e-01,3.590084984898567200e-02,8.035523444414138794e-02,1.542326956987380981e-01,1.602417379617691040e-01,0.000000000000000000e+00,0.000000000000000000e+00,0.000000000000000000e+00,1.000000000000000000e+00,2.632848815917968750e+02,0.000000000000000000e+00
1.660000000000000142e+00,-8.583068847656250000e-05,6.890869140625000000e-02,-2.934718132019042969e-02,1.155376732349395752e-01,3.402579948306083679e-02,7.976043969392776489e-02,1.540682315826416016e-01,1.632628738880157471e-01,0.000000000000000000e+00,1.000000000000000000e+00,0.000000000000000000e+00,0.000000000000000000e+00,2.625828857421875000e+02,0.000000000000000000e+00
1.679999999999999938e+00,-7.820129394531250000e-04,6.394195556640625000e-02,-2.639293670654296875e-02,1.221048980951309204e-01,3.334349021315574646e-02,8.025273680686950684e-02,1.536040008068084717e-01,1.627862602472305298e-01,0.000000000000000000e+00,1.000000000000000000e+00,0.000000000000000000e+00,0.000000000000000000e+00,2.640310363769531250e+02,0.000000000000000000e+00
1.699999999999999956e+00,-3.509521484375000000e-03,5.984115600585937500e-02,-2.139681577682495117e-02,1.305432319641113281e-01,3.401505574584007263e-02,8.030220866203308105e-02,1.531039327383041382e-01,1.622853428125381470e-01,0.000000000000000000e+00,1.000000000000000000e+00,0.000000000000000000e+00,0.000000000000000000e+00,2.697180480957031250e+02,0.000000000000000000e+00
1.719999999999999973e+00,-8.922576904296875000e-03,5.667495727539062500e-02,-1.589626073837280273e-02,1.359544098377227783e-01,3.644561022520065308e-02,7.940003275871276855e-02,1.524765938520431519e-01,1.618020087480545044e-01,0.000000000000000000e+00,1.000000000000000000e+00,0.000000000000000000e+00,0.000000000000000000e+00,2.988480834960937500e+02,0.000000000000000000e+00
1.739999999999999991e+00,-1.501464843750000000e-02,5.624008178710937500e-02,-1.332420110702514648e-02,1.388509720563888550e-01,4.153986275196075439e-02,8.545630425214767456e-02,1.572462618350982666e-01,1.614302247762680054e-01,0.000000000000000000e+00,0.000000000000000000e+00,0.000000000000000000e+00,0.000000000000000000e+00,2.711628723144531250e+02,0.000000000000000000e+00
1.760000000000000009e+00,-2.120399475097656250e-02,5.632400512695312500e-02,-1.076614856719970703e-02,1.421189010143280029e-01,4.736461490392684937e-02,9.893412142992019653e-02,1.620583981275558472e-01,1.618727147579193115e-01,0.000000000000000000e+00,0.000000000000000000e+00,0.000000000000000000e+00,0.000000000000000000e+00,2.703663635253906250e+02,0.000000000000000000e+00
1.780000000000000027e+00,-2.638053894042968750e-02,5.697059631347656250e-02,-9.079873561859130859e-03,1.419509053230285645e-01,5.188982933759689331e-02,1.064996868371963501e-01,1.605168282985687256e-01,1.614627093076705933e-01,0.000000000000000000e+00,0.000000000000000000e+00,0.000000000000000000e+00,0.000000000000000000e+00,2.599970703125000000e+02,0.000000000000000000e+00
1.800000000000000044e+00,-2.938842773437500000e-02,5.788612365722656250e-02,-7.536053657531738281e-03,1.414861828088760376e-01,5.378604307770729065e-02,1.089600697159767151e-01,1.578143686056137085e-01,1.607864201068878174e-01,0.000000000000000000e+00,0.000000000000000000e+00,0.000000000000000000e+00,0.000000000000000000e+00,2.729314880371093750e+02,0.000000000000000000e+00
1.820000000000000062e+00,-3.052902221679687500e-02,5.869102478027343750e-02,-5.894660949707031250e-03,1.392696499824523926e-01,5.409692972898483276e-02,1.082185506820678711e-01,1.541876494884490967e-01,1.596142947673797607e-01,0.000000000000000000e+00,0.000000000000000000e+00,0.000000000000000000e+00,0.000000000000000000e+00,2.665795593261718750e+02,0.000000000000000000e+00
1.840000000000000080e+00,-3.040313720703125000e-02,5.904769897460937500e-02,-4.311740398406982422e-03,1.342305988073348999e-01,5.312565714120864868e-02,1.063346937298774719e-01,1.495444178581237793e-01,1.582332104444503784e-01,0.000000000000000000e+00,0.000000000000000000e+00,0.000000000000000000e+00,0.000000000000000000e+00,2.516609497070312500e+02,0.000000000000000000e+00
1.860000000000000098e+00,-2.963066101074218750e-02,5.886268615722656250e-02,-2.981305122375488281e-03,1.265019476413726807e-01,5.082791671156883240e-02,1.042050421237945557e-01,1.436417251825332642e-01,1.559177786111831665e-01,0.000000000000000000e+00,0.000000000000000000e+00,0.000000000000000000e+00,0.000000000000000000e+00,2.563858032226562500e+02,0.000000000000000000e+00
1.880000000000000115e+00,-2.858924865722656250e-02,5.837059020996093750e-02,-2.019047737121582031e-03,1.228664591908454895e-01,4.801531508564949036e-02,1.020978391170501709e-01,1.390152126550674438e-01,1.552321314811706543e-01,0.000000000000000000e+00,0.000000000000000000e+00,0.000000000000000000e+00,0.000000000000000000e+00,2.458451995849609375e+02,0.000000000000000000e+00
1.900000000000000133e+00,-2.736282348632812500e-02,5.775260925292968750e-02,-1.264691352844238281e-03,1.222396343946456909e-01,4.521011561155319214e-02,9.862818568944931030e-02,1.346188038587570190e-01,1.543773263692855835e-01,0.000000000000000000e+00,0.000000000000000000e+00,0.000000000000000000e+00,0.000000000000000000e+00,2.606326599121093750e+02,0.000000000000000000e+00
1.919999999999999929e+00,-2.629852294921875000e-02,5.728149414062500000e-02,-3.151297569274902344e-04,1.251481473445892334e-01,4.181377962231636047e-02,9.122754633426666260e-02,1.321244984865188599e-01,1.541331559419631958e-01,0.000000000000000000e+00,0.000000000000000000e+00,0.000000000000000000e+00,0.000000000000000000e+00,2.693959045410156250e+02,0.000000000000000000e+00
1.939999999999999947e+00,-2.515983581542968750e-02,5.696678161621093750e-02,7.171034812927246094e-04,1.276098191738128662e-01,3.872202336788177490e-02,8.290646970272064209e-02,1.306302845478057861e-01,1.539868563413619995e-01,0.000000000000000000e+00,0.000000000000000000e+00,0.000000000000000000e+00,0.000000000000000000e+00,2.708651123046875000e+02,0.000000000000000000e+00
1.959999999999999964e+00,-2.373886108398437500e-02,5.704116821289062500e-02,1.596331596374511719e-03,1.288952529430389404e-01,3.625937923789024353e-02,7.695890963077545166e-02,1.297223120927810669e-01,1.538848131895065308e-01,0.000000000000000000e+00,0.000000000000000000e+00,0.000000000000000000e+00,0.000000000000000000e+00,2.891423339843750000e+02,0.000000000000000000e+00
1.979999999999999982e+00,-2.172851562500000000e-02,5.784606933593750000e-02,1.795887947082519531e-03,1.299699097871780396e-01,3.404938802123069763e-02,7.347596436738967896e-02,1.298725157976150513e-01,1.538614779710769653e-01,0.000000000000000000e+00,0.000000000000000000e+00,0.000000000000000000e+00,0.000000000000000000e+00,2.743429565429687500e+02,0.000000000000000000e+00
2.000000000000000000e+00,-1.871299743652343750e-02,5.973625183105468750e-02,5.178451538085937500e-04,1.312922388315200806e-01,3.225940465927124023e-02,7.257756590843200684e-02,1.311189085245132446e-01,1.538761258125305176e-01,0.000000000000000000e+00,0.000000000000000000e+00,0.000000000000000000e+00,0.000000000000000000e+00,2.781094970703125000e+02,0.000000000000000000e+00
2.020000000000000018e+00,-1.423072814941406250e-02,6.298255920410156250e-02,-2.150297164916992188e-03,1.311540603637695312e-01,3.005916625261306763e-02,7.445763796567916870e-02,1.342145055532455444e-01,1.532487273216247559e-01,0.000000000000000000e+00,0.000000000000000000e+00,0.000000000000000000e+00,0.000000000000000000e+00,2.717208251953125000e+02,0.000000000000000000e+00
2.040000000000000036e+00,-8.729934692382812500e-03,6.704902648925781250e-02,-5.321860313415527344e-03,1.316986829042434692e-01,2.880016341805458069e-02,7.787009328603744507e-02,1.425614655017852783e-01,1.530979722738265991e-01,0.000000000000000000e+00,0.000000000000000000e+00,0.000000000000000000e+00,0.000000000000000000e+00,2.943888244628906250e+02,0.000000000000000000e+00
2.060000000000000053e+00,-3.889083862304687500e-03,7.050514221191406250e-02,-7.788598537445068359e-03,1.370504051446914673e-01,2.820162475109100342e-02,8.038596063852310181e-02,1.618041843175888062e-01,1.530234515666961670e-01,0.000000000000000000e+00,0.000000000000000000e+00,0.000000000000000000e+00,0.000000000000000000e+00,2.621379394531250000e+02,0.000000000000000000e+00
2.080000000000000071e+00,-3.271102905273437500e-03,7.105255126953125000e-02,-1.045966148376464844e-02,1.416749507188796997e-01,2.811196260154247284e-02,8.378524333238601685e-02,1.664058268070220947e-01,1.531965881586074829e-01,0.000000000000000000e+00,0.000000000000000000e+00,0.000000000000000000e+00,0.000000000000000000e+00,2.669037780761718750e+02,0.000000000000000000e+00
2.100000000000000089e+00,-4.226684570312500000e-03,7.105255126953125000e-02,-1.451015472412109375e-02,1.439158618450164795e-01,2.784475870430469513e-02,8.426747471094131470e-02,1.609380096197128296e-01,1.536002755165100098e-01,1.000000000000000000e+00,0.000000000000000000e+00,0.000000000000000000e+00,0.000000000000000000e+00,2.786513671875000000e+02,0.000000000000000000e+00
2.120000000000000107e+00,-5.729675292968750000e-03,7.275772094726562500e-02,-1.610624790191650391e-02,1.445792168378829956e-01,2.691921405494213104e-02,8.489374071359634399e-02,1.615412533283233643e-01,1.542507261037826538e-01,1.000000000000000000e+00,0.000000000000000000e+00,0.000000000000000000e+00,0.000000000000000000e+00,2.755859985351562500e+02,0.000000000000000000e+00
2.140000000000000124e+00,-9.561538696289062500e-03,7.618141174316406250e-02,-1.547521352767944336e-02,1.402343362569808960e-01,2.734422124922275543e-02,8.640156686305999756e-02,1.601277887821197510e-01,1.537093967199325562e-01,0.000000000000000000e+00,0.000000000000000000e+00,0.000000000000000000e+00,1.000000000000000000e+00,2.758925476074218750e+02,0.000000000000000000e+00
2.160000000000000142e+00,-1.527976989746093750e-02,8.206748962402343750e-02,-1.747339963912963867e-02,1.541959345340728760e-01,3.450770676136016846e-02,8.791979402303695679e-02,1.601324826478958130e-01,1.884371042251586914e-01,0.000000000000000000e+00,0.000000000000000000e+00,0.000000000000000000e+00,1.000000000000000000e+00,2.683633117675781250e+02,0.000000000000000000e+00
2.180000000000000160e+00,-2.125549316406250000e-02,8.783531188964843750e-02,-1.801443099975585938e-02,1.603063046932220459e-01,4.356155544519424438e-02,8.974723517894744873e-02,1.596786528825759888e-01,2.082525789737701416e-01,0.000000000000000000e+00,0.000000000000000000e+00,0.000000000000000000e+00,1.000000000000000000e+00,2.702017517089843750e+02,0.000000000000000000e+00
2.200000000000000178e+00,-2.583694458007812500e-02,9.225654602050781250e-02,-1.874262094497680664e-02,1.654945909976959229e-01,4.894682392477989197e-02,9.107234328985214233e-02,1.598509103059768677e-01,2.182013541460037231e-01,0.000000000000000000e+00,0.000000000000000000e+00,0.000000000000000000e+00,1.000000000000000000e+00,2.675554809570312500e+02,0.000000000000000000e+00
2.220000000000000195e+00,-2.893829345703125000e-02,9.517478942871093750e-02,-2.046966552734375000e-02,1.698592305183410645e-01,5.068797990679740906e-02,9.157074987888336182e-02,1.604951024055480957e-01,2.232337445020675659e-01,0.000000000000000000e+00,0.000000000000000000e+00,0.000000000000000000e+00,1.000000000000000000e+00,2.864957275390625000e+02,0.000000000000000000e+00
2.240000000000000213e+00,-3.105545043945312500e-02,9.665107727050781250e-02,-2.262330055236816406e-02,1.705240458250045776e-01,5.199191719293594360e-02,9.202137589454650879e-02,1.616177260875701904e-01,2.252815812826156616e-01,0.000000000000000000e+00,0.000000000000000000e+00,0.000000000000000000e+00,0.000000000000000000e+00,2.785607910156250000e+02,0.000000000000000000e+00
2.260000000000000231e+00,-3.265380859375000000e-02,9.663009643554687500e-02,-2.471625804901123047e-02,1.630038172006607056e-01,5.340571328997612000e-02,9.170474112033843994e-02,1.635880470275878906e-01,2.229508906602859497e-01,0.000000000000000000e+00,0.000000000000000000e+00,0.000000000000000000e+00,0.000000000000000000e+00,2.665735778808593750e+02,0.000000000000000000e+00
2.280000000000000249e+00,-3.412628173828125000e-02,9.568595886230468750e-02,-2.753216028213500977e-02,1.528840661048889160e-01,5.574486032128334045e-02,9.178877621889114380e-02,1.661736667156219482e-01,2.189040333032608032e-01,0.000000000000000000e+00,0.000000000000000000e+00,0.000000000000000000e+00,0.000000000000000000e+00,2.748017883300781250e+02,0.000000000000000000e+00
2.300000000000000266e+00,-3.547477722167968750e-02,9.412765502929687500e-02,-3.097826242446899414e-02,1.440948247909545898e-01,5.737555772066116333e-02,9.298082441091537476e-02,1.683019101619720459e-01,2.149986028671264648e-01,0.000000000000000000e+00,0.000000000000000000e+00,0.000000000000000000e+00,1.000000000000000000e+00,2.837037658691406250e+02,0.000000000000000000e+00
2.319999999999999840e+00,-3.639793395996093750e-02,9.258460998535156250e-02,-3.439146280288696289e-02,1.389832347631454468e-01,5.540324375033378601e-02,9.490290284156799316e-02,1.689804941415786743e-01,2.119343280792236328e-01,0.000000000000000000e+00,0.000000000000000000e+00,0.000000000000000000e+00,1.000000000000000000e+00,2.588979492187500000e+02,0.000000000000000000e+00
2.339999999999999858e+00,-3.695487976074218750e-02,9.102630615234375000e-02,-3.705829381942749023e-02,1.374658644199371338e-01,4.932963475584983826e-02,9.675285220146179199e-02,1.699765324592590332e-01,2.090353071689605713e-01,0.000000000000000000e+00,0.000000000000000000e+00,0.000000000000000000e+00,1.000000000000000000e+00,2.682878112792968750e+02,0.000000000000000000e+00
2.359999999999999876e+00,-3.692436218261718750e-02,9.010505676269531250e-02,-3.848141431808471680e-02,1.426919698715209961e-01,4.532908648252487183e-02,9.790300577878952026e-02,1.709412038326263428e-01,2.090704441070556641e-01,0.000000000000000000e+00,0.000000000000000000e+00,0.000000000000000000e+00,1.000000000000000000e+00,2.910284729003906250e+02,0.000000000000000000e+00
2.379999999999999893e+00,-3.574562072753906250e-02,8.986091613769531250e-02,-3.930604457855224609e-02,1.453758627176284790e-01,4.314743354916572571e-02,9.877578169107437134e-02,1.720965504646301270e-01,2.089586555957794189e-01,0.000000000000000000e+00,1.000000000000000000e+00,0.000000000000000000e+00,1.000000000000000000e+00,2.709507446289062500e+02,0.000000000000000000e+00
2.399999999999999911e+00,-3.264808654785156250e-02,9.074211120605468750e-02,-4.010915756225585938e-02,1.447013020515441895e-01,4.029786214232444763e-02,9.959728270769119263e-02,1.736468374729156494e-01,2.085198462009429932e-01,0.000000000000000000e+00,0.000000000000000000e+00,0.000000000000000000e+00,1.000000000000000000e+00,2.765308227539062500e+02,0.000000000000000000e+00
2.419999999999999929e+00,-2.765846252441406250e-02,9.267234802246093750e-02,-4.040706157684326172e-02,1.452543437480926514e-01,3.692832961678504944e-02,9.994866698980331421e-02,1.758099049329757690e-01,2.106331735849380493e-01,0.000000000000000000e+00,0.000000000000000000e+00,0.000000000000000000e+00,1.000000000000000000e+00,2.796312866210937500e+02,0.000000000000000000e+00
2.439999999999999947e+00,-2.093505859375000000e-02,9.510612487792968750e-02,-3.988516330718994141e-02,1.473405808210372925e-01,3.575338423252105713e-02,9.968290477991104126e-02,1.779181659221649170e-01,2.138255238533020020e-01,0.000000000000000000e+00,0.000000000000000000e+00,0.000000000000000000e+00,1.000000000000000000e+00,2.861587219238281250e+02,0.000000000000000000e+00
2.459999999999999964e+00,-1.473426818847656250e-02,9.756851196289062500e-02,-3.886574506759643555e-02,1.502498835325241089e-01,3.770298883318901062e-02,9.800361096858978271e-02,1.800897717475891113e-01,2.176893204450607300e-01,0.000000000000000000e+00,0.000000000000000000e+00,0.000000000000000000e+00,1.000000000000000000e+00,2.679588623046875000e+02,0.000000000000000000e+00
2.479999999999999982e+00,-1.145935058593750000e-02,9.820365905761718750e-02,-3.696709871292114258e-02,1.525042802095413208e-01,3.907367959618568420e-02,9.523875266313552856e-02,1.820809096097946167e-01,2.228842973709106445e-01,0.000000000000000000e+00,0.000000000000000000e+00,0.000000000000000000e+00,0.000000000000000000e+00,2.619229431152343750e+02,0.000000000000000000e+00
2.500000000000000000e+00,-1.230812072753906250e-02,9.554672241210937500e-02,-3.394651412963867188e-02,1.554844677448272705e-01,4.153034463524818420e-02,9.309297800064086914e-02,1.822287738323211670e-01,2.226842790842056274e-01,1.000000000000000000e+00,0.000000000000000000e+00,0.000000000000000000e+00,0.000000000000000000e+00,2.666456604003906250e+02,0.000000000000000000e+00
2.520000000000000018e+00,-1.339721679687500000e-02,9.243202209472656250e-02,-2.902579307556152344e-02,1.602541953325271606e-01,4.358343034982681274e-02,9.171673655509948730e-02,1.819800734519958496e-01,2.223655879497528076e-01,0.000000000000000000e+00,0.000000000000000000e+00,0.000000000000000000e+00,0.000000000000000000e+00,2.774246215820312500e+02,0.000000000000000000e+00
2.540000000000000036e+00,-1.734924316406250000e-02,8.999443054199218750e-02,-2.291774749755859375e-02,1.649065464735031128e-01,4.540289938449859619e-02,9.069102257490158081e-02,1.818597614765167236e-01,2.219538092613220215e-01,0.000000000000000000e+00,1.000000000000000000e+00,0.000000000000000000e+00,0.000000000000000000e+00,2.640989074707031250e+02,0.000000000000000000e+00
2.560000000000000053e+00,-2.364921569824218750e-02,8.952140808105468750e-02,-1.887726783752441406e-02,1.648747026920318604e-01,4.957352578639984131e-02,8.978319913148880005e-02,1.814061105251312256e-01,2.217273116111755371e-01,0.000000000000000000e+00,0.000000000000000000e+00,0.000000000000000000e+00,0.000000000000000000e+00,2.576073608398437500e+02,0.000000000000000000e+00
2.580000000000000071e+00,-2.827835083007812500e-02,9.035301208496093750e-02,-1.541900634765625000e-02,1.690619587898254395e-01,5.428834259510040283e-02,1.043730452656745911e-01,1.933865994215011597e-01,2.220730781555175781e-01,1.000000000000000000e+00,0.000000000000000000e+00,0.000000000000000000e+00,0.000000000000000000e+00,2.904780273437500000e+02,0.000000000000000000e+00
2.600000000000000089e+00,-3.328132629394531250e-02,9.157752990722656250e-02,-1.311260461807250977e-02,1.714747101068496704e-01,5.738064274191856384e-02,1.142566651105880737e-01,1.984612196683883667e-01,2.218746989965438843e-01,1.000000000000000000e+00,0.000000000000000000e+00,0.000000000000000000e+00,0.000000000000000000e+00,2.660692443847656250e+02,0.000000000000000000e+00
2.620000000000000107e+00,-3.648185729980468750e-02,9.330558776855468750e-02,-1.105076074600219727e-02,1.746172010898590088e-01,5.829562619328498840e-02,1.181861385703086853e-01,2.001759260892868042e-01,2.216706424951553345e-01,0.000000000000000000e+00,0.000000000000000000e+00,0.000000000000000000e+00,0.000000000000000000e+00,2.995468139648437500e+02,0.000000000000000000e+00
2.640000000000000124e+00,-3.787612915039062500e-02,9.506034851074218750e-02,-9.074509143829345703e-03,1.787918061017990112e-01,5.684170126914978027e-02,1.180384755134582520e-01,2.007248103618621826e-01,2.214092016220092773e-01,0.000000000000000000e+00,0.000000000000000000e+00,0.000000000000000000e+00,0.000000000000000000e+00,2.668492431640625000e+02,0.000000000000000000e+00
2.660000000000000142e+00,-3.806686401367187500e-02,9.639358520507812500e-02,-7.059872150421142578e-03,1.823379546403884888e-01,5.352518707513809204e-02,1.159319579601287842e-01,2.007964849472045898e-01,2.211186140775680542e-01,0.000000000000000000e+00,0.000000000000000000e+00,0.000000000000000000e+00,0.000000000000000000e+00,2.784109191894531250e+02,0.000000000000000000e+00
2.680000000000000160e+00,-3.771591186523437500e-02,9.734725952148437500e-02,-5.170226097106933594e-03,1.840193122625350952e-01,4.963384196162223816e-02,1.130438968539237976e-01,2.001647353172302246e-01,2.204732596874237061e-01,0.000000000000000000e+00,0.000000000000000000e+00,0.000000000000000000e+00,0.000000000000000000e+00,2.541579132080078125e+02,0.000000000000000000e+00
2.700000000000000178e+00,-3.706932067871093750e-02,9.790039062500000000e-02,-3.906905651092529297e-03,1.832300722599029541e-01,4.655195772647857666e-02,1.100308299064636230e-01,1.982778310775756836e-01,2.202441096305847168e-01,0.000000000000000000e+00,0.000000000000000000e+00,0.000000000000000000e+00,0.000000000000000000e+00,2.810171813964843750e+02,0.000000000000000000e+00
2.720000000000000195e+00,-3.618431091308593750e-02,9.819602966308593750e-02,-2.874732017517089844e-03,1.816702634096145630e-01,4.446728527545928955e-02,1.060430184006690979e-01,1.946959942579269409e-01,2.192602455615997314e-01,0.000000000000000000e+00,0.000000000000000000e+00,0.000000000000000000e+00,0.000000000000000000e+00,2.666152648925781250e+02,0.000000000000000000e+00
2.740000000000000213e+00,-3.509712219238281250e-02,9.816932678222656250e-02,-1.435995101928710938e-03,1.811345964670181274e-01,4.284714162349700928e-02,9.988948702812194824e-02,1.911992281675338745e-01,2.190226316452026367e-01,0.000000000000000000e+00,0.000000000000000000e+00,0.000000000000000000e+00,0.000000000000000000e+00,2.667297668457031250e+02,0.000000000000000000e+00
2.760000000000000231e+00,-3.346061706542968750e-02,9.804153442382812500e-02,5.248188972473144531e-04,1.802374273538589478e-01,4.157921299338340759e-02,9.358994662761688232e-02,1.887071132659912109e-01,2.185601145029067993e-01,0.000000000000000000e+00,0.000000000000000000e+00,0.000000000000000000e+00,0.000000000000000000e+00,2.793808898925781250e+02,0.000000000000000000e+00
2.780000000000000249e+00,-3.130912780761718750e-02,9.806442260742187500e-02,2.380490303039550781e-03,1.792971640825271606e-01,4.075207561254501343e-02,8.979021757841110229e-02,1.867565214633941650e-01,2.180585116147994995e-01,0.000000000000000000e+00,0.000000000000000000e+00,0.000000000000000000e+00,0.000000000000000000e+00,2.894852905273437500e+02,0.000000000000000000e+00
2.800000000000000266e+00,-2.870941162109375000e-02,9.857559204101562500e-02,3.156065940856933594e-03,1.784710586071014404e-01,4.066222906112670898e-02,8.694368600845336914e-02,1.854372769594192505e-01,2.178310751914978027e-01,0.000000000000000000e+00,0.000000000000000000e+00,0.000000000000000000e+00,0.000000000000000000e+00,2.690506896972656250e+02,0.000000000000000000e+00
2.819999999999999840e+00,-2.518463134765625000e-02,1.000671386718750000e-01,2.937018871307373047e-03,1.755566149950027466e-01,4.115241765975952148e-02,8.424283564090728760e-02,1.844743341207504272e-01,2.174789607524871826e-01,0.000000000000000000e+00,0.000000000000000000e+00,0.000000000000000000e+00,0.000000000000000000e+00,2.889481811523437500e+02,0.000000000000000000e+00
2.839999999999999858e+00,-2.015876770019531250e-02,1.030158996582031250e-01,1.799285411834716797e-03,1.697242707014083862e-01,4.137239232659339905e-02,8.288491517305374146e-02,1.842034310102462769e-01,2.166280895471572876e-01,0.000000000000000000e+00,0.000000000000000000e+00,0.000000000000000000e+00,0.000000000000000000e+00,2.689972839355468750e+02,0.000000000000000000e+00
2.859999999999999876e+00,-1.371574401855468750e-02,1.074905395507812500e-01,-7.107257843017578125e-04,1.655162274837493896e-01,4.246905446052551270e-02,8.382714539766311646e-02,1.869050264358520508e-01,2.162673771381378174e-01,0.000000000000000000e+00,0.000000000000000000e+00,0.000000000000000000e+00,0.000000000000000000e+00,2.801894226074218750e+02,0.000000000000000000e+00
2.879999999999999893e+00,-7.379531860351562500e-03,1.122169494628906250e-01,-3.936707973480224609e-03,1.644528806209564209e-01,4.392606765031814575e-02,8.720356225967407227e-02,1.955876946449279785e-01,2.160792499780654907e-01,0.000000000000000000e+00,0.000000000000000000e+00,0.000000000000000000e+00,0.000000000000000000e+00,2.702989501953125000e+02,0.000000000000000000e+00
2.899999999999999911e+00,-2.534866333007812500e-03,1.154708862304687500e-01,-6.142020225524902344e-03,1.686562448740005493e-01,4.483223706483840942e-02,9.486197680234909058e-02,2.110017985105514526e-01,2.162567079067230225e-01,0.000000000000000000e+00,0.000000000000000000e+00,0.000000000000000000e+00,0.000000000000000000e+00,2.762635803222656250e+02,0.000000000000000000e+00
2.919999999999999929e+00,-2.735137939453125000e-03,1.153659820556640625e-01,-1.076209545135498047e-02,1.721000075340270996e-01,4.434023424983024597e-02,9.941604733467102051e-02,2.021714001893997192e-01,2.166814655065536499e-01,0.000000000000000000e+00,0.000000000000000000e+00,0.000000000000000000e+00,0.000000000000000000e+00,2.703372497558593750e+02,0.000000000000000000e+00
2.939999999999999947e+00,-2.914428710937500000e-03,1.163063049316406250e-01,-1.416844129562377930e-02,1.722220331430435181e-01,4.383204877376556396e-02,1.021813303232192993e-01,2.009065300226211548e-01,2.168173789978027344e-01,0.000000000000000000e+00,0.000000000000000000e+00,0.000000000000000000e+00,0.000000000000000000e+00,2.720440368652343750e+02,0.000000000000000000e+00
2.959999999999999964e+00,-5.279541015625000000e-03,1.181983947753906250e-01,-1.561325788497924805e-02,1.700699031352996826e-01,4.400312900543212891e-02,1.056036800146102905e-01,1.994336247444152832e-01,2.167140543460845947e-01,0.000000000000000000e+00,0.000000000000000000e+00,0.000000000000000000e+00,1.000000000000000000e+00,2.637240600585937500e+02,0.000000000000000000e+00
2.979999999999999982e+00,-1.040267944335937500e-02,1.220893859863281250e-01,-1.781833171844482422e-02,1.790026575326919556e-01,4.628375917673110962e-02,1.090242639183998108e-01,1.978092938661575317e-01,2.349734157323837280e-01,0.000000000000000000e+00,0.000000000000000000e+00,0.000000000000000000e+00,1.000000000000000000e+00,3.109803161621093750e+02,0.000000000000000000e+00
3.000000000000000000e+00,-1.696205139160156250e-02,1.269397735595703125e-01,-2.049773931503295898e-02,1.928177773952484131e-01,5.320782586932182312e-02,1.119567304849624634e-01,1.961864680051803589e-01,2.638310790061950684e-01,0.000000000000000000e+00,0.000000000000000000e+00,0.000000000000000000e+00,1.000000000000000000e+00,2.739549560546875000e+02,0.000000000000000000e+00
3.020000000000000018e+00,-2.289390563964843750e-02,1.307907104492187500e-01,-2.207690477371215820e-02,1.994748711585998535e-01,6.050479412078857422e-02,1.133508607745170593e-01,1.951228678226470947e-01,2.777167260646820068e-01,0.000000000000000000e+00,0.000000000000000000e+00,0.000000000000000000e+00,1.000000000000000000e+00,2.679426574707031250e+02,0.000000000000000000e+00
3.040000000000000036e+00,-2.708625793457031250e-02,1.329498291015625000e-01,-2.356898784637451172e-02,2.054786533117294312e-01,6.722094863653182983e-02,1.139206588268280029e-01,1.947493851184844971e-01,2.850975990295410156e-01,0.000000000000000000e+00,0.000000000000000000e+00,0.000000000000000000e+00,1.000000000000000000e+00,2.935485229492187500e+02,0.000000000000000000e+00
3.060000000000000053e+00,-2.965354919433593750e-02,1.338043212890625000e-01,-2.533775568008422852e-02,2.107613086700439453e-01,7.262229174375534058e-02,1.141163334250450134e-01,1.950145810842514038e-01,2.894499301910400391e-01,0.000000000000000000e+00,0.000000000000000000e+00,0.000000000000000000e+00,1.000000000000000000e+00,2.662235412597656250e+02,0.000000000000000000e+00
3.080000000000000071e+00,-3.116798400878906250e-02,1.340579986572265625e-01,-2.753704786300659180e-02,2.149249613285064697e-01,7.753682136535644531e-02,1.145871877670288086e-01,1.953343451023101807e-01,2.930730581283569336e-01,0.000000000000000000e+00,0.000000000000000000e+00,0.000000000000000000e+00,1.000000000000000000e+00,2.892869873046875000e+02,0.000000000000000000e+00
3.100000000000000089e+00,-3.197097778320312500e-02,1.342010498046875000e-01,-2.999693155288696289e-02,2.171420156955718994e-01,8.089803159236907959e-02,1.150874346494674683e-01,1.953477561473846436e-01,2.962806522846221924e-01,0.000000000000000000e+00,0.000000000000000000e+00,0.000000000000000000e+00,1.000000000000000000e+00,2.783152160644531250e+02,0.000000000000000000e+00
3.120000000000000107e+00,-3.198623657226562500e-02,1.342201232910156250e-01,-3.186166286468505859e-02,2.186473160982131958e-01,8.123406767845153809e-02,1.154265701770782471e-01,1.959293037652969360e-01,2.992056310176849365e-01,0.000000000000000000e+00,0.000000000000000000e+00,0.000000000000000000e+00,1.000000000000000000e+00,2.723871459960937500e+02,0.000000000000000000e+00
3.140000000000000124e+00,-3.133201599121093750e-02,1.346549987792968750e-01,-3.304338455200195312e-02,2.196643650531768799e-01,8.019655197858810425e-02,1.155775189399719238e-01,1.946987956762313843e-01,3.022904992103576660e-01,0.000000000000000000e+00,0.000000000000000000e+00,0.000000000000000000e+00,1.000000000000000000e+00,2.599977722167968750e+02,0.000000000000000000e+00
3.160000000000000142e+00,-3.041076660156250000e-02,1.347064971923828125e-01,-3.328764438629150391e-02,2.191537022590637207e-01,7.457283884286880493e-02,1.150853186845779419e-01,1.948372423648834229e-01,3.021245598793029785e-01,0.000000000000000000e+00,0.000000000000000000e+00,0.000000000000000000e+00,1.000000000000000000e+00,2.658482055664062500e+02,0.000000000000000000e+00
3.180000000000000160e+00,-2.822303771972656250e-02,1.357994079589843750e-01,-3.283041715621948242e-02,2.200566232204437256e-01,6.791075319051742554e-02,1.142012700438499451e-01,1.963425576686859131e-01,3.054714500904083252e-01,0.000000000000000000e+00,0.000000000000000000e+00,0.000000000000000000e+00,1.000000000000000000e+00,2.731307983398437500e+02,0.000000000000000000e+00
3.200000000000000178e+00,-2.503585815429687500e-02,1.370830535888671875e-01,-3.316622972488403320e-02,2.184385359287261963e-01,6.432532519102096558e-02,1.127556338906288147e-01,2.035142183303833008e-01,3.058859407901763916e-01,0.000000000000000000e+00,0.000000000000000000e+00,0.000000000000000000e+00,1.000000000000000000e+00,2.738514709472656250e+02,0.000000000000000000e+00
3.220000000000000195e+00,-2.041625976562500000e-02,1.396389007568359375e-01,-3.373920917510986328e-02,2.205695360898971558e-01,6.467646360397338867e-02,1.107456982135772705e-01,2.149846106767654419e-01,3.081679344177246094e-01,0.000000000000000000e+00,0.000000000000000000e+00,0.000000000000000000e+00,1.000000000000000000e+00,2.599754028320312500e+02,0.000000000000000000e+00
3.240000000000000213e+00,-1.412582397460937500e-02,1.433696746826171875e-01,-3.484970331192016602e-02,2.258580774068832397e-01,6.759260594844818115e-02,1.079674288630485535e-01,2.276946902275085449e-01,3.103992938995361328e-01,0.000000000000000000e+00,0.000000000000000000e+00,0.000000000000000000e+00,1.000000000000000000e+00,2.945060424804687500e+02,0.000000000000000000e+00
3.260000000000000231e+00,-6.437301635742187500e-03,1.480484008789062500e-01,-3.644990921020507812e-02,2.352967113256454468e-01,7.135425508022308350e-02,1.051701307296752930e-01,2.379061430692672729e-01,3.133274912834167480e-01,0.000000000000000000e+00,0.000000000000000000e+00,0.000000000000000000e+00,1.000000000000000000e+00,2.717634887695312500e+02,0.000000000000000000e+00
3.280000000000000249e+00,1.352310180664062500e-03,1.528511047363281250e-01,-3.733462095260620117e-02,2.448563426733016968e-01,7.519841194152832031e-02,1.034497469663619995e-01,2.412541061639785767e-01,3.169702887535095215e-01,0.000000000000000000e+00,0.000000000000000000e+00,0.000000000000000000e+00,1.000000000000000000e+00,2.879096679687500000e+02,0.000000000000000000e+00
3.300000000000000266e+00,7.104873657226562500e-03,1.565628051757812500e-01,-3.773152828216552734e-02,2.482465654611587524e-01,7.893707603216171265e-02,1.022144630551338196e-01,2.415060549974441528e-01,3.217428326606750488e-01,1.000000000000000000e+00,0.000000000000000000e+00,0.000000000000000000e+00,1.000000000000000000e+00,2.651615295410156250e+02,0.000000000000000000e+00
3.320000000000000284e+00,7.926940917968750000e-03,1.564960479736328125e-01,-3.754359483718872070e-02,2.429228127002716064e-01,7.947472482919692993e-02,1.011687889695167542e-01,2.416136562824249268e-01,3.244410157203674316e-01,0.000000000000000000e+00,0.000000000000000000e+00,0.000000000000000000e+00,0.000000000000000000e+00,2.542091979980468750e+02,0.000000000000000000e+00
3.339999999999999858e+00,6.866455078125000000e-03,1.543579101562500000e-01,-3.599035739898681641e-02,2.376282215118408203e-01,7.714854925870895386e-02,9.961111843585968018e-02,2.413409799337387085e-01,3.242368400096893311e-01,0.000000000000000000e+00,0.000000000000000000e+00,0.000000000000000000e+00,0.000000000000000000e+00,2.783363037109375000e+02,0.000000000000000000e+00
3.359999999999999876e+00,3.078460693359375000e-03,1.526756286621093750e-01,-3.213071823120117188e-02,2.374763190746307373e-01,7.434736937284469604e-02,9.751231223344802856e-02,2.411468327045440674e-01,3.240119218826293945e-01,0.000000000000000000e+00,0.000000000000000000e+00,0.000000000000000000e+00,0.000000000000000000e+00,2.761699523925781250e+02,0.000000000000000000e+00
3.379999999999999893e+00,-3.988265991210937500e-03,1.511898040771484375e-01,-2.707082033157348633e-02,2.393278181552886963e-01,7.184849679470062256e-02,9.484457224607467651e-02,2.408955842256546021e-01,3.237799108028411865e-01,0.000000000000000000e+00,0.000000000000000000e+00,0.000000000000000000e+00,0.000000000000000000e+00,2.593688049316406250e+02,0.000000000000000000e+00
3.399999999999999911e+00,-1.150703430175781250e-02,1.518478393554687500e-01,-2.476465702056884766e-02,2.413930147886276245e-01,7.136622071266174316e-02,1.002214923501014709e-01,2.484916299581527710e-01,3.235931694507598877e-01,0.000000000000000000e+00,0.000000000000000000e+00,0.000000000000000000e+00,0.000000000000000000e+00,2.667507324218750000e+02,0.000000000000000000e+00
3.419999999999999929e+00,-1.829147338867187500e-02,1.523952484130859375e-01,-2.286732196807861328e-02,2.446815520524978638e-01,7.166396081447601318e-02,1.153872832655906677e-01,2.603337466716766357e-01,3.241647779941558838e-01,0.000000000000000000e+00,0.000000000000000000e+00,0.000000000000000000e+00,0.000000000000000000e+00,2.688274536132812500e+02,0.000000000000000000e+00
3.439999999999999947e+00,-2.337455749511718750e-02,1.530990600585937500e-01,-2.153980731964111328e-02,2.467418611049652100e-01,7.180023193359375000e-02,1.270127743482589722e-01,2.690635621547698975e-01,3.240052759647369385e-01,0.000000000000000000e+00,0.000000000000000000e+00,0.000000000000000000e+00,0.000000000000000000e+00,2.631695251464843750e+02,0.000000000000000000e+00
3.459999999999999964e+00,-2.599143981933593750e-02,1.540374755859375000e-01,-1.995074748992919922e-02,2.482263445854187012e-01,7.176093012094497681e-02,1.351170092821121216e-01,2.769290506839752197e-01,3.237533271312713623e-01,0.000000000000000000e+00,0.000000000000000000e+00,0.000000000000000000e+00,0.000000000000000000e+00,2.788952026367187500e+02,0.000000000000000000e+00
3.479999999999999982e+00,-2.666473388671875000e-02,1.548213958740234375e-01,-1.783877611160278320e-02,2.465441673994064331e-01,7.114512473344802856e-02,1.413218826055526733e-01,2.837080359458923340e-01,3.236569166183471680e-01,0.000000000000000000e+00,0.000000000000000000e+00,0.000000000000000000e+00,0.000000000000000000e+00,2.687981872558593750e+02,0.000000000000000000e+00
3.500000000000000000e+00,-2.648735046386718750e-02,1.553039550781250000e-01,-1.552760601043701172e-02,2.425250113010406494e-01,7.027997076511383057e-02,1.454352736473083496e-01,2.885929048061370850e-01,3.231406211853027344e-01,0.000000000000000000e+00,0.000000000000000000e+00,0.000000000000000000e+00,0.000000000000000000e+00,2.546735534667968750e+02,0.000000000000000000e+00
3.520000000000000018e+00,-2.654266357421875000e-02,1.553211212158203125e-01,-1.383668184280395508e-02,2.385637015104293823e-01,6.929161399602890015e-02,1.478611081838607788e-01,2.911119163036346436e-01,3.230460882186889648e-01,0.000000000000000000e+00,0.000000000000000000e+00,0.000000000000000000e+00,0.000000000000000000e+00,2.766841125488281250e+02,0.000000000000000000e+00
3.540000000000000036e+00,-2.660560607910156250e-02,1.548881530761718750e-01,-1.268577575683593750e-02,2.370432019233703613e-01,6.879729032516479492e-02,1.485055536031723022e-01,2.899673283100128174e-01,3.221746087074279785e-01,0.000000000000000000e+00,0.000000000000000000e+00,0.000000000000000000e+00,0.000000000000000000e+00,2.696043090820312500e+02,0.000000000000000000e+00
3.560000000000000053e+00,-2.642440795898437500e-02,1.539249420166015625e-01,-1.150500774383544922e-02,2.410472333431243896e-01,6.856375187635421753e-02,1.459151357412338257e-01,2.856367826461791992e-01,3.217357695102691650e-01,0.000000000000000000e+00,0.000000000000000000e+00,0.000000000000000000e+00,0.000000000000000000e+00,2.693153686523437500e+02,0.000000000000000000e+00
3.580000000000000071e+00,-2.641487121582031250e-02,1.524143218994140625e-01,-9.811222553253173828e-03,2.478225380182266235e-01,6.826679408550262451e-02,1.379734575748443604e-01,2.783114910125732422e-01,3.209553956985473633e-01,0.000000000000000000e+00,0.000000000000000000e+00,0.000000000000000000e+00,0.000000000000000000e+00,2.609847106933593750e+02,0.000000000000000000e+00
3.600000000000000089e+00,-2.613067626953125000e-02,1.506023406982421875e-01,-7.329404354095458984e-03,2.545508444309234619e-01,6.813455373048782349e-02,1.280174255371093750e-01,2.688553333282470703e-01,3.201148509979248047e-01,0.000000000000000000e+00,0.000000000000000000e+00,0.000000000000000000e+00,0.000000000000000000e+00,2.824293212890625000e+02,0.000000000000000000e+00
3.620000000000000107e+00,-2.490425109863281250e-02,1.488723754882812500e-01,-4.379451274871826172e-03,2.581525444984436035e-01,6.835898011922836304e-02,1.207659468054771423e-01,2.582589387893676758e-01,3.188770413398742676e-01,0.000000000000000000e+00,0.000000000000000000e+00,0.000000000000000000e+00,0.000000000000000000e+00,2.621726074218750000e+02,0.000000000000000000e+00
3.640000000000000124e+00,-2.271652221679687500e-02,1.476993560791015625e-01,-2.274930477142333984e-03,2.576955556869506836e-01,6.911324709653854370e-02,1.166240796446800232e-01,2.481029778718948364e-01,3.175635635852813721e-01,0.000000000000000000e+00,0.000000000000000000e+00,0.000000000000000000e+00,0.000000000000000000e+00,2.725716552734375000e+02,0.000000000000000000e+00
3.660000000000000142e+00,-1.928138732910156250e-02,1.476249694824218750e-01,-1.973748207092285156e-03,2.534506022930145264e-01,7.070749253034591675e-02,1.150718256831169128e-01,2.395426034927368164e-01,3.154290616512298584e-01,0.000000000000000000e+00,0.000000000000000000e+00,0.000000000000000000e+00,0.000000000000000000e+00,2.729020385742187500e+02,0.000000000000000000e+00
3.680000000000000160e+00,-1.415252685546875000e-02,1.491203308105468750e-01,-3.582477569580078125e-03,2.454919666051864624e-01,7.246836274862289429e-02,1.161772087216377258e-01,2.344798296689987183e-01,3.121206164360046387e-01,0.000000000000000000e+00,0.000000000000000000e+00,0.000000000000000000e+00,0.000000000000000000e+00,2.664362487792968750e+02,0.000000000000000000e+00
3.700000000000000178e+00,-8.081436157226562500e-03,1.516437530517578125e-01,-6.926655769348144531e-03,2.394396364688873291e-01,7.484801113605499268e-02,1.198099255561828613e-01,2.370536774396896362e-01,3.096483647823333740e-01,0.000000000000000000e+00,0.000000000000000000e+00,0.000000000000000000e+00,0.000000000000000000e+00,2.473400573730468750e+02,0.000000000000000000e+00
3.720000000000000195e+00,-2.676010131835937500e-03,1.537189483642578125e-01,-1.031589508056640625e-02,2.374521642923355103e-01,7.662076503038406372e-02,1.253202259540557861e-01,2.522876262664794922e-01,3.083862364292144775e-01,0.000000000000000000e+00,1.000000000000000000e+00,0.000000000000000000e+00,0.000000000000000000e+00,2.716258850097656250e+02,0.000000000000000000e+00
3.740000000000000213e+00,-1.455307006835937500e-03,1.531295776367187500e-01,-1.381951570510864258e-02,2.395354360342025757e-01,7.682287693023681641e-02,1.295268684625625610e-01,2.543079853057861328e-01,3.082932233810424805e-01,0.000000000000000000e+00,0.000000000000000000e+00,0.000000000000000000e+00,0.000000000000000000e+00,2.669662170410156250e+02,0.000000000000000000e+00
3.760000000000000231e+00,-1.461029052734375000e-03,1.523513793945312500e-01,-1.931852102279663086e-02,2.440732121467590332e-01,7.598730176687240601e-02,1.293281465768814087e-01,2.409658879041671753e-01,3.081922531127929688e-01,0.000000000000000000e+00,0.000000000000000000e+00,1.000000000000000000e+00,0.000000000000000000e+00,2.623399658203125000e+02,0.000000000000000000e+00
3.780000000000000249e+00,-1.873016357421875000e-03,1.538581848144531250e-01,-2.378928661346435547e-02,2.471184134483337402e-01,7.493553310632705688e-02,1.293234825134277344e-01,2.287565618753433228e-01,3.080708980560302734e-01,1.000000000000000000e+00,0.000000000000000000e+00,0.000000000000000000e+00,0.000000000000000000e+00,2.609741210937500000e+02,0.000000000000000000e+00
3.800000000000000266e+00,-4.419326782226562500e-03,1.566963195800781250e-01,-2.602881193161010742e-02,2.474248409271240234e-01,7.251571863889694214e-02,1.292420774698257446e-01,2.395065426826477051e-01,3.078971207141876221e-01,0.000000000000000000e+00,0.000000000000000000e+00,0.000000000000000000e+00,1.000000000000000000e+00,2.989318847656250000e+02,0.000000000000000000e+00
3.820000000000000284e+00,-1.011276245117187500e-02,1.621055603027343750e-01,-3.189605474472045898e-02,2.676333785057067871e-01,7.549533993005752563e-02,1.291145533323287964e-01,2.448166459798812866e-01,3.432115614414215088e-01,0.000000000000000000e+00,0.000000000000000000e+00,0.000000000000000000e+00,1.000000000000000000e+00,2.785252685546875000e+02,0.000000000000000000e+00
3.839999999999999858e+00,-1.720237731933593750e-02,1.669197082519531250e-01,-3.596466779708862305e-02,2.776612341403961182e-01,7.822456210851669312e-02,1.294648647308349609e-01,2.450544983148574829e-01,3.635128140449523926e-01,0.000000000000000000e+00,0.000000000000000000e+00,0.000000000000000000e+00,1.000000000000000000e+00,2.904267578125000000e+02,0.000000000000000000e+00
3.859999999999999876e+00,-2.321243286132812500e-02,1.697654724121093750e-01,-4.117518663406372070e-02,2.840952873229980469e-01,8.030761778354644775e-02,1.304506063461303711e-01,2.472024410963058472e-01,3.700592219829559326e-01,0.000000000000000000e+00,0.000000000000000000e+00,0.000000000000000000e+00,0.000000000000000000e+00,2.935256042480468750e+02,0.000000000000000000e+00
3.879999999999999893e+00,-2.841758728027343750e-02,1.705780029296875000e-01,-4.892504215240478516e-02,2.846429347991943359e-01,8.316103368997573853e-02,1.316382586956024170e-01,2.506962716579437256e-01,3.640705943107604980e-01,0.000000000000000000e+00,0.000000000000000000e+00,0.000000000000000000e+00,0.000000000000000000e+00,2.804078063964843750e+02,0.000000000000000000e+00
3.899999999999999911e+00,-3.351974487304687500e-02,1.698837280273437500e-01,-5.825287103652954102e-02,2.757492065429687500e-01,8.881403505802154541e-02,1.333841681480407715e-01,2.529975473880767822e-01,3.504238128662109375e-01,0.000000000000000000e+00,0.000000000000000000e+00,0.000000000000000000e+00,0.000000000000000000e+00,3.029364318847656250e+02,0.000000000000000000e+00
3.919999999999999929e+00,-3.780555725097656250e-02,1.678695678710937500e-01,-6.813031435012817383e-02,2.549093365669250488e-01,9.662970155477523804e-02,1.353895068168640137e-01,2.531008422374725342e-01,3.331311941146850586e-01,0.000000000000000000e+00,0.000000000000000000e+00,0.000000000000000000e+00,0.000000000000000000e+00,2.786951599121093750e+02,0.000000000000000000e+00
3.939999999999999947e+00,-4.075241088867187500e-02,1.645221710205078125e-01,-7.704335451126098633e-02,2.231774926185607910e-01,1.074113771319389343e-01,1.381027102470397949e-01,2.542522251605987549e-01,3.178927302360534668e-01,0.000000000000000000e+00,0.000000000000000000e+00,0.000000000000000000e+00,0.000000000000000000e+00,2.625022277832031250e+02,0.000000000000000000e+00
3.959999999999999964e+00,-4.314804077148437500e-02,1.614265441894531250e-01,-8.149123191833496094e-02,2.097923606634140015e-01,1.165494471788406372e-01,1.396777182817459106e-01,2.557393312454223633e-01,3.181302547454833984e-01,0.000000000000000000e+00,0.000000000000000000e+00,0.000000000000000000e+00,1.000000000000000000e+00,2.763551635742187500e+02,0.000000000000000000e+00
3.979999999999999982e+00,-4.490470886230468750e-02,1.583633422851562500e-01,-8.078974485397338867e-02,2.078547626733779907e-01,1.204754561185836792e-01,1.408738493919372559e-01,2.545711994171142578e-01,3.203495740890502930e-01,0.000000000000000000e+00,0.000000000000000000e+00,0.000000000000000000e+00,1.000000000000000000e+00,2.780227355957031250e+02,0.000000000000000000e+00
4.000000000000000000e+00,-4.637336730957031250e-02,1.544055938720703125e-01,-7.664179801940917969e-02,2.080879062414169312e-01,1.155694350600242615e-01,1.407914161682128906e-01,2.543868720531463623e-01,3.188815712928771973e-01,0.000000000000000000e+00,0.000000000000000000e+00,0.000000000000000000e+00,1.000000000000000000e+00,2.847713623046875000e+02,0.000000000000000000e+00
4.020000000000000462e+00,-4.708290100097656250e-02,1.507091522216796875e-01,-6.997460126876831055e-02,2.114402055740356445e-01,1.067515611648559570e-01,1.396262496709823608e-01,2.537816166877746582e-01,3.179284632205963135e-01,0.000000000000000000e+00,0.000000000000000000e+00,0.000000000000000000e+00,1.000000000000000000e+00,2.713552856445312500e+02,0.000000000000000000e+00
4.040000000000000036e+00,-4.665374755859375000e-02,1.476726531982421875e-01,-6.198215484619140625e-02,2.189061194658279419e-01,9.549803286790847778e-02,1.375471949577331543e-01,2.539896070957183838e-01,3.194226324558258057e-01,0.000000000000000000e+00,0.000000000000000000e+00,0.000000000000000000e+00,1.000000000000000000e+00,2.786540832519531250e+02,0.000000000000000000e+00
4.060000000000000497e+00,-4.437637329101562500e-02,1.457347869873046875e-01,-5.386275053024291992e-02,2.267259806394577026e-01,8.392852544784545898e-02,1.351578980684280396e-01,2.536178827285766602e-01,3.209767341613769531e-01,0.000000000000000000e+00,0.000000000000000000e+00,1.000000000000000000e+00,1.000000000000000000e+00,2.552783813476562500e+02,0.000000000000000000e+00
4.080000000000000071e+00,-3.979301452636718750e-02,1.453952789306640625e-01,-4.619985818862915039e-02,2.343217432498931885e-01,7.264599204063415527e-02,1.328693181276321411e-01,2.534726858139038086e-01,3.231954872608184814e-01,0.000000000000000000e+00,0.000000000000000000e+00,1.000000000000000000e+00,1.000000000000000000e+00,2.594635314941406250e+02,0.000000000000000000e+00
4.099999999999999645e+00,-3.293418884277343750e-02,1.462936401367187500e-01,-3.892058134078979492e-02,2.387759685516357422e-01,6.327255815267562866e-02,1.306530237197875977e-01,2.550219893455505371e-01,3.267089426517486572e-01,0.000000000000000000e+00,0.000000000000000000e+00,1.000000000000000000e+00,1.000000000000000000e+00,2.728880920410156250e+02,0.000000000000000000e+00
4.120000000000000107e+00,-2.537345886230468750e-02,1.476707458496093750e-01,-3.170728683471679688e-02,2.380151003599166870e-01,5.788441374897956848e-02,1.292817890644073486e-01,2.598566412925720215e-01,3.305031061172485352e-01,0.000000000000000000e+00,1.000000000000000000e+00,1.000000000000000000e+00,1.000000000000000000e+00,2.673958435058593750e+02,0.000000000000000000e+00
4.139999999999999680e+00,-1.931571960449218750e-02,1.472854614257812500e-01,-2.448600530624389648e-02,2.346957176923751831e-01,5.710337683558464050e-02,1.276922076940536499e-01,2.674773633480072021e-01,3.348614871501922607e-01,0.000000000000000000e+00,1.000000000000000000e+00,1.000000000000000000e+00,0.000000000000000000e+00,2.712427673339843750e+02,0.000000000000000000e+00
4.160000000000000142e+00,-1.619148254394531250e-02,1.438941955566406250e-01,-1.758307218551635742e-02,2.335034459829330444e-01,6.014375388622283936e-02,1.236077994108200073e-01,2.742506563663482666e-01,3.344021141529083252e-01,0.000000000000000000e+00,1.000000000000000000e+00,1.000000000000000000e+00,0.000000000000000000e+00,2.671281738281250000e+02,0.000000000000000000e+00
4.179999999999999716e+00,-1.288604736328125000e-02,1.408081054687500000e-01,-1.101362705230712891e-02,2.358698397874832153e-01,6.225835159420967102e-02,1.163463518023490906e-01,2.786675691604614258e-01,3.338610529899597168e-01,1.000000000000000000e+00,1.000000000000000000e+00,1.000000000000000000e+00,0.000000000000000000e+00,2.591113281250000000e+02,0.000000000000000000e+00
4.200000000000000178e+00,-1.283073425292968750e-02,1.386146545410156250e-01,-5.865752696990966797e-03,2.411324828863143921e-01,6.322760134935379028e-02,1.050638034939765930e-01,2.829771637916564941e-01,3.344968855381011963e-01,1.000000000000000000e+00,1.000000000000000000e+00,1.000000000000000000e+00,0.000000000000000000e+00,2.734180908203125000e+02,0.000000000000000000e+00
4.219999999999999751e+00,-1.594352722167968750e-02,1.380424499511718750e-01,-4.312157630920410156e-03,2.428372055292129517e-01,6.495905667543411255e-02,9.099113941192626953e-02,2.849297225475311279e-01,3.345222771167755127e-01,0.000000000000000000e+00,0.000000000000000000e+00,0.000000000000000000e+00,0.000000000000000000e+00,2.687511291503906250e+02,0.000000000000000000e+00
4.240000000000000213e+00,-1.856803894042968750e-02,1.382808685302734375e-01,-4.051625728607177734e-03,2.489100694656372070e-01,6.484101712703704834e-02,9.092818945646286011e-02,2.961880266666412354e-01,3.349993824958801270e-01,0.000000000000000000e+00,0.000000000000000000e+00,0.000000000000000000e+00,0.000000000000000000e+00,2.585966186523437500e+02,0.000000000000000000e+00
4.259999999999999787e+00,-2.237701416015625000e-02,1.382808685302734375e-01,-5.478501319885253906e-03,2.539886236190795898e-01,6.239150837063789368e-02,8.990614116191864014e-02,2.997418045997619629e-01,3.349315524101257324e-01,0.000000000000000000e+00,0.000000000000000000e+00,0.000000000000000000e+00,0.000000000000000000e+00,2.691030883789062500e+02,0.000000000000000000e+00
4.280000000000000249e+00,-2.480697631835937500e-02,1.380996704101562500e-01,-7.037758827209472656e-03,2.583182454109191895e-01,6.032120436429977417e-02,8.811385929584503174e-02,3.013732433319091797e-01,3.345123529434204102e-01,0.000000000000000000e+00,0.000000000000000000e+00,0.000000000000000000e+00,0.000000000000000000e+00,2.576203613281250000e+02,0.000000000000000000e+00
4.299999999999999822e+00,-2.559471130371093750e-02,1.374435424804687500e-01,-8.067011833190917969e-03,2.618218362331390381e-01,5.815368518233299255e-02,8.714856952428817749e-02,3.023821413516998291e-01,3.338815867900848389e-01,0.000000000000000000e+00,0.000000000000000000e+00,0.000000000000000000e+00,0.000000000000000000e+00,2.642831420898437500e+02,0.000000000000000000e+00
4.320000000000000284e+00,-2.500343322753906250e-02,1.361713409423828125e-01,-8.808910846710205078e-03,2.654344141483306885e-01,5.652847513556480408e-02,8.747949451208114624e-02,3.027473688125610352e-01,3.330613970756530762e-01,0.000000000000000000e+00,0.000000000000000000e+00,0.000000000000000000e+00,0.000000000000000000e+00,2.647375488281250000e+02,0.000000000000000000e+00
4.339999999999999858e+00,-2.359008789062500000e-02,1.342182159423828125e-01,-9.343266487121582031e-03,2.691667377948760986e-01,5.508721619844436646e-02,8.951194584369659424e-02,3.021276295185089111e-01,3.320047557353973389e-01,0.000000000000000000e+00,0.000000000000000000e+00,0.000000000000000000e+00,0.000000000000000000e+00,2.895777282714843750e+02,0.000000000000000000e+00
4.360000000000000320e+00,-2.200126647949218750e-02,1.316280364990234375e-01,-9.524762630462646484e-03,2.741460204124450684e-01,5.373838171362876892e-02,9.351529926061630249e-02,3.010064661502838135e-01,3.313844203948974609e-01,0.000000000000000000e+00,0.000000000000000000e+00,0.000000000000000000e+00,0.000000000000000000e+00,2.495272369384765625e+02,0.000000000000000000e+00
4.379999999999999893e+00,-2.037429809570312500e-02,1.285133361816406250e-01,-9.175598621368408203e-03,2.800987958908081055e-01,5.279511958360671997e-02,9.952784329652786255e-02,2.993750274181365967e-01,3.306730389595031738e-01,0.000000000000000000e+00,0.000000000000000000e+00,0.000000000000000000e+00,0.000000000000000000e+00,2.561781311035156250e+02,0.000000000000000000e+00
4.400000000000000355e+00,-1.904869079589843750e-02,1.248359680175781250e-01,-7.947504520416259766e-03,2.874397337436676025e-01,5.210420116782188416e-02,1.059636324644088745e-01,2.974721193313598633e-01,3.301618099212646484e-01,0.000000000000000000e+00,0.000000000000000000e+00,0.000000000000000000e+00,0.000000000000000000e+00,2.859533386230468750e+02,0.000000000000000000e+00
4.419999999999999929e+00,-1.771926879882812500e-02,1.209182739257812500e-01,-6.060957908630371094e-03,2.963200211524963379e-01,5.171550437808036804e-02,1.109209507703781128e-01,2.954187393188476562e-01,3.297059834003448486e-01,0.000000000000000000e+00,0.000000000000000000e+00,0.000000000000000000e+00,0.000000000000000000e+00,2.792485961914062500e+02,0.000000000000000000e+00
4.440000000000000391e+00,-1.631927490234375000e-02,1.172008514404296875e-01,-4.459023475646972656e-03,3.058989644050598145e-01,5.156683176755905151e-02,1.172339022159576416e-01,2.917082607746124268e-01,3.292723000049591064e-01,0.000000000000000000e+00,0.000000000000000000e+00,0.000000000000000000e+00,0.000000000000000000e+00,2.769503173828125000e+02,0.000000000000000000e+00
4.459999999999999964e+00,-1.467323303222656250e-02,1.141185760498046875e-01,-3.959000110626220703e-03,3.146577179431915283e-01,5.170898139476776123e-02,1.272582113742828369e-01,2.852563560009002686e-01,3.287832438945770264e-01,0.000000000000000000e+00,0.000000000000000000e+00,0.000000000000000000e+00,0.000000000000000000e+00,2.684023437500000000e+02,0.000000000000000000e+00
4.480000000000000426e+00,-1.322555541992187500e-02,1.123619079589843750e-01,-4.555046558380126953e-03,3.208208084106445312e-01,5.156839638948440552e-02,1.244747936725616455e-01,2.769695222377777100e-01,3.282223641872406006e-01,0.000000000000000000e+00,1.000000000000000000e+00,0.000000000000000000e+00,0.000000000000000000e+00,2.722940368652343750e+02,0.000000000000000000e+00
4.500000000000000000e+00,-1.053428649902343750e-02,1.124954223632812500e-01,-5.926489830017089844e-03,3.247120082378387451e-01,5.112510174512863159e-02,1.232419908046722412e-01,2.683280408382415771e-01,3.273788392543792725e-01,0.000000000000000000e+00,1.000000000000000000e+00,0.000000000000000000e+00,0.000000000000000000e+00,2.617505798339843750e+02,0.000000000000000000e+00
4.520000000000000462e+00,-6.578445434570312500e-03,1.146430969238281250e-01,-7.424890995025634766e-03,3.251063227653503418e-01,5.078250542283058167e-02,1.250903457403182983e-01,2.611863315105438232e-01,3.263992667198181152e-01,0.000000000000000000e+00,1.000000000000000000e+00,0.000000000000000000e+00,0.000000000000000000e+00,2.633712768554687500e+02,0.000000000000000000e+00
4.540000000000000036e+00,-2.834320068359375000e-03,1.173343658447265625e-01,-7.647156715393066406e-03,3.221198320388793945e-01,5.041528865694999695e-02,1.274768859148025513e-01,2.600835263729095459e-01,3.255175650119781494e-01,0.000000000000000000e+00,1.000000000000000000e+00,0.000000000000000000e+00,0.000000000000000000e+00,2.704650268554687500e+02,0.000000000000000000e+00
4.560000000000000497e+00,-3.623962402343750000e-04,1.186923980712890625e-01,-4.953384399414062500e-03,3.164028525352478027e-01,4.999622330069541931e-02,1.302911788225173950e-01,2.663934230804443359e-01,3.247436285018920898e-01,0.000000000000000000e+00,1.000000000000000000e+00,0.000000000000000000e+00,0.000000000000000000e+00,2.613330993652343750e+02,0.000000000000000000e+00
4.580000000000000071e+00,-2.336502075195312500e-03,1.164817810058593750e-01,-5.374073982238769531e-03,3.066718280315399170e-01,4.980182275176048279e-02,1.303277462720870972e-01,2.455102205276489258e-01,3.229448497295379639e-01,0.000000000000000000e+00,0.000000000000000000e+00,1.000000000000000000e+00,0.000000000000000000e+00,2.701621398925781250e+02,0.000000000000000000e+00
4.600000000000000533e+00,-3.934860229492187500e-03,1.152610778808593750e-01,-6.899297237396240234e-03,2.953825891017913818e-01,4.997386783361434937e-02,1.298929899930953979e-01,2.314677536487579346e-01,3.195861577987670898e-01,0.000000000000000000e+00,0.000000000000000000e+00,1.000000000000000000e+00,0.000000000000000000e+00,2.791246032714843750e+02,0.000000000000000000e+00
4.620000000000000107e+00,-7.099151611328125000e-03,1.155090332031250000e-01,-7.527410984039306641e-03,2.815307080745697021e-01,5.028044059872627258e-02,1.295539736747741699e-01,2.208497077226638794e-01,3.161922991275787354e-01,0.000000000000000000e+00,0.000000000000000000e+00,1.000000000000000000e+00,1.000000000000000000e+00,2.679328308105468750e+02,0.000000000000000000e+00
4.639999999999999680e+00,-1.288604736328125000e-02,1.189842224121093750e-01,-9.888648986816406250e-03,2.888760566711425781e-01,5.330909043550491333e-02,1.294367462396621704e-01,2.150764167308807373e-01,3.336371481418609619e-01,0.000000000000000000e+00,0.000000000000000000e+00,1.000000000000000000e+00,1.000000000000000000e+00,2.775781555175781250e+02,0.000000000000000000e+00
4.660000000000000142e+00,-2.008438110351562500e-02,1.242218017578125000e-01,-1.322799921035766602e-02,3.092050850391387939e-01,6.190875172615051270e-02,1.296772956848144531e-01,2.139887511730194092e-01,3.630063831806182861e-01,0.000000000000000000e+00,0.000000000000000000e+00,1.000000000000000000e+00,1.000000000000000000e+00,2.802113647460937500e+02,0.000000000000000000e+00
4.679999999999999716e+00,-2.658462524414062500e-02,1.287708282470703125e-01,-1.553261280059814453e-02,3.233677744865417480e-01,6.842119991779327393e-02,1.304239034652709961e-01,2.183864712715148926e-01,3.760800063610076904e-01,0.000000000000000000e+00,0.000000000000000000e+00,1.000000000000000000e+00,1.000000000000000000e+00,2.658459167480468750e+02,0.000000000000000000e+00
4.700000000000000178e+00,-3.173446655273437500e-02,1.318817138671875000e-01,-1.749551296234130859e-02,3.351807594299316406e-01,7.218259572982788086e-02,1.305137872695922852e-01,2.288419455289840698e-01,3.833026885986328125e-01,0.000000000000000000e+00,0.000000000000000000e+00,1.000000000000000000e+00,1.000000000000000000e+00,2.471058349609375000e+02,0.000000000000000000e+00
4.719999999999999751e+00,-3.583908081054687500e-02,1.338920593261718750e-01,-1.941013336181640625e-02,3.428346216678619385e-01,7.397834956645965576e-02,1.296562850475311279e-01,2.442399710416793823e-01,3.868100345134735107e-01,0.000000000000000000e+00,0.000000000000000000e+00,1.000000000000000000e+00,1.000000000000000000e+00,2.604793395996093750e+02,0.000000000000000000e+00
4.740000000000000213e+00,-3.897666931152343750e-02,1.352596282958984375e-01,-2.097350358963012695e-02,3.494743406772613525e-01,7.595545053482055664e-02,1.290798187255859375e-01,2.628770768642425537e-01,3.903605043888092041e-01,0.000000000000000000e+00,0.000000000000000000e+00,1.000000000000000000e+00,1.000000000000000000e+00,2.917511291503906250e+02,0.000000000000000000e+00
4.759999999999999787e+00,-4.095077514648437500e-02,1.363792419433593750e-01,-2.201604843139648438e-02,3.543009459972381592e-01,7.827029377222061157e-02,1.287681162357330322e-01,2.823541462421417236e-01,3.939173519611358643e-01,0.000000000000000000e+00,0.000000000000000000e+00,1.000000000000000000e+00,1.000000000000000000e+00,2.666837463378906250e+02,0.000000000000000000e+00
4.780000000000000249e+00,-4.180908203125000000e-02,1.372890472412109375e-01,-2.246487140655517578e-02,3.563367128372192383e-01,7.990730553865432739e-02,1.289569288492202759e-01,3.014928400516510010e-01,3.969419598579406738e-01,0.000000000000000000e+00,0.000000000000000000e+00,1.000000000000000000e+00,1.000000000000000000e+00,2.650456542968750000e+02,0.000000000000000000e+00
4.799999999999999822e+00,-4.115867614746093750e-02,1.389942169189453125e-01,-2.239137887954711914e-02,3.549909591674804688e-01,7.908007502555847168e-02,1.294863969087600708e-01,3.173739612102508545e-01,4.022066295146942139e-01,0.000000000000000000e+00,0.000000000000000000e+00,1.000000000000000000e+00,1.000000000000000000e+00,2.720431823730468750e+02,0.000000000000000000e+00
4.820000000000000284e+00,-3.995323181152343750e-02,1.401958465576171875e-01,-2.087855339050292969e-02,3.471566140651702881e-01,7.159338146448135376e-02,1.304135918617248535e-01,3.311612904071807861e-01,4.018982648849487305e-01,0.000000000000000000e+00,0.000000000000000000e+00,1.000000000000000000e+00,1.000000000000000000e+00,2.554633483886718750e+02,0.000000000000000000e+00
4.839999999999999858e+00,-3.762817382812500000e-02,1.428146362304687500e-01,-1.809966564178466797e-02,3.444222807884216309e-01,6.038924679160118103e-02,1.312701553106307983e-01,3.403439521789550781e-01,4.061619043350219727e-01,0.000000000000000000e+00,0.000000000000000000e+00,1.000000000000000000e+00,1.000000000000000000e+00,2.555033111572265625e+02,0.000000000000000000e+00
4.860000000000000320e+00,-3.480148315429687500e-02,1.454696655273437500e-01,-1.544010639190673828e-02,3.385868072509765625e-01,5.081048607826232910e-02,1.320061087608337402e-01,3.461740314960479736e-01,4.065850675106048584e-01,0.000000000000000000e+00,0.000000000000000000e+00,1.000000000000000000e+00,1.000000000000000000e+00,2.922187194824218750e+02,0.000000000000000000e+00
4.879999999999999893e+00,-3.087997436523437500e-02,1.491107940673828125e-01,-1.256543397903442383e-02,3.345562815666198730e-01,4.589701071381568909e-02,1.320138871669769287e-01,3.494897186756134033e-01,4.083539545536041260e-01,0.000000000000000000e+00,0.000000000000000000e+00,1.000000000000000000e+00,1.000000000000000000e+00,2.766779479980468750e+02,0.000000000000000000e+00
4.900000000000000355e+00,-2.528953552246093750e-02,1.535434722900390625e-01,-9.289562702178955078e-03,3.315320611000061035e-01,4.659407958388328552e-02,1.313690990209579468e-01,3.503166735172271729e-01,4.109807014465332031e-01,0.000000000000000000e+00,0.000000000000000000e+00,1.000000000000000000e+00,1.000000000000000000e+00,2.916016540527343750e+02,0.000000000000000000e+00
4.919999999999999929e+00,-1.782226562500000000e-02,1.586360931396484375e-01,-5.977094173431396484e-03,3.310816884040832520e-01,5.303945764899253845e-02,1.303494423627853394e-01,3.500412702560424805e-01,4.144710898399353027e-01,0.000000000000000000e+00,0.000000000000000000e+00,1.000000000000000000e+00,1.000000000000000000e+00,2.707829284667968750e+02,0.000000000000000000e+00
4.940000000000000391e+00,-9.393692016601562500e-03,1.640052795410156250e-01,-2.937376499176025391e-03,3.335847556591033936e-01,6.394033133983612061e-02,1.290512382984161377e-01,3.493622243404388428e-01,4.189226627349853516e-01,0.000000000000000000e+00,0.000000000000000000e+00,1.000000000000000000e+00,1.000000000000000000e+00,2.676465148925781250e+02,0.000000000000000000e+00
4.959999999999999964e+00,-2.246856689453125000e-03,1.685161590576171875e-01,-5.742907524108886719e-04,3.365195095539093018e-01,7.150553166866302490e-02,1.277076303958892822e-01,3.489710688591003418e-01,4.236570000648498535e-01,0.000000000000000000e+00,0.000000000000000000e+00,1.000000000000000000e+00,1.000000000000000000e+00,2.677960815429687500e+02,0.000000000000000000e+00
4.980000000000000426e+00,2.956390380859375000e-04,1.700096130371093750e-01,6.692409515380859375e-04,3.387176692485809326e-01,7.659791409969329834e-02,1.266800761222839355e-01,3.492158055305480957e-01,4.268639087677001953e-01,0.000000000000000000e+00,0.000000000000000000e+00,1.000000000000000000e+00,0.000000000000000000e+00,2.626974792480468750e+02,0.000000000000000000e+00
5.000000000000000000e+00,1.146316528320312500e-03,1.702194213867187500e-01,1.457989215850830078e-03,3.372355699539184570e-01,7.782441377639770508e-02,1.262280493974685669e-01,3.488526046276092529e-01,4.274874925613403320e-01,0.000000000000000000e+00,0.000000000000000000e+00,1.000000000000000000e+00,0.000000000000000000e+00,2.728600769042968750e+02,0.000000000000000000e+00
5.020000000000000462e+00,2.212524414062500000e-04,1.713733673095703125e-01,2.507925033569335938e-03,3.352572023868560791e-01,7.968304306268692017e-02,1.263436675071716309e-01,3.481585979461669922e-01,4.277321696281433105e-01,0.000000000000000000e+00,0.000000000000000000e+00,1.000000000000000000e+00,0.000000000000000000e+00,2.561966857910156250e+02,0.000000000000000000e+00
5.040000000000000036e+00,-3.093719482421875000e-03,1.727180480957031250e-01,2.972364425659179688e-03,3.315638601779937744e-01,8.178754150867462158e-02,1.264616549015045166e-01,3.473003804683685303e-01,4.277312457561492920e-01,0.000000000000000000e+00,0.000000000000000000e+00,1.000000000000000000e+00,0.000000000000000000e+00,2.760935974121093750e+02,0.000000000000000000e+00
5.060000000000000497e+00,-6.542205810546875000e-03,1.757907867431640625e-01,9.835362434387207031e-04,3.274067640304565430e-01,8.403934538364410400e-02,1.327650547027587891e-01,3.509713709354400635e-01,4.278161823749542236e-01,0.000000000000000000e+00,0.000000000000000000e+00,0.000000000000000000e+00,0.000000000000000000e+00,2.749837646484375000e+02,0.000000000000000000e+00
5.080000000000000071e+00,-9.572982788085937500e-03,1.784915924072265625e-01,-3.904700279235839844e-04,3.252234160900115967e-01,8.587252348661422729e-02,1.479455083608627319e-01,3.548029661178588867e-01,4.287047982215881348e-01,0.000000000000000000e+00,1.000000000000000000e+00,0.000000000000000000e+00,0.000000000000000000e+00,2.625758056640625000e+02,0.000000000000000000e+00
5.100000000000000533e+00,-1.165962219238281250e-02,1.811408996582031250e-01,-1.719951629638671875e-03,3.219845294952392578e-01,8.714724332094192505e-02,1.608165353536605835e-01,3.536748886108398438e-01,4.287258684635162354e-01,0.000000000000000000e+00,1.000000000000000000e+00,0.000000000000000000e+00,0.000000000000000000e+00,3.187563781738281250e+02,0.000000000000000000e+00
5.120000000000000107e+00,-1.210212707519531250e-02,1.836509704589843750e-01,-2.647280693054199219e-03,3.204003572463989258e-01,8.684270083904266357e-02,1.703146994113922119e-01,3.523762226104736328e-01,4.286454021930694580e-01,0.000000000000000000e+00,0.000000000000000000e+00,0.000000000000000000e+00,0.000000000000000000e+00,2.704242553710937500e+02,0.000000000000000000e+00
5.139999999999999680e+00,-1.157188415527343750e-02,1.855144500732421875e-01,-3.573477268218994141e-03,3.204623758792877197e-01,8.490134030580520630e-02,1.774589717388153076e-01,3.520931005477905273e-01,4.286209940910339355e-01,0.000000000000000000e+00,0.000000000000000000e+00,0.000000000000000000e+00,0.000000000000000000e+00,2.696847839355468750e+02,0.000000000000000000e+00
5.160000000000000142e+00,-1.107978820800781250e-02,1.865615844726562500e-01,-4.808843135833740234e-03,3.216251134872436523e-01,8.258754760026931763e-02,1.827264428138732910e-01,3.518691062927246094e-01,4.282596707344055176e-01,0.000000000000000000e+00,0.000000000000000000e+00,0.000000000000000000e+00,0.000000000000000000e+00,2.865263061523437500e+02,0.000000000000000000e+00
5.179999999999999716e+00,-1.088905334472656250e-02,1.866474151611328125e-01,-6.405711174011230469e-03,3.244346082210540771e-01,8.062039315700531006e-02,1.859991103410720825e-01,3.509168326854705811e-01,4.282696545124053955e-01,0.000000000000000000e+00,0.000000000000000000e+00,0.000000000000000000e+00,0.000000000000000000e+00,2.606424865722656250e+02,0.000000000000000000e+00
5.200000000000000178e+00,-1.129150390625000000e-02,1.859703063964843750e-01,-7.893621921539306641e-03,3.278037011623382568e-01,7.878495752811431885e-02,1.868371963500976562e-01,3.485070765018463135e-01,4.277968108654022217e-01,0.000000000000000000e+00,0.000000000000000000e+00,0.000000000000000000e+00,0.000000000000000000e+00,2.767500305175781250e+02,0.000000000000000000e+00
5.219999999999999751e+00,-1.240730285644531250e-02,1.845302581787109375e-01,-8.815586566925048828e-03,3.327464759349822998e-01,7.732520252466201782e-02,1.841222196817398071e-01,3.448593020439147949e-01,4.276129007339477539e-01,0.000000000000000000e+00,0.000000000000000000e+00,0.000000000000000000e+00,0.000000000000000000e+00,2.760590820312500000e+02,0.000000000000000000e+00
5.240000000000000213e+00,-1.376914978027343750e-02,1.823425292968750000e-01,-8.727550506591796875e-03,3.384622633457183838e-01,7.595863193273544312e-02,1.770004779100418091e-01,3.399836421012878418e-01,4.273096621036529541e-01,0.000000000000000000e+00,0.000000000000000000e+00,0.000000000000000000e+00,0.000000000000000000e+00,2.660121459960937500e+02,0.000000000000000000e+00
5.259999999999999787e+00,-1.490402221679687500e-02,1.797027587890625000e-01,-7.934451103210449219e-03,3.445996046066284180e-01,7.465604692697525024e-02,1.683673113584518433e-01,3.343504965305328369e-01,4.267756342887878418e-01,0.000000000000000000e+00,0.000000000000000000e+00,0.000000000000000000e+00,0.000000000000000000e+00,2.585155639648437500e+02,0.000000000000000000e+00
5.280000000000000249e+00,-1.587677001953125000e-02,1.770725250244140625e-01,-7.365643978118896484e-03,3.497053682804107666e-01,7.357256859540939331e-02,1.611524373292922974e-01,3.276626765727996826e-01,4.258249104022979736e-01,0.000000000000000000e+00,0.000000000000000000e+00,0.000000000000000000e+00,0.000000000000000000e+00,2.638147583007812500e+02,0.000000000000000000e+00
5.299999999999999822e+00,-1.626777648925781250e-02,1.748771667480468750e-01,-7.636189460754394531e-03,3.538819849491119385e-01,7.282811403274536133e-02,1.571602225303649902e-01,3.202190101146697998e-01,4.244746863842010498e-01,0.000000000000000000e+00,0.000000000000000000e+00,0.000000000000000000e+00,0.000000000000000000e+00,2.730498352050781250e+02,0.000000000000000000e+00
5.320000000000000284e+00,-1.590538024902343750e-02,1.736202239990234375e-01,-8.351683616638183594e-03,3.556580543518066406e-01,7.220441102981567383e-02,1.559133380651473999e-01,3.144994378089904785e-01,4.228339493274688721e-01,0.000000000000000000e+00,1.000000000000000000e+00,0.000000000000000000e+00,0.000000000000000000e+00,2.716902465820312500e+02,0.000000000000000000e+00
5.339999999999999858e+00,-1.375198364257812500e-02,1.741046905517578125e-01,-9.445905685424804688e-03,3.556856811046600342e-01,7.173158228397369385e-02,1.559938043355941772e-01,3.128311038017272949e-01,4.210028052330017090e-01,0.000000000000000000e+00,1.000000000000000000e+00,0.000000000000000000e+00,0.000000000000000000e+00,2.721249389648437500e+02,0.000000000000000000e+00
5.360000000000000320e+00,-1.042175292968750000e-02,1.759223937988281250e-01,-1.069116592407226562e-02,3.565727472305297852e-01,7.114675641059875488e-02,1.569485962390899658e-01,3.185265660285949707e-01,4.196777343750000000e-01,0.000000000000000000e+00,1.000000000000000000e+00,0.000000000000000000e+00,0.000000000000000000e+00,2.549194488525390625e+02,0.000000000000000000e+00
5.379999999999999893e+00,-7.364273071289062500e-03,1.775417327880859375e-01,-1.008993387222290039e-02,3.600793182849884033e-01,7.045231759548187256e-02,1.577821224927902222e-01,3.372370302677154541e-01,4.191326498985290527e-01,0.000000000000000000e+00,1.000000000000000000e+00,0.000000000000000000e+00,0.000000000000000000e+00,2.847597656250000000e+02,0.000000000000000000e+00
5.400000000000000355e+00,-7.768630981445312500e-03,1.764831542968750000e-01,-9.045481681823730469e-03,3.620743453502655029e-01,6.920927762985229492e-02,1.593642532825469971e-01,3.424315750598907471e-01,4.193393886089324951e-01,0.000000000000000000e+00,0.000000000000000000e+00,0.000000000000000000e+00,0.000000000000000000e+00,2.643953857421875000e+02,0.000000000000000000e+00
5.419999999999999929e+00,-9.540557861328125000e-03,1.749057769775390625e-01,-1.039147377014160156e-02,3.597869575023651123e-01,6.744781881570816040e-02,1.589586734771728516e-01,3.330694735050201416e-01,4.187720715999603271e-01,0.000000000000000000e+00,0.000000000000000000e+00,1.000000000000000000e+00,0.000000000000000000e+00,2.759003295898437500e+02,0.000000000000000000e+00
5.440000000000000391e+00,-1.230239868164062500e-02,1.747837066650390625e-01,-1.149940490722656250e-02,3.584553301334381104e-01,6.622093170881271362e-02,1.589891612529754639e-01,3.309225440025329590e-01,4.181997179985046387e-01,1.000000000000000000e+00,0.000000000000000000e+00,1.000000000000000000e+00,0.000000000000000000e+00,2.659415283203125000e+02,0.000000000000000000e+00
5.459999999999999964e+00,-1.698875427246093750e-02,1.763477325439453125e-01,-1.123160123825073242e-02,3.555165231227874756e-01,6.434092670679092407e-02,1.599608659744262695e-01,3.287884294986724854e-01,4.180039465427398682e-01,0.000000000000000000e+00,0.000000000000000000e+00,1.000000000000000000e+00,1.000000000000000000e+00,2.847292480468750000e+02,0.000000000000000000e+00
5.480000000000000426e+00,-2.363204956054687500e-02,1.805076599121093750e-01,-1.458460092544555664e-02,3.751841187477111816e-01,7.196314632892608643e-02,1.617140322923660278e-01,3.269712626934051514e-01,4.545091092586517334e-01,0.000000000000000000e+00,0.000000000000000000e+00,1.000000000000000000e+00,1.000000000000000000e+00,2.844308166503906250e+02,0.000000000000000000e+00
5.500000000000000000e+00,-3.092002868652343750e-02,1.843643188476562500e-01,-1.630473136901855469e-02,3.861612379550933838e-01,7.988066971302032471e-02,1.629736721515655518e-01,3.264998197555541992e-01,4.758733510971069336e-01,0.000000000000000000e+00,0.000000000000000000e+00,1.000000000000000000e+00,1.000000000000000000e+00,2.623417358398437500e+02,0.000000000000000000e+00
5.520000000000000462e+00,-3.681755065917968750e-02,1.865234375000000000e-01,-1.720494031906127930e-02,3.919630050659179688e-01,8.454724401235580444e-02,1.636015772819519043e-01,3.292076587677001953e-01,4.863445758819580078e-01,0.000000000000000000e+00,0.000000000000000000e+00,1.000000000000000000e+00,1.000000000000000000e+00,2.689757080078125000e+02,0.000000000000000000e+00
5.540000000000000036e+00,-4.101943969726562500e-02,1.870479583740234375e-01,-1.744103431701660156e-02,3.966431021690368652e-01,8.629330992698669434e-02,1.635574400424957275e-01,3.353810310363769531e-01,4.924334585666656494e-01,0.000000000000000000e+00,0.000000000000000000e+00,1.000000000000000000e+00,1.000000000000000000e+00,2.711451721191406250e+02,0.000000000000000000e+00
5.560000000000000497e+00,-4.369163513183593750e-02,1.864910125732421875e-01,-1.697278022766113281e-02,4.003842473030090332e-01,8.600781112909317017e-02,1.627345830202102661e-01,3.445598185062408447e-01,4.964954555034637451e-01,0.000000000000000000e+00,0.000000000000000000e+00,1.000000000000000000e+00,1.000000000000000000e+00,2.502830352783203125e+02,0.000000000000000000e+00
5.580000000000000071e+00,-4.519081115722656250e-02,1.853218078613281250e-01,-1.617413759231567383e-02,4.047127366065979004e-01,8.571549504995346069e-02,1.620476245880126953e-01,3.561217784881591797e-01,5.000827908515930176e-01,0.000000000000000000e+00,0.000000000000000000e+00,1.000000000000000000e+00,1.000000000000000000e+00,2.549193725585937500e+02,0.000000000000000000e+00
5.600000000000000533e+00,-4.612541198730468750e-02,1.840763092041015625e-01,-1.577609777450561523e-02,4.092489480972290039e-01,8.539962023496627808e-02,1.613079607486724854e-01,3.687999844551086426e-01,5.028910636901855469e-01,0.000000000000000000e+00,0.000000000000000000e+00,1.000000000000000000e+00,1.000000000000000000e+00,2.639963073730468750e+02,0.000000000000000000e+00
5.620000000000000107e+00,-4.700279235839843750e-02,1.832561492919921875e-01,-1.653778553009033203e-02,4.156227707862854004e-01,8.471352607011795044e-02,1.604932695627212524e-01,3.818386793136596680e-01,5.044341087341308594e-01,0.000000000000000000e+00,0.000000000000000000e+00,1.000000000000000000e+00,1.000000000000000000e+00,2.775245361328125000e+02,0.000000000000000000e+00
5.639999999999999680e+00,-4.785346984863281250e-02,1.832561492919921875e-01,-1.895642280578613281e-02,4.238488972187042236e-01,8.289158344268798828e-02,1.599346250295639038e-01,3.947602212429046631e-01,5.037110447883605957e-01,0.000000000000000000e+00,0.000000000000000000e+00,1.000000000000000000e+00,1.000000000000000000e+00,2.711603393554687500e+02,0.000000000000000000e+00
5.660000000000000142e+00,-4.870033264160156250e-02,1.837596893310546875e-01,-2.247208356857299805e-02,4.333796799182891846e-01,7.953193038702011108e-02,1.595036238431930542e-01,4.088031947612762451e-01,5.030553340911865234e-01,0.000000000000000000e+00,0.000000000000000000e+00,1.000000000000000000e+00,1.000000000000000000e+00,2.752297973632812500e+02,0.000000000000000000e+00
5.679999999999999716e+00,-4.899024963378906250e-02,1.845970153808593750e-01,-2.575314044952392578e-02,4.407026469707489014e-01,7.878039032220840454e-02,1.597841531038284302e-01,4.217528104782104492e-01,5.038490891456604004e-01,0.000000000000000000e+00,0.000000000000000000e+00,1.000000000000000000e+00,1.000000000000000000e+00,2.657544555664062500e+02,0.000000000000000000e+00
5.700000000000000178e+00,-4.833793640136718750e-02,1.855907440185546875e-01,-2.797228097915649414e-02,4.424467086791992188e-01,8.184317499399185181e-02,1.606147289276123047e-01,4.317286908626556396e-01,5.036343336105346680e-01,0.000000000000000000e+00,0.000000000000000000e+00,1.000000000000000000e+00,1.000000000000000000e+00,2.582445983886718750e+02,0.000000000000000000e+00
5.719999999999999751e+00,-4.613494873046875000e-02,1.872386932373046875e-01,-2.900671958923339844e-02,4.428132772445678711e-01,8.758205920457839966e-02,1.615347862243652344e-01,4.388586878776550293e-01,5.044127702713012695e-01,0.000000000000000000e+00,0.000000000000000000e+00,1.000000000000000000e+00,1.000000000000000000e+00,2.688427429199218750e+02,0.000000000000000000e+00
5.740000000000000213e+00,-4.199218750000000000e-02,1.896381378173828125e-01,-2.882063388824462891e-02,4.436468482017517090e-01,9.404284507036209106e-02,1.622959375381469727e-01,4.440092146396636963e-01,5.065179467201232910e-01,0.000000000000000000e+00,0.000000000000000000e+00,1.000000000000000000e+00,1.000000000000000000e+00,2.736842346191406250e+02,0.000000000000000000e+00
5.759999999999999787e+00,-3.589248657226562500e-02,1.923046112060546875e-01,-2.734756469726562500e-02,4.452926814556121826e-01,1.005051657557487488e-01,1.628581136465072632e-01,4.478338658809661865e-01,5.097187161445617676e-01,0.000000000000000000e+00,0.000000000000000000e+00,1.000000000000000000e+00,1.000000000000000000e+00,2.661794738769531250e+02,0.000000000000000000e+00
5.780000000000000249e+00,-2.988052368164062500e-02,1.945667266845703125e-01,-2.486884593963623047e-02,4.463678896427154541e-01,1.070261001586914062e-01,1.631343960762023926e-01,4.507510066032409668e-01,5.133487582206726074e-01,0.000000000000000000e+00,0.000000000000000000e+00,1.000000000000000000e+00,1.000000000000000000e+00,2.613936767578125000e+02,0.000000000000000000e+00
5.799999999999999822e+00,-2.660942077636718750e-02,1.945381164550781250e-01,-2.219587564468383789e-02,4.468136131763458252e-01,1.131394729018211365e-01,1.637808829545974731e-01,4.538030922412872314e-01,5.177112817764282227e-01,0.000000000000000000e+00,0.000000000000000000e+00,1.000000000000000000e+00,0.000000000000000000e+00,2.864511413574218750e+02,0.000000000000000000e+00
5.820000000000000284e+00,-2.750015258789062500e-02,1.912689208984375000e-01,-1.990759372711181641e-02,4.482860565185546875e-01,1.187194660305976868e-01,1.649657040834426880e-01,4.560106694698333740e-01,5.175673961639404297e-01,1.000000000000000000e+00,0.000000000000000000e+00,1.000000000000000000e+00,0.000000000000000000e+00,2.616410827636718750e+02,0.000000000000000000e+00
5.839999999999999858e+00,-2.855300903320312500e-02,1.879310607910156250e-01,-1.681363582611083984e-02,4.508910477161407471e-01,1.193712055683135986e-01,1.664867550134658813e-01,4.569228887557983398e-01,5.173572897911071777e-01,1.000000000000000000e+00,0.000000000000000000e+00,1.000000000000000000e+00,0.000000000000000000e+00,2.645092773437500000e+02,0.000000000000000000e+00
5.860000000000000320e+00,-3.241157531738281250e-02,1.848773956298828125e-01,-1.317971944808959961e-02,4.531184732913970947e-01,1.168318837881088257e-01,1.667481511831283569e-01,4.566062986850738525e-01,5.171112418174743652e-01,1.000000000000000000e+00,1.000000000000000000e+00,1.000000000000000000e+00,0.000000000000000000e+00,2.700397033691406250e+02,0.000000000000000000e+00
5.879999999999999893e+00,-3.878021240234375000e-02,1.829338073730468750e-01,-1.176065206527709961e-02,4.514602422714233398e-01,1.133554428815841675e-01,1.617907136678695679e-01,4.557186961174011230e-01,5.169401764869689941e-01,1.000000000000000000e+00,0.000000000000000000e+00,0.000000000000000000e+00,0.000000000000000000e+00,2.649068298339843750e+02,0.000000000000000000e+00
5.900000000000000355e+00,-4.355239868164062500e-02,1.816787719726562500e-01,-1.095861196517944336e-02,4.552068412303924561e-01,1.098488122224807739e-01,1.676137894392013550e-01,4.629419147968292236e-01,5.173758268356323242e-01,1.000000000000000000e+00,0.000000000000000000e+00,0.000000000000000000e+00,0.000000000000000000e+00,2.862485961914062500e+02,0.000000000000000000e+00
5.919999999999999929e+00,-4.856109619140625000e-02,1.798362731933593750e-01,-1.154291629791259766e-02,4.537532925605773926e-01,1.072196736931800842e-01,1.687709987163543701e-01,4.624268710613250732e-01,5.177045464515686035e-01,1.000000000000000000e+00,0.000000000000000000e+00,0.000000000000000000e+00,0.000000000000000000e+00,2.602376098632812500e+02,0.000000000000000000e+00
5.940000000000000391e+00,-5.152511596679687500e-02,1.775836944580078125e-01,-1.279902458190917969e-02,4.513334631919860840e-01,1.058643013238906860e-01,1.663609743118286133e-01,4.587663114070892334e-01,5.178377628326416016e-01,1.000000000000000000e+00,0.000000000000000000e+00,0.000000000000000000e+00,0.000000000000000000e+00,2.727257080078125000e+02,0.000000000000000000e+00
5.959999999999999964e+00,-5.267333984375000000e-02,1.748981475830078125e-01,-1.481282711029052734e-02,4.499584734439849854e-01,1.052979379892349243e-01,1.645910292863845825e-01,4.518401920795440674e-01,5.178789496421813965e-01,1.000000000000000000e+00,0.000000000000000000e+00,0.000000000000000000e+00,0.000000000000000000e+00,2.777118530273437500e+02,0.000000000000000000e+00
5.980000000000000426e+00,-5.289459228515625000e-02,1.715011596679687500e-01,-1.726239919662475586e-02,4.521803259849548340e-01,1.049647927284240723e-01,1.669344156980514526e-01,4.404481649398803711e-01,5.174906253814697266e-01,1.000000000000000000e+00,0.000000000000000000e+00,0.000000000000000000e+00,0.000000000000000000e+00,2.597940673828125000e+02,0.000000000000000000e+00
6.000000000000000000e+00,-5.316352844238281250e-02,1.672573089599609375e-01,-1.971054077148437500e-02,4.573815464973449707e-01,1.039103120565414429e-01,1.705513447523117065e-01,4.243978857994079590e-01,5.168890953063964844e-01,1.000000000000000000e+00,1.000000000000000000e+00,0.000000000000000000e+00,0.000000000000000000e+00,2.533702239990234375e+02,0.000000000000000000e+00
