time_s,base_error_x_m,base_error_y_m,base_error_z_m,base_orientation_error_rad,wheel_error_fl_m,wheel_error_fr_m,wheel_error_rl_m,wheel_error_rr_m,contact_mismatch_fl,contact_mismatch_fr,contact_mismatch_rl,contact_mismatch_rr,solve_ms,rollout_termination_rate
2.000000000000000042e-02,0.000000000000000000e+00,0.000000000000000000e+00,0.000000000000000000e+00,0.000000000000000000e+00,1.907348632812500000e-06,5.960464477539062500e-08,4.991888999938964844e-07,1.921282091643661261e-06,0.000000000000000000e+00,1.000000000000000000e+00,1.000000000000000000e+00,0.000000000000000000e+00,5.479340209960937500e+02,0.000000000000000000e+00
4.000000000000000083e-02,-1.335144042968750000e-05,-1.831054687500000000e-04,-1.172065734863281250e-03,2.071602037176489830e-03,3.531148424372076988e-03,1.683850539848208427e-03,2.187334699556231499e-03,1.495621865615248680e-03,1.000000000000000000e+00,1.000000000000000000e+00,0.000000000000000000e+00,0.000000000000000000e+00,5.396956787109375000e+02,0.000000000000000000e+00
5.999999999999999778e-02,-3.421783447265625000e-03,-3.204345703125000000e-04,-3.448128700256347656e-03,1.007802225649356842e-02,1.405923999845981598e-02,5.824238061904907227e-03,3.174884710460901260e-03,1.799121266230940819e-03,1.000000000000000000e+00,1.000000000000000000e+00,0.000000000000000000e+00,0.000000000000000000e+00,5.449177856445312500e+02,0.000000000000000000e+00
8.000000000000000167e-02,-8.548736572265625000e-03,3.433227539062500000e-04,-7.434308528900146484e-03,1.792736537754535675e-02,1.959215477108955383e-02,7.302764803171157837e-03,8.448409847915172577e-03,2.829436212778091431e-03,0.000000000000000000e+00,0.000000000000000000e+00,1.000000000000000000e+00,0.000000000000000000e+00,5.704467163085937500e+02,3.906250000000000000e-03
1.000000000000000056e-01,-1.367187500000000000e-02,2.899169921875000000e-04,-1.102775335311889648e-02,1.869556494057178497e-02,2.207178436219692230e-02,1.106936112046241760e-02,1.579413749277591705e-02,4.670245107263326645e-03,0.000000000000000000e+00,0.000000000000000000e+00,1.000000000000000000e+00,0.000000000000000000e+00,5.602362670898437500e+02,1.953125000000000000e-02
1.199999999999999956e-01,-1.729393005371093750e-02,1.296997070312500000e-04,-1.453280448913574219e-02,1.922372542321681976e-02,2.505100704729557037e-02,1.397643517702817917e-02,2.226419746875762939e-02,4.512485116720199585e-03,0.000000000000000000e+00,0.000000000000000000e+00,1.000000000000000000e+00,0.000000000000000000e+00,5.602917480468750000e+02,7.812500000000000000e-03
1.400000000000000133e-01,-1.889228820800781250e-02,-1.049041748046875000e-04,-1.720482110977172852e-02,1.956791430711746216e-02,2.713537402451038361e-02,1.532441005110740662e-02,2.752229012548923492e-02,4.943589214235544205e-03,0.000000000000000000e+00,0.000000000000000000e+00,0.000000000000000000e+00,0.000000000000000000e+00,5.813860473632812500e+02,4.687500000000000000e-02
1.600000000000000033e-01,-1.882743835449218750e-02,-4.577636718750000000e-04,-1.891016960144042969e-02,1.956791430711746216e-02,2.917214855551719666e-02,1.647788845002651215e-02,3.227332606911659241e-02,5.089881364256143570e-03,0.000000000000000000e+00,0.000000000000000000e+00,0.000000000000000000e+00,0.000000000000000000e+00,5.474677124023437500e+02,5.078125000000000000e-02
1.799999999999999933e-01,-1.779556274414062500e-02,-9.078979492187500000e-04,-1.986783742904663086e-02,1.687227003276348114e-02,3.007039986550807953e-02,1.781588792800903320e-02,3.708632290363311768e-02,5.208262708038091660e-03,0.000000000000000000e+00,0.000000000000000000e+00,0.000000000000000000e+00,0.000000000000000000e+00,5.604602661132812500e+02,1.328125000000000000e-01
2.000000000000000111e-01,-1.675224304199218750e-02,-1.937866210937500000e-03,-1.994502544403076172e-02,1.085260603576898575e-02,3.023781999945640564e-02,2.061145193874835968e-02,3.880809992551803589e-02,4.935908131301403046e-03,0.000000000000000000e+00,0.000000000000000000e+00,1.000000000000000000e+00,0.000000000000000000e+00,5.192014770507812500e+02,0.000000000000000000e+00
2.200000000000000011e-01,-1.530075073242187500e-02,-2.979278564453125000e-03,-2.023184299468994141e-02,7.781927473843097687e-03,3.031066246330738068e-02,2.572467178106307983e-02,4.514557495713233948e-02,5.141670349985361099e-03,0.000000000000000000e+00,0.000000000000000000e+00,1.000000000000000000e+00,0.000000000000000000e+00,5.694390869140625000e+02,0.000000000000000000e+00
2.399999999999999911e-01,-1.385498046875000000e-02,-3.601074218750000000e-03,-2.096444368362426758e-02,1.119859330356121063e-02,2.980960905551910400e-02,2.969438768923282623e-02,4.786041751503944397e-02,5.122769623994827271e-03,0.000000000000000000e+00,0.000000000000000000e+00,0.000000000000000000e+00,0.000000000000000000e+00,5.535004272460937500e+02,0.000000000000000000e+00
2.600000000000000089e-01,-1.255035400390625000e-02,-3.667831420898437500e-03,-2.210754156112670898e-02,1.466473750770092010e-02,2.913401648402214050e-02,2.669901773333549500e-02,4.594044759869575500e-02,5.218844860792160034e-03,0.000000000000000000e+00,0.000000000000000000e+00,0.000000000000000000e+00,0.000000000000000000e+00,5.533446044921875000e+02,0.000000000000000000e+00
2.800000000000000266e-01,-1.100158691406250000e-02,-3.217697143554687500e-03,-2.334004640579223633e-02,1.715256087481975555e-02,2.853815443813800812e-02,2.032830379903316498e-02,4.361146688461303711e-02,5.611386150121688843e-03,0.000000000000000000e+00,0.000000000000000000e+00,0.000000000000000000e+00,0.000000000000000000e+00,5.305425415039062500e+02,0.000000000000000000e+00
2.999999999999999889e-01,-9.040832519531250000e-03,-2.437591552734375000e-03,-2.386039495468139648e-02,1.854190044105052948e-02,2.815163321793079376e-02,1.644704304635524750e-02,4.005596786737442017e-02,5.388827994465827942e-03,1.000000000000000000e+00,0.000000000000000000e+00,0.000000000000000000e+00,0.000000000000000000e+00,5.540693359375000000e+02,0.000000000000000000e+00
3.200000000000000067e-01,-6.631851196289062500e-03,-1.636505126953125000e-03,-2.343034744262695312e-02,1.928563974797725677e-02,2.656853571534156799e-02,1.505814958363771439e-02,3.485255688428878784e-02,5.602778401225805283e-03,0.000000000000000000e+00,0.000000000000000000e+00,0.000000000000000000e+00,0.000000000000000000e+00,5.363956298828125000e+02,0.000000000000000000e+00
3.400000000000000244e-01,-3.593444824218750000e-03,-5.950927734375000000e-04,-2.268737554550170898e-02,1.937198452651500702e-02,2.281505241990089417e-02,1.468857098370790482e-02,2.981776185333728790e-02,5.681875161826610565e-03,1.000000000000000000e+00,0.000000000000000000e+00,0.000000000000000000e+00,0.000000000000000000e+00,5.273715820312500000e+02,0.000000000000000000e+00
3.599999999999999867e-01,1.155853271484375000e-03,1.274108886718750000e-03,-2.155977487564086914e-02,1.823068223893642426e-02,1.769980415701866150e-02,1.381990034133195877e-02,2.530043572187423706e-02,6.064774002879858017e-03,1.000000000000000000e+00,0.000000000000000000e+00,1.000000000000000000e+00,0.000000000000000000e+00,5.549654541015625000e+02,0.000000000000000000e+00
3.800000000000000044e-01,7.301330566406250000e-03,3.980636596679687500e-03,-2.010959386825561523e-02,1.684398390352725983e-02,1.526737958192825317e-02,1.323862932622432709e-02,2.326902374625205994e-02,7.115526124835014343e-03,1.000000000000000000e+00,0.000000000000000000e+00,1.000000000000000000e+00,0.000000000000000000e+00,5.143375244140625000e+02,0.000000000000000000e+00
4.000000000000000222e-01,1.285934448242187500e-02,6.633758544921875000e-03,-1.850360631942749023e-02,2.078505046665668488e-02,1.539248041808605194e-02,1.592646166682243347e-02,2.846419811248779297e-02,7.416659034788608551e-03,0.000000000000000000e+00,0.000000000000000000e+00,1.000000000000000000e+00,0.000000000000000000e+00,5.020381774902343750e+02,0.000000000000000000e+00
4.199999999999999845e-01,1.495742797851562500e-02,8.356094360351562500e-03,-1.739102602005004883e-02,2.355938963592052460e-02,1.566763035953044891e-02,2.299567312002182007e-02,3.422028571367263794e-02,7.240229286253452301e-03,0.000000000000000000e+00,0.000000000000000000e+00,0.000000000000000000e+00,0.000000000000000000e+00,5.333568115234375000e+02,0.000000000000000000e+00
4.400000000000000022e-01,1.519966125488281250e-02,9.864807128906250000e-03,-1.657795906066894531e-02,2.387105301022529602e-02,1.509492564946413040e-02,2.287097088992595673e-02,3.499011322855949402e-02,6.680333055555820465e-03,0.000000000000000000e+00,0.000000000000000000e+00,0.000000000000000000e+00,0.000000000000000000e+00,5.384984741210937500e+02,0.000000000000000000e+00
4.600000000000000200e-01,1.391792297363281250e-02,1.184844970703125000e-02,-1.541930437088012695e-02,2.173822186887264252e-02,1.528704818338155746e-02,2.474711649119853973e-02,3.496699780225753784e-02,6.653593387454748154e-03,1.000000000000000000e+00,0.000000000000000000e+00,0.000000000000000000e+00,0.000000000000000000e+00,5.429729614257812500e+02,0.000000000000000000e+00
4.799999999999999822e-01,1.013565063476562500e-02,1.397514343261718750e-02,-1.442265510559082031e-02,1.751023344695568085e-02,1.535720843821763992e-02,2.783783338963985443e-02,3.444348275661468506e-02,7.074101828038692474e-03,0.000000000000000000e+00,0.000000000000000000e+00,0.000000000000000000e+00,1.000000000000000000e+00,5.608916015625000000e+02,0.000000000000000000e+00
5.000000000000000000e-01,5.727767944335937500e-03,1.818275451660156250e-02,-1.368004083633422852e-02,1.500227302312850952e-02,1.621493324637413025e-02,3.084402717649936676e-02,3.479802235960960388e-02,2.145502343773841858e-02,0.000000000000000000e+00,0.000000000000000000e+00,0.000000000000000000e+00,1.000000000000000000e+00,5.356513671875000000e+02,0.000000000000000000e+00
5.200000000000000178e-01,1.209259033203125000e-03,2.145767211914062500e-02,-1.239562034606933594e-02,1.157547440379858017e-02,2.309873700141906738e-02,3.305036947131156921e-02,3.522416949272155762e-02,3.163279965519905090e-02,0.000000000000000000e+00,0.000000000000000000e+00,0.000000000000000000e+00,1.000000000000000000e+00,5.365450439453125000e+02,0.000000000000000000e+00
5.400000000000000355e-01,-2.105712890625000000e-03,2.358818054199218750e-02,-1.103883981704711914e-02,5.980201996862888336e-03,2.742148377001285553e-02,3.548749163746833801e-02,3.490319848060607910e-02,3.853781521320343018e-02,0.000000000000000000e+00,0.000000000000000000e+00,0.000000000000000000e+00,1.000000000000000000e+00,5.343824462890625000e+02,0.000000000000000000e+00
5.600000000000000533e-01,-4.400253295898437500e-03,2.412033081054687500e-02,-1.053994894027709961e-02,2.583741676062345505e-03,2.920621261000633240e-02,3.720765933394432068e-02,3.482659533619880676e-02,4.107337072491645813e-02,0.000000000000000000e+00,0.000000000000000000e+00,0.000000000000000000e+00,0.000000000000000000e+00,5.394166870117187500e+02,0.000000000000000000e+00
5.799999999999999600e-01,-5.546569824218750000e-03,2.479934692382812500e-02,-1.110291481018066406e-02,5.818544887006282806e-03,3.112429194152355194e-02,3.820339590311050415e-02,3.430099785327911377e-02,4.252748563885688782e-02,0.000000000000000000e+00,0.000000000000000000e+00,0.000000000000000000e+00,0.000000000000000000e+00,5.432564086914062500e+02,0.000000000000000000e+00
5.999999999999999778e-01,-6.624221801757812500e-03,2.465057373046875000e-02,-1.086354255676269531e-02,7.903527468442916870e-03,3.230606392025947571e-02,3.823360055685043335e-02,3.519436717033386230e-02,3.971935063600540161e-02,0.000000000000000000e+00,0.000000000000000000e+00,0.000000000000000000e+00,0.000000000000000000e+00,5.600250854492187500e+02,0.000000000000000000e+00
6.199999999999999956e-01,-7.814407348632812500e-03,2.294540405273437500e-02,-1.014471054077148438e-02,1.321071665734052658e-02,3.482028469443321228e-02,3.830115497112274170e-02,3.470323234796524048e-02,3.482953459024429321e-02,0.000000000000000000e+00,0.000000000000000000e+00,0.000000000000000000e+00,0.000000000000000000e+00,5.100089111328125000e+02,0.000000000000000000e+00
6.400000000000000133e-01,-8.195877075195312500e-03,2.226638793945312500e-02,-1.022577285766601562e-02,1.601685956120491028e-02,3.611889109015464783e-02,3.722035512328147888e-02,3.481716290116310120e-02,3.584608808159828186e-02,0.000000000000000000e+00,0.000000000000000000e+00,0.000000000000000000e+00,0.000000000000000000e+00,5.535567016601562500e+02,0.000000000000000000e+00
6.600000000000000311e-01,-8.281707763671875000e-03,2.290725708007812500e-02,-9.893834590911865234e-03,2.054275013506412506e-02,3.577483072876930237e-02,3.613741323351860046e-02,3.683660179376602173e-02,4.195439815521240234e-02,0.000000000000000000e+00,0.000000000000000000e+00,0.000000000000000000e+00,0.000000000000000000e+00,5.438247070312500000e+02,1.562500000000000000e-02
6.800000000000000488e-01,-9.344100952148437500e-03,2.110481262207031250e-02,-8.901000022888183594e-03,1.937198452651500702e-02,3.294253721833229065e-02,3.537528589367866516e-02,3.800759837031364441e-02,3.769172355532646179e-02,0.000000000000000000e+00,0.000000000000000000e+00,0.000000000000000000e+00,0.000000000000000000e+00,5.434827270507812500e+02,3.906250000000000000e-03
7.000000000000000666e-01,-8.234024047851562500e-03,2.049255371093750000e-02,-6.876289844512939453e-03,1.965302042663097382e-02,3.347570821642875671e-02,3.489986434578895569e-02,3.860841691493988037e-02,4.347534850239753723e-02,0.000000000000000000e+00,0.000000000000000000e+00,0.000000000000000000e+00,0.000000000000000000e+00,5.408613281250000000e+02,0.000000000000000000e+00
7.199999999999999734e-01,-5.832672119140625000e-03,2.035331726074218750e-02,-6.246030330657958984e-03,1.752384379506111145e-02,3.426966816186904907e-02,3.458575904369354248e-02,3.876579925417900085e-02,4.949301853775978088e-02,0.000000000000000000e+00,0.000000000000000000e+00,0.000000000000000000e+00,0.000000000000000000e+00,5.424771728515625000e+02,0.000000000000000000e+00
7.399999999999999911e-01,-2.088546752929687500e-03,2.196121215820312500e-02,-6.769835948944091797e-03,2.877986244857311249e-02,3.452922031283378601e-02,3.423678874969482422e-02,4.188114777207374573e-02,5.946331843733787537e-02,0.000000000000000000e+00,0.000000000000000000e+00,0.000000000000000000e+00,0.000000000000000000e+00,5.509253540039062500e+02,3.906250000000000000e-03
7.600000000000000089e-01,2.422332763671875000e-03,2.242660522460937500e-02,-7.525146007537841797e-03,3.827385976910591125e-02,3.448550030589103699e-02,3.346678614616394043e-02,4.345551878213882446e-02,6.645443290472030640e-02,0.000000000000000000e+00,0.000000000000000000e+00,0.000000000000000000e+00,0.000000000000000000e+00,5.318717041015625000e+02,3.906250000000000000e-03
7.800000000000000266e-01,7.951736450195312500e-03,2.315711975097656250e-02,-8.849501609802246094e-03,5.165319144725799561e-02,3.513331711292266846e-02,3.264226019382476807e-02,4.536209627985954285e-02,7.588675618171691895e-02,0.000000000000000000e+00,0.000000000000000000e+00,0.000000000000000000e+00,1.000000000000000000e+00,5.287128295898437500e+02,0.000000000000000000e+00
8.000000000000000444e-01,1.280784606933593750e-02,2.440643310546875000e-02,-8.831679821014404297e-03,6.164202466607093811e-02,3.561521321535110474e-02,3.176156058907508850e-02,4.515536502003669739e-02,7.753828912973403931e-02,0.000000000000000000e+00,0.000000000000000000e+00,0.000000000000000000e+00,1.000000000000000000e+00,5.334426269531250000e+02,0.000000000000000000e+00
8.200000000000000622e-01,1.516914367675781250e-02,2.440452575683593750e-02,-9.100437164306640625e-03,6.011045724153518677e-02,3.081745281815528870e-02,3.096812404692173004e-02,4.537759721279144287e-02,7.793056219816207886e-02,1.000000000000000000e+00,1.000000000000000000e+00,0.000000000000000000e+00,0.000000000000000000e+00,5.577387084960937500e+02,0.000000000000000000e+00
8.399999999999999689e-01,1.345062255859375000e-02,2.209472656250000000e-02,-1.007521152496337891e-02,5.215850844979286194e-02,1.924431324005126953e-02,3.136186674237251282e-02,4.542226344347000122e-02,7.601399719715118408e-02,1.000000000000000000e+00,1.000000000000000000e+00,0.000000000000000000e+00,0.000000000000000000e+00,5.196938476562500000e+02,0.000000000000000000e+00
8.599999999999999867e-01,1.139640808105468750e-02,2.058029174804687500e-02,-9.775459766387939453e-03,4.757284745573997498e-02,2.230262756347656250e-02,3.211470693349838257e-02,4.550555348396301270e-02,7.594535499811172485e-02,0.000000000000000000e+00,0.000000000000000000e+00,0.000000000000000000e+00,0.000000000000000000e+00,5.512222290039062500e+02,3.906250000000000000e-03
8.800000000000000044e-01,6.303787231445312500e-03,2.032089233398437500e-02,-8.591234683990478516e-03,4.709935188293457031e-02,2.125498466193675995e-02,3.287903964519500732e-02,4.536537081003189087e-02,7.581166923046112061e-02,0.000000000000000000e+00,1.000000000000000000e+00,0.000000000000000000e+00,0.000000000000000000e+00,5.603311767578125000e+02,0.000000000000000000e+00
9.000000000000000222e-01,-1.604080200195312500e-03,2.216529846191406250e-02,-9.655416011810302734e-03,4.564419016242027283e-02,2.231856621801853180e-02,3.343078866600990295e-02,4.524844512343406677e-02,7.565025240182876587e-02,0.000000000000000000e+00,0.000000000000000000e+00,1.000000000000000000e+00,0.000000000000000000e+00,5.571282958984375000e+02,3.906250000000000000e-03
9.200000000000000400e-01,-8.359909057617187500e-03,2.500152587890625000e-02,-1.146763563156127930e-02,4.730141907930374146e-02,2.395668253302574158e-02,4.431902617216110229e-02,5.360723286867141724e-02,7.564204186201095581e-02,0.000000000000000000e+00,0.000000000000000000e+00,1.000000000000000000e+00,0.000000000000000000e+00,5.421691284179687500e+02,0.000000000000000000e+00
9.400000000000000577e-01,-1.494598388671875000e-02,2.816009521484375000e-02,-1.478826999664306641e-02,5.011143535375595093e-02,2.546892873942852020e-02,5.442754551768302917e-02,5.960531905293464661e-02,7.649665325880050659e-02,0.000000000000000000e+00,0.000000000000000000e+00,0.000000000000000000e+00,0.000000000000000000e+00,5.791755371093750000e+02,0.000000000000000000e+00
9.599999999999999645e-01,-1.935958862304687500e-02,3.151321411132812500e-02,-1.924252510070800781e-02,5.482419952750205994e-02,2.620813436806201935e-02,6.003740057349205017e-02,6.566913425922393799e-02,7.797507196664810181e-02,0.000000000000000000e+00,0.000000000000000000e+00,1.000000000000000000e+00,0.000000000000000000e+00,5.253762207031250000e+02,0.000000000000000000e+00
9.799999999999999822e-01,-2.163124084472656250e-02,3.481292724609375000e-02,-2.409005165100097656e-02,5.539964139461517334e-02,2.703267149627208710e-02,6.151589378714561462e-02,7.002311199903488159e-02,7.789301127195358276e-02,0.000000000000000000e+00,0.000000000000000000e+00,1.000000000000000000e+00,0.000000000000000000e+00,5.505130004882812500e+02,0.000000000000000000e+00
1.000000000000000000e+00,-2.239799499511718750e-02,3.776359558105468750e-02,-2.821254730224609375e-02,5.449264869093894958e-02,2.778640389442443848e-02,6.099623069167137146e-02,7.403584569692611694e-02,7.782268524169921875e-02,0.000000000000000000e+00,0.000000000000000000e+00,0.000000000000000000e+00,0.000000000000000000e+00,5.239533691406250000e+02,0.000000000000000000e+00
1.020000000000000018e+00,-2.225875854492187500e-02,4.010009765625000000e-02,-3.103750944137573242e-02,5.328467488288879395e-02,2.822926640510559082e-02,6.057902052998542786e-02,7.772054523229598999e-02,7.776965945959091187e-02,0.000000000000000000e+00,0.000000000000000000e+00,0.000000000000000000e+00,0.000000000000000000e+00,5.368710327148437500e+02,0.000000000000000000e+00
1.040000000000000036e+00,-2.182579040527343750e-02,4.183387756347656250e-02,-3.262168169021606445e-02,5.165780708193778992e-02,2.808970026671886444e-02,6.034118682146072388e-02,8.098727464675903320e-02,7.778824865818023682e-02,0.000000000000000000e+00,0.000000000000000000e+00,1.000000000000000000e+00,0.000000000000000000e+00,5.424397583007812500e+02,0.000000000000000000e+00
1.060000000000000053e+00,-2.153968811035156250e-02,4.284667968750000000e-02,-3.306496143341064453e-02,4.927170276641845703e-02,2.749629691243171692e-02,5.906144902110099792e-02,8.377962559461593628e-02,7.768952846527099609e-02,0.000000000000000000e+00,0.000000000000000000e+00,1.000000000000000000e+00,0.000000000000000000e+00,5.690627441406250000e+02,0.000000000000000000e+00
1.080000000000000071e+00,-2.147483825683593750e-02,4.331588745117187500e-02,-3.221601247787475586e-02,4.746747761964797974e-02,2.699090354144573212e-02,5.344454944133758545e-02,8.495153486728668213e-02,7.760903239250183105e-02,0.000000000000000000e+00,0.000000000000000000e+00,1.000000000000000000e+00,0.000000000000000000e+00,5.478261718750000000e+02,0.000000000000000000e+00
1.100000000000000089e+00,-2.118301391601562500e-02,4.348182678222656250e-02,-2.993732690811157227e-02,4.645196720957756042e-02,2.672411128878593445e-02,4.360876977443695068e-02,8.424372971057891846e-02,7.758590579032897949e-02,0.000000000000000000e+00,0.000000000000000000e+00,1.000000000000000000e+00,0.000000000000000000e+00,5.575411987304687500e+02,0.000000000000000000e+00
1.120000000000000107e+00,-2.037429809570312500e-02,4.352378845214843750e-02,-2.694249153137207031e-02,4.664661362767219543e-02,2.611472457647323608e-02,3.524213284254074097e-02,8.278378099203109741e-02,7.745427638292312622e-02,0.000000000000000000e+00,0.000000000000000000e+00,1.000000000000000000e+00,0.000000000000000000e+00,5.295194091796875000e+02,0.000000000000000000e+00
1.140000000000000124e+00,-1.892662048339843750e-02,4.338836669921875000e-02,-2.319705486297607422e-02,4.737697169184684753e-02,2.498846687376499176e-02,2.982405200600624084e-02,8.140085637569427490e-02,7.738779485225677490e-02,0.000000000000000000e+00,0.000000000000000000e+00,1.000000000000000000e+00,0.000000000000000000e+00,5.752783203125000000e+02,0.000000000000000000e+00
1.159999999999999920e+00,-1.657485961914062500e-02,4.319381713867187500e-02,-1.878267526626586914e-02,4.656475782394409180e-02,2.376129664480686188e-02,2.543751522898674011e-02,8.058819174766540527e-02,7.748664915561676025e-02,0.000000000000000000e+00,0.000000000000000000e+00,1.000000000000000000e+00,0.000000000000000000e+00,5.515157470703125000e+02,3.906250000000000000e-03
1.179999999999999938e+00,-1.258087158203125000e-02,4.334449768066406250e-02,-1.440149545669555664e-02,4.605502635240554810e-02,2.252686768770217896e-02,2.300332486629486084e-02,8.238721638917922974e-02,7.759087532758712769e-02,0.000000000000000000e+00,0.000000000000000000e+00,1.000000000000000000e+00,0.000000000000000000e+00,5.609807739257812500e+02,1.171875000000000000e-02
1.199999999999999956e+00,-6.958007812500000000e-03,4.411697387695312500e-02,-1.054787635803222656e-02,4.855019971728324890e-02,2.119814045727252960e-02,2.555101364850997925e-02,8.721997588872909546e-02,7.714498788118362427e-02,0.000000000000000000e+00,0.000000000000000000e+00,1.000000000000000000e+00,0.000000000000000000e+00,5.611653442382812500e+02,7.812500000000000000e-03
1.219999999999999973e+00,-1.565933227539062500e-03,4.519462585449218750e-02,-7.963716983795166016e-03,5.234105139970779419e-02,2.130763605237007141e-02,3.334894776344299316e-02,9.442392736673355103e-02,7.667484134435653687e-02,0.000000000000000000e+00,0.000000000000000000e+00,0.000000000000000000e+00,0.000000000000000000e+00,5.435606689453125000e+02,3.906250000000000000e-03
1.239999999999999991e+00,1.579284667968750000e-03,4.596710205078125000e-02,-6.472945213317871094e-03,5.719967558979988098e-02,2.130889147520065308e-02,4.511523991823196411e-02,1.051753759384155273e-01,7.631132006645202637e-02,1.000000000000000000e+00,0.000000000000000000e+00,0.000000000000000000e+00,0.000000000000000000e+00,5.329277343750000000e+02,0.000000000000000000e+00
1.260000000000000009e+00,1.144409179687500000e-05,4.555892944335937500e-02,-7.346510887145996094e-03,5.160238593816757202e-02,2.112920582294464111e-02,4.568381607532501221e-02,9.372211247682571411e-02,7.624748349189758301e-02,0.000000000000000000e+00,0.000000000000000000e+00,0.000000000000000000e+00,0.000000000000000000e+00,5.384694213867187500e+02,1.953125000000000000e-02
1.280000000000000027e+00,-1.695632934570312500e-03,4.634475708007812500e-02,-9.109199047088623047e-03,4.795225709676742554e-02,2.016071602702140808e-02,4.692207649350166321e-02,8.364401012659072876e-02,7.610255479812622070e-02,0.000000000000000000e+00,1.000000000000000000e+00,0.000000000000000000e+00,0.000000000000000000e+00,5.115520629882812500e+02,1.171875000000000000e-02
1.300000000000000044e+00,-4.915237426757812500e-03,4.819869995117187500e-02,-1.040190458297729492e-02,4.663638770580291748e-02,2.021635882556438446e-02,4.940980672836303711e-02,7.812568545341491699e-02,7.670677453279495239e-02,1.000000000000000000e+00,0.000000000000000000e+00,0.000000000000000000e+00,1.000000000000000000e+00,5.316763305664062500e+02,0.000000000000000000e+00
1.320000000000000062e+00,-9.849548339843750000e-03,5.176162719726562500e-02,-1.259082555770874023e-02,5.107756704092025757e-02,2.083352766931056976e-02,5.222855508327484131e-02,7.676108181476593018e-02,8.913342654705047607e-02,0.000000000000000000e+00,0.000000000000000000e+00,0.000000000000000000e+00,1.000000000000000000e+00,5.263741455078125000e+02,0.000000000000000000e+00
1.340000000000000080e+00,-1.548194885253906250e-02,5.609130859375000000e-02,-1.501452922821044922e-02,5.803154408931732178e-02,2.817830629646778107e-02,5.581269040703773499e-02,7.696577906608581543e-02,1.077219694852828979e-01,0.000000000000000000e+00,0.000000000000000000e+00,0.000000000000000000e+00,1.000000000000000000e+00,5.291914672851562500e+02,3.906250000000000000e-03
1.360000000000000098e+00,-2.007102966308593750e-02,5.943679809570312500e-02,-1.665300130844116211e-02,6.051767244935035706e-02,3.425478190183639526e-02,5.869039520621299744e-02,7.688200473785400391e-02,1.160213500261306763e-01,0.000000000000000000e+00,0.000000000000000000e+00,0.000000000000000000e+00,1.000000000000000000e+00,5.467617187500000000e+02,0.000000000000000000e+00
1.380000000000000115e+00,-2.284049987792968750e-02,6.177139282226562500e-02,-1.768034696578979492e-02,6.426695734262466431e-02,3.877890482544898987e-02,6.131404638290405273e-02,7.682383805513381958e-02,1.218575164675712585e-01,0.000000000000000000e+00,0.000000000000000000e+00,0.000000000000000000e+00,1.000000000000000000e+00,5.552474365234375000e+02,0.000000000000000000e+00
1.400000000000000133e+00,-2.367210388183593750e-02,6.335830688476562500e-02,-1.761144399642944336e-02,6.449659913778305054e-02,4.251676425337791443e-02,6.283664703369140625e-02,7.683628797531127930e-02,1.244165897369384766e-01,0.000000000000000000e+00,0.000000000000000000e+00,0.000000000000000000e+00,0.000000000000000000e+00,5.243627319335937500e+02,0.000000000000000000e+00
1.419999999999999929e+00,-2.318572998046875000e-02,6.452178955078125000e-02,-1.653856039047241211e-02,6.324966996908187866e-02,4.711177200078964233e-02,6.392328441143035889e-02,7.687405496835708618e-02,1.261198073625564575e-01,0.000000000000000000e+00,0.000000000000000000e+00,0.000000000000000000e+00,0.000000000000000000e+00,5.384067382812500000e+02,3.906250000000000000e-03
1.439999999999999947e+00,-2.208328247070312500e-02,6.514549255371093750e-02,-1.525974273681640625e-02,5.998735502362251282e-02,5.286461487412452698e-02,6.481777876615524292e-02,7.698050141334533691e-02,1.240707263350486755e-01,0.000000000000000000e+00,0.000000000000000000e+00,0.000000000000000000e+00,0.000000000000000000e+00,4.816921386718750000e+02,3.906250000000000000e-03
1.459999999999999964e+00,-2.080345153808593750e-02,6.521606445312500000e-02,-1.416212320327758789e-02,5.618602782487869263e-02,5.869075655937194824e-02,6.498091667890548706e-02,7.709496468305587769e-02,1.193191930651664734e-01,0.000000000000000000e+00,0.000000000000000000e+00,0.000000000000000000e+00,0.000000000000000000e+00,5.457008056640625000e+02,0.000000000000000000e+00
1.479999999999999982e+00,-1.950836181640625000e-02,6.475067138671875000e-02,-1.263433694839477539e-02,5.143113434314727783e-02,6.247689574956893921e-02,6.453637033700942993e-02,7.723044604063034058e-02,1.117889285087585449e-01,0.000000000000000000e+00,1.000000000000000000e+00,0.000000000000000000e+00,0.000000000000000000e+00,5.462015380859375000e+02,0.000000000000000000e+00
1.500000000000000000e+00,-1.809310913085937500e-02,6.378173828125000000e-02,-1.066094636917114258e-02,4.661593586206436157e-02,6.210540235042572021e-02,6.354004144668579102e-02,7.737155258655548096e-02,1.029303818941116333e-01,0.000000000000000000e+00,0.000000000000000000e+00,0.000000000000000000e+00,0.000000000000000000e+00,5.591937866210937500e+02,7.812500000000000000e-03
1.520000000000000018e+00,-1.629257202148437500e-02,6.260108947753906250e-02,-8.846402168273925781e-03,4.270239546895027161e-02,5.924651026725769043e-02,5.980803817510604858e-02,7.746337354183197021e-02,9.664238244295120239e-02,0.000000000000000000e+00,1.000000000000000000e+00,0.000000000000000000e+00,0.000000000000000000e+00,5.355463256835937500e+02,0.000000000000000000e+00
1.540000000000000036e+00,-1.398849487304687500e-02,6.142997741699218750e-02,-7.916331291198730469e-03,4.058388993144035339e-02,5.623623728752136230e-02,5.224619060754776001e-02,7.754439115524291992e-02,9.416387975215911865e-02,0.000000000000000000e+00,1.000000000000000000e+00,0.000000000000000000e+00,0.000000000000000000e+00,5.152343139648437500e+02,0.000000000000000000e+00
1.560000000000000053e+00,-1.053428649902343750e-02,6.046104431152343750e-02,-8.455038070678710938e-03,3.847889229655265808e-02,5.299690738320350647e-02,4.393119737505912781e-02,7.759281247854232788e-02,9.422650188207626343e-02,0.000000000000000000e+00,1.000000000000000000e+00,0.000000000000000000e+00,0.000000000000000000e+00,5.502990112304687500e+02,3.906250000000000000e-03
1.580000000000000071e+00,-5.455017089843750000e-03,5.977439880371093750e-02,-1.073318719863891602e-02,3.600108996033668518e-02,4.919036850333213806e-02,3.700751438736915588e-02,7.769596576690673828e-02,9.563333541154861450e-02,0.000000000000000000e+00,1.000000000000000000e+00,0.000000000000000000e+00,0.000000000000000000e+00,5.231714477539062500e+02,7.812500000000000000e-03
1.600000000000000089e+00,1.323699951171875000e-03,5.902481079101562500e-02,-1.420533657073974609e-02,3.792968392372131348e-02,4.559354111552238464e-02,3.257382288575172424e-02,7.767160981893539429e-02,9.799699485301971436e-02,0.000000000000000000e+00,1.000000000000000000e+00,0.000000000000000000e+00,0.000000000000000000e+00,5.581491088867187500e+02,0.000000000000000000e+00
1.620000000000000107e+00,9.012222290039062500e-03,5.809593200683593750e-02,-1.688951253890991211e-02,4.632346332073211670e-02,4.303761944174766541e-02,3.145448490977287292e-02,7.754847407341003418e-02,9.959493577480316162e-02,0.000000000000000000e+00,0.000000000000000000e+00,0.000000000000000000e+00,1.000000000000000000e+00,5.388989868164062500e+02,3.906250000000000000e-03
1.640000000000000124e+00,1.486015319824218750e-02,5.679702758789062500e-02,-1.809281110763549805e-02,5.266803503036499023e-02,4.001198336482048035e-02,2.954441308975219727e-02,7.722051441669464111e-02,1.012462154030799866e-01,0.000000000000000000e+00,0.000000000000000000e+00,0.000000000000000000e+00,1.000000000000000000e+00,5.757318115234375000e+02,0.000000000000000000e+00
1.660000000000000142e+00,1.619148254394531250e-02,5.293083190917968750e-02,-1.851731538772583008e-02,5.538242310285568237e-02,3.747929260134696960e-02,2.881243266165256500e-02,7.679028064012527466e-02,1.028581857681274414e-01,0.000000000000000000e+00,1.000000000000000000e+00,0.000000000000000000e+00,0.000000000000000000e+00,5.436386108398437500e+02,3.906250000000000000e-03
1.679999999999999938e+00,1.606369018554687500e-02,4.783630371093750000e-02,-1.744019985198974609e-02,5.980820953845977783e-02,3.313532099127769470e-02,2.865433134138584137e-02,7.538839429616928101e-02,1.022765040397644043e-01,0.000000000000000000e+00,0.000000000000000000e+00,0.000000000000000000e+00,0.000000000000000000e+00,5.277988281250000000e+02,0.000000000000000000e+00
1.699999999999999956e+00,1.361083984375000000e-02,4.373168945312500000e-02,-1.492244005203247070e-02,6.877654790878295898e-02,2.925629355013370514e-02,2.865339443087577820e-02,7.497101277112960815e-02,1.017613187432289124e-01,0.000000000000000000e+00,0.000000000000000000e+00,0.000000000000000000e+00,0.000000000000000000e+00,5.370601806640625000e+02,7.812500000000000000e-03
1.719999999999999973e+00,8.163452148437500000e-03,4.040527343750000000e-02,-1.167100667953491211e-02,7.486283779144287109e-02,2.677977643907070160e-02,2.893690764904022217e-02,7.445660233497619629e-02,1.012390702962875366e-01,0.000000000000000000e+00,1.000000000000000000e+00,0.000000000000000000e+00,0.000000000000000000e+00,5.318242797851562500e+02,0.000000000000000000e+00
1.739999999999999991e+00,2.017974853515625000e-03,3.952980041503906250e-02,-1.070678234100341797e-02,7.696134597063064575e-02,2.572673000395298004e-02,3.358858823776245117e-02,7.933209091424942017e-02,1.008088067173957825e-01,0.000000000000000000e+00,0.000000000000000000e+00,0.000000000000000000e+00,0.000000000000000000e+00,5.507456054687500000e+02,0.000000000000000000e+00
1.760000000000000009e+00,-3.803253173828125000e-03,3.913879394531250000e-02,-9.946405887603759766e-03,7.981501519680023193e-02,2.636996284127235413e-02,4.692138731479644775e-02,8.659461885690689087e-02,1.011243760585784912e-01,0.000000000000000000e+00,0.000000000000000000e+00,0.000000000000000000e+00,0.000000000000000000e+00,5.630679931640625000e+02,0.000000000000000000e+00
1.780000000000000027e+00,-8.449554443359375000e-03,3.937149047851562500e-02,-9.743928909301757812e-03,8.108376711606979370e-02,2.733761258423328400e-02,5.584973096847534180e-02,8.997925370931625366e-02,1.008112877607345581e-01,0.000000000000000000e+00,0.000000000000000000e+00,0.000000000000000000e+00,0.000000000000000000e+00,5.619549560546875000e+02,3.906250000000000000e-03
1.800000000000000044e+00,-1.111030578613281250e-02,4.010581970214843750e-02,-9.607017040252685547e-03,8.134804666042327881e-02,2.775052748620510101e-02,6.063862144947052002e-02,9.217330068349838257e-02,1.004320681095123291e-01,0.000000000000000000e+00,0.000000000000000000e+00,0.000000000000000000e+00,0.000000000000000000e+00,5.111080017089843750e+02,0.000000000000000000e+00
1.820000000000000062e+00,-1.203536987304687500e-02,4.106330871582031250e-02,-9.590566158294677734e-03,8.068572729825973511e-02,2.793272584676742554e-02,6.147648766636848450e-02,9.441774338483810425e-02,1.000588238239288330e-01,0.000000000000000000e+00,0.000000000000000000e+00,0.000000000000000000e+00,0.000000000000000000e+00,5.210328979492187500e+02,0.000000000000000000e+00
1.840000000000000080e+00,-1.174163818359375000e-02,4.208946228027343750e-02,-9.424388408660888672e-03,8.019953221082687378e-02,2.811294794082641602e-02,5.975470691919326782e-02,9.672089666128158569e-02,9.999640285968780518e-02,0.000000000000000000e+00,0.000000000000000000e+00,0.000000000000000000e+00,0.000000000000000000e+00,5.244288940429687500e+02,0.000000000000000000e+00
1.860000000000000098e+00,-1.098060607910156250e-02,4.313278198242187500e-02,-8.971393108367919922e-03,8.022331446409225464e-02,2.791825681924819946e-02,5.703074112534523010e-02,9.808401018381118774e-02,9.949427098035812378e-02,0.000000000000000000e+00,0.000000000000000000e+00,0.000000000000000000e+00,0.000000000000000000e+00,5.632929077148437500e+02,0.000000000000000000e+00
1.880000000000000115e+00,-1.002311706542968750e-02,4.415130615234375000e-02,-8.322656154632568359e-03,8.187986910343170166e-02,2.731164917349815369e-02,5.415502563118934631e-02,9.936980158090591431e-02,9.969902783632278442e-02,0.000000000000000000e+00,0.000000000000000000e+00,0.000000000000000000e+00,0.000000000000000000e+00,5.593802490234375000e+02,3.906250000000000000e-03
1.900000000000000133e+00,-9.140014648437500000e-03,4.491424560546875000e-02,-7.458269596099853516e-03,8.077730238437652588e-02,2.685781568288803101e-02,4.996524751186370850e-02,9.944649040699005127e-02,9.958729147911071777e-02,0.000000000000000000e+00,0.000000000000000000e+00,0.000000000000000000e+00,0.000000000000000000e+00,5.344523315429687500e+02,3.906250000000000000e-03
1.919999999999999929e+00,-8.480072021484375000e-03,4.535102844238281250e-02,-6.391286849975585938e-03,7.822453230619430542e-02,2.615238353610038757e-02,4.156501963734626770e-02,9.935947507619857788e-02,9.950070828199386597e-02,0.000000000000000000e+00,0.000000000000000000e+00,0.000000000000000000e+00,0.000000000000000000e+00,5.704564208984375000e+02,0.000000000000000000e+00
1.939999999999999947e+00,-7.810592651367187500e-03,4.568862915039062500e-02,-5.437076091766357422e-03,7.708209753036499023e-02,2.523435279726982117e-02,3.219663724303245544e-02,9.911238402128219604e-02,9.942992776632308960e-02,0.000000000000000000e+00,0.000000000000000000e+00,0.000000000000000000e+00,0.000000000000000000e+00,5.238761596679687500e+02,0.000000000000000000e+00
1.959999999999999964e+00,-6.977081298828125000e-03,4.629898071289062500e-02,-4.836857318878173828e-03,7.792825251817703247e-02,2.437649480998516083e-02,2.669216506183147430e-02,9.826084226369857788e-02,9.940238296985626221e-02,0.000000000000000000e+00,0.000000000000000000e+00,0.000000000000000000e+00,0.000000000000000000e+00,5.583070678710937500e+02,0.000000000000000000e+00
1.979999999999999982e+00,-5.540847778320312500e-03,4.750823974609375000e-02,-4.917263984680175781e-03,7.899510115385055542e-02,2.399789728224277496e-02,2.538165822625160217e-02,9.705454111099243164e-02,9.932257980108261108e-02,0.000000000000000000e+00,0.000000000000000000e+00,0.000000000000000000e+00,0.000000000000000000e+00,5.473693237304687500e+02,0.000000000000000000e+00
2.000000000000000000e+00,-2.981185913085937500e-03,4.971694946289062500e-02,-6.068050861358642578e-03,7.823062688112258911e-02,2.430605515837669373e-02,2.711904980242252350e-02,9.539458900690078735e-02,9.898436814546585083e-02,0.000000000000000000e+00,0.000000000000000000e+00,0.000000000000000000e+00,0.000000000000000000e+00,5.481151733398437500e+02,0.000000000000000000e+00
2.020000000000000018e+00,1.207351684570312500e-03,5.318641662597656250e-02,-8.227109909057617188e-03,7.358734309673309326e-02,2.545156702399253845e-02,3.241563215851783752e-02,9.314023703336715698e-02,9.770338237285614014e-02,0.000000000000000000e+00,0.000000000000000000e+00,0.000000000000000000e+00,0.000000000000000000e+00,5.386571655273437500e+02,0.000000000000000000e+00
2.040000000000000036e+00,6.355285644531250000e-03,5.780982971191406250e-02,-1.091295480728149414e-02,6.986702978610992432e-02,2.610542438924312592e-02,3.938580676913261414e-02,9.412112087011337280e-02,9.732761234045028687e-02,0.000000000000000000e+00,0.000000000000000000e+00,0.000000000000000000e+00,0.000000000000000000e+00,5.388472900390625000e+02,0.000000000000000000e+00
2.060000000000000053e+00,1.076698303222656250e-02,6.244850158691406250e-02,-1.397556066513061523e-02,6.919136643409729004e-02,2.739936858415603638e-02,4.740389809012413025e-02,1.029160395264625549e-01,9.703952819108963013e-02,0.000000000000000000e+00,0.000000000000000000e+00,0.000000000000000000e+00,0.000000000000000000e+00,5.871060180664062500e+02,0.000000000000000000e+00
2.080000000000000071e+00,1.202583312988281250e-02,6.520652770996093750e-02,-1.647382974624633789e-02,7.119911909103393555e-02,2.756628394126892090e-02,5.629898235201835632e-02,1.118543967604637146e-01,9.748547524213790894e-02,1.000000000000000000e+00,0.000000000000000000e+00,0.000000000000000000e+00,0.000000000000000000e+00,5.701572875976562500e+02,0.000000000000000000e+00
2.100000000000000089e+00,1.124191284179687500e-02,6.686592102050781250e-02,-1.846373081207275391e-02,6.919481605291366577e-02,2.722388133406639099e-02,5.935574695467948914e-02,1.121346279978752136e-01,9.782655537128448486e-02,0.000000000000000000e+00,0.000000000000000000e+00,0.000000000000000000e+00,0.000000000000000000e+00,5.277258300781250000e+02,0.000000000000000000e+00
2.120000000000000107e+00,9.172439575195312500e-03,6.893539428710937500e-02,-1.910859346389770508e-02,6.725139170885086060e-02,2.650650776922702789e-02,6.262176483869552612e-02,1.131102815270423889e-01,9.774012118577957153e-02,1.000000000000000000e+00,0.000000000000000000e+00,0.000000000000000000e+00,0.000000000000000000e+00,5.345501098632812500e+02,0.000000000000000000e+00
2.140000000000000124e+00,4.724502563476562500e-03,7.141113281250000000e-02,-1.853829622268676758e-02,6.183899939060211182e-02,2.642128989100456238e-02,6.682261824607849121e-02,1.131288632750511169e-01,9.711861610412597656e-02,0.000000000000000000e+00,1.000000000000000000e+00,0.000000000000000000e+00,1.000000000000000000e+00,5.326122436523437500e+02,0.000000000000000000e+00
2.160000000000000142e+00,-1.071929931640625000e-03,7.586288452148437500e-02,-1.957297325134277344e-02,6.992502510547637939e-02,3.037026338279247284e-02,7.016766816377639771e-02,1.144463419914245605e-01,1.225671619176864624e-01,0.000000000000000000e+00,1.000000000000000000e+00,0.000000000000000000e+00,1.000000000000000000e+00,5.402203369140625000e+02,0.000000000000000000e+00
2.180000000000000160e+00,-7.032394409179687500e-03,7.962036132812500000e-02,-2.010387182235717773e-02,7.165650278329849243e-02,4.031663015484809875e-02,7.266733795404434204e-02,1.147939488291740417e-01,1.360122412443161011e-01,0.000000000000000000e+00,0.000000000000000000e+00,0.000000000000000000e+00,1.000000000000000000e+00,5.384591064453125000e+02,0.000000000000000000e+00
2.200000000000000178e+00,-1.128196716308593750e-02,8.225059509277343750e-02,-2.017182111740112305e-02,7.176291942596435547e-02,4.881097376346588135e-02,7.414370775222778320e-02,1.145801469683647156e-01,1.423542052507400513e-01,0.000000000000000000e+00,0.000000000000000000e+00,0.000000000000000000e+00,1.000000000000000000e+00,5.345150146484375000e+02,0.000000000000000000e+00
2.220000000000000195e+00,-1.371192932128906250e-02,8.402442932128906250e-02,-1.978987455368041992e-02,7.248701155185699463e-02,5.545934289693832397e-02,7.492938637733459473e-02,1.145605146884918213e-01,1.468333154916763306e-01,0.000000000000000000e+00,0.000000000000000000e+00,0.000000000000000000e+00,1.000000000000000000e+00,5.435118408203125000e+02,0.000000000000000000e+00
2.240000000000000213e+00,-1.466369628906250000e-02,8.513450622558593750e-02,-1.926624774932861328e-02,7.305067777633666992e-02,6.107075884938240051e-02,7.519086450338363647e-02,1.148104518651962280e-01,1.498994976282119751e-01,0.000000000000000000e+00,0.000000000000000000e+00,0.000000000000000000e+00,1.000000000000000000e+00,5.283017578125000000e+02,0.000000000000000000e+00
2.260000000000000231e+00,-1.508903503417968750e-02,8.567619323730468750e-02,-1.922756433486938477e-02,7.370067387819290161e-02,6.659140437841415405e-02,7.452341914176940918e-02,1.149318590760231018e-01,1.514618545770645142e-01,0.000000000000000000e+00,0.000000000000000000e+00,0.000000000000000000e+00,0.000000000000000000e+00,5.596785278320312500e+02,0.000000000000000000e+00
2.280000000000000249e+00,-1.518249511718750000e-02,8.558464050292968750e-02,-1.984059810638427734e-02,7.421658188104629517e-02,7.190278172492980957e-02,7.369040697813034058e-02,1.150377616286277771e-01,1.499587893486022949e-01,0.000000000000000000e+00,0.000000000000000000e+00,0.000000000000000000e+00,0.000000000000000000e+00,5.436266479492187500e+02,0.000000000000000000e+00
2.300000000000000266e+00,-1.501655578613281250e-02,8.483505249023437500e-02,-2.051377296447753906e-02,7.500922679901123047e-02,7.573425024747848511e-02,7.329646497964859009e-02,1.152267679572105408e-01,1.459927856922149658e-01,0.000000000000000000e+00,0.000000000000000000e+00,0.000000000000000000e+00,0.000000000000000000e+00,5.232518920898437500e+02,0.000000000000000000e+00
2.319999999999999840e+00,-1.470184326171875000e-02,8.356285095214843750e-02,-2.058404684066772461e-02,7.459158450365066528e-02,7.594370841979980469e-02,7.261861860752105713e-02,1.155861914157867432e-01,1.405343860387802124e-01,0.000000000000000000e+00,0.000000000000000000e+00,0.000000000000000000e+00,0.000000000000000000e+00,5.182199096679687500e+02,2.734375000000000000e-02
2.339999999999999858e+00,-1.394653320312500000e-02,8.176803588867187500e-02,-1.985764503479003906e-02,7.157658785581588745e-02,7.226716727018356323e-02,7.214587181806564331e-02,1.162011325359344482e-01,1.348298490047454834e-01,0.000000000000000000e+00,0.000000000000000000e+00,0.000000000000000000e+00,0.000000000000000000e+00,5.265871582031250000e+02,7.812500000000000000e-03
2.359999999999999876e+00,-1.258850097656250000e-02,7.989311218261718750e-02,-1.907211542129516602e-02,6.775655597448348999e-02,6.698071956634521484e-02,7.172995060682296753e-02,1.169167533516883850e-01,1.304136216640472412e-01,0.000000000000000000e+00,0.000000000000000000e+00,0.000000000000000000e+00,0.000000000000000000e+00,5.357188110351562500e+02,1.953125000000000000e-02
2.379999999999999893e+00,-1.055717468261718750e-02,7.827186584472656250e-02,-1.902723312377929688e-02,6.398434191942214966e-02,6.069350615143775940e-02,7.095202058553695679e-02,1.178734377026557922e-01,1.267913132905960083e-01,0.000000000000000000e+00,0.000000000000000000e+00,0.000000000000000000e+00,0.000000000000000000e+00,5.247623291015625000e+02,7.812500000000000000e-03
2.399999999999999911e+00,-7.383346557617187500e-03,7.730102539062500000e-02,-1.997381448745727539e-02,5.921117216348648071e-02,5.368052423000335693e-02,6.967392563819885254e-02,1.176278293132781982e-01,1.244087740778923035e-01,0.000000000000000000e+00,0.000000000000000000e+00,0.000000000000000000e+00,0.000000000000000000e+00,5.319030761718750000e+02,3.906250000000000000e-03
2.419999999999999929e+00,-2.941131591796875000e-03,7.684898376464843750e-02,-2.199304103851318359e-02,5.699503794312477112e-02,4.606989026069641113e-02,6.800191849470138550e-02,1.178549900650978088e-01,1.253129690885543823e-01,0.000000000000000000e+00,0.000000000000000000e+00,0.000000000000000000e+00,0.000000000000000000e+00,5.440411376953125000e+02,3.906250000000000000e-03
2.439999999999999947e+00,2.622604370117187500e-03,7.638168334960937500e-02,-2.479892969131469727e-02,5.756535753607749939e-02,4.059550166130065918e-02,6.583961844444274902e-02,1.178534030914306641e-01,1.297159641981124878e-01,0.000000000000000000e+00,1.000000000000000000e+00,0.000000000000000000e+00,1.000000000000000000e+00,5.379521484375000000e+02,7.812500000000000000e-03
2.459999999999999964e+00,7.940292358398437500e-03,7.591438293457031250e-02,-2.594423294067382812e-02,6.100430712103843689e-02,3.857102617621421814e-02,6.351520866155624390e-02,1.177309080958366394e-01,1.331642419099807739e-01,0.000000000000000000e+00,1.000000000000000000e+00,0.000000000000000000e+00,1.000000000000000000e+00,5.229996337890625000e+02,7.812500000000000000e-03
2.479999999999999982e+00,1.081848144531250000e-02,7.355117797851562500e-02,-2.569013833999633789e-02,6.536697596311569214e-02,3.665580973029136658e-02,6.232684850692749023e-02,1.174765825271606445e-01,1.346386373043060303e-01,0.000000000000000000e+00,0.000000000000000000e+00,0.000000000000000000e+00,0.000000000000000000e+00,5.446309204101562500e+02,1.562500000000000000e-02
2.500000000000000000e+00,9.813308715820312500e-03,6.834030151367187500e-02,-2.441853284835815430e-02,7.265131920576095581e-02,3.436148911714553833e-02,6.167403608560562134e-02,1.169518381357192993e-01,1.340178251266479492e-01,0.000000000000000000e+00,0.000000000000000000e+00,0.000000000000000000e+00,0.000000000000000000e+00,5.519923095703125000e+02,7.812500000000000000e-03
2.520000000000000018e+00,8.657455444335937500e-03,6.329536437988281250e-02,-2.141994237899780273e-02,8.102492243051528931e-02,3.178549185395240784e-02,6.114089861512184143e-02,1.163993626832962036e-01,1.334309577941894531e-01,0.000000000000000000e+00,1.000000000000000000e+00,0.000000000000000000e+00,0.000000000000000000e+00,5.332725219726562500e+02,2.343750000000000000e-02
2.540000000000000036e+00,4.705429077148437500e-03,5.906486511230468750e-02,-1.774430274963378906e-02,8.846027404069900513e-02,3.020071983337402344e-02,5.994817242026329041e-02,1.159758865833282471e-01,1.327979862689971924e-01,0.000000000000000000e+00,1.000000000000000000e+00,0.000000000000000000e+00,0.000000000000000000e+00,5.218054809570312500e+02,1.171875000000000000e-02
2.560000000000000053e+00,-1.892089843750000000e-03,5.698966979980468750e-02,-1.625478267669677734e-02,9.090423583984375000e-02,3.146853670477867126e-02,5.788603797554969788e-02,1.152472048997879028e-01,1.324427723884582520e-01,0.000000000000000000e+00,0.000000000000000000e+00,0.000000000000000000e+00,0.000000000000000000e+00,5.536442260742187500e+02,0.000000000000000000e+00
2.580000000000000071e+00,-7.694244384765625000e-03,5.628395080566406250e-02,-1.536470651626586914e-02,9.503454715013504028e-02,3.398257866501808167e-02,6.791427731513977051e-02,1.234564855694770813e-01,1.326154172420501709e-01,0.000000000000000000e+00,0.000000000000000000e+00,0.000000000000000000e+00,0.000000000000000000e+00,5.424078979492187500e+02,0.000000000000000000e+00
2.600000000000000089e+00,-1.349639892578125000e-02,5.625152587890625000e-02,-1.545268297195434570e-02,9.709281474351882935e-02,3.526221215724945068e-02,7.372434437274932861e-02,1.254713684320449829e-01,1.324343383312225342e-01,0.000000000000000000e+00,0.000000000000000000e+00,0.000000000000000000e+00,0.000000000000000000e+00,5.483884887695312500e+02,0.000000000000000000e+00
2.620000000000000107e+00,-1.723098754882812500e-02,5.682945251464843750e-02,-1.548349857330322266e-02,9.749729931354522705e-02,3.644554316997528076e-02,7.440711557865142822e-02,1.243085041642189026e-01,1.318651586771011353e-01,0.000000000000000000e+00,0.000000000000000000e+00,0.000000000000000000e+00,0.000000000000000000e+00,5.313683471679687500e+02,0.000000000000000000e+00
2.640000000000000124e+00,-1.871490478515625000e-02,5.773925781250000000e-02,-1.498186588287353516e-02,9.751442074775695801e-02,3.687998279929161072e-02,7.140790671110153198e-02,1.225213333964347839e-01,1.315035521984100342e-01,0.000000000000000000e+00,0.000000000000000000e+00,0.000000000000000000e+00,0.000000000000000000e+00,5.244550170898437500e+02,0.000000000000000000e+00
2.660000000000000142e+00,-1.832008361816406250e-02,5.864906311035156250e-02,-1.395982503890991211e-02,9.592135250568389893e-02,3.710593283176422119e-02,6.686022877693176270e-02,1.212171390652656555e-01,1.309163719415664673e-01,0.000000000000000000e+00,0.000000000000000000e+00,0.000000000000000000e+00,0.000000000000000000e+00,5.374005126953125000e+02,0.000000000000000000e+00
2.680000000000000160e+00,-1.659584045410156250e-02,5.951499938964843750e-02,-1.276594400405883789e-02,9.406081587076187134e-02,3.693730756640434265e-02,6.257738918066024780e-02,1.212349236011505127e-01,1.306280642747879028e-01,0.000000000000000000e+00,0.000000000000000000e+00,0.000000000000000000e+00,0.000000000000000000e+00,5.483425292968750000e+02,0.000000000000000000e+00
2.700000000000000178e+00,-1.463890075683593750e-02,6.013298034667968750e-02,-1.176953315734863281e-02,9.277661889791488647e-02,3.572281450033187866e-02,5.910322442650794983e-02,1.213113665580749512e-01,1.304427087306976318e-01,0.000000000000000000e+00,0.000000000000000000e+00,0.000000000000000000e+00,0.000000000000000000e+00,5.306237792968750000e+02,0.000000000000000000e+00
2.720000000000000195e+00,-1.279258728027343750e-02,6.050300598144531250e-02,-1.097822189331054688e-02,9.204104542732238770e-02,3.440308570861816406e-02,5.585851520299911499e-02,1.211783587932586670e-01,1.300999224185943604e-01,0.000000000000000000e+00,0.000000000000000000e+00,0.000000000000000000e+00,0.000000000000000000e+00,5.253379516601562500e+02,0.000000000000000000e+00
2.740000000000000213e+00,-1.119041442871093750e-02,6.067657470703125000e-02,-9.979963302612304688e-03,9.259906411170959473e-02,3.298251330852508545e-02,5.017521232366561890e-02,1.216973513364791870e-01,1.300555020570755005e-01,0.000000000000000000e+00,0.000000000000000000e+00,0.000000000000000000e+00,0.000000000000000000e+00,5.398685913085937500e+02,0.000000000000000000e+00
2.760000000000000231e+00,-9.721755981445312500e-03,6.081771850585937500e-02,-8.665204048156738281e-03,9.372805058956146240e-02,3.141707926988601685e-02,4.174092784523963928e-02,1.229936182498931885e-01,1.300133615732192993e-01,0.000000000000000000e+00,0.000000000000000000e+00,0.000000000000000000e+00,0.000000000000000000e+00,5.501489868164062500e+02,0.000000000000000000e+00
2.780000000000000249e+00,-8.333206176757812500e-03,6.103134155273437500e-02,-7.536828517913818359e-03,9.447322040796279907e-02,2.967217750847339630e-02,3.560325503349304199e-02,1.244722381234169006e-01,1.299775093793869019e-01,0.000000000000000000e+00,0.000000000000000000e+00,0.000000000000000000e+00,0.000000000000000000e+00,5.156243896484375000e+02,0.000000000000000000e+00
2.800000000000000266e+00,-6.740570068359375000e-03,6.160926818847656250e-02,-7.062256336212158203e-03,9.501195698976516724e-02,2.860656566917896271e-02,3.267466649413108826e-02,1.257098913192749023e-01,1.306412518024444580e-01,0.000000000000000000e+00,0.000000000000000000e+00,0.000000000000000000e+00,0.000000000000000000e+00,5.403536376953125000e+02,0.000000000000000000e+00
2.819999999999999840e+00,-4.417419433593750000e-03,6.288337707519531250e-02,-7.563114166259765625e-03,9.561252593994140625e-02,2.807569131255149841e-02,3.182644769549369812e-02,1.266302466392517090e-01,1.314408481121063232e-01,0.000000000000000000e+00,0.000000000000000000e+00,0.000000000000000000e+00,0.000000000000000000e+00,5.499726562500000000e+02,0.000000000000000000e+00
2.839999999999999858e+00,-7.953643798828125000e-04,6.507110595703125000e-02,-9.271144866943359375e-03,9.486372768878936768e-02,2.840957231819629669e-02,3.375825285911560059e-02,1.273954808712005615e-01,1.313053667545318604e-01,0.000000000000000000e+00,0.000000000000000000e+00,0.000000000000000000e+00,0.000000000000000000e+00,5.421312866210937500e+02,0.000000000000000000e+00
2.859999999999999876e+00,4.096984863281250000e-03,6.844520568847656250e-02,-1.211118698120117188e-02,9.412164986133575439e-02,2.866006828844547272e-02,3.853916004300117493e-02,1.295977681875228882e-01,1.309843212366104126e-01,0.000000000000000000e+00,0.000000000000000000e+00,0.000000000000000000e+00,0.000000000000000000e+00,5.590153808593750000e+02,0.000000000000000000e+00
2.879999999999999893e+00,8.802413940429687500e-03,7.202720642089843750e-02,-1.565068960189819336e-02,9.374077618122100830e-02,2.991658821702003479e-02,4.538973420858383179e-02,1.347676068544387817e-01,1.298342794179916382e-01,0.000000000000000000e+00,0.000000000000000000e+00,0.000000000000000000e+00,0.000000000000000000e+00,5.320355834960937500e+02,0.000000000000000000e+00
2.899999999999999911e+00,1.152229309082031250e-02,7.497596740722656250e-02,-1.928251981735229492e-02,9.954302757978439331e-02,3.079800494015216827e-02,5.179130285978317261e-02,1.474030613899230957e-01,1.299795806407928467e-01,0.000000000000000000e+00,1.000000000000000000e+00,0.000000000000000000e+00,0.000000000000000000e+00,5.852360839843750000e+02,0.000000000000000000e+00
2.919999999999999929e+00,1.011466979980468750e-02,7.561302185058593750e-02,-2.326637506484985352e-02,1.020840555429458618e-01,3.032105043530464172e-02,5.527973175048828125e-02,1.452643126249313354e-01,1.301888525485992432e-01,0.000000000000000000e+00,0.000000000000000000e+00,0.000000000000000000e+00,0.000000000000000000e+00,5.302382202148437500e+02,0.000000000000000000e+00
2.939999999999999947e+00,8.640289306640625000e-03,7.650184631347656250e-02,-2.556037902832031250e-02,1.013618484139442444e-01,2.952222712337970734e-02,5.767238885164260864e-02,1.451693773269653320e-01,1.298490762710571289e-01,0.000000000000000000e+00,0.000000000000000000e+00,0.000000000000000000e+00,0.000000000000000000e+00,5.442625732421875000e+02,0.000000000000000000e+00
2.959999999999999964e+00,5.069732666015625000e-03,7.789611816406250000e-02,-2.560567855834960938e-02,9.909875690937042236e-02,2.903691492974758148e-02,6.000971794128417969e-02,1.450488716363906860e-01,1.296235471963882446e-01,1.000000000000000000e+00,0.000000000000000000e+00,0.000000000000000000e+00,1.000000000000000000e+00,5.173131713867187500e+02,0.000000000000000000e+00
2.979999999999999982e+00,-6.580352783203125000e-04,8.061218261718750000e-02,-2.599841356277465820e-02,1.020910665392875671e-01,2.910573594272136688e-02,6.273362785577774048e-02,1.452388018369674683e-01,1.437691301107406616e-01,0.000000000000000000e+00,0.000000000000000000e+00,0.000000000000000000e+00,1.000000000000000000e+00,5.413739013671875000e+02,0.000000000000000000e+00
3.000000000000000000e+00,-7.020950317382812500e-03,8.385848999023437500e-02,-2.666318416595458984e-02,1.070767343044281006e-01,3.653263673186302185e-02,6.597214937210083008e-02,1.455902010202407837e-01,1.634662747383117676e-01,0.000000000000000000e+00,0.000000000000000000e+00,0.000000000000000000e+00,1.000000000000000000e+00,5.323453369140625000e+02,0.000000000000000000e+00
3.020000000000000018e+00,-1.207160949707031250e-02,8.609580993652343750e-02,-2.675074338912963867e-02,1.083192601799964905e-01,4.446069151163101196e-02,6.948728114366531372e-02,1.459887176752090454e-01,1.724639683961868286e-01,0.000000000000000000e+00,0.000000000000000000e+00,0.000000000000000000e+00,1.000000000000000000e+00,5.276028442382812500e+02,0.000000000000000000e+00
3.040000000000000036e+00,-1.525497436523437500e-02,8.743095397949218750e-02,-2.673757076263427734e-02,1.098477840423583984e-01,4.873804003000259399e-02,7.184984534978866577e-02,1.466715484857559204e-01,1.777186691761016846e-01,0.000000000000000000e+00,0.000000000000000000e+00,0.000000000000000000e+00,1.000000000000000000e+00,5.149854736328125000e+02,0.000000000000000000e+00
3.060000000000000053e+00,-1.671028137207031250e-02,8.810997009277343750e-02,-2.599781751632690430e-02,1.108594164252281189e-01,4.997567087411880493e-02,7.234006375074386597e-02,1.470259875059127808e-01,1.809834241867065430e-01,0.000000000000000000e+00,0.000000000000000000e+00,0.000000000000000000e+00,1.000000000000000000e+00,5.603840942382812500e+02,3.906250000000000000e-03
3.080000000000000071e+00,-1.670074462890625000e-02,8.837699890136718750e-02,-2.439677715301513672e-02,1.099281013011932373e-01,5.101030692458152771e-02,7.166457176208496094e-02,1.471615731716156006e-01,1.825514137744903564e-01,0.000000000000000000e+00,0.000000000000000000e+00,0.000000000000000000e+00,1.000000000000000000e+00,5.216716918945312500e+02,0.000000000000000000e+00
3.100000000000000089e+00,-1.622200012207031250e-02,8.867073059082031250e-02,-2.276420593261718750e-02,1.097500249743461609e-01,5.291938409209251404e-02,7.005514949560165405e-02,1.472521424293518066e-01,1.849706172943115234e-01,0.000000000000000000e+00,0.000000000000000000e+00,0.000000000000000000e+00,1.000000000000000000e+00,5.163133544921875000e+02,0.000000000000000000e+00
3.120000000000000107e+00,-1.569366455078125000e-02,8.881950378417968750e-02,-2.149474620819091797e-02,1.098521277308464050e-01,5.527614057064056396e-02,6.807763129472732544e-02,1.472349613904953003e-01,1.869293600320816040e-01,0.000000000000000000e+00,0.000000000000000000e+00,0.000000000000000000e+00,1.000000000000000000e+00,5.474134521484375000e+02,3.906250000000000000e-03
3.140000000000000124e+00,-1.516532897949218750e-02,8.853340148925781250e-02,-2.042722702026367188e-02,1.087566018104553223e-01,5.673031508922576904e-02,6.675978004932403564e-02,1.475178152322769165e-01,1.861706972122192383e-01,0.000000000000000000e+00,0.000000000000000000e+00,0.000000000000000000e+00,0.000000000000000000e+00,5.361326293945312500e+02,3.906250000000000000e-03
3.160000000000000142e+00,-1.464843750000000000e-02,8.774566650390625000e-02,-1.922345161437988281e-02,1.070923283696174622e-01,5.658118799328804016e-02,6.576056033372879028e-02,1.482740342617034912e-01,1.816497445106506348e-01,0.000000000000000000e+00,0.000000000000000000e+00,0.000000000000000000e+00,0.000000000000000000e+00,5.374036254882812500e+02,3.906250000000000000e-02
3.180000000000000160e+00,-1.395606994628906250e-02,8.670997619628906250e-02,-1.843649148941040039e-02,1.042847260832786560e-01,5.682915076613426208e-02,6.457810848951339722e-02,1.488871574401855469e-01,1.747705787420272827e-01,0.000000000000000000e+00,0.000000000000000000e+00,0.000000000000000000e+00,0.000000000000000000e+00,5.256196899414062500e+02,1.562500000000000000e-02
3.200000000000000178e+00,-1.279449462890625000e-02,8.584594726562500000e-02,-1.879322528839111328e-02,9.925507754087448120e-02,5.670820176601409912e-02,6.339029967784881592e-02,1.491041332483291626e-01,1.672007888555526733e-01,0.000000000000000000e+00,0.000000000000000000e+00,0.000000000000000000e+00,0.000000000000000000e+00,5.265756835937500000e+02,3.906250000000000000e-03
3.220000000000000195e+00,-1.087188720703125000e-02,8.531188964843750000e-02,-2.017861604690551758e-02,9.417738020420074463e-02,5.443987250328063965e-02,6.195691972970962524e-02,1.498261541128158569e-01,1.616145968437194824e-01,0.000000000000000000e+00,0.000000000000000000e+00,0.000000000000000000e+00,0.000000000000000000e+00,5.073865661621093750e+02,0.000000000000000000e+00
3.240000000000000213e+00,-7.726669311523437500e-03,8.514022827148437500e-02,-2.244526147842407227e-02,8.913709968328475952e-02,5.015917122364044189e-02,6.023652851581573486e-02,1.505639553070068359e-01,1.593962460756301880e-01,0.000000000000000000e+00,0.000000000000000000e+00,0.000000000000000000e+00,0.000000000000000000e+00,5.597883911132812500e+02,0.000000000000000000e+00
3.260000000000000231e+00,-3.007888793945312500e-03,8.536148071289062500e-02,-2.579325437545776367e-02,8.596353232860565186e-02,4.492910951375961304e-02,5.849561095237731934e-02,1.516564637422561646e-01,1.609614342451095581e-01,0.000000000000000000e+00,0.000000000000000000e+00,0.000000000000000000e+00,1.000000000000000000e+00,5.238402709960937500e+02,0.000000000000000000e+00
3.280000000000000249e+00,2.485275268554687500e-03,8.617591857910156250e-02,-2.833008766174316406e-02,8.691816031932830811e-02,4.070679470896720886e-02,5.682953447103500366e-02,1.518730074167251587e-01,1.612580120563507080e-01,0.000000000000000000e+00,0.000000000000000000e+00,0.000000000000000000e+00,1.000000000000000000e+00,5.458003540039062500e+02,7.812500000000000000e-03
3.300000000000000266e+00,6.420135498046875000e-03,8.625984191894531250e-02,-3.032404184341430664e-02,8.837395161390304565e-02,3.799329698085784912e-02,5.543484911322593689e-02,1.517826467752456665e-01,1.620665937662124634e-01,0.000000000000000000e+00,0.000000000000000000e+00,0.000000000000000000e+00,0.000000000000000000e+00,5.336715087890625000e+02,3.906250000000000000e-03
3.320000000000000284e+00,5.996704101562500000e-03,8.370399475097656250e-02,-3.141438961029052734e-02,9.172176569700241089e-02,3.725031390786170959e-02,5.477527901530265808e-02,1.516938358545303345e-01,1.628592908382415771e-01,0.000000000000000000e+00,0.000000000000000000e+00,0.000000000000000000e+00,0.000000000000000000e+00,5.297038574218750000e+02,7.812500000000000000e-03
3.339999999999999858e+00,4.707336425781250000e-03,7.950782775878906250e-02,-3.059297800064086914e-02,9.756333380937576294e-02,3.548991307616233826e-02,5.508853867650032043e-02,1.511345505714416504e-01,1.623636931180953979e-01,0.000000000000000000e+00,1.000000000000000000e+00,0.000000000000000000e+00,0.000000000000000000e+00,5.458785400390625000e+02,1.171875000000000000e-02
3.359999999999999876e+00,1.695632934570312500e-03,7.576751708984375000e-02,-2.782726287841796875e-02,1.070945560932159424e-01,3.441067785024642944e-02,5.654524266719818115e-02,1.507077217102050781e-01,1.619296669960021973e-01,0.000000000000000000e+00,1.000000000000000000e+00,0.000000000000000000e+00,0.000000000000000000e+00,5.550792846679687500e+02,3.906250000000000000e-03
3.379999999999999893e+00,-4.179000854492187500e-03,7.234764099121093750e-02,-2.472621202468872070e-02,1.148916780948638916e-01,3.430435806512832642e-02,5.666762590408325195e-02,1.508418023586273193e-01,1.616575121879577637e-01,0.000000000000000000e+00,1.000000000000000000e+00,0.000000000000000000e+00,0.000000000000000000e+00,5.284396972656250000e+02,3.906250000000000000e-03
3.399999999999999911e+00,-1.131439208984375000e-02,7.118415832519531250e-02,-2.390122413635253906e-02,1.155913397669792175e-01,3.769969195127487183e-02,6.206355988979339600e-02,1.533412784337997437e-01,1.611559987068176270e-01,0.000000000000000000e+00,0.000000000000000000e+00,0.000000000000000000e+00,0.000000000000000000e+00,5.252312011718750000e+02,0.000000000000000000e+00
3.419999999999999929e+00,-1.824951171875000000e-02,7.037353515625000000e-02,-2.273607254028320312e-02,1.166800037026405334e-01,4.122076928615570068e-02,7.273715734481811523e-02,1.547378301620483398e-01,1.612495630979537964e-01,0.000000000000000000e+00,0.000000000000000000e+00,0.000000000000000000e+00,0.000000000000000000e+00,5.236161499023437500e+02,3.906250000000000000e-03
3.439999999999999947e+00,-2.330780029296875000e-02,7.005500793457031250e-02,-2.150022983551025391e-02,1.140853241086006165e-01,4.495436698198318481e-02,7.881536334753036499e-02,1.494393497705459595e-01,1.605173796415328979e-01,0.000000000000000000e+00,0.000000000000000000e+00,0.000000000000000000e+00,0.000000000000000000e+00,5.533244628906250000e+02,0.000000000000000000e+00
3.459999999999999964e+00,-2.593803405761718750e-02,7.023239135742187500e-02,-1.979392766952514648e-02,1.112310439348220825e-01,4.739012569189071655e-02,8.175670355558395386e-02,1.418362706899642944e-01,1.595931053161621094e-01,0.000000000000000000e+00,0.000000000000000000e+00,0.000000000000000000e+00,0.000000000000000000e+00,5.164518432617187500e+02,0.000000000000000000e+00
3.479999999999999982e+00,-2.672386169433593750e-02,7.073783874511718750e-02,-1.784801483154296875e-02,1.099519729614257812e-01,4.751826822757720947e-02,8.250372111797332764e-02,1.352223455905914307e-01,1.588666141033172607e-01,0.000000000000000000e+00,0.000000000000000000e+00,0.000000000000000000e+00,0.000000000000000000e+00,5.308251953125000000e+02,0.000000000000000000e+00
3.500000000000000000e+00,-2.629661560058593750e-02,7.133674621582031250e-02,-1.584130525588989258e-02,1.094997897744178772e-01,4.652214050292968750e-02,8.202440291643142700e-02,1.307254135608673096e-01,1.586006879806518555e-01,0.000000000000000000e+00,0.000000000000000000e+00,0.000000000000000000e+00,0.000000000000000000e+00,5.413034057617187500e+02,0.000000000000000000e+00
3.520000000000000018e+00,-2.529335021972656250e-02,7.171440124511718750e-02,-1.422095298767089844e-02,1.092446148395538330e-01,4.515061154961585999e-02,8.155985921621322632e-02,1.281338930130004883e-01,1.583974063396453857e-01,0.000000000000000000e+00,0.000000000000000000e+00,0.000000000000000000e+00,0.000000000000000000e+00,5.320010375976562500e+02,0.000000000000000000e+00
3.540000000000000036e+00,-2.398681640625000000e-02,7.186126708984375000e-02,-1.339823007583618164e-02,1.095672994852066040e-01,4.405581206083297729e-02,8.123362809419631958e-02,1.274780333042144775e-01,1.582250595092773438e-01,0.000000000000000000e+00,0.000000000000000000e+00,0.000000000000000000e+00,0.000000000000000000e+00,5.292426147460937500e+02,0.000000000000000000e+00
3.560000000000000053e+00,-2.253150939941406250e-02,7.186126708984375000e-02,-1.317548751831054688e-02,1.114880889654159546e-01,4.306057468056678772e-02,7.860722392797470093e-02,1.291139423847198486e-01,1.590177565813064575e-01,0.000000000000000000e+00,0.000000000000000000e+00,0.000000000000000000e+00,0.000000000000000000e+00,5.940020141601562500e+02,0.000000000000000000e+00
3.580000000000000071e+00,-2.093696594238281250e-02,7.172203063964843750e-02,-1.293629407882690430e-02,1.131425946950912476e-01,4.162769019603729248e-02,7.000276446342468262e-02,1.319708526134490967e-01,1.588873565196990967e-01,0.000000000000000000e+00,0.000000000000000000e+00,0.000000000000000000e+00,0.000000000000000000e+00,5.293421020507812500e+02,0.000000000000000000e+00
3.600000000000000089e+00,-1.922225952148437500e-02,7.152366638183593750e-02,-1.234167814254760742e-02,1.153951212763786316e-01,3.960990905761718750e-02,5.831924453377723694e-02,1.354148983955383301e-01,1.587797552347183228e-01,0.000000000000000000e+00,0.000000000000000000e+00,0.000000000000000000e+00,0.000000000000000000e+00,5.486744995117187500e+02,0.000000000000000000e+00
3.620000000000000107e+00,-1.709556579589843750e-02,7.135963439941406250e-02,-1.181417703628540039e-02,1.172653138637542725e-01,3.745817393064498901e-02,4.897389933466911316e-02,1.385919302701950073e-01,1.588954627513885498e-01,0.000000000000000000e+00,0.000000000000000000e+00,0.000000000000000000e+00,0.000000000000000000e+00,5.429359741210937500e+02,0.000000000000000000e+00
3.640000000000000124e+00,-1.430511474609375000e-02,7.159423828125000000e-02,-1.176393032073974609e-02,1.180257201194763184e-01,3.555198758840560913e-02,4.332640022039413452e-02,1.408539712429046631e-01,1.589748561382293701e-01,0.000000000000000000e+00,0.000000000000000000e+00,0.000000000000000000e+00,0.000000000000000000e+00,5.450608520507812500e+02,0.000000000000000000e+00
3.660000000000000142e+00,-1.066589355468750000e-02,7.265090942382812500e-02,-1.259452104568481445e-02,1.179509162902832031e-01,3.408682718873023987e-02,4.073559120297431946e-02,1.418303400278091431e-01,1.590614467859268188e-01,0.000000000000000000e+00,0.000000000000000000e+00,0.000000000000000000e+00,0.000000000000000000e+00,5.585369262695312500e+02,0.000000000000000000e+00
3.680000000000000160e+00,-5.807876586914062500e-03,7.494354248046875000e-02,-1.444524526596069336e-02,1.175883263349533081e-01,3.267101570963859558e-02,4.097334668040275574e-02,1.429308056831359863e-01,1.591407507658004761e-01,0.000000000000000000e+00,0.000000000000000000e+00,0.000000000000000000e+00,0.000000000000000000e+00,5.273466796875000000e+02,0.000000000000000000e+00
3.700000000000000178e+00,4.196166992187500000e-05,7.819175720214843750e-02,-1.683902740478515625e-02,1.186988949775695801e-01,3.261650353670120239e-02,4.415771737694740295e-02,1.460536122322082520e-01,1.592670232057571411e-01,0.000000000000000000e+00,0.000000000000000000e+00,0.000000000000000000e+00,0.000000000000000000e+00,5.394934692382812500e+02,0.000000000000000000e+00
3.720000000000000195e+00,5.245208740234375000e-03,8.126640319824218750e-02,-1.940351724624633789e-02,1.240106150507926941e-01,3.300438448786735535e-02,4.997828602790832520e-02,1.558259874582290649e-01,1.586262434720993042e-01,0.000000000000000000e+00,0.000000000000000000e+00,0.000000000000000000e+00,0.000000000000000000e+00,5.726854248046875000e+02,0.000000000000000000e+00
3.740000000000000213e+00,6.567001342773437500e-03,8.252906799316406250e-02,-2.192795276641845703e-02,1.300121247768402100e-01,3.309331461787223816e-02,5.532911792397499084e-02,1.613262593746185303e-01,1.586539000272750854e-01,0.000000000000000000e+00,1.000000000000000000e+00,0.000000000000000000e+00,0.000000000000000000e+00,5.347846069335937500e+02,0.000000000000000000e+00
3.760000000000000231e+00,5.817413330078125000e-03,8.267593383789062500e-02,-2.446353435516357422e-02,1.311449706554412842e-01,3.288703039288520813e-02,5.728593096137046814e-02,1.613223403692245483e-01,1.585323661565780640e-01,0.000000000000000000e+00,0.000000000000000000e+00,0.000000000000000000e+00,0.000000000000000000e+00,5.483425292968750000e+02,0.000000000000000000e+00
3.780000000000000249e+00,3.541946411132812500e-03,8.341979980468750000e-02,-2.614605426788330078e-02,1.300488263368606567e-01,3.236843273043632507e-02,5.846276506781578064e-02,1.617562174797058105e-01,1.581983268260955811e-01,0.000000000000000000e+00,0.000000000000000000e+00,0.000000000000000000e+00,0.000000000000000000e+00,5.447874145507812500e+02,0.000000000000000000e+00
3.800000000000000266e+00,-8.563995361328125000e-04,8.470535278320312500e-02,-2.671867609024047852e-02,1.240529343485832214e-01,3.267044201493263245e-02,6.140558421611785889e-02,1.612592935562133789e-01,1.571655571460723877e-01,0.000000000000000000e+00,0.000000000000000000e+00,0.000000000000000000e+00,1.000000000000000000e+00,5.401959838867187500e+02,0.000000000000000000e+00
3.820000000000000284e+00,-6.521224975585937500e-03,8.826255798339843750e-02,-2.884101867675781250e-02,1.337301880121231079e-01,3.648319840431213379e-02,6.457389891147613525e-02,1.619683802127838135e-01,1.831245869398117065e-01,0.000000000000000000e+00,0.000000000000000000e+00,0.000000000000000000e+00,1.000000000000000000e+00,5.384485473632812500e+02,0.000000000000000000e+00
3.839999999999999858e+00,-1.234817504882812500e-02,9.122276306152343750e-02,-3.042697906494140625e-02,1.363767236471176147e-01,4.308912530541419983e-02,6.765931844711303711e-02,1.626385599374771118e-01,1.967602074146270752e-01,0.000000000000000000e+00,0.000000000000000000e+00,0.000000000000000000e+00,1.000000000000000000e+00,5.310520629882812500e+02,3.906250000000000000e-03
3.859999999999999876e+00,-1.604080200195312500e-02,9.288787841796875000e-02,-3.161704540252685547e-02,1.361017525196075439e-01,4.663689061999320984e-02,7.022720575332641602e-02,1.637503653764724731e-01,2.023188918828964233e-01,0.000000000000000000e+00,0.000000000000000000e+00,0.000000000000000000e+00,1.000000000000000000e+00,5.573780517578125000e+02,0.000000000000000000e+00
3.879999999999999893e+00,-1.807403564453125000e-02,9.393882751464843750e-02,-3.219044208526611328e-02,1.376254707574844360e-01,4.933072626590728760e-02,7.180288434028625488e-02,1.649704277515411377e-01,2.065466642379760742e-01,0.000000000000000000e+00,0.000000000000000000e+00,0.000000000000000000e+00,1.000000000000000000e+00,5.430726318359375000e+02,0.000000000000000000e+00
3.899999999999999911e+00,-1.899337768554687500e-02,9.457206726074218750e-02,-3.203547000885009766e-02,1.390690505504608154e-01,5.235025659203529358e-02,7.190112769603729248e-02,1.653245985507965088e-01,2.096885293722152710e-01,0.000000000000000000e+00,0.000000000000000000e+00,0.000000000000000000e+00,1.000000000000000000e+00,5.487571411132812500e+02,0.000000000000000000e+00
3.919999999999999929e+00,-1.893615722656250000e-02,9.495544433593750000e-02,-3.142338991165161133e-02,1.398901939392089844e-01,5.649688467383384705e-02,7.205980271100997925e-02,1.655295193195343018e-01,2.120306342840194702e-01,0.000000000000000000e+00,0.000000000000000000e+00,0.000000000000000000e+00,1.000000000000000000e+00,5.369226074218750000e+02,0.000000000000000000e+00
3.939999999999999947e+00,-1.836967468261718750e-02,9.517478942871093750e-02,-3.050494194030761719e-02,1.406098753213882446e-01,6.054642051458358765e-02,7.233489304780960083e-02,1.655442565679550171e-01,2.136166691780090332e-01,0.000000000000000000e+00,0.000000000000000000e+00,0.000000000000000000e+00,1.000000000000000000e+00,5.366186523437500000e+02,0.000000000000000000e+00
3.959999999999999964e+00,-1.772880554199218750e-02,9.501457214355468750e-02,-2.956140041351318359e-02,1.397605091333389282e-01,6.314133852720260620e-02,7.176855951547622681e-02,1.655579507350921631e-01,2.138959318399429321e-01,0.000000000000000000e+00,0.000000000000000000e+00,0.000000000000000000e+00,0.000000000000000000e+00,5.306112670898437500e+02,0.000000000000000000e+00
3.979999999999999982e+00,-1.706695556640625000e-02,9.440422058105468750e-02,-2.859920263290405273e-02,1.374433040618896484e-01,6.245237216353416443e-02,7.069832831621170044e-02,1.659078747034072876e-01,2.112279981374740601e-01,0.000000000000000000e+00,0.000000000000000000e+00,0.000000000000000000e+00,0.000000000000000000e+00,5.470562133789062500e+02,0.000000000000000000e+00
4.000000000000000000e+00,-1.641845703125000000e-02,9.344291687011718750e-02,-2.764713764190673828e-02,1.337908357381820679e-01,5.848447605967521667e-02,6.948994100093841553e-02,1.667246222496032715e-01,2.049138844013214111e-01,0.000000000000000000e+00,0.000000000000000000e+00,0.000000000000000000e+00,0.000000000000000000e+00,5.236196899414062500e+02,0.000000000000000000e+00
4.020000000000000462e+00,-1.552581787109375000e-02,9.252548217773437500e-02,-2.742952108383178711e-02,1.284446865320205688e-01,5.419895797967910767e-02,6.808487325906753540e-02,1.676585525274276733e-01,1.962291300296783447e-01,0.000000000000000000e+00,0.000000000000000000e+00,0.000000000000000000e+00,0.000000000000000000e+00,5.267669067382812500e+02,7.812500000000000000e-03
4.040000000000000036e+00,-1.395416259765625000e-02,9.187698364257812500e-02,-2.856355905532836914e-02,1.223859190940856934e-01,4.977080598473548889e-02,6.692228466272354126e-02,1.690326631069183350e-01,1.864412575960159302e-01,0.000000000000000000e+00,0.000000000000000000e+00,0.000000000000000000e+00,0.000000000000000000e+00,5.450965576171875000e+02,0.000000000000000000e+00
4.060000000000000497e+00,-1.119041442871093750e-02,9.181785583496093750e-02,-3.105068206787109375e-02,1.169026494026184082e-01,4.551541805267333984e-02,6.601433455944061279e-02,1.698798686265945435e-01,1.778094619512557983e-01,0.000000000000000000e+00,0.000000000000000000e+00,0.000000000000000000e+00,0.000000000000000000e+00,5.259620361328125000e+02,1.562500000000000000e-02
4.080000000000000071e+00,-6.940841674804687500e-03,9.219169616699218750e-02,-3.453201055526733398e-02,1.124722585082054138e-01,4.132128879427909851e-02,6.478429585695266724e-02,1.705515980720520020e-01,1.726311445236206055e-01,0.000000000000000000e+00,0.000000000000000000e+00,0.000000000000000000e+00,1.000000000000000000e+00,5.368195800781250000e+02,2.343750000000000000e-02
4.099999999999999645e+00,-1.121520996093750000e-03,9.306716918945312500e-02,-3.661626577377319336e-02,1.115159019827842712e-01,3.808049485087394714e-02,6.385350972414016724e-02,1.708635687828063965e-01,1.707047075033187866e-01,0.000000000000000000e+00,0.000000000000000000e+00,0.000000000000000000e+00,1.000000000000000000e+00,5.310929565429687500e+02,4.687500000000000000e-02
4.120000000000000107e+00,4.468917846679687500e-03,9.379005432128906250e-02,-3.726184368133544922e-02,1.118853539228439331e-01,3.715281933546066284e-02,6.297681480646133423e-02,1.712122559547424316e-01,1.722598820924758911e-01,0.000000000000000000e+00,1.000000000000000000e+00,0.000000000000000000e+00,1.000000000000000000e+00,5.450690917968750000e+02,7.031250000000000000e-02
4.139999999999999680e+00,7.101058959960937500e-03,9.262084960937500000e-02,-3.705805540084838867e-02,1.123576685786247253e-01,3.729661926627159119e-02,6.186340004205703735e-02,1.715951412916183472e-01,1.748118996620178223e-01,0.000000000000000000e+00,1.000000000000000000e+00,0.000000000000000000e+00,0.000000000000000000e+00,5.617792358398437500e+02,3.906250000000000000e-02
4.160000000000000142e+00,5.554199218750000000e-03,8.866500854492187500e-02,-3.618037700653076172e-02,1.153227388858795166e-01,3.988799452781677246e-02,6.061971560120582581e-02,1.706770360469818115e-01,1.737159341573715210e-01,1.000000000000000000e+00,0.000000000000000000e+00,0.000000000000000000e+00,0.000000000000000000e+00,5.334220581054687500e+02,7.031250000000000000e-02
4.179999999999999716e+00,3.938674926757812500e-03,8.460426330566406250e-02,-3.383398056030273438e-02,1.216586232185363770e-01,4.103976488113403320e-02,5.948932468891143799e-02,1.697902083396911621e-01,1.727639436721801758e-01,1.000000000000000000e+00,0.000000000000000000e+00,0.000000000000000000e+00,0.000000000000000000e+00,5.249586181640625000e+02,4.687500000000000000e-02
4.200000000000000178e+00,-4.959106445312500000e-04,8.091735839843750000e-02,-3.043502569198608398e-02,1.295838356018066406e-01,4.304818809032440186e-02,5.817137658596038818e-02,1.699435114860534668e-01,1.728210151195526123e-01,0.000000000000000000e+00,1.000000000000000000e+00,0.000000000000000000e+00,0.000000000000000000e+00,5.426447143554687500e+02,4.296875000000000000e-02
4.219999999999999751e+00,-7.358551025390625000e-03,7.900238037109375000e-02,-2.833753824234008789e-02,1.309556216001510620e-01,4.526008293032646179e-02,5.675025656819343567e-02,1.682541072368621826e-01,1.725180149078369141e-01,0.000000000000000000e+00,0.000000000000000000e+00,0.000000000000000000e+00,0.000000000000000000e+00,5.269097290039062500e+02,2.343750000000000000e-02
4.240000000000000213e+00,-1.318550109863281250e-02,7.835197448730468750e-02,-2.585959434509277344e-02,1.332565546035766602e-01,4.933553934097290039e-02,6.704488396644592285e-02,1.727473884820938110e-01,1.726222336292266846e-01,0.000000000000000000e+00,0.000000000000000000e+00,0.000000000000000000e+00,0.000000000000000000e+00,5.271242675781250000e+02,7.812500000000000000e-03
4.259999999999999787e+00,-1.886367797851562500e-02,7.815361022949218750e-02,-2.368974685668945312e-02,1.310303062200546265e-01,5.302242562174797058e-02,7.345411926507949829e-02,1.694979965686798096e-01,1.723686903715133667e-01,0.000000000000000000e+00,0.000000000000000000e+00,0.000000000000000000e+00,0.000000000000000000e+00,5.395038452148437500e+02,0.000000000000000000e+00
4.280000000000000249e+00,-2.246665954589843750e-02,7.838249206542968750e-02,-2.135944366455078125e-02,1.251271665096282959e-01,5.599618330597877502e-02,7.487285137176513672e-02,1.628626585006713867e-01,1.713553071022033691e-01,0.000000000000000000e+00,0.000000000000000000e+00,0.000000000000000000e+00,0.000000000000000000e+00,5.381596069335937500e+02,3.906250000000000000e-03
4.299999999999999822e+00,-2.403640747070312500e-02,7.887840270996093750e-02,-1.902723312377929688e-02,1.194202303886413574e-01,5.723237618803977966e-02,7.355613261461257935e-02,1.560916751623153687e-01,1.702073365449905396e-01,0.000000000000000000e+00,0.000000000000000000e+00,0.000000000000000000e+00,0.000000000000000000e+00,5.505338134765625000e+02,3.906250000000000000e-03
4.320000000000000284e+00,-2.414894104003906250e-02,7.941627502441406250e-02,-1.713836193084716797e-02,1.158140152692794800e-01,5.727386102080345154e-02,7.216565310955047607e-02,1.503543704748153687e-01,1.692496836185455322e-01,0.000000000000000000e+00,0.000000000000000000e+00,0.000000000000000000e+00,0.000000000000000000e+00,5.453316650390625000e+02,0.000000000000000000e+00
4.339999999999999858e+00,-2.345085144042968750e-02,7.981109619140625000e-02,-1.603817939758300781e-02,1.136159822344779968e-01,5.672834441065788269e-02,7.233000546693801880e-02,1.451891809701919556e-01,1.675660908222198486e-01,0.000000000000000000e+00,0.000000000000000000e+00,0.000000000000000000e+00,0.000000000000000000e+00,5.348107299804687500e+02,0.000000000000000000e+00
4.360000000000000320e+00,-2.255058288574218750e-02,8.025741577148437500e-02,-1.557624340057373047e-02,1.153123974800109863e-01,5.516233295202255249e-02,7.388611882925033569e-02,1.426995992660522461e-01,1.673721969127655029e-01,0.000000000000000000e+00,0.000000000000000000e+00,0.000000000000000000e+00,0.000000000000000000e+00,5.582761840820312500e+02,0.000000000000000000e+00
4.379999999999999893e+00,-2.177810668945312500e-02,8.047485351562500000e-02,-1.562434434890747070e-02,1.172836199402809143e-01,5.345441028475761414e-02,7.419462502002716064e-02,1.411404907703399658e-01,1.672756820917129517e-01,0.000000000000000000e+00,0.000000000000000000e+00,0.000000000000000000e+00,0.000000000000000000e+00,5.510630493164062500e+02,0.000000000000000000e+00
4.400000000000000355e+00,-2.105712890625000000e-02,8.032989501953125000e-02,-1.576191186904907227e-02,1.192162930965423584e-01,5.217109993100166321e-02,6.978224217891693115e-02,1.402319222688674927e-01,1.671746522188186646e-01,0.000000000000000000e+00,0.000000000000000000e+00,0.000000000000000000e+00,0.000000000000000000e+00,5.629145507812500000e+02,0.000000000000000000e+00
4.419999999999999929e+00,-2.017974853515625000e-02,8.001708984375000000e-02,-1.578223705291748047e-02,1.201987788081169128e-01,5.092727392911911011e-02,6.017661839723587036e-02,1.398075222969055176e-01,1.670687198638916016e-01,0.000000000000000000e+00,0.000000000000000000e+00,0.000000000000000000e+00,0.000000000000000000e+00,5.349227905273437500e+02,0.000000000000000000e+00
4.440000000000000391e+00,-1.889991760253906250e-02,7.975578308105468750e-02,-1.564759016036987305e-02,1.200239956378936768e-01,4.960022494196891785e-02,5.059338733553886414e-02,1.399767100811004639e-01,1.667876690626144409e-01,0.000000000000000000e+00,0.000000000000000000e+00,0.000000000000000000e+00,0.000000000000000000e+00,5.444249877929687500e+02,0.000000000000000000e+00
4.459999999999999964e+00,-1.694107055664062500e-02,7.975196838378906250e-02,-1.543545722961425781e-02,1.187350675463676453e-01,4.804285615682601929e-02,4.472295567393302917e-02,1.403375715017318726e-01,1.664372086524963379e-01,0.000000000000000000e+00,0.000000000000000000e+00,0.000000000000000000e+00,0.000000000000000000e+00,5.618983764648437500e+02,0.000000000000000000e+00
4.480000000000000426e+00,-1.422119140625000000e-02,8.036613464355468750e-02,-1.584023237228393555e-02,1.176106408238410950e-01,4.611851647496223450e-02,4.312536120414733887e-02,1.406302750110626221e-01,1.659557968378067017e-01,0.000000000000000000e+00,0.000000000000000000e+00,0.000000000000000000e+00,0.000000000000000000e+00,5.660855712890625000e+02,0.000000000000000000e+00
4.500000000000000000e+00,-1.021385192871093750e-02,8.203125000000000000e-02,-1.711332798004150391e-02,1.173364967107772827e-01,4.468723013997077942e-02,4.515915736556053162e-02,1.416934877634048462e-01,1.653695702552795410e-01,0.000000000000000000e+00,0.000000000000000000e+00,0.000000000000000000e+00,0.000000000000000000e+00,5.576563720703125000e+02,0.000000000000000000e+00
4.520000000000000462e+00,-4.510879516601562500e-03,8.502388000488281250e-02,-1.883894205093383789e-02,1.174888759851455688e-01,4.403175413608551025e-02,4.971821233630180359e-02,1.450217962265014648e-01,1.649592965841293335e-01,0.000000000000000000e+00,0.000000000000000000e+00,0.000000000000000000e+00,0.000000000000000000e+00,5.574449462890625000e+02,0.000000000000000000e+00
4.540000000000000036e+00,1.464843750000000000e-03,8.850288391113281250e-02,-2.070510387420654297e-02,1.191622540354728699e-01,4.381166771054267883e-02,5.507473647594451904e-02,1.532134264707565308e-01,1.641963720321655273e-01,0.000000000000000000e+00,0.000000000000000000e+00,0.000000000000000000e+00,0.000000000000000000e+00,5.449315185546875000e+02,0.000000000000000000e+00
4.560000000000000497e+00,5.771636962890625000e-03,9.134292602539062500e-02,-2.216857671737670898e-02,1.243487447500228882e-01,4.372896254062652588e-02,6.101045385003089905e-02,1.683617085218429565e-01,1.634992659091949463e-01,0.000000000000000000e+00,0.000000000000000000e+00,0.000000000000000000e+00,0.000000000000000000e+00,5.502356567382812500e+02,0.000000000000000000e+00
4.580000000000000071e+00,5.432128906250000000e-03,9.198760986328125000e-02,-2.484440803527832031e-02,1.232599914073944092e-01,4.299695789813995361e-02,6.287635117769241333e-02,1.650208085775375366e-01,1.628949195146560669e-01,0.000000000000000000e+00,0.000000000000000000e+00,0.000000000000000000e+00,0.000000000000000000e+00,5.585126342773437500e+02,0.000000000000000000e+00
4.600000000000000533e+00,4.611968994140625000e-03,9.291648864746093750e-02,-2.663278579711914062e-02,1.214682608842849731e-01,4.222414642572402954e-02,6.465121358633041382e-02,1.652418673038482666e-01,1.626696735620498657e-01,0.000000000000000000e+00,0.000000000000000000e+00,0.000000000000000000e+00,0.000000000000000000e+00,5.289597167968750000e+02,0.000000000000000000e+00
4.620000000000000107e+00,1.527786254882812500e-03,9.404563903808593750e-02,-2.706557512283325195e-02,1.190500855445861816e-01,4.233853518962860107e-02,6.795852631330490112e-02,1.654240489006042480e-01,1.629687696695327759e-01,0.000000000000000000e+00,0.000000000000000000e+00,0.000000000000000000e+00,1.000000000000000000e+00,5.634450073242187500e+02,0.000000000000000000e+00
4.639999999999999680e+00,-3.929138183593750000e-03,9.670066833496093750e-02,-2.863538265228271484e-02,1.229072287678718567e-01,4.562349990010261536e-02,7.158006727695465088e-02,1.650978624820709229e-01,1.765562593936920166e-01,0.000000000000000000e+00,0.000000000000000000e+00,0.000000000000000000e+00,1.000000000000000000e+00,5.513550415039062500e+02,0.000000000000000000e+00
4.660000000000000142e+00,-1.062965393066406250e-02,1.002578735351562500e-01,-3.133243322372436523e-02,1.307787746191024780e-01,5.577159672975540161e-02,7.434272766113281250e-02,1.657466888427734375e-01,1.971020847558975220e-01,0.000000000000000000e+00,0.000000000000000000e+00,0.000000000000000000e+00,1.000000000000000000e+00,5.482631835937500000e+02,1.171875000000000000e-02
4.679999999999999716e+00,-1.617431640625000000e-02,1.027660369873046875e-01,-3.339791297912597656e-02,1.329572051763534546e-01,6.366906315088272095e-02,7.691495120525360107e-02,1.667385250329971313e-01,2.060958892107009888e-01,0.000000000000000000e+00,0.000000000000000000e+00,0.000000000000000000e+00,1.000000000000000000e+00,5.321945800781250000e+02,7.812500000000000000e-03
4.700000000000000178e+00,-1.934814453125000000e-02,1.042594909667968750e-01,-3.475147485733032227e-02,1.345767825841903687e-01,6.680288910865783691e-02,7.959971576929092407e-02,1.680875718593597412e-01,2.110496312379837036e-01,0.000000000000000000e+00,0.000000000000000000e+00,0.000000000000000000e+00,1.000000000000000000e+00,5.389352416992187500e+02,1.953125000000000000e-02
4.719999999999999751e+00,-2.056503295898437500e-02,1.050930023193359375e-01,-3.559124469757080078e-02,1.366004794836044312e-01,6.878816336393356323e-02,8.194340765476226807e-02,1.699120253324508667e-01,2.149332165718078613e-01,0.000000000000000000e+00,0.000000000000000000e+00,0.000000000000000000e+00,1.000000000000000000e+00,5.204328613281250000e+02,3.906250000000000000e-03
4.740000000000000213e+00,-2.050971984863281250e-02,1.055107116699218750e-01,-3.537815809249877930e-02,1.381238847970962524e-01,7.115472853183746338e-02,8.264538645744323730e-02,1.704109609127044678e-01,2.181921601295471191e-01,0.000000000000000000e+00,0.000000000000000000e+00,0.000000000000000000e+00,1.000000000000000000e+00,5.415493774414062500e+02,7.812500000000000000e-03
4.759999999999999787e+00,-1.959800720214843750e-02,1.058921813964843750e-01,-3.460818529129028320e-02,1.387220323085784912e-01,7.431365549564361572e-02,8.208591490983963013e-02,1.705925911664962769e-01,2.210870534181594849e-01,0.000000000000000000e+00,0.000000000000000000e+00,0.000000000000000000e+00,1.000000000000000000e+00,5.700901489257812500e+02,7.812500000000000000e-03
4.780000000000000249e+00,-1.838302612304687500e-02,1.062641143798828125e-01,-3.361684083938598633e-02,1.390724778175354004e-01,7.781671732664108276e-02,8.066237717866897583e-02,1.705783158540725708e-01,2.237495183944702148e-01,0.000000000000000000e+00,0.000000000000000000e+00,0.000000000000000000e+00,1.000000000000000000e+00,5.273757934570312500e+02,3.906250000000000000e-03
4.799999999999999822e+00,-1.729774475097656250e-02,1.065196990966796875e-01,-3.273159265518188477e-02,1.382274925708770752e-01,7.979986816644668579e-02,7.845545560121536255e-02,1.705791950225830078e-01,2.245552688837051392e-01,0.000000000000000000e+00,0.000000000000000000e+00,0.000000000000000000e+00,1.000000000000000000e+00,5.260405883789062500e+02,0.000000000000000000e+00
4.820000000000000284e+00,-1.644134521484375000e-02,1.063480377197265625e-01,-3.250104188919067383e-02,1.339049190282821655e-01,7.870772480964660645e-02,7.654330879449844360e-02,1.709869354963302612e-01,2.194796353578567505e-01,0.000000000000000000e+00,0.000000000000000000e+00,0.000000000000000000e+00,0.000000000000000000e+00,5.487343750000000000e+02,0.000000000000000000e+00
4.839999999999999858e+00,-1.560020446777343750e-02,1.057701110839843750e-01,-3.280353546142578125e-02,1.275144368410110474e-01,7.593020051717758179e-02,7.521167397499084473e-02,1.718229800462722778e-01,2.092109024524688721e-01,0.000000000000000000e+00,0.000000000000000000e+00,0.000000000000000000e+00,0.000000000000000000e+00,5.552084960937500000e+02,3.906250000000000000e-03
4.860000000000000320e+00,-1.431274414062500000e-02,1.050033569335937500e-01,-3.351992368698120117e-02,1.197454035282135010e-01,7.234288007020950317e-02,7.391879707574844360e-02,1.728600263595581055e-01,1.968854516744613647e-01,0.000000000000000000e+00,0.000000000000000000e+00,0.000000000000000000e+00,0.000000000000000000e+00,5.455435180664062500e+02,0.000000000000000000e+00
4.879999999999999893e+00,-1.178169250488281250e-02,1.044540405273437500e-01,-3.487449884414672852e-02,1.108034551143646240e-01,6.801537424325942993e-02,7.279846817255020142e-02,1.739880740642547607e-01,1.857881247997283936e-01,0.000000000000000000e+00,0.000000000000000000e+00,0.000000000000000000e+00,0.000000000000000000e+00,5.189222412109375000e+02,0.000000000000000000e+00
4.900000000000000355e+00,-7.577896118164062500e-03,1.044292449951171875e-01,-3.728187084197998047e-02,1.022894605994224548e-01,6.331852078437805176e-02,7.139721512794494629e-02,1.753181517124176025e-01,1.779782623052597046e-01,0.000000000000000000e+00,0.000000000000000000e+00,0.000000000000000000e+00,0.000000000000000000e+00,5.364476318359375000e+02,0.000000000000000000e+00
4.919999999999999929e+00,-1.708984375000000000e-03,1.046581268310546875e-01,-4.065668582916259766e-02,9.675321727991104126e-02,5.930185317993164062e-02,6.975965201854705811e-02,1.766405105590820312e-01,1.743999719619750977e-01,0.000000000000000000e+00,0.000000000000000000e+00,0.000000000000000000e+00,0.000000000000000000e+00,5.695944213867187500e+02,0.000000000000000000e+00
4.940000000000000391e+00,5.023956298828125000e-03,1.051635742187500000e-01,-4.278129339218139648e-02,1.005609706044197083e-01,5.641730129718780518e-02,6.833821535110473633e-02,1.772759854793548584e-01,1.740789264440536499e-01,0.000000000000000000e+00,0.000000000000000000e+00,0.000000000000000000e+00,1.000000000000000000e+00,5.366518554687500000e+02,1.171875000000000000e-02
4.959999999999999964e+00,1.012420654296875000e-02,1.047267913818359375e-01,-4.323750734329223633e-02,1.096108332276344299e-01,5.494756996631622314e-02,6.688226759433746338e-02,1.771737337112426758e-01,1.751886159181594849e-01,0.000000000000000000e+00,0.000000000000000000e+00,0.000000000000000000e+00,0.000000000000000000e+00,5.299816894531250000e+02,3.906250000000000000e-02
4.980000000000000426e+00,1.034355163574218750e-02,1.009674072265625000e-01,-4.283714294433593750e-02,1.157047897577285767e-01,5.353567749261856079e-02,6.540651619434356689e-02,1.767726540565490723e-01,1.755905151367187500e-01,0.000000000000000000e+00,0.000000000000000000e+00,0.000000000000000000e+00,0.000000000000000000e+00,5.500484008789062500e+02,7.812500000000000000e-02
5.000000000000000000e+00,8.928298950195312500e-03,9.567832946777343750e-02,-4.097276926040649414e-02,1.174401342868804932e-01,5.196356773376464844e-02,6.425826996564865112e-02,1.762553304433822632e-01,1.751244962215423584e-01,0.000000000000000000e+00,0.000000000000000000e+00,0.000000000000000000e+00,0.000000000000000000e+00,5.547194824218750000e+02,9.765625000000000000e-02
5.020000000000000462e+00,5.441665649414062500e-03,9.091949462890625000e-02,-3.755390644073486328e-02,1.205535233020782471e-01,5.084809660911560059e-02,6.337475776672363281e-02,1.756980419158935547e-01,1.747792661190032959e-01,0.000000000000000000e+00,0.000000000000000000e+00,0.000000000000000000e+00,0.000000000000000000e+00,5.166614379882812500e+02,7.031250000000000000e-02
5.040000000000000036e+00,-7.877349853515625000e-04,8.674812316894531250e-02,-3.374570608139038086e-02,1.241336762905120850e-01,5.108186975121498108e-02,6.206434220075607300e-02,1.750368624925613403e-01,1.745143532752990723e-01,0.000000000000000000e+00,0.000000000000000000e+00,0.000000000000000000e+00,0.000000000000000000e+00,5.252713012695312500e+02,5.078125000000000000e-02
5.060000000000000497e+00,-7.953643798828125000e-03,8.485031127929687500e-02,-3.180688619613647461e-02,1.254014372825622559e-01,5.448110029101371765e-02,6.645119190216064453e-02,1.761828064918518066e-01,1.737812608480453491e-01,0.000000000000000000e+00,0.000000000000000000e+00,0.000000000000000000e+00,0.000000000000000000e+00,5.470458374023437500e+02,4.687500000000000000e-02
5.080000000000000071e+00,-1.508140563964843750e-02,8.331298828125000000e-02,-2.973318099975585938e-02,1.249077171087265015e-01,5.839997529983520508e-02,7.758556306362152100e-02,1.742408275604248047e-01,1.732068359851837158e-01,0.000000000000000000e+00,0.000000000000000000e+00,0.000000000000000000e+00,0.000000000000000000e+00,5.511102294921875000e+02,1.953125000000000000e-02
5.100000000000000533e+00,-2.096748352050781250e-02,8.230018615722656250e-02,-2.849358320236206055e-02,1.194881275296211243e-01,6.207004562020301819e-02,8.365535736083984375e-02,1.653660982847213745e-01,1.716017276048660278e-01,0.000000000000000000e+00,0.000000000000000000e+00,0.000000000000000000e+00,0.000000000000000000e+00,5.632973632812500000e+02,1.562500000000000000e-02
5.120000000000000107e+00,-2.464485168457031250e-02,8.166885375976562500e-02,-2.763903141021728516e-02,1.126375645399093628e-01,6.468762457370758057e-02,8.484960347414016724e-02,1.539284884929656982e-01,1.693287491798400879e-01,0.000000000000000000e+00,0.000000000000000000e+00,0.000000000000000000e+00,0.000000000000000000e+00,5.484802246093750000e+02,1.953125000000000000e-02
5.139999999999999680e+00,-2.634811401367187500e-02,8.118629455566406250e-02,-2.677476406097412109e-02,1.066414490342140198e-01,6.592584401369094849e-02,8.330393582582473755e-02,1.427254378795623779e-01,1.672045290470123291e-01,0.000000000000000000e+00,0.000000000000000000e+00,0.000000000000000000e+00,0.000000000000000000e+00,5.823775634765625000e+02,1.953125000000000000e-02
5.160000000000000142e+00,-2.665710449218750000e-02,8.058738708496093750e-02,-2.611738443374633789e-02,1.016860678791999817e-01,6.624870002269744873e-02,8.061958104372024536e-02,1.326143443584442139e-01,1.644426435232162476e-01,0.000000000000000000e+00,0.000000000000000000e+00,0.000000000000000000e+00,0.000000000000000000e+00,5.982470092773437500e+02,3.515625000000000000e-02
5.179999999999999716e+00,-2.621841430664062500e-02,8.015441894531250000e-02,-2.558994293212890625e-02,1.012394130229949951e-01,6.592501699924468994e-02,7.794618606567382812e-02,1.260820329189300537e-01,1.637599766254425049e-01,0.000000000000000000e+00,0.000000000000000000e+00,0.000000000000000000e+00,0.000000000000000000e+00,5.967265014648437500e+02,7.421875000000000000e-02
5.200000000000000178e+00,-2.531242370605468750e-02,7.976722717285156250e-02,-2.533215284347534180e-02,1.021868064999580383e-01,6.552176177501678467e-02,7.642228901386260986e-02,1.226452291011810303e-01,1.634578853845596313e-01,0.000000000000000000e+00,0.000000000000000000e+00,0.000000000000000000e+00,0.000000000000000000e+00,5.679881591796875000e+02,7.031250000000000000e-02
5.219999999999999751e+00,-2.442550659179687500e-02,7.921409606933593750e-02,-2.503842115402221680e-02,1.040374115109443665e-01,6.459303945302963257e-02,7.334411144256591797e-02,1.215603947639465332e-01,1.630313843488693237e-01,0.000000000000000000e+00,0.000000000000000000e+00,0.000000000000000000e+00,0.000000000000000000e+00,5.574003295898437500e+02,1.406250000000000000e-01
5.240000000000000213e+00,-2.360153198242187500e-02,7.859230041503906250e-02,-2.382022142410278320e-02,1.063525155186653137e-01,6.320828944444656372e-02,6.537538766860961914e-02,1.219389736652374268e-01,1.626495122909545898e-01,0.000000000000000000e+00,0.000000000000000000e+00,0.000000000000000000e+00,0.000000000000000000e+00,5.601382446289062500e+02,1.328125000000000000e-01
5.259999999999999787e+00,-2.273750305175781250e-02,7.805824279785156250e-02,-2.170723676681518555e-02,1.080568879842758179e-01,6.135901436209678650e-02,5.501004308462142944e-02,1.225149333477020264e-01,1.622892469167709351e-01,0.000000000000000000e+00,0.000000000000000000e+00,0.000000000000000000e+00,0.000000000000000000e+00,5.374080200195312500e+02,1.132812500000000000e-01
5.280000000000000249e+00,-2.157783508300781250e-02,7.779884338378906250e-02,-1.910275220870971680e-02,1.089669615030288696e-01,5.938171222805976868e-02,4.564015194773674011e-02,1.223405897617340088e-01,1.621209681034088135e-01,0.000000000000000000e+00,0.000000000000000000e+00,0.000000000000000000e+00,0.000000000000000000e+00,5.530393676757812500e+02,1.328125000000000000e-01
5.299999999999999822e+00,-1.949310302734375000e-02,7.800865173339843750e-02,-1.627308130264282227e-02,1.089187860488891602e-01,5.764288827776908875e-02,3.890756517648696899e-02,1.209334433078765869e-01,1.620411127805709839e-01,0.000000000000000000e+00,0.000000000000000000e+00,0.000000000000000000e+00,0.000000000000000000e+00,5.531932373046875000e+02,5.078125000000000000e-02
5.320000000000000284e+00,-1.593589782714843750e-02,7.925224304199218750e-02,-1.373589038848876953e-02,1.091616153717041016e-01,5.620494857430458069e-02,3.454926609992980957e-02,1.194904893636703491e-01,1.619995832443237305e-01,0.000000000000000000e+00,0.000000000000000000e+00,0.000000000000000000e+00,0.000000000000000000e+00,5.522722167968750000e+02,3.906250000000000000e-03
5.339999999999999858e+00,-1.075172424316406250e-02,8.181381225585937500e-02,-1.163572072982788086e-02,1.087412536144256592e-01,5.444220453500747681e-02,3.219384700059890747e-02,1.192878633737564087e-01,1.619592159986495972e-01,0.000000000000000000e+00,0.000000000000000000e+00,0.000000000000000000e+00,0.000000000000000000e+00,5.554424438476562500e+02,3.906250000000000000e-03
5.360000000000000320e+00,-4.493713378906250000e-03,8.530807495117187500e-02,-9.650349617004394531e-03,1.084315106272697449e-01,5.267103388905525208e-02,3.199064731597900391e-02,1.228837817907333374e-01,1.619777381420135498e-01,0.000000000000000000e+00,0.000000000000000000e+00,0.000000000000000000e+00,0.000000000000000000e+00,5.407830200195312500e+02,0.000000000000000000e+00
5.379999999999999893e+00,1.050949096679687500e-03,8.858299255371093750e-02,-8.063673973083496094e-03,1.118491068482398987e-01,5.163019523024559021e-02,3.425846248865127563e-02,1.359952390193939209e-01,1.620365530252456665e-01,0.000000000000000000e+00,0.000000000000000000e+00,0.000000000000000000e+00,0.000000000000000000e+00,5.484955444335937500e+02,0.000000000000000000e+00
5.400000000000000355e+00,2.931594848632812500e-03,8.976936340332031250e-02,-7.522583007812500000e-03,1.161677539348602295e-01,5.109843239188194275e-02,4.234227538108825684e-02,1.429308205842971802e-01,1.623931527137756348e-01,0.000000000000000000e+00,1.000000000000000000e+00,0.000000000000000000e+00,0.000000000000000000e+00,5.431161499023437500e+02,0.000000000000000000e+00
5.419999999999999929e+00,2.700805664062500000e-03,9.006500244140625000e-02,-9.420454502105712891e-03,1.174096614122390747e-01,5.080794543027877808e-02,5.523078516125679016e-02,1.396361589431762695e-01,1.624918431043624878e-01,0.000000000000000000e+00,1.000000000000000000e+00,0.000000000000000000e+00,0.000000000000000000e+00,5.289453735351562500e+02,0.000000000000000000e+00
5.440000000000000391e+00,7.877349853515625000e-04,9.105873107910156250e-02,-1.204127073287963867e-02,1.189538612961769104e-01,5.049087479710578918e-02,7.218901067972183228e-02,1.383305937051773071e-01,1.625297665596008301e-01,0.000000000000000000e+00,0.000000000000000000e+00,0.000000000000000000e+00,0.000000000000000000e+00,5.356941528320312500e+02,7.812500000000000000e-03
5.459999999999999964e+00,-4.192352294921875000e-03,9.309768676757812500e-02,-1.482534408569335938e-02,1.205079928040504456e-01,5.028319358825683594e-02,7.823784649372100830e-02,1.389802396297454834e-01,1.624715626239776611e-01,1.000000000000000000e+00,1.000000000000000000e+00,0.000000000000000000e+00,1.000000000000000000e+00,5.849705810546875000e+02,1.171875000000000000e-02
5.480000000000000426e+00,-1.093673706054687500e-02,9.791564941406250000e-02,-2.043199539184570312e-02,1.357330977916717529e-01,5.816484987735748291e-02,8.386677503585815430e-02,1.429912745952606201e-01,1.904425024986267090e-01,1.000000000000000000e+00,0.000000000000000000e+00,0.000000000000000000e+00,1.000000000000000000e+00,5.468242797851562500e+02,5.468750000000000000e-02
5.500000000000000000e+00,-1.794433593750000000e-02,1.024837493896484375e-01,-2.629166841506958008e-02,1.397809833288192749e-01,6.980996578931808472e-02,8.841299265623092651e-02,1.508256345987319946e-01,2.053654193878173828e-01,0.000000000000000000e+00,0.000000000000000000e+00,0.000000000000000000e+00,1.000000000000000000e+00,5.334329223632812500e+02,1.953125000000000000e-01
5.520000000000000462e+00,-2.265357971191406250e-02,1.062431335449218750e-01,-3.294867277145385742e-02,1.392405182123184204e-01,7.770052552223205566e-02,9.215843677520751953e-02,1.628682464361190796e-01,2.128929346799850464e-01,0.000000000000000000e+00,0.000000000000000000e+00,0.000000000000000000e+00,1.000000000000000000e+00,5.411629638671875000e+02,1.835937500000000000e-01
5.540000000000000036e+00,-2.474212646484375000e-02,1.095409393310546875e-01,-4.091835021972656250e-02,1.361928880214691162e-01,8.091597259044647217e-02,9.507555514574050903e-02,1.783939003944396973e-01,2.164785563945770264e-01,0.000000000000000000e+00,0.000000000000000000e+00,0.000000000000000000e+00,1.000000000000000000e+00,5.185565185546875000e+02,1.210937500000000000e-01
5.560000000000000497e+00,-2.512168884277343750e-02,1.126556396484375000e-01,-4.862397909164428711e-02,1.310303062200546265e-01,8.034322410821914673e-02,9.565295279026031494e-02,1.915184557437896729e-01,2.181031554937362671e-01,0.000000000000000000e+00,0.000000000000000000e+00,1.000000000000000000e+00,1.000000000000000000e+00,5.449528198242187500e+02,7.812500000000000000e-03
5.580000000000000071e+00,-2.594184875488281250e-02,1.146125793457031250e-01,-5.228906869888305664e-02,1.261298656463623047e-01,7.829565554857254028e-02,9.431336075067520142e-02,1.925961673259735107e-01,2.203034460544586182e-01,0.000000000000000000e+00,0.000000000000000000e+00,1.000000000000000000e+00,1.000000000000000000e+00,5.294276123046875000e+02,1.171875000000000000e-02
5.600000000000000533e+00,-2.635955810546875000e-02,1.157474517822265625e-01,-5.421644449234008789e-02,1.246036589145660400e-01,7.629676908254623413e-02,9.318657964468002319e-02,1.929860562086105347e-01,2.230280935764312744e-01,0.000000000000000000e+00,0.000000000000000000e+00,1.000000000000000000e+00,1.000000000000000000e+00,5.472232055664062500e+02,1.171875000000000000e-02
5.620000000000000107e+00,-2.648735046386718750e-02,1.159019470214843750e-01,-5.487930774688720703e-02,1.259973943233489990e-01,7.477514445781707764e-02,9.267911314964294434e-02,1.930179148912429810e-01,2.254761159420013428e-01,0.000000000000000000e+00,0.000000000000000000e+00,1.000000000000000000e+00,1.000000000000000000e+00,5.712761230468750000e+02,7.812500000000000000e-03
5.639999999999999680e+00,-2.657890319824218750e-02,1.149082183837890625e-01,-5.461674928665161133e-02,1.285041123628616333e-01,6.992028653621673584e-02,9.221687167882919312e-02,1.930369287729263306e-01,2.268311083316802979e-01,0.000000000000000000e+00,0.000000000000000000e+00,1.000000000000000000e+00,0.000000000000000000e+00,5.517359008789062500e+02,1.953125000000000000e-02
5.660000000000000142e+00,-2.655601501464843750e-02,1.126804351806640625e-01,-5.306369066238403320e-02,1.316316276788711548e-01,6.082951277494430542e-02,9.118302166461944580e-02,1.929797232151031494e-01,2.267693877220153809e-01,0.000000000000000000e+00,0.000000000000000000e+00,1.000000000000000000e+00,0.000000000000000000e+00,5.417061157226562500e+02,5.078125000000000000e-02
5.679999999999999716e+00,-2.598381042480468750e-02,1.096744537353515625e-01,-5.016779899597167969e-02,1.365533173084259033e-01,5.387637391686439514e-02,8.983831107616424561e-02,1.926703602075576782e-01,2.257528454065322876e-01,0.000000000000000000e+00,0.000000000000000000e+00,1.000000000000000000e+00,1.000000000000000000e+00,5.403480224609375000e+02,1.015625000000000000e-01
5.700000000000000178e+00,-2.429962158203125000e-02,1.066093444824218750e-01,-4.593551158905029297e-02,1.426819413900375366e-01,5.086554959416389465e-02,8.847305178642272949e-02,1.925110518932342529e-01,2.245369702577590942e-01,0.000000000000000000e+00,0.000000000000000000e+00,1.000000000000000000e+00,1.000000000000000000e+00,5.525537109375000000e+02,4.687500000000000000e-02
5.719999999999999751e+00,-2.080726623535156250e-02,1.047592163085937500e-01,-4.105478525161743164e-02,1.466001719236373901e-01,5.078971013426780701e-02,8.668371289968490601e-02,1.920431107282638550e-01,2.235697805881500244e-01,0.000000000000000000e+00,0.000000000000000000e+00,0.000000000000000000e+00,1.000000000000000000e+00,5.475272827148437500e+02,1.093750000000000000e-01
5.740000000000000213e+00,-1.530075073242187500e-02,1.048183441162109375e-01,-3.625965118408203125e-02,1.488343924283981323e-01,5.145086348056793213e-02,8.408433198928833008e-02,1.926080733537673950e-01,2.239970266819000244e-01,0.000000000000000000e+00,0.000000000000000000e+00,0.000000000000000000e+00,1.000000000000000000e+00,5.667658081054687500e+02,1.015625000000000000e-01
5.759999999999999787e+00,-7.926940917968750000e-03,1.062202453613281250e-01,-3.170579671859741211e-02,1.498650163412094116e-01,5.294778943061828613e-02,8.173388242721557617e-02,1.941506564617156982e-01,2.253828346729278564e-01,0.000000000000000000e+00,0.000000000000000000e+00,0.000000000000000000e+00,1.000000000000000000e+00,5.644541625976562500e+02,1.484375000000000000e-01
5.780000000000000249e+00,-5.645751953125000000e-04,1.082458496093750000e-01,-2.729302644729614258e-02,1.503753066062927246e-01,5.621211230754852295e-02,7.992040365934371948e-02,1.967356652021408081e-01,2.267278879880905151e-01,0.000000000000000000e+00,0.000000000000000000e+00,0.000000000000000000e+00,1.000000000000000000e+00,5.287691650390625000e+02,1.718750000000000000e-01
5.799999999999999822e+00,4.144668579101562500e-03,1.090259552001953125e-01,-2.348351478576660156e-02,1.500718891620635986e-01,6.259707361459732056e-02,7.937467098236083984e-02,1.996710300445556641e-01,2.283356487751007080e-01,0.000000000000000000e+00,1.000000000000000000e+00,0.000000000000000000e+00,0.000000000000000000e+00,5.350538940429687500e+02,2.421875000000000000e-01
5.820000000000000284e+00,4.825592041015625000e-03,1.072864532470703125e-01,-2.045387029647827148e-02,1.513087302446365356e-01,6.957664340734481812e-02,8.002793043851852417e-02,2.012837380170822144e-01,2.282485216856002808e-01,0.000000000000000000e+00,1.000000000000000000e+00,1.000000000000000000e+00,0.000000000000000000e+00,5.507810668945312500e+02,2.460937500000000000e-01
5.839999999999999858e+00,5.235671997070312500e-03,1.058387756347656250e-01,-1.672887802124023438e-02,1.534932106733322144e-01,7.128625363111495972e-02,8.123770356178283691e-02,2.011858373880386353e-01,2.281705886125564575e-01,0.000000000000000000e+00,1.000000000000000000e+00,1.000000000000000000e+00,0.000000000000000000e+00,5.261752319335937500e+02,1.718750000000000000e-01
5.860000000000000320e+00,2.653121948242187500e-03,1.050720214843750000e-01,-1.312130689620971680e-02,1.548199504613876343e-01,7.335639744997024536e-02,8.098497986793518066e-02,1.991252303123474121e-01,2.281179279088973999e-01,0.000000000000000000e+00,1.000000000000000000e+00,1.000000000000000000e+00,0.000000000000000000e+00,5.689562988281250000e+02,1.171875000000000000e-01
5.879999999999999893e+00,-2.822875976562500000e-03,1.058616638183593750e-01,-1.173406839370727539e-02,1.522803455591201782e-01,7.512081414461135864e-02,7.788516581058502197e-02,1.961298584938049316e-01,2.280217558145523071e-01,0.000000000000000000e+00,0.000000000000000000e+00,1.000000000000000000e+00,0.000000000000000000e+00,5.499185180664062500e+02,1.250000000000000000e-01
5.900000000000000355e+00,-7.446289062500000000e-03,1.075191497802734375e-01,-1.055771112442016602e-02,1.528731435537338257e-01,7.694166898727416992e-02,8.531250059604644775e-02,1.989176422357559204e-01,2.281590104103088379e-01,0.000000000000000000e+00,0.000000000000000000e+00,0.000000000000000000e+00,0.000000000000000000e+00,5.404152832031250000e+02,8.593750000000000000e-02
5.919999999999999929e+00,-1.192665100097656250e-02,1.091556549072265625e-01,-1.034462451934814453e-02,1.518833339214324951e-01,7.888107746839523315e-02,8.848249912261962891e-02,1.967001557350158691e-01,2.281299233436584473e-01,0.000000000000000000e+00,0.000000000000000000e+00,0.000000000000000000e+00,0.000000000000000000e+00,5.385949707031250000e+02,1.000000000000000000e+00
5.940000000000000391e+00,-1.399612426757812500e-02,1.107940673828125000e-01,-1.072251796722412109e-02,1.505814641714096069e-01,8.156640082597732544e-02,8.526054024696350098e-02,1.938459426164627075e-01,2.284004688262939453e-01,0.000000000000000000e+00,0.000000000000000000e+00,0.000000000000000000e+00,0.000000000000000000e+00,5.399020996093750000e+02,1.000000000000000000e+00
5.959999999999999964e+00,-1.352500915527343750e-02,1.122817993164062500e-01,-1.169312000274658203e-02,1.489481925964355469e-01,8.460043370723724365e-02,7.943914085626602173e-02,1.929908543825149536e-01,2.288056313991546631e-01,0.000000000000000000e+00,0.000000000000000000e+00,0.000000000000000000e+00,0.000000000000000000e+00,5.818660278320312500e+02,1.000000000000000000e+00
5.980000000000000426e+00,-1.159477233886718750e-02,1.133632659912109375e-01,-1.317012310028076172e-02,1.486402601003646851e-01,8.675841242074966431e-02,7.547292113304138184e-02,1.969322711229324341e-01,2.293058633804321289e-01,0.000000000000000000e+00,0.000000000000000000e+00,0.000000000000000000e+00,0.000000000000000000e+00,5.481955566406250000e+02,1.000000000000000000e+00
6.000000000000000000e+00,-9.040832519531250000e-03,1.137828826904296875e-01,-1.549690961837768555e-02,1.530369669198989868e-01,8.745972067117691040e-02,7.471472769975662231e-02,2.090439796447753906e-01,2.297983616590499878e-01,0.000000000000000000e+00,0.000000000000000000e+00,0.000000000000000000e+00,0.000000000000000000e+00,5.536978149414062500e+02,1.000000000000000000e+00
