time_s,base_error_x_m,base_error_y_m,base_error_z_m,base_orientation_error_rad,wheel_error_fl_m,wheel_error_fr_m,wheel_error_rl_m,wheel_error_rr_m,contact_mismatch_fl,contact_mismatch_fr,contact_mismatch_rl,contact_mismatch_rr,solve_ms,rollout_termination_rate
2.000000000000000042e-02,0.000000000000000000e+00,0.000000000000000000e+00,0.000000000000000000e+00,0.000000000000000000e+00,1.907348632812500000e-06,5.960464477539062500e-08,4.991888999938964844e-07,1.921282091643661261e-06,1.000000000000000000e+00,1.000000000000000000e+00,0.000000000000000000e+00,1.000000000000000000e+00,6.084449462890625000e+02,0.000000000000000000e+00
4.000000000000000083e-02,-7.438659667968750000e-05,-1.125335693359375000e-04,-1.368463039398193359e-03,4.143204540014266968e-03,2.038213191553950310e-03,2.256778767332434654e-03,1.955535728484392166e-03,1.505995634943246841e-03,1.000000000000000000e+00,1.000000000000000000e+00,0.000000000000000000e+00,0.000000000000000000e+00,5.532741088867187500e+02,0.000000000000000000e+00
5.999999999999999778e-02,-3.694534301757812500e-03,-3.490447998046875000e-04,-4.061818122863769531e-03,1.591231860220432281e-02,7.853176444768905640e-03,8.734765462577342987e-03,3.219675505533814430e-03,2.124393125995993614e-03,1.000000000000000000e+00,1.000000000000000000e+00,0.000000000000000000e+00,0.000000000000000000e+00,5.809758300781250000e+02,1.171875000000000000e-02
8.000000000000000167e-02,-8.758544921875000000e-03,2.174377441406250000e-04,-8.596181869506835938e-03,2.957254275679588318e-02,2.102878876030445099e-02,1.284530386328697205e-02,9.195508435368537903e-03,4.631306044757366180e-03,0.000000000000000000e+00,0.000000000000000000e+00,1.000000000000000000e+00,0.000000000000000000e+00,5.490666503906250000e+02,0.000000000000000000e+00
1.000000000000000056e-01,-1.390647888183593750e-02,-3.471374511718750000e-04,-1.219058036804199219e-02,3.125031664967536926e-02,2.170422300696372986e-02,1.500112749636173248e-02,1.637703925371170044e-02,4.805872682482004166e-03,0.000000000000000000e+00,0.000000000000000000e+00,1.000000000000000000e+00,0.000000000000000000e+00,5.532911987304687500e+02,0.000000000000000000e+00
1.199999999999999956e-01,-1.740264892578125000e-02,-1.358032226562500000e-03,-1.528847217559814453e-02,3.277709707617759705e-02,2.408158592879772186e-02,1.685151830315589905e-02,2.292019128799438477e-02,4.460655618458986282e-03,0.000000000000000000e+00,0.000000000000000000e+00,1.000000000000000000e+00,0.000000000000000000e+00,5.301188354492187500e+02,0.000000000000000000e+00
1.400000000000000133e-01,-1.889038085937500000e-02,-2.523422241210937500e-03,-1.727294921875000000e-02,3.221951052546501160e-02,2.583016268908977509e-02,1.754446513950824738e-02,2.710575796663761139e-02,4.111151210963726044e-03,0.000000000000000000e+00,0.000000000000000000e+00,0.000000000000000000e+00,0.000000000000000000e+00,5.216661376953125000e+02,1.171875000000000000e-02
1.600000000000000033e-01,-1.852226257324218750e-02,-3.480911254882812500e-03,-1.811873912811279297e-02,2.870520390570163727e-02,2.742432616651058197e-02,1.732614077627658844e-02,3.258810937404632568e-02,4.004870541393756866e-03,0.000000000000000000e+00,0.000000000000000000e+00,0.000000000000000000e+00,0.000000000000000000e+00,5.233677368164062500e+02,7.812500000000000000e-03
1.799999999999999933e-01,-1.747512817382812500e-02,-4.743576049804687500e-03,-1.784449815750122070e-02,2.622229978442192078e-02,2.811565436422824860e-02,1.514961849898099899e-02,3.377030417323112488e-02,4.044350702315568924e-03,0.000000000000000000e+00,0.000000000000000000e+00,1.000000000000000000e+00,0.000000000000000000e+00,5.483164672851562500e+02,0.000000000000000000e+00
2.000000000000000111e-01,-1.607513427734375000e-02,-5.683898925781250000e-03,-1.797729730606079102e-02,2.259862981736660004e-02,2.829412184655666351e-02,1.096383202821016312e-02,3.945304453372955322e-02,4.146231804043054581e-03,0.000000000000000000e+00,0.000000000000000000e+00,0.000000000000000000e+00,0.000000000000000000e+00,5.390781250000000000e+02,0.000000000000000000e+00
2.200000000000000011e-01,-1.473617553710937500e-02,-6.101608276367187500e-03,-1.897072792053222656e-02,1.849039457738399506e-02,2.789239585399627686e-02,1.068882923573255539e-02,4.472640156745910645e-02,4.441591911017894745e-03,0.000000000000000000e+00,0.000000000000000000e+00,0.000000000000000000e+00,0.000000000000000000e+00,5.582922973632812500e+02,0.000000000000000000e+00
2.399999999999999911e-01,-1.363945007324218750e-02,-6.069183349609375000e-03,-2.056449651718139648e-02,1.544084679335355759e-02,2.687558159232139587e-02,1.662066578865051270e-02,4.816108942031860352e-02,4.458658862859010696e-03,0.000000000000000000e+00,0.000000000000000000e+00,0.000000000000000000e+00,0.000000000000000000e+00,5.430568237304687500e+02,0.000000000000000000e+00
2.600000000000000089e-01,-1.221275329589843750e-02,-5.670547485351562500e-03,-2.214640378952026367e-02,1.184020843356847763e-02,2.634963393211364746e-02,1.652802154421806335e-02,5.038001015782356262e-02,4.839717410504817963e-03,0.000000000000000000e+00,0.000000000000000000e+00,0.000000000000000000e+00,0.000000000000000000e+00,5.093476562500000000e+02,0.000000000000000000e+00
2.800000000000000266e-01,-1.027870178222656250e-02,-5.004882812500000000e-03,-2.380311489105224609e-02,6.059413310140371323e-03,2.564822509884834290e-02,1.171494554728269577e-02,5.276272445917129517e-02,4.898716695606708527e-03,0.000000000000000000e+00,0.000000000000000000e+00,0.000000000000000000e+00,0.000000000000000000e+00,5.448510131835937500e+02,0.000000000000000000e+00
2.999999999999999889e-01,-7.747650146484375000e-03,-4.121780395507812500e-03,-2.486532926559448242e-02,6.835940759629011154e-03,2.490778826177120209e-02,8.121772669255733490e-03,5.126935988664627075e-02,4.805253818631172180e-03,0.000000000000000000e+00,0.000000000000000000e+00,0.000000000000000000e+00,0.000000000000000000e+00,5.158233642578125000e+02,0.000000000000000000e+00
3.200000000000000067e-01,-4.568099975585937500e-03,-2.761840820312500000e-03,-2.491247653961181641e-02,1.416860241442918777e-02,2.412156015634536743e-02,8.043575100600719452e-03,4.836406931281089783e-02,4.949293099343776703e-03,0.000000000000000000e+00,0.000000000000000000e+00,0.000000000000000000e+00,0.000000000000000000e+00,5.227289428710937500e+02,0.000000000000000000e+00
3.400000000000000244e-01,-6.694793701171875000e-04,-8.563995361328125000e-04,-2.416366338729858398e-02,1.908681169152259827e-02,2.211073040962219238e-02,1.006483659148216248e-02,4.396946728229522705e-02,5.081984680145978928e-03,0.000000000000000000e+00,0.000000000000000000e+00,1.000000000000000000e+00,0.000000000000000000e+00,5.461557006835937500e+02,0.000000000000000000e+00
3.599999999999999867e-01,4.434585571289062500e-03,1.934051513671875000e-03,-2.282786369323730469e-02,2.301677502691745758e-02,1.927865855395793915e-02,1.254479773342609406e-02,4.138037189841270447e-02,4.633469507098197937e-03,0.000000000000000000e+00,0.000000000000000000e+00,1.000000000000000000e+00,0.000000000000000000e+00,5.497905273437500000e+02,0.000000000000000000e+00
3.800000000000000044e-01,1.045036315917968750e-02,5.432128906250000000e-03,-2.077144384384155273e-02,2.876328863203525543e-02,1.768328808248043060e-02,1.540830172598361969e-02,4.163258895277976990e-02,4.382830578833818436e-03,0.000000000000000000e+00,0.000000000000000000e+00,1.000000000000000000e+00,0.000000000000000000e+00,5.437169189453125000e+02,0.000000000000000000e+00
4.000000000000000222e-01,1.571273803710937500e-02,8.459091186523437500e-03,-1.784247159957885742e-02,4.193045571446418762e-02,1.700560934841632843e-02,1.795180141925811768e-02,4.956700652837753296e-02,4.179465584456920624e-03,1.000000000000000000e+00,0.000000000000000000e+00,1.000000000000000000e+00,0.000000000000000000e+00,5.445173339843750000e+02,0.000000000000000000e+00
4.199999999999999845e-01,1.742935180664062500e-02,9.452819824218750000e-03,-1.504611968994140625e-02,4.981554672122001648e-02,1.675430312752723694e-02,2.702274173498153687e-02,5.635307356715202332e-02,3.996951039880514145e-03,0.000000000000000000e+00,0.000000000000000000e+00,0.000000000000000000e+00,0.000000000000000000e+00,5.293459472656250000e+02,0.000000000000000000e+00
4.400000000000000022e-01,1.721954345703125000e-02,9.893417358398437500e-03,-1.416802406311035156e-02,4.736186936497688293e-02,1.682541519403457642e-02,3.015739470720291138e-02,5.634157359600067139e-02,3.852847497910261154e-03,0.000000000000000000e+00,0.000000000000000000e+00,0.000000000000000000e+00,0.000000000000000000e+00,5.565614013671875000e+02,0.000000000000000000e+00
4.600000000000000200e-01,1.557159423828125000e-02,1.140785217285156250e-02,-1.372146606445312500e-02,4.581625387072563171e-02,1.617992855608463287e-02,3.375676274299621582e-02,5.724566429853439331e-02,3.228248562663793564e-03,1.000000000000000000e+00,0.000000000000000000e+00,0.000000000000000000e+00,0.000000000000000000e+00,5.284327392578125000e+02,0.000000000000000000e+00
4.799999999999999822e-01,1.124763488769531250e-02,1.385498046875000000e-02,-1.386457681655883789e-02,3.873211145401000977e-02,1.542639732360839844e-02,3.822208940982818604e-02,5.620678514242172241e-02,3.567931475117802620e-03,0.000000000000000000e+00,1.000000000000000000e+00,0.000000000000000000e+00,1.000000000000000000e+00,5.364693603515625000e+02,0.000000000000000000e+00
5.000000000000000000e-01,5.670547485351562500e-03,1.913261413574218750e-02,-1.639348268508911133e-02,3.681316971778869629e-02,1.995882764458656311e-02,4.348116740584373474e-02,5.647686868906021118e-02,2.818766050040721893e-02,0.000000000000000000e+00,0.000000000000000000e+00,0.000000000000000000e+00,1.000000000000000000e+00,5.408958740234375000e+02,0.000000000000000000e+00
5.200000000000000178e-01,-6.618499755859375000e-04,2.337455749511718750e-02,-1.760101318359375000e-02,2.796472236514091492e-02,3.045349568128585815e-02,4.686431214213371277e-02,5.623419955372810364e-02,4.289413988590240479e-02,0.000000000000000000e+00,0.000000000000000000e+00,0.000000000000000000e+00,1.000000000000000000e+00,5.300313720703125000e+02,0.000000000000000000e+00
5.400000000000000355e-01,-5.546569824218750000e-03,2.597427368164062500e-02,-1.810139417648315430e-02,1.660161092877388000e-02,3.853784501552581787e-02,4.940387606620788574e-02,5.601897835731506348e-02,4.847239702939987183e-02,0.000000000000000000e+00,0.000000000000000000e+00,0.000000000000000000e+00,1.000000000000000000e+00,5.471162109375000000e+02,0.000000000000000000e+00
5.600000000000000533e-01,-8.260726928710937500e-03,2.911949157714843750e-02,-1.741898059844970703e-02,2.789643034338951111e-02,4.554285481572151184e-02,5.115749686956405640e-02,5.602077022194862366e-02,5.968596786260604858e-02,0.000000000000000000e+00,0.000000000000000000e+00,0.000000000000000000e+00,1.000000000000000000e+00,5.440811157226562500e+02,0.000000000000000000e+00
5.799999999999999600e-01,-1.038742065429687500e-02,2.884483337402343750e-02,-1.665222644805908203e-02,2.842139638960361481e-02,5.029395222663879395e-02,5.200952291488647461e-02,5.579808354377746582e-02,5.896465852856636047e-02,0.000000000000000000e+00,0.000000000000000000e+00,0.000000000000000000e+00,1.000000000000000000e+00,5.605484008789062500e+02,0.000000000000000000e+00
5.999999999999999778e-01,-1.090812683105468750e-02,2.939414978027343750e-02,-1.716107130050659180e-02,3.727018833160400391e-02,5.548695847392082214e-02,5.215516686439514160e-02,5.611158162355422974e-02,6.287983804941177368e-02,0.000000000000000000e+00,0.000000000000000000e+00,0.000000000000000000e+00,0.000000000000000000e+00,5.300045776367187500e+02,0.000000000000000000e+00
6.199999999999999956e-01,-1.109123229980468750e-02,3.011894226074218750e-02,-1.836740970611572266e-02,4.206103831529617310e-02,5.914274230599403381e-02,5.192839354276657104e-02,5.717010796070098877e-02,6.443849951028823853e-02,0.000000000000000000e+00,0.000000000000000000e+00,0.000000000000000000e+00,0.000000000000000000e+00,5.243926391601562500e+02,0.000000000000000000e+00
6.400000000000000133e-01,-1.093482971191406250e-02,3.081512451171875000e-02,-1.893001794815063477e-02,4.303611442446708679e-02,6.141990795731544495e-02,5.204215645790100098e-02,5.897250398993492126e-02,6.371104717254638672e-02,0.000000000000000000e+00,0.000000000000000000e+00,0.000000000000000000e+00,0.000000000000000000e+00,5.229312744140625000e+02,3.906250000000000000e-03
6.600000000000000311e-01,-1.054382324218750000e-02,3.169441223144531250e-02,-1.818656921386718750e-02,4.238855466246604919e-02,6.168742850422859192e-02,5.199870839715003967e-02,6.137528643012046814e-02,6.489247828722000122e-02,0.000000000000000000e+00,0.000000000000000000e+00,0.000000000000000000e+00,0.000000000000000000e+00,5.250385742187500000e+02,3.906250000000000000e-03
6.800000000000000488e-01,-1.013183593750000000e-02,3.138351440429687500e-02,-1.633006334304809570e-02,4.056626185774803162e-02,6.192496791481971741e-02,5.112441629171371460e-02,6.208789348602294922e-02,6.525037437677383423e-02,0.000000000000000000e+00,0.000000000000000000e+00,1.000000000000000000e+00,0.000000000000000000e+00,5.202639160156250000e+02,0.000000000000000000e+00
7.000000000000000666e-01,-9.504318237304687500e-03,3.005027770996093750e-02,-1.459175348281860352e-02,2.793059684336185455e-02,6.095049157738685608e-02,4.969805479049682617e-02,6.451448798179626465e-02,6.123134493827819824e-02,0.000000000000000000e+00,0.000000000000000000e+00,0.000000000000000000e+00,0.000000000000000000e+00,5.385472412109375000e+02,3.906250000000000000e-03
7.199999999999999734e-01,-5.781173706054687500e-03,3.260803222656250000e-02,-1.164376735687255859e-02,4.865812510251998901e-02,6.401836872100830078e-02,4.816374182701110840e-02,6.627804785966873169e-02,7.574386894702911377e-02,0.000000000000000000e+00,0.000000000000000000e+00,0.000000000000000000e+00,0.000000000000000000e+00,5.408896484375000000e+02,0.000000000000000000e+00
7.399999999999999911e-01,-2.363204956054687500e-03,3.372383117675781250e-02,-9.102821350097656250e-03,4.270239546895027161e-02,6.200556084513664246e-02,4.704295471310615540e-02,7.000521570444107056e-02,7.891139388084411621e-02,0.000000000000000000e+00,0.000000000000000000e+00,0.000000000000000000e+00,0.000000000000000000e+00,5.216871948242187500e+02,0.000000000000000000e+00
7.600000000000000089e-01,3.000259399414062500e-03,3.566169738769531250e-02,-7.034182548522949219e-03,4.920875281095504761e-02,5.774399638175964355e-02,4.663886129856109619e-02,7.063515484333038330e-02,8.857873082160949707e-02,0.000000000000000000e+00,0.000000000000000000e+00,0.000000000000000000e+00,0.000000000000000000e+00,5.789479370117187500e+02,3.906250000000000000e-03
7.800000000000000266e-01,9.328842163085937500e-03,3.621864318847656250e-02,-6.705045700073242188e-03,4.821013286709785461e-02,4.998227953910827637e-02,4.692404344677925110e-02,7.125883549451828003e-02,9.584968537092208862e-02,0.000000000000000000e+00,0.000000000000000000e+00,0.000000000000000000e+00,1.000000000000000000e+00,5.708669433593750000e+02,3.906250000000000000e-03
8.000000000000000444e-01,1.432228088378906250e-02,3.642463684082031250e-02,-6.168782711029052734e-03,5.237293243408203125e-02,4.162671789526939392e-02,4.734731093049049377e-02,7.206790894269943237e-02,1.035217642784118652e-01,0.000000000000000000e+00,1.000000000000000000e+00,0.000000000000000000e+00,1.000000000000000000e+00,5.237161865234375000e+02,0.000000000000000000e+00
8.200000000000000622e-01,1.587295532226562500e-02,3.409385681152343750e-02,-5.942046642303466797e-03,5.737449601292610168e-02,2.982294373214244843e-02,4.767579585313796997e-02,7.174946367740631104e-02,1.072711125016212463e-01,0.000000000000000000e+00,1.000000000000000000e+00,0.000000000000000000e+00,0.000000000000000000e+00,5.330320434570312500e+02,0.000000000000000000e+00
8.399999999999999689e-01,1.315307617187500000e-02,2.845001220703125000e-02,-6.598412990570068359e-03,6.450399011373519897e-02,2.326626144349575043e-02,4.859054088592529297e-02,7.130846381187438965e-02,1.055464297533035278e-01,1.000000000000000000e+00,1.000000000000000000e+00,0.000000000000000000e+00,0.000000000000000000e+00,5.406704711914062500e+02,1.562500000000000000e-02
8.599999999999999867e-01,1.054954528808593750e-02,2.322006225585937500e-02,-5.700588226318359375e-03,7.377506047487258911e-02,2.571926638484001160e-02,4.926179349422454834e-02,7.078278064727783203e-02,1.044268161058425903e-01,0.000000000000000000e+00,1.000000000000000000e+00,0.000000000000000000e+00,0.000000000000000000e+00,5.589713745117187500e+02,3.906250000000000000e-03
8.800000000000000044e-01,5.006790161132812500e-03,1.961135864257812500e-02,-3.855288028717041016e-03,8.239379525184631348e-02,2.632533013820648193e-02,4.910397902131080627e-02,7.031772285699844360e-02,1.039947941899299622e-01,0.000000000000000000e+00,1.000000000000000000e+00,0.000000000000000000e+00,0.000000000000000000e+00,5.195066528320312500e+02,1.171875000000000000e-02
9.000000000000000222e-01,-3.320693969726562500e-03,1.865577697753906250e-02,-4.425823688507080078e-03,8.554358780384063721e-02,2.960020489990711212e-02,4.638849571347236633e-02,6.967180967330932617e-02,1.034785211086273193e-01,0.000000000000000000e+00,0.000000000000000000e+00,0.000000000000000000e+00,0.000000000000000000e+00,5.441813354492187500e+02,0.000000000000000000e+00
9.200000000000000400e-01,-1.017570495605468750e-02,1.940155029296875000e-02,-5.062580108642578125e-03,9.124728292226791382e-02,3.393932431936264038e-02,5.181850492954254150e-02,7.731745392084121704e-02,1.031875759363174438e-01,1.000000000000000000e+00,0.000000000000000000e+00,0.000000000000000000e+00,0.000000000000000000e+00,5.375568237304687500e+02,0.000000000000000000e+00
9.400000000000000577e-01,-1.720428466796875000e-02,2.075004577636718750e-02,-5.741596221923828125e-03,9.298717975616455078e-02,3.884339705109596252e-02,5.404600501060485840e-02,7.954344153404235840e-02,1.032694205641746521e-01,0.000000000000000000e+00,0.000000000000000000e+00,0.000000000000000000e+00,0.000000000000000000e+00,5.452094726562500000e+02,0.000000000000000000e+00
9.599999999999999645e-01,-2.176666259765625000e-02,2.255821228027343750e-02,-5.570948123931884766e-03,9.405574202537536621e-02,4.117209464311599731e-02,5.191358551383018494e-02,8.112669736146926880e-02,1.038258150219917297e-01,0.000000000000000000e+00,0.000000000000000000e+00,0.000000000000000000e+00,0.000000000000000000e+00,5.487213134765625000e+02,0.000000000000000000e+00
9.799999999999999822e-01,-2.359008789062500000e-02,2.455902099609375000e-02,-4.421889781951904297e-03,9.323819726705551147e-02,4.369425401091575623e-02,4.729928821325302124e-02,8.326239138841629028e-02,1.037079915404319763e-01,0.000000000000000000e+00,0.000000000000000000e+00,0.000000000000000000e+00,0.000000000000000000e+00,5.322771606445312500e+02,0.000000000000000000e+00
1.000000000000000000e+00,-2.346992492675781250e-02,2.637863159179687500e-02,-2.906441688537597656e-03,9.155519306659698486e-02,4.521481320261955261e-02,4.315336421132087708e-02,8.695960044860839844e-02,1.035148724913597107e-01,0.000000000000000000e+00,0.000000000000000000e+00,0.000000000000000000e+00,0.000000000000000000e+00,5.487183837890625000e+02,0.000000000000000000e+00
1.020000000000000018e+00,-2.233505249023437500e-02,2.797889709472656250e-02,-1.593112945556640625e-03,9.003956615924835205e-02,4.543357715010643005e-02,4.119070991873741150e-02,9.177114069461822510e-02,1.032099053263664246e-01,0.000000000000000000e+00,0.000000000000000000e+00,0.000000000000000000e+00,0.000000000000000000e+00,5.703704223632812500e+02,0.000000000000000000e+00
1.040000000000000036e+00,-2.109146118164062500e-02,2.947998046875000000e-02,-7.925033569335937500e-04,8.927879482507705688e-02,4.485423117876052856e-02,4.061708226799964905e-02,9.655313938856124878e-02,1.030592471361160278e-01,0.000000000000000000e+00,0.000000000000000000e+00,0.000000000000000000e+00,0.000000000000000000e+00,5.372714233398437500e+02,0.000000000000000000e+00
1.060000000000000053e+00,-1.995658874511718750e-02,3.088378906250000000e-02,-3.103613853454589844e-04,8.882349729537963867e-02,4.375408217310905457e-02,4.027016833424568176e-02,1.005344167351722717e-01,1.030034124851226807e-01,0.000000000000000000e+00,0.000000000000000000e+00,0.000000000000000000e+00,0.000000000000000000e+00,5.524920654296875000e+02,3.906250000000000000e-03
1.080000000000000071e+00,-1.869583129882812500e-02,3.219985961914062500e-02,2.967715263366699219e-04,8.849531412124633789e-02,4.247018322348594666e-02,3.734117001295089722e-02,1.038789600133895874e-01,1.029988154768943787e-01,0.000000000000000000e+00,0.000000000000000000e+00,0.000000000000000000e+00,0.000000000000000000e+00,5.221873168945312500e+02,0.000000000000000000e+00
1.100000000000000089e+00,-1.733398437500000000e-02,3.359413146972656250e-02,1.030027866363525391e-03,8.701962232589721680e-02,4.040745645761489868e-02,3.167389333248138428e-02,1.072446554899215698e-01,1.030085980892181396e-01,0.000000000000000000e+00,0.000000000000000000e+00,0.000000000000000000e+00,0.000000000000000000e+00,5.580453491210937500e+02,0.000000000000000000e+00
1.120000000000000107e+00,-1.586914062500000000e-02,3.509902954101562500e-02,1.699030399322509766e-03,8.195265382528305054e-02,3.725954145193099976e-02,2.784124761819839478e-02,1.087042465806007385e-01,1.018372699618339539e-01,0.000000000000000000e+00,0.000000000000000000e+00,0.000000000000000000e+00,0.000000000000000000e+00,5.483967895507812500e+02,1.171875000000000000e-02
1.140000000000000124e+00,-1.419258117675781250e-02,3.691291809082031250e-02,1.682579517364501953e-03,7.525046169757843018e-02,3.397659584879875183e-02,2.666884474456310272e-02,1.086886152625083923e-01,1.001604646444320679e-01,0.000000000000000000e+00,0.000000000000000000e+00,0.000000000000000000e+00,0.000000000000000000e+00,5.529512939453125000e+02,0.000000000000000000e+00
1.159999999999999920e+00,-1.194381713867187500e-02,3.946113586425781250e-02,6.446838378906250000e-04,6.698848307132720947e-02,3.112089261412620544e-02,2.650936320424079895e-02,1.073872968554496765e-01,9.827199578285217285e-02,0.000000000000000000e+00,0.000000000000000000e+00,0.000000000000000000e+00,0.000000000000000000e+00,5.411144409179687500e+02,0.000000000000000000e+00
1.179999999999999938e+00,-8.596420288085937500e-03,4.333114624023437500e-02,-1.618683338165283203e-03,5.766054987907409668e-02,2.799507975578308105e-02,2.742878533899784088e-02,1.041977852582931519e-01,9.453511983156204224e-02,0.000000000000000000e+00,0.000000000000000000e+00,0.000000000000000000e+00,0.000000000000000000e+00,5.781857910156250000e+02,0.000000000000000000e+00
1.199999999999999956e+00,-3.923416137695312500e-03,4.880714416503906250e-02,-5.195140838623046875e-03,5.059916153550148010e-02,2.603546902537345886e-02,2.830348536372184753e-02,1.018111631274223328e-01,9.108569473028182983e-02,1.000000000000000000e+00,0.000000000000000000e+00,0.000000000000000000e+00,0.000000000000000000e+00,5.572941284179687500e+02,0.000000000000000000e+00
1.219999999999999973e+00,6.599426269531250000e-04,5.489730834960937500e-02,-9.041726589202880859e-03,5.134761333465576172e-02,2.483905851840972900e-02,3.070799633860588074e-02,1.051237061619758606e-01,8.953727036714553833e-02,0.000000000000000000e+00,0.000000000000000000e+00,0.000000000000000000e+00,0.000000000000000000e+00,5.523812255859375000e+02,0.000000000000000000e+00
1.239999999999999991e+00,4.167556762695312500e-03,5.963134765625000000e-02,-1.064980030059814453e-02,6.889087706804275513e-02,2.451785653829574585e-02,3.659614920616149902e-02,1.246791630983352661e-01,8.998502790927886963e-02,0.000000000000000000e+00,0.000000000000000000e+00,1.000000000000000000e+00,0.000000000000000000e+00,5.402124633789062500e+02,0.000000000000000000e+00
1.260000000000000009e+00,3.480911254882812500e-03,6.045532226562500000e-02,-1.364457607269287109e-02,7.475764304399490356e-02,2.487119100987911224e-02,4.544729739427566528e-02,1.227246969938278198e-01,9.050870686769485474e-02,0.000000000000000000e+00,1.000000000000000000e+00,0.000000000000000000e+00,0.000000000000000000e+00,5.323166503906250000e+02,0.000000000000000000e+00
1.280000000000000027e+00,3.023147583007812500e-03,6.212425231933593750e-02,-1.640188694000244141e-02,7.434821128845214844e-02,2.524903789162635803e-02,6.126187369227409363e-02,1.213650330901145935e-01,9.090759605169296265e-02,0.000000000000000000e+00,0.000000000000000000e+00,0.000000000000000000e+00,0.000000000000000000e+00,5.336990356445312500e+02,0.000000000000000000e+00
1.300000000000000044e+00,1.850128173828125000e-04,6.442832946777343750e-02,-1.666134595870971680e-02,7.331136614084243774e-02,2.526883780956268311e-02,6.459051370620727539e-02,1.217385903000831604e-01,9.108243882656097412e-02,1.000000000000000000e+00,0.000000000000000000e+00,0.000000000000000000e+00,1.000000000000000000e+00,5.444501953125000000e+02,0.000000000000000000e+00
1.320000000000000062e+00,-5.088806152343750000e-03,6.811332702636718750e-02,-1.722711324691772461e-02,7.593504339456558228e-02,2.560968697071075439e-02,6.772107630968093872e-02,1.217230558395385742e-01,1.075455918908119202e-01,0.000000000000000000e+00,0.000000000000000000e+00,0.000000000000000000e+00,1.000000000000000000e+00,5.351069946289062500e+02,0.000000000000000000e+00
1.340000000000000080e+00,-1.119613647460937500e-02,7.222938537597656250e-02,-1.788431406021118164e-02,8.178078383207321167e-02,3.593528643250465393e-02,7.038642466068267822e-02,1.213585138320922852e-01,1.336376518011093140e-01,0.000000000000000000e+00,0.000000000000000000e+00,0.000000000000000000e+00,1.000000000000000000e+00,5.622683715820312500e+02,0.000000000000000000e+00
1.360000000000000098e+00,-1.626014709472656250e-02,7.517433166503906250e-02,-1.739615201950073242e-02,8.385413885116577148e-02,4.712168872356414795e-02,7.249543070793151855e-02,1.207772940397262573e-01,1.457788795232772827e-01,0.000000000000000000e+00,0.000000000000000000e+00,0.000000000000000000e+00,1.000000000000000000e+00,5.270708007812500000e+02,0.000000000000000000e+00
1.380000000000000115e+00,-1.953315734863281250e-02,7.655525207519531250e-02,-1.737719774246215820e-02,8.559096604585647583e-02,5.406166613101959229e-02,7.361937314271926880e-02,1.205518022179603577e-01,1.521394103765487671e-01,0.000000000000000000e+00,0.000000000000000000e+00,0.000000000000000000e+00,1.000000000000000000e+00,5.245372314453125000e+02,0.000000000000000000e+00
1.400000000000000133e+00,-2.166366577148437500e-02,7.695770263671875000e-02,-1.800262928009033203e-02,8.997597545385360718e-02,5.851811170578002930e-02,7.334018498659133911e-02,1.204247847199440002e-01,1.564592123031616211e-01,0.000000000000000000e+00,0.000000000000000000e+00,0.000000000000000000e+00,1.000000000000000000e+00,5.104338684082031250e+02,0.000000000000000000e+00
1.419999999999999929e+00,-2.292823791503906250e-02,7.685089111328125000e-02,-1.905369758605957031e-02,9.518751502037048340e-02,6.187745556235313416e-02,7.240316271781921387e-02,1.201676949858665466e-01,1.595478206872940063e-01,0.000000000000000000e+00,0.000000000000000000e+00,0.000000000000000000e+00,1.000000000000000000e+00,5.380397949218750000e+02,0.000000000000000000e+00
1.439999999999999947e+00,-2.346801757812500000e-02,7.649612426757812500e-02,-1.993441581726074219e-02,9.862104803323745728e-02,6.474667042493820190e-02,7.176737487316131592e-02,1.199226900935173035e-01,1.626674085855484009e-01,0.000000000000000000e+00,0.000000000000000000e+00,0.000000000000000000e+00,1.000000000000000000e+00,5.423331298828125000e+02,3.906250000000000000e-03
1.459999999999999964e+00,-2.400016784667968750e-02,7.574081420898437500e-02,-2.065038681030273438e-02,9.936795383691787720e-02,6.581593304872512817e-02,7.059679180383682251e-02,1.201541498303413391e-01,1.647172868251800537e-01,0.000000000000000000e+00,0.000000000000000000e+00,0.000000000000000000e+00,1.000000000000000000e+00,5.547279663085937500e+02,0.000000000000000000e+00
1.479999999999999982e+00,-2.411270141601562500e-02,7.523155212402343750e-02,-2.232497930526733398e-02,1.002569124102592468e-01,6.454601138830184937e-02,6.945623457431793213e-02,1.194753572344779968e-01,1.664914935827255249e-01,0.000000000000000000e+00,0.000000000000000000e+00,0.000000000000000000e+00,0.000000000000000000e+00,5.192825927734375000e+02,0.000000000000000000e+00
1.500000000000000000e+00,-2.397727966308593750e-02,7.348060607910156250e-02,-2.393174171447753906e-02,9.412924945354461670e-02,5.819609761238098145e-02,6.866653263568878174e-02,1.201309859752655029e-01,1.616262048482894897e-01,0.000000000000000000e+00,0.000000000000000000e+00,0.000000000000000000e+00,0.000000000000000000e+00,5.542189941406250000e+02,0.000000000000000000e+00
1.520000000000000018e+00,-2.259063720703125000e-02,7.296562194824218750e-02,-2.647346258163452148e-02,9.332513064146041870e-02,4.976681619882583618e-02,6.794665753841400146e-02,1.199041754007339478e-01,1.612746864557266235e-01,0.000000000000000000e+00,0.000000000000000000e+00,0.000000000000000000e+00,1.000000000000000000e+00,5.389786376953125000e+02,0.000000000000000000e+00
1.540000000000000036e+00,-2.104187011718750000e-02,7.341575622558593750e-02,-2.783268690109252930e-02,9.319726377725601196e-02,3.934581950306892395e-02,6.664117425680160522e-02,1.239493787288665771e-01,1.609418988227844238e-01,0.000000000000000000e+00,0.000000000000000000e+00,0.000000000000000000e+00,1.000000000000000000e+00,5.363075561523437500e+02,0.000000000000000000e+00
1.560000000000000053e+00,-1.848220825195312500e-02,7.453155517578125000e-02,-2.796888351440429688e-02,9.266858547925949097e-02,2.895331010222434998e-02,6.516369432210922241e-02,1.253187507390975952e-01,1.607207953929901123e-01,0.000000000000000000e+00,0.000000000000000000e+00,0.000000000000000000e+00,1.000000000000000000e+00,5.242774658203125000e+02,0.000000000000000000e+00
1.580000000000000071e+00,-1.430130004882812500e-02,7.611465454101562500e-02,-2.776283025741577148e-02,9.020893275737762451e-02,1.824507489800453186e-02,6.347803026437759399e-02,1.263456046581268311e-01,1.609948575496673584e-01,0.000000000000000000e+00,0.000000000000000000e+00,0.000000000000000000e+00,1.000000000000000000e+00,5.704370727539062500e+02,3.906250000000000000e-03
1.600000000000000089e+00,-8.132934570312500000e-03,7.806968688964843750e-02,-2.672064304351806641e-02,8.872140944004058838e-02,1.343968883156776428e-02,6.175267323851585388e-02,1.271668225526809692e-01,1.622274518013000488e-01,0.000000000000000000e+00,0.000000000000000000e+00,0.000000000000000000e+00,1.000000000000000000e+00,5.576597290039062500e+02,1.562500000000000000e-02
1.620000000000000107e+00,-8.831024169921875000e-04,8.014678955078125000e-02,-2.476006746292114258e-02,8.948958665132522583e-02,2.124826237559318542e-02,6.007151678204536438e-02,1.277572065591812134e-01,1.645309329032897949e-01,0.000000000000000000e+00,0.000000000000000000e+00,0.000000000000000000e+00,1.000000000000000000e+00,5.353230590820312500e+02,1.562500000000000000e-02
1.640000000000000124e+00,4.869461059570312500e-03,8.154869079589843750e-02,-2.236163616180419922e-02,9.245213866233825684e-02,3.175951167941093445e-02,5.871012806892395020e-02,1.278664171695709229e-01,1.689547151327133179e-01,0.000000000000000000e+00,0.000000000000000000e+00,0.000000000000000000e+00,1.000000000000000000e+00,5.527506713867187500e+02,3.125000000000000000e-02
1.660000000000000142e+00,5.977630615234375000e-03,7.949256896972656250e-02,-1.980406045913696289e-02,9.597603976726531982e-02,3.338460624217987061e-02,5.790650844573974609e-02,1.277499198913574219e-01,1.719219386577606201e-01,0.000000000000000000e+00,0.000000000000000000e+00,0.000000000000000000e+00,0.000000000000000000e+00,5.515954589843750000e+02,5.468750000000000000e-02
1.679999999999999938e+00,5.659103393554687500e-03,7.559204101562500000e-02,-1.689964532852172852e-02,1.014559343457221985e-01,3.213334828615188599e-02,5.791590362787246704e-02,1.274505108594894409e-01,1.714920252561569214e-01,0.000000000000000000e+00,0.000000000000000000e+00,0.000000000000000000e+00,0.000000000000000000e+00,5.280108032226562500e+02,8.203125000000000000e-02
1.699999999999999956e+00,2.967834472656250000e-03,7.245826721191406250e-02,-1.301836967468261719e-02,1.101795285940170288e-01,3.062792494893074036e-02,5.748878419399261475e-02,1.272227466106414795e-01,1.710898727178573608e-01,0.000000000000000000e+00,0.000000000000000000e+00,0.000000000000000000e+00,0.000000000000000000e+00,5.314814453125000000e+02,8.593750000000000000e-02
1.719999999999999973e+00,-2.887725830078125000e-03,6.997299194335937500e-02,-8.926272392272949219e-03,1.164733245968818665e-01,2.996619231998920441e-02,5.648906156420707703e-02,1.268822252750396729e-01,1.706726104021072388e-01,0.000000000000000000e+00,0.000000000000000000e+00,0.000000000000000000e+00,0.000000000000000000e+00,5.430964965820312500e+02,2.343750000000000000e-02
1.739999999999999991e+00,-9.721755981445312500e-03,6.987953186035156250e-02,-8.057832717895507812e-03,1.206623092293739319e-01,3.064820170402526855e-02,6.144608557224273682e-02,1.335697323083877563e-01,1.702928990125656128e-01,0.000000000000000000e+00,0.000000000000000000e+00,0.000000000000000000e+00,0.000000000000000000e+00,5.295310058593750000e+02,1.562500000000000000e-02
1.760000000000000009e+00,-1.628494262695312500e-02,6.997108459472656250e-02,-7.174789905548095703e-03,1.251233518123626709e-01,3.146642446517944336e-02,7.313413918018341064e-02,1.426209807395935059e-01,1.707226932048797607e-01,0.000000000000000000e+00,0.000000000000000000e+00,0.000000000000000000e+00,0.000000000000000000e+00,5.511940307617187500e+02,0.000000000000000000e+00
1.780000000000000027e+00,-2.098274230957031250e-02,7.048416137695312500e-02,-6.711661815643310547e-03,1.268240362405776978e-01,3.303071483969688416e-02,7.937473803758621216e-02,1.469045281410217285e-01,1.703670471906661987e-01,0.000000000000000000e+00,0.000000000000000000e+00,0.000000000000000000e+00,0.000000000000000000e+00,5.324387207031250000e+02,3.906250000000000000e-03
1.800000000000000044e+00,-2.304840087890625000e-02,7.130432128906250000e-02,-5.916297435760498047e-03,1.269669383764266968e-01,3.450168669223785400e-02,8.195111900568008423e-02,1.500294506549835205e-01,1.700364053249359131e-01,0.000000000000000000e+00,0.000000000000000000e+00,0.000000000000000000e+00,0.000000000000000000e+00,5.210249633789062500e+02,0.000000000000000000e+00
1.820000000000000062e+00,-2.304458618164062500e-02,7.211494445800781250e-02,-4.534363746643066406e-03,1.268842220306396484e-01,3.495320305228233337e-02,8.237923681735992432e-02,1.528668254613876343e-01,1.696297973394393921e-01,0.000000000000000000e+00,0.000000000000000000e+00,0.000000000000000000e+00,0.000000000000000000e+00,5.051856689453125000e+02,0.000000000000000000e+00
1.840000000000000080e+00,-2.178573608398437500e-02,7.261276245117187500e-02,-2.928316593170166016e-03,1.274676620960235596e-01,3.460129350423812866e-02,8.150837570428848267e-02,1.553985029458999634e-01,1.694957762956619263e-01,0.000000000000000000e+00,0.000000000000000000e+00,0.000000000000000000e+00,0.000000000000000000e+00,5.656715087890625000e+02,0.000000000000000000e+00
1.860000000000000098e+00,-2.018356323242187500e-02,7.274627685546875000e-02,-1.506090164184570312e-03,1.278489083051681519e-01,3.375287726521492004e-02,8.053696155548095703e-02,1.564870625734329224e-01,1.686936318874359131e-01,0.000000000000000000e+00,0.000000000000000000e+00,0.000000000000000000e+00,0.000000000000000000e+00,5.817266235351562500e+02,0.000000000000000000e+00
1.880000000000000115e+00,-1.874542236328125000e-02,7.261466979980468750e-02,-3.533363342285156250e-04,1.307076066732406616e-01,3.283166140317916870e-02,8.027560263872146606e-02,1.578171551227569580e-01,1.689112186431884766e-01,0.000000000000000000e+00,0.000000000000000000e+00,0.000000000000000000e+00,0.000000000000000000e+00,5.429019775390625000e+02,0.000000000000000000e+00
1.900000000000000133e+00,-1.736450195312500000e-02,7.217407226562500000e-02,7.346868515014648438e-04,1.327991932630538940e-01,3.214681521058082581e-02,7.959848642349243164e-02,1.580225825309753418e-01,1.686566174030303955e-01,0.000000000000000000e+00,0.000000000000000000e+00,0.000000000000000000e+00,0.000000000000000000e+00,5.390313110351562500e+02,3.906250000000000000e-03
1.919999999999999929e+00,-1.591682434082031250e-02,7.152748107910156250e-02,1.958847045898437500e-03,1.357963681221008301e-01,3.148160502314567566e-02,7.569524645805358887e-02,1.584971398115158081e-01,1.684553176164627075e-01,0.000000000000000000e+00,0.000000000000000000e+00,0.000000000000000000e+00,0.000000000000000000e+00,5.432982177734375000e+02,1.679687500000000000e-01
1.939999999999999947e+00,-1.435089111328125000e-02,7.084083557128906250e-02,3.072023391723632812e-03,1.397212296724319458e-01,3.115380741655826569e-02,7.024314254522323608e-02,1.583890169858932495e-01,1.683112084865570068e-01,0.000000000000000000e+00,0.000000000000000000e+00,0.000000000000000000e+00,0.000000000000000000e+00,5.475831909179687500e+02,2.773437500000000000e-01
1.959999999999999964e+00,-1.265907287597656250e-02,7.031822204589843750e-02,3.726363182067871094e-03,1.432744115591049194e-01,3.122758120298385620e-02,6.616000831127166748e-02,1.563566923141479492e-01,1.680600345134735107e-01,0.000000000000000000e+00,0.000000000000000000e+00,0.000000000000000000e+00,0.000000000000000000e+00,5.574434814453125000e+02,3.476562500000000000e-01
1.979999999999999982e+00,-1.047897338867187500e-02,7.047080993652343750e-02,3.576517105102539062e-03,1.449632793664932251e-01,3.243376314640045166e-02,6.375015527009963989e-02,1.525724083185195923e-01,1.676151603460311890e-01,0.000000000000000000e+00,0.000000000000000000e+00,0.000000000000000000e+00,0.000000000000000000e+00,5.289705200195312500e+02,2.890625000000000000e-01
2.000000000000000000e+00,-7.305145263671875000e-03,7.192420959472656250e-02,2.415716648101806641e-03,1.432794034481048584e-01,3.382022678852081299e-02,6.326548755168914795e-02,1.480690091848373413e-01,1.671490371227264404e-01,0.000000000000000000e+00,0.000000000000000000e+00,0.000000000000000000e+00,0.000000000000000000e+00,5.449644165039062500e+02,2.890625000000000000e-01
2.020000000000000018e+00,-2.559661865234375000e-03,7.511901855468750000e-02,6.139278411865234375e-06,1.378939300775527954e-01,3.491524234414100647e-02,6.446221470832824707e-02,1.444054394960403442e-01,1.655570417642593384e-01,0.000000000000000000e+00,0.000000000000000000e+00,0.000000000000000000e+00,0.000000000000000000e+00,5.409616699218750000e+02,3.164062500000000000e-01
2.040000000000000036e+00,3.202438354492187500e-03,7.927513122558593750e-02,-3.339529037475585938e-03,1.312649846076965332e-01,3.688777238130569458e-02,6.652215868234634399e-02,1.449709087610244751e-01,1.627516597509384155e-01,0.000000000000000000e+00,0.000000000000000000e+00,0.000000000000000000e+00,0.000000000000000000e+00,5.271440429687500000e+02,1.210937500000000000e-01
2.060000000000000053e+00,8.527755737304687500e-03,8.297729492187500000e-02,-6.559133529663085938e-03,1.293036788702011108e-01,3.848777711391448975e-02,6.755713373422622681e-02,1.579237133264541626e-01,1.594444662332534790e-01,1.000000000000000000e+00,1.000000000000000000e+00,0.000000000000000000e+00,0.000000000000000000e+00,5.330498657226562500e+02,1.171875000000000000e-01
2.080000000000000071e+00,9.571075439453125000e-03,8.440399169921875000e-02,-1.016753911972045898e-02,1.291707605123519897e-01,3.896482288837432861e-02,7.050384581089019775e-02,1.594218462705612183e-01,1.578380167484283447e-01,0.000000000000000000e+00,0.000000000000000000e+00,0.000000000000000000e+00,0.000000000000000000e+00,5.542370605468750000e+02,1.562500000000000000e-01
2.100000000000000089e+00,9.500503540039062500e-03,8.512878417968750000e-02,-1.555323600769042969e-02,1.251805424690246582e-01,3.851455077528953552e-02,7.095139473676681519e-02,1.528504937887191772e-01,1.548059731721878052e-01,1.000000000000000000e+00,0.000000000000000000e+00,0.000000000000000000e+00,0.000000000000000000e+00,5.575227661132812500e+02,6.640625000000000000e-02
2.120000000000000107e+00,8.310317993164062500e-03,8.752632141113281250e-02,-1.817691326141357422e-02,1.251519620418548584e-01,3.801377117633819580e-02,7.095241546630859375e-02,1.542279273271560669e-01,1.548684835433959961e-01,1.000000000000000000e+00,0.000000000000000000e+00,0.000000000000000000e+00,0.000000000000000000e+00,5.488872070312500000e+02,2.734375000000000000e-02
2.140000000000000124e+00,4.768371582031250000e-03,9.126663208007812500e-02,-1.878285408020019531e-02,1.201114133000373840e-01,3.727911412715911865e-02,7.197610288858413696e-02,1.536276340484619141e-01,1.543872952461242676e-01,0.000000000000000000e+00,0.000000000000000000e+00,0.000000000000000000e+00,1.000000000000000000e+00,5.414279785156250000e+02,1.171875000000000000e-02
2.160000000000000142e+00,-4.997253417968750000e-04,9.698486328125000000e-02,-2.237975597381591797e-02,1.354180723428726196e-01,3.101321496069431305e-02,7.282081991434097290e-02,1.556439101696014404e-01,1.888730973005294800e-01,0.000000000000000000e+00,0.000000000000000000e+00,0.000000000000000000e+00,1.000000000000000000e+00,5.102700500488281250e+02,7.812500000000000000e-03
2.180000000000000160e+00,-5.825042724609375000e-03,1.022357940673828125e-01,-2.402657270431518555e-02,1.440285593271255493e-01,2.999155968427658081e-02,7.388729602098464966e-02,1.578393429517745972e-01,2.084705084562301636e-01,0.000000000000000000e+00,0.000000000000000000e+00,0.000000000000000000e+00,1.000000000000000000e+00,5.159603271484375000e+02,7.812500000000000000e-03
2.200000000000000178e+00,-9.582519531250000000e-03,1.060504913330078125e-01,-2.448272705078125000e-02,1.524995863437652588e-01,3.435381874442100525e-02,7.487370073795318604e-02,1.598221659660339355e-01,2.180797010660171509e-01,0.000000000000000000e+00,0.000000000000000000e+00,0.000000000000000000e+00,1.000000000000000000e+00,5.362293701171875000e+02,0.000000000000000000e+00
2.220000000000000195e+00,-1.141357421875000000e-02,1.082820892333984375e-01,-2.368050813674926758e-02,1.611616164445877075e-01,4.239287972450256348e-02,7.514483481645584106e-02,1.602281779050827026e-01,2.232956737279891968e-01,0.000000000000000000e+00,0.000000000000000000e+00,0.000000000000000000e+00,1.000000000000000000e+00,5.671716918945312500e+02,0.000000000000000000e+00
2.240000000000000213e+00,-1.165962219238281250e-02,1.094226837158203125e-01,-2.172291278839111328e-02,1.682821959257125854e-01,5.288483574986457825e-02,7.570241391658782959e-02,1.603313237428665161e-01,2.276837974786758423e-01,0.000000000000000000e+00,0.000000000000000000e+00,0.000000000000000000e+00,1.000000000000000000e+00,5.614378051757812500e+02,3.906250000000000000e-03
2.260000000000000231e+00,-1.117134094238281250e-02,1.099109649658203125e-01,-1.889067888259887695e-02,1.707157194614410400e-01,6.265006214380264282e-02,7.544107735157012939e-02,1.604430079460144043e-01,2.310037612915039062e-01,0.000000000000000000e+00,0.000000000000000000e+00,0.000000000000000000e+00,1.000000000000000000e+00,5.199522705078125000e+02,0.000000000000000000e+00
2.280000000000000249e+00,-1.071929931640625000e-02,1.097431182861328125e-01,-1.628959178924560547e-02,1.679016202688217163e-01,7.036560773849487305e-02,7.485032826662063599e-02,1.599342674016952515e-01,2.304688245058059692e-01,0.000000000000000000e+00,0.000000000000000000e+00,0.000000000000000000e+00,0.000000000000000000e+00,5.731560058593750000e+02,3.906250000000000000e-03
2.300000000000000266e+00,-1.052284240722656250e-02,1.089935302734375000e-01,-1.445657014846801758e-02,1.598679870367050171e-01,7.495335489511489868e-02,7.473260164260864258e-02,1.601175069808959961e-01,2.237023264169692993e-01,0.000000000000000000e+00,0.000000000000000000e+00,0.000000000000000000e+00,0.000000000000000000e+00,5.551359252929687500e+02,1.953125000000000000e-02
2.319999999999999840e+00,-1.016044616699218750e-02,1.078662872314453125e-01,-1.289325952529907227e-02,1.477820724248886108e-01,7.721921801567077637e-02,7.535535097122192383e-02,1.603383868932723999e-01,2.122026681900024414e-01,0.000000000000000000e+00,0.000000000000000000e+00,0.000000000000000000e+00,0.000000000000000000e+00,5.413726806640625000e+02,4.296875000000000000e-02
2.339999999999999858e+00,-9.624481201171875000e-03,1.062450408935546875e-01,-1.163417100906372070e-02,1.313158720731735229e-01,7.762054353952407837e-02,7.558391243219375610e-02,1.624263674020767212e-01,1.970909386873245239e-01,0.000000000000000000e+00,0.000000000000000000e+00,0.000000000000000000e+00,0.000000000000000000e+00,5.373592529296875000e+02,3.906250000000000000e-02
2.359999999999999876e+00,-8.449554443359375000e-03,1.048374176025390625e-01,-1.097506284713745117e-02,1.126862689852714539e-01,7.635432481765747070e-02,7.553764432668685913e-02,1.644808650016784668e-01,1.819771081209182739e-01,0.000000000000000000e+00,0.000000000000000000e+00,0.000000000000000000e+00,0.000000000000000000e+00,5.214492187500000000e+02,3.906250000000000000e-03
2.379999999999999893e+00,-6.200790405273437500e-03,1.037940979003906250e-01,-1.170128583908081055e-02,9.374332427978515625e-02,7.299700379371643066e-02,7.562343031167984009e-02,1.662991493940353394e-01,1.677919179201126099e-01,0.000000000000000000e+00,0.000000000000000000e+00,0.000000000000000000e+00,0.000000000000000000e+00,5.577717285156250000e+02,3.906250000000000000e-03
2.399999999999999911e+00,-2.849578857421875000e-03,1.034984588623046875e-01,-1.417583227157592773e-02,7.856220752000808716e-02,6.832183152437210083e-02,7.502803206443786621e-02,1.670179218053817749e-01,1.563835591077804565e-01,0.000000000000000000e+00,0.000000000000000000e+00,0.000000000000000000e+00,0.000000000000000000e+00,5.316583251953125000e+02,0.000000000000000000e+00
2.419999999999999929e+00,1.539230346679687500e-03,1.035232543945312500e-01,-1.752507686614990234e-02,7.139979302883148193e-02,6.361278146505355835e-02,7.389950752258300781e-02,1.675074249505996704e-01,1.502864956855773926e-01,0.000000000000000000e+00,0.000000000000000000e+00,0.000000000000000000e+00,0.000000000000000000e+00,5.444111328125000000e+02,0.000000000000000000e+00
2.439999999999999947e+00,6.973266601562500000e-03,1.034908294677734375e-01,-2.056902647018432617e-02,7.184263318777084351e-02,6.031775847077369690e-02,7.270134985446929932e-02,1.673157662153244019e-01,1.507837623357772827e-01,0.000000000000000000e+00,0.000000000000000000e+00,0.000000000000000000e+00,1.000000000000000000e+00,5.504775390625000000e+02,0.000000000000000000e+00
2.459999999999999964e+00,1.207542419433593750e-02,1.032123565673828125e-01,-2.196478843688964844e-02,7.721192389726638794e-02,5.837696045637130737e-02,7.175191491842269897e-02,1.668914109468460083e-01,1.542448848485946655e-01,0.000000000000000000e+00,0.000000000000000000e+00,0.000000000000000000e+00,1.000000000000000000e+00,5.362551269531250000e+02,0.000000000000000000e+00
2.479999999999999982e+00,1.455116271972656250e-02,1.005401611328125000e-01,-2.212363481521606445e-02,8.354356139898300171e-02,5.241345241665840149e-02,7.093574106693267822e-02,1.664969325065612793e-01,1.597163826227188110e-01,0.000000000000000000e+00,0.000000000000000000e+00,0.000000000000000000e+00,0.000000000000000000e+00,5.729907836914062500e+02,5.078125000000000000e-02
2.500000000000000000e+00,1.296997070312500000e-02,9.446716308593750000e-02,-2.115774154663085938e-02,9.117668867111206055e-02,3.860895335674285889e-02,7.015104591846466064e-02,1.659061461687088013e-01,1.591997146606445312e-01,1.000000000000000000e+00,1.000000000000000000e+00,0.000000000000000000e+00,0.000000000000000000e+00,5.277507324218750000e+02,1.054687500000000000e-01
2.520000000000000018e+00,1.118278503417968750e-02,8.828735351562500000e-02,-1.798576116561889648e-02,1.006321012973785400e-01,3.704446181654930115e-02,6.934528797864913940e-02,1.652949750423431396e-01,1.581974178552627563e-01,1.000000000000000000e+00,0.000000000000000000e+00,0.000000000000000000e+00,0.000000000000000000e+00,5.410986328125000000e+02,6.640625000000000000e-02
2.540000000000000036e+00,6.422042846679687500e-03,8.282661437988281250e-02,-1.377385854721069336e-02,1.098998934030532837e-01,3.678216785192489624e-02,6.829430162906646729e-02,1.648789495229721069e-01,1.567123532295227051e-01,1.000000000000000000e+00,1.000000000000000000e+00,0.000000000000000000e+00,0.000000000000000000e+00,5.841860961914062500e+02,3.906250000000000000e-02
2.560000000000000053e+00,-1.194000244140625000e-03,7.960891723632812500e-02,-1.208847761154174805e-02,1.112589165568351746e-01,3.952969983220100403e-02,6.749922037124633789e-02,1.611990034580230713e-01,1.547946333885192871e-01,0.000000000000000000e+00,0.000000000000000000e+00,0.000000000000000000e+00,0.000000000000000000e+00,5.138125000000000000e+02,1.953125000000000000e-02
2.580000000000000071e+00,-7.713317871093750000e-03,7.794189453125000000e-02,-1.058399677276611328e-02,1.151260659098625183e-01,4.370877146720886230e-02,7.955371588468551636e-02,1.645967662334442139e-01,1.530634164810180664e-01,0.000000000000000000e+00,0.000000000000000000e+00,0.000000000000000000e+00,0.000000000000000000e+00,5.594762573242187500e+02,1.171875000000000000e-02
2.600000000000000089e+00,-1.487350463867187500e-02,7.674598693847656250e-02,-9.586811065673828125e-03,1.122259646654129028e-01,4.641043767333030701e-02,8.913872390985488892e-02,1.567782163619995117e-01,1.520498991012573242e-01,1.000000000000000000e+00,0.000000000000000000e+00,0.000000000000000000e+00,0.000000000000000000e+00,5.587514038085937500e+02,0.000000000000000000e+00
2.620000000000000107e+00,-2.019691467285156250e-02,7.607460021972656250e-02,-8.482217788696289062e-03,1.059187650680541992e-01,4.870975762605667114e-02,9.565358608961105347e-02,1.427724063396453857e-01,1.499689966440200806e-01,0.000000000000000000e+00,0.000000000000000000e+00,0.000000000000000000e+00,0.000000000000000000e+00,5.421111450195312500e+02,0.000000000000000000e+00
2.640000000000000124e+00,-2.350616455078125000e-02,7.569313049316406250e-02,-7.223844528198242188e-03,1.013571470975875854e-01,4.880202561616897583e-02,9.944627434015274048e-02,1.290288418531417847e-01,1.476242989301681519e-01,0.000000000000000000e+00,0.000000000000000000e+00,0.000000000000000000e+00,0.000000000000000000e+00,5.649364013671875000e+02,0.000000000000000000e+00
2.660000000000000142e+00,-2.517127990722656250e-02,7.512474060058593750e-02,-6.027102470397949219e-03,9.831099212169647217e-02,4.840868338942527771e-02,1.011522039771080017e-01,1.172084212303161621e-01,1.450549960136413574e-01,0.000000000000000000e+00,0.000000000000000000e+00,0.000000000000000000e+00,0.000000000000000000e+00,5.580070800781250000e+02,0.000000000000000000e+00
2.680000000000000160e+00,-2.563095092773437500e-02,7.458114624023437500e-02,-5.095303058624267578e-03,9.710018336772918701e-02,4.816583544015884399e-02,1.018131971359252930e-01,1.095519363880157471e-01,1.436302214860916138e-01,0.000000000000000000e+00,0.000000000000000000e+00,0.000000000000000000e+00,0.000000000000000000e+00,5.563883056640625000e+02,0.000000000000000000e+00
2.700000000000000178e+00,-2.549171447753906250e-02,7.406044006347656250e-02,-4.680812358856201172e-03,9.635303914546966553e-02,4.786762967705726624e-02,1.020495221018791199e-01,1.060307025909423828e-01,1.432815641164779663e-01,0.000000000000000000e+00,0.000000000000000000e+00,0.000000000000000000e+00,0.000000000000000000e+00,5.735628051757812500e+02,0.000000000000000000e+00
2.720000000000000195e+00,-2.518653869628906250e-02,7.369041442871093750e-02,-4.446208477020263672e-03,9.605056792497634888e-02,4.741197079420089722e-02,1.007518097758293152e-01,1.052913516759872437e-01,1.422471255064010620e-01,0.000000000000000000e+00,0.000000000000000000e+00,0.000000000000000000e+00,0.000000000000000000e+00,5.348333129882812500e+02,0.000000000000000000e+00
2.740000000000000213e+00,-2.471160888671875000e-02,7.318305969238281250e-02,-3.905177116394042969e-03,9.736755490303039551e-02,4.656762257218360901e-02,9.523814171552658081e-02,1.069553196430206299e-01,1.418447345495223999e-01,0.000000000000000000e+00,0.000000000000000000e+00,0.000000000000000000e+00,0.000000000000000000e+00,5.394633789062500000e+02,0.000000000000000000e+00
2.760000000000000231e+00,-2.387046813964843750e-02,7.263946533203125000e-02,-2.815365791320800781e-03,9.915890544652938843e-02,4.513323679566383362e-02,8.537259697914123535e-02,1.102858483791351318e-01,1.415602713823318481e-01,0.000000000000000000e+00,0.000000000000000000e+00,0.000000000000000000e+00,0.000000000000000000e+00,5.281247558593750000e+02,0.000000000000000000e+00
2.780000000000000249e+00,-2.250862121582031250e-02,7.218551635742187500e-02,-1.546680927276611328e-03,9.957417100667953491e-02,4.329987987875938416e-02,7.661274075508117676e-02,1.141560971736907959e-01,1.413123905658721924e-01,0.000000000000000000e+00,0.000000000000000000e+00,0.000000000000000000e+00,0.000000000000000000e+00,5.458925781250000000e+02,0.000000000000000000e+00
2.800000000000000266e+00,-2.063369750976562500e-02,7.229614257812500000e-02,-5.666017532348632812e-04,9.986598044633865356e-02,4.108093678951263428e-02,7.128058373928070068e-02,1.182429715991020203e-01,1.412076205015182495e-01,0.000000000000000000e+00,0.000000000000000000e+00,0.000000000000000000e+00,0.000000000000000000e+00,5.541120605468750000e+02,0.000000000000000000e+00
2.819999999999999840e+00,-1.795005798339843750e-02,7.341194152832031250e-02,-2.588033676147460938e-04,9.893736243247985840e-02,3.877061232924461365e-02,6.859293580055236816e-02,1.218447014689445496e-01,1.408183425664901733e-01,0.000000000000000000e+00,0.000000000000000000e+00,0.000000000000000000e+00,0.000000000000000000e+00,5.401970825195312500e+02,0.000000000000000000e+00
2.839999999999999858e+00,-1.384544372558593750e-02,7.611274719238281250e-02,-1.087784767150878906e-03,9.716157615184783936e-02,3.632415086030960083e-02,6.848959624767303467e-02,1.260302662849426270e-01,1.402348279953002930e-01,0.000000000000000000e+00,0.000000000000000000e+00,0.000000000000000000e+00,0.000000000000000000e+00,5.513680419921875000e+02,0.000000000000000000e+00
2.859999999999999876e+00,-8.390426635742187500e-03,8.032798767089843750e-02,-3.343462944030761719e-03,9.647672623395919800e-02,3.487549722194671631e-02,7.096779346466064453e-02,1.323616206645965576e-01,1.399898678064346313e-01,0.000000000000000000e+00,0.000000000000000000e+00,0.000000000000000000e+00,0.000000000000000000e+00,5.317883300781250000e+02,0.000000000000000000e+00
2.879999999999999893e+00,-3.190994262695312500e-03,8.490753173828125000e-02,-6.411850452423095703e-03,1.011592745780944824e-01,3.413935378193855286e-02,7.377494871616363525e-02,1.451127827167510986e-01,1.399533301591873169e-01,0.000000000000000000e+00,0.000000000000000000e+00,0.000000000000000000e+00,0.000000000000000000e+00,5.313228149414062500e+02,0.000000000000000000e+00
2.899999999999999911e+00,3.433227539062500000e-04,8.811378479003906250e-02,-8.460581302642822266e-03,1.135109588503837585e-01,3.390850126743316650e-02,7.715490460395812988e-02,1.639605015516281128e-01,1.402694433927536011e-01,0.000000000000000000e+00,0.000000000000000000e+00,0.000000000000000000e+00,0.000000000000000000e+00,5.553798217773437500e+02,3.125000000000000000e-02
2.919999999999999929e+00,-3.337860107421875000e-04,8.763694763183593750e-02,-1.290297508239746094e-02,1.166104748845100403e-01,3.376258164644241333e-02,7.961449772119522095e-02,1.584655195474624634e-01,1.409049928188323975e-01,1.000000000000000000e+00,1.000000000000000000e+00,0.000000000000000000e+00,0.000000000000000000e+00,5.317089233398437500e+02,3.984375000000000000e-01
2.939999999999999947e+00,-4.367828369140625000e-04,8.814811706542968750e-02,-1.644259691238403320e-02,1.147691160440444946e-01,3.365194797515869141e-02,8.636924624443054199e-02,1.570963412523269653e-01,1.407291144132614136e-01,0.000000000000000000e+00,0.000000000000000000e+00,0.000000000000000000e+00,0.000000000000000000e+00,5.450826416015625000e+02,1.718750000000000000e-01
2.959999999999999964e+00,-2.819061279296875000e-03,8.968162536621093750e-02,-1.761698722839355469e-02,1.115522608160972595e-01,3.357852622866630554e-02,8.980750292539596558e-02,1.553469449281692505e-01,1.401285082101821899e-01,1.000000000000000000e+00,0.000000000000000000e+00,0.000000000000000000e+00,1.000000000000000000e+00,5.706825561523437500e+02,1.210937500000000000e-01
2.979999999999999982e+00,-7.848739624023437500e-03,9.335899353027343750e-02,-1.932621002197265625e-02,1.170759722590446472e-01,3.597407042980194092e-02,9.278032928705215454e-02,1.539838612079620361e-01,1.582525372505187988e-01,0.000000000000000000e+00,0.000000000000000000e+00,0.000000000000000000e+00,1.000000000000000000e+00,5.287714843750000000e+02,1.718750000000000000e-01
3.000000000000000000e+00,-1.425743103027343750e-02,9.815788269042968750e-02,-2.148014307022094727e-02,1.260958164930343628e-01,4.467252641916275024e-02,9.467561542987823486e-02,1.525662243366241455e-01,1.868862807750701904e-01,0.000000000000000000e+00,0.000000000000000000e+00,0.000000000000000000e+00,1.000000000000000000e+00,5.385980224609375000e+02,2.500000000000000000e-01
3.020000000000000018e+00,-1.994705200195312500e-02,1.021289825439453125e-01,-2.272385358810424805e-02,1.294935941696166992e-01,5.201181024312973022e-02,9.548395872116088867e-02,1.515560001134872437e-01,2.008982300758361816e-01,0.000000000000000000e+00,0.000000000000000000e+00,0.000000000000000000e+00,1.000000000000000000e+00,5.462625122070312500e+02,3.750000000000000000e-01
3.040000000000000036e+00,-2.400016784667968750e-02,1.043968200683593750e-01,-2.412128448486328125e-02,1.322951763868331909e-01,5.753402784466743469e-02,9.594032168388366699e-02,1.516784727573394775e-01,2.077731788158416748e-01,0.000000000000000000e+00,0.000000000000000000e+00,0.000000000000000000e+00,1.000000000000000000e+00,5.719713134765625000e+02,3.593750000000000000e-01
3.060000000000000053e+00,-2.652549743652343750e-02,1.052761077880859375e-01,-2.547824382781982422e-02,1.359403729438781738e-01,6.141485646367073059e-02,9.628921002149581909e-02,1.525610834360122681e-01,2.110579162836074829e-01,0.000000000000000000e+00,0.000000000000000000e+00,0.000000000000000000e+00,1.000000000000000000e+00,5.436458129882812500e+02,3.359375000000000000e-01
3.080000000000000071e+00,-2.814102172851562500e-02,1.052455902099609375e-01,-2.537864446640014648e-02,1.418668329715728760e-01,6.393577158451080322e-02,9.568536281585693359e-02,1.522811204195022583e-01,2.143670469522476196e-01,0.000000000000000000e+00,0.000000000000000000e+00,0.000000000000000000e+00,1.000000000000000000e+00,5.306028442382812500e+02,5.859375000000000000e-02
3.100000000000000089e+00,-2.895927429199218750e-02,1.044235229492187500e-01,-2.317744493484497070e-02,1.465904116630554199e-01,6.540489196777343750e-02,9.457787126302719116e-02,1.521956920623779297e-01,2.173977345228195190e-01,0.000000000000000000e+00,0.000000000000000000e+00,0.000000000000000000e+00,1.000000000000000000e+00,5.373531494140625000e+02,5.468750000000000000e-02
3.120000000000000107e+00,-2.936935424804687500e-02,1.025848388671875000e-01,-1.987910270690917969e-02,1.481062918901443481e-01,6.594775617122650146e-02,9.398354589939117432e-02,1.528723835945129395e-01,2.181247174739837646e-01,0.000000000000000000e+00,0.000000000000000000e+00,0.000000000000000000e+00,0.000000000000000000e+00,5.522468872070312500e+02,1.171875000000000000e-02
3.140000000000000124e+00,-2.924156188964843750e-02,1.002998352050781250e-01,-1.741188764572143555e-02,1.449599862098693848e-01,6.592407822608947754e-02,9.441105276346206665e-02,1.519431620836257935e-01,2.127564698457717896e-01,0.000000000000000000e+00,0.000000000000000000e+00,0.000000000000000000e+00,0.000000000000000000e+00,5.586029052734375000e+02,0.000000000000000000e+00
3.160000000000000142e+00,-2.914047241210937500e-02,9.725761413574218750e-02,-1.625686883926391602e-02,1.366668492555618286e-01,6.132740527391433716e-02,9.413912892341613770e-02,1.525367051362991333e-01,1.990915834903717041e-01,0.000000000000000000e+00,0.000000000000000000e+00,0.000000000000000000e+00,0.000000000000000000e+00,5.306392822265625000e+02,0.000000000000000000e+00
3.180000000000000160e+00,-2.789878845214843750e-02,9.469604492187500000e-02,-1.667904853820800781e-02,1.303676515817642212e-01,5.839152634143829346e-02,9.430898725986480713e-02,1.542755961418151855e-01,1.859365552663803101e-01,0.000000000000000000e+00,1.000000000000000000e+00,0.000000000000000000e+00,0.000000000000000000e+00,5.268294677734375000e+02,0.000000000000000000e+00
3.200000000000000178e+00,-2.552032470703125000e-02,9.129142761230468750e-02,-1.902508735656738281e-02,1.139765456318855286e-01,5.867061764001846313e-02,9.461241960525512695e-02,1.568649113178253174e-01,1.696693599224090576e-01,0.000000000000000000e+00,1.000000000000000000e+00,0.000000000000000000e+00,0.000000000000000000e+00,5.488755493164062500e+02,0.000000000000000000e+00
3.220000000000000195e+00,-2.193450927734375000e-02,8.845710754394531250e-02,-2.311515808105468750e-02,1.000854671001434326e-01,5.971847102046012878e-02,9.247373789548873901e-02,1.596100777387619019e-01,1.584496349096298218e-01,0.000000000000000000e+00,1.000000000000000000e+00,0.000000000000000000e+00,0.000000000000000000e+00,5.621395263671875000e+02,7.812500000000000000e-03
3.240000000000000213e+00,-1.704978942871093750e-02,8.620071411132812500e-02,-2.868843078613281250e-02,8.839014917612075806e-02,5.826210975646972656e-02,8.648946136236190796e-02,1.614219993352890015e-01,1.523987054824829102e-01,0.000000000000000000e+00,1.000000000000000000e+00,0.000000000000000000e+00,0.000000000000000000e+00,5.504796142578125000e+02,3.906250000000000000e-03
3.260000000000000231e+00,-1.054763793945312500e-02,8.510780334472656250e-02,-3.249400854110717773e-02,8.451421558856964111e-02,5.323895066976547241e-02,7.723287492990493774e-02,1.616896241903305054e-01,1.518895179033279419e-01,0.000000000000000000e+00,1.000000000000000000e+00,0.000000000000000000e+00,1.000000000000000000e+00,5.106657409667968750e+02,0.000000000000000000e+00
3.280000000000000249e+00,-2.906799316406250000e-03,8.471298217773437500e-02,-3.353112936019897461e-02,8.451139181852340698e-02,4.749670997262001038e-02,6.641625612974166870e-02,1.612063795328140259e-01,1.526432037353515625e-01,0.000000000000000000e+00,1.000000000000000000e+00,0.000000000000000000e+00,1.000000000000000000e+00,5.546862792968750000e+02,7.812500000000000000e-03
3.300000000000000266e+00,3.473281860351562500e-03,8.387565612792968750e-02,-3.367429971694946289e-02,8.903536945581436157e-02,4.427246749401092529e-02,5.591669678688049316e-02,1.608795523643493652e-01,1.561278849840164185e-01,0.000000000000000000e+00,1.000000000000000000e+00,0.000000000000000000e+00,1.000000000000000000e+00,5.319426269531250000e+02,0.000000000000000000e+00
3.320000000000000284e+00,5.733489990234375000e-03,8.015060424804687500e-02,-3.393596410751342773e-02,9.621183574199676514e-02,4.593121632933616638e-02,4.881101101636886597e-02,1.603501439094543457e-01,1.581922471523284912e-01,1.000000000000000000e+00,1.000000000000000000e+00,0.000000000000000000e+00,0.000000000000000000e+00,5.391033325195312500e+02,5.078125000000000000e-02
3.339999999999999858e+00,6.811141967773437500e-03,7.477760314941406250e-02,-3.317970037460327148e-02,1.059255227446556091e-01,5.040134117007255554e-02,4.677799716591835022e-02,1.596696823835372925e-01,1.577993482351303101e-01,0.000000000000000000e+00,1.000000000000000000e+00,0.000000000000000000e+00,0.000000000000000000e+00,5.163385620117187500e+02,2.343750000000000000e-02
3.359999999999999876e+00,5.641937255859375000e-03,7.023429870605468750e-02,-3.041875362396240234e-02,1.174299791455268860e-01,5.237097665667533875e-02,4.715652018785476685e-02,1.590113788843154907e-01,1.574124693870544434e-01,0.000000000000000000e+00,1.000000000000000000e+00,0.000000000000000000e+00,0.000000000000000000e+00,5.467265625000000000e+02,6.250000000000000000e-02
3.379999999999999893e+00,1.094818115234375000e-03,6.646537780761718750e-02,-2.720081806182861328e-02,1.223059743642807007e-01,5.477669835090637207e-02,4.669307544827461243e-02,1.578840911388397217e-01,1.569828540086746216e-01,1.000000000000000000e+00,1.000000000000000000e+00,0.000000000000000000e+00,0.000000000000000000e+00,5.122189941406250000e+02,1.171875000000000000e-02
3.399999999999999911e+00,-4.722595214843750000e-03,6.535720825195312500e-02,-2.633011341094970703e-02,1.231922283768653870e-01,5.665391311049461365e-02,5.039138719439506531e-02,1.582267284393310547e-01,1.566046774387359619e-01,0.000000000000000000e+00,0.000000000000000000e+00,0.000000000000000000e+00,0.000000000000000000e+00,5.168508911132812500e+02,1.562500000000000000e-02
3.419999999999999929e+00,-1.082992553710937500e-02,6.465339660644531250e-02,-2.481371164321899414e-02,1.254147440195083618e-01,5.730988457798957825e-02,6.036861985921859741e-02,1.552396416664123535e-01,1.567122787237167358e-01,0.000000000000000000e+00,0.000000000000000000e+00,0.000000000000000000e+00,0.000000000000000000e+00,5.308724975585937500e+02,1.171875000000000000e-02
3.439999999999999947e+00,-1.566696166992187500e-02,6.456565856933593750e-02,-2.323806285858154297e-02,1.238797307014465332e-01,5.812651291489601135e-02,6.511210650205612183e-02,1.459475010633468628e-01,1.554049402475357056e-01,0.000000000000000000e+00,0.000000000000000000e+00,0.000000000000000000e+00,0.000000000000000000e+00,5.597217407226562500e+02,0.000000000000000000e+00
3.459999999999999964e+00,-1.817703247070312500e-02,6.508827209472656250e-02,-2.117389440536499023e-02,1.189217716455459595e-01,5.846855416893959045e-02,6.627290695905685425e-02,1.358539462089538574e-01,1.537072807550430298e-01,0.000000000000000000e+00,0.000000000000000000e+00,0.000000000000000000e+00,0.000000000000000000e+00,5.395252075195312500e+02,0.000000000000000000e+00
3.479999999999999982e+00,-1.896667480468750000e-02,6.564521789550781250e-02,-1.895898580551147461e-02,1.109733954071998596e-01,5.759763345122337341e-02,6.593292206525802612e-02,1.269903779029846191e-01,1.511831730604171753e-01,0.000000000000000000e+00,0.000000000000000000e+00,0.000000000000000000e+00,0.000000000000000000e+00,5.423994750976562500e+02,0.000000000000000000e+00
3.500000000000000000e+00,-1.911544799804687500e-02,6.590080261230468750e-02,-1.707804203033447266e-02,1.038859859108924866e-01,5.624836310744285583e-02,6.494283676147460938e-02,1.199515461921691895e-01,1.480049490928649902e-01,0.000000000000000000e+00,0.000000000000000000e+00,0.000000000000000000e+00,0.000000000000000000e+00,5.382454833984375000e+02,0.000000000000000000e+00
3.520000000000000018e+00,-1.894187927246093750e-02,6.583976745605468750e-02,-1.543551683425903320e-02,1.004613041877746582e-01,5.523887276649475098e-02,6.445652246475219727e-02,1.161306798458099365e-01,1.460503041744232178e-01,0.000000000000000000e+00,0.000000000000000000e+00,0.000000000000000000e+00,0.000000000000000000e+00,5.400994262695312500e+02,0.000000000000000000e+00
3.540000000000000036e+00,-1.854133605957031250e-02,6.579589843750000000e-02,-1.389026641845703125e-02,9.968429803848266602e-02,5.429467558860778809e-02,6.507661193609237671e-02,1.151409149169921875e-01,1.449025720357894897e-01,0.000000000000000000e+00,0.000000000000000000e+00,0.000000000000000000e+00,0.000000000000000000e+00,5.547342529296875000e+02,0.000000000000000000e+00
3.560000000000000053e+00,-1.803970336914062500e-02,6.572532653808593750e-02,-1.220202445983886719e-02,1.012912318110466003e-01,5.326642841100692749e-02,6.504632532596588135e-02,1.166873648762702942e-01,1.447910517454147339e-01,0.000000000000000000e+00,0.000000000000000000e+00,0.000000000000000000e+00,0.000000000000000000e+00,5.418894653320312500e+02,0.000000000000000000e+00
3.580000000000000071e+00,-1.758193969726562500e-02,6.536483764648437500e-02,-1.014143228530883789e-02,1.030653566122055054e-01,5.219889432191848755e-02,5.967301130294799805e-02,1.188989579677581787e-01,1.447413563728332520e-01,0.000000000000000000e+00,0.000000000000000000e+00,0.000000000000000000e+00,0.000000000000000000e+00,5.612757568359375000e+02,0.000000000000000000e+00
3.600000000000000089e+00,-1.718139648437500000e-02,6.494522094726562500e-02,-7.977068424224853516e-03,1.058061048388481140e-01,5.084722489118576050e-02,5.150664597749710083e-02,1.204251646995544434e-01,1.447626650333404541e-01,0.000000000000000000e+00,0.000000000000000000e+00,0.000000000000000000e+00,0.000000000000000000e+00,5.657072753906250000e+02,0.000000000000000000e+00
3.620000000000000107e+00,-1.658058166503906250e-02,6.474113464355468750e-02,-6.258368492126464844e-03,1.087434440851211548e-01,4.950771480798721313e-02,4.471651092171669006e-02,1.205423027276992798e-01,1.447922140359878540e-01,0.000000000000000000e+00,0.000000000000000000e+00,0.000000000000000000e+00,0.000000000000000000e+00,5.469334716796875000e+02,0.000000000000000000e+00
3.640000000000000124e+00,-1.534271240234375000e-02,6.510734558105468750e-02,-5.254387855529785156e-03,1.105145961046218872e-01,4.809245839715003967e-02,4.229265078902244568e-02,1.198013797402381897e-01,1.448235809803009033e-01,0.000000000000000000e+00,0.000000000000000000e+00,0.000000000000000000e+00,0.000000000000000000e+00,5.428299560546875000e+02,0.000000000000000000e+00
3.660000000000000142e+00,-1.303863525390625000e-02,6.663894653320312500e-02,-5.401551723480224609e-03,1.106742098927497864e-01,4.653423279523849487e-02,4.523432254791259766e-02,1.193202435970306396e-01,1.448744386434555054e-01,0.000000000000000000e+00,0.000000000000000000e+00,0.000000000000000000e+00,0.000000000000000000e+00,5.714933471679687500e+02,0.000000000000000000e+00
3.680000000000000160e+00,-9.052276611328125000e-03,6.980705261230468750e-02,-6.877362728118896484e-03,1.068381071090698242e-01,4.461767151951789856e-02,5.150843784213066101e-02,1.200021207332611084e-01,1.439142823219299316e-01,0.000000000000000000e+00,0.000000000000000000e+00,0.000000000000000000e+00,0.000000000000000000e+00,5.325339965820312500e+02,7.812500000000000000e-03
3.700000000000000178e+00,-3.932952880859375000e-03,7.411193847656250000e-02,-9.387195110321044922e-03,1.034372895956039429e-01,4.397763684391975403e-02,5.867300555109977722e-02,1.252975761890411377e-01,1.433440148830413818e-01,0.000000000000000000e+00,0.000000000000000000e+00,0.000000000000000000e+00,0.000000000000000000e+00,5.317370605468750000e+02,9.765625000000000000e-02
3.720000000000000195e+00,6.980895996093750000e-04,7.805824279785156250e-02,-1.139789819717407227e-02,1.059345304965972900e-01,4.369951784610748291e-02,6.434217840433120728e-02,1.411910057067871094e-01,1.429521441459655762e-01,0.000000000000000000e+00,0.000000000000000000e+00,0.000000000000000000e+00,0.000000000000000000e+00,5.240831298828125000e+02,1.992187500000000000e-01
3.740000000000000213e+00,1.693725585937500000e-03,7.911300659179687500e-02,-1.400262117385864258e-02,1.096630543470382690e-01,4.370572790503501892e-02,6.945411860942840576e-02,1.445359140634536743e-01,1.428984999656677246e-01,0.000000000000000000e+00,1.000000000000000000e+00,0.000000000000000000e+00,0.000000000000000000e+00,5.377641601562500000e+02,4.062500000000000000e-01
3.760000000000000231e+00,1.665115356445312500e-03,7.914733886718750000e-02,-1.872909069061279297e-02,1.101102307438850403e-01,4.351707547903060913e-02,7.751246541738510132e-02,1.393559277057647705e-01,1.425517201423645020e-01,0.000000000000000000e+00,0.000000000000000000e+00,0.000000000000000000e+00,0.000000000000000000e+00,5.315457153320312500e+02,3.242187500000000000e-01
3.780000000000000249e+00,4.329681396484375000e-04,8.023452758789062500e-02,-2.142548561096191406e-02,1.087171211838722229e-01,4.332552850246429443e-02,8.033868670463562012e-02,1.376577764749526978e-01,1.417475044727325439e-01,0.000000000000000000e+00,0.000000000000000000e+00,0.000000000000000000e+00,0.000000000000000000e+00,5.566871948242187500e+02,2.500000000000000000e-01
3.800000000000000266e+00,-3.726959228515625000e-03,8.240699768066406250e-02,-2.195739746093750000e-02,1.064892411231994629e-01,4.294424504041671753e-02,8.194379508495330811e-02,1.378578990697860718e-01,1.412800848484039307e-01,0.000000000000000000e+00,0.000000000000000000e+00,0.000000000000000000e+00,1.000000000000000000e+00,5.598843994140625000e+02,2.968750000000000000e-01
3.820000000000000284e+00,-1.020812988281250000e-02,8.684349060058593750e-02,-2.538019418716430664e-02,1.233257800340652466e-01,5.264550447463989258e-02,8.352801948785781860e-02,1.382964849472045898e-01,1.772015094757080078e-01,0.000000000000000000e+00,0.000000000000000000e+00,0.000000000000000000e+00,1.000000000000000000e+00,5.772885742187500000e+02,3.945312500000000000e-01
3.839999999999999858e+00,-1.741409301757812500e-02,9.102058410644531250e-02,-2.733975648880004883e-02,1.312140822410583496e-01,6.284771859645843506e-02,8.539915084838867188e-02,1.383956521749496460e-01,1.974904090166091919e-01,0.000000000000000000e+00,0.000000000000000000e+00,0.000000000000000000e+00,1.000000000000000000e+00,5.392332763671875000e+02,4.023437500000000000e-01
3.859999999999999876e+00,-2.305793762207031250e-02,9.402465820312500000e-02,-2.912974357604980469e-02,1.378662437200546265e-01,6.867123395204544067e-02,8.788108080625534058e-02,1.402913928031921387e-01,2.073675394058227539e-01,0.000000000000000000e+00,0.000000000000000000e+00,0.000000000000000000e+00,1.000000000000000000e+00,5.558371582031250000e+02,5.585937500000000000e-01
3.879999999999999893e+00,-2.680015563964843750e-02,9.549140930175781250e-02,-3.086447715759277344e-02,1.440815776586532593e-01,6.997897475957870483e-02,9.003122150897979736e-02,1.425900608301162720e-01,2.125712335109710693e-01,0.000000000000000000e+00,0.000000000000000000e+00,0.000000000000000000e+00,1.000000000000000000e+00,5.357197265625000000e+02,8.203125000000000000e-02
3.899999999999999911e+00,-2.900314331054687500e-02,9.568595886230468750e-02,-3.102540969848632812e-02,1.478886008262634277e-01,6.985851377248764038e-02,9.168596565723419189e-02,1.437612622976303101e-01,2.158017456531524658e-01,0.000000000000000000e+00,0.000000000000000000e+00,0.000000000000000000e+00,1.000000000000000000e+00,5.533997802734375000e+02,3.906250000000000000e-03
3.919999999999999929e+00,-3.008651733398437500e-02,9.524536132812500000e-02,-2.864861488342285156e-02,1.514758318662643433e-01,6.775190681219100952e-02,9.252337366342544556e-02,1.443937420845031738e-01,2.194477617740631104e-01,0.000000000000000000e+00,0.000000000000000000e+00,0.000000000000000000e+00,1.000000000000000000e+00,5.662397460937500000e+02,7.812500000000000000e-03
3.939999999999999947e+00,-3.057289123535156250e-02,9.432983398437500000e-02,-2.565485239028930664e-02,1.515655964612960815e-01,6.408882141113281250e-02,9.248381108045578003e-02,1.449889838695526123e-01,2.195412367582321167e-01,0.000000000000000000e+00,0.000000000000000000e+00,0.000000000000000000e+00,0.000000000000000000e+00,5.545213623046875000e+02,3.906250000000000000e-03
3.959999999999999964e+00,-3.077697753906250000e-02,9.280395507812500000e-02,-2.328056097030639648e-02,1.464470922946929932e-01,5.865386873483657837e-02,9.225708991289138794e-02,1.463020741939544678e-01,2.124789953231811523e-01,0.000000000000000000e+00,0.000000000000000000e+00,0.000000000000000000e+00,0.000000000000000000e+00,5.415769042968750000e+02,0.000000000000000000e+00
3.979999999999999982e+00,-3.053283691406250000e-02,9.111595153808593750e-02,-2.158004045486450195e-02,1.373564749956130981e-01,5.267453938722610474e-02,9.297691285610198975e-02,1.461780071258544922e-01,2.012795358896255493e-01,0.000000000000000000e+00,0.000000000000000000e+00,0.000000000000000000e+00,0.000000000000000000e+00,5.435980834960937500e+02,3.906250000000000000e-03
4.000000000000000000e+00,-3.038406372070312500e-02,8.863067626953125000e-02,-2.132254838943481445e-02,1.218428090214729309e-01,4.420678317546844482e-02,9.356064349412918091e-02,1.468190252780914307e-01,1.856114268302917480e-01,0.000000000000000000e+00,0.000000000000000000e+00,0.000000000000000000e+00,0.000000000000000000e+00,5.156582031250000000e+02,0.000000000000000000e+00
4.020000000000000462e+00,-2.942657470703125000e-02,8.621978759765625000e-02,-2.256685495376586914e-02,1.038055941462516785e-01,3.660612925887107849e-02,9.444645047187805176e-02,1.480491906404495239e-01,1.722848713397979736e-01,0.000000000000000000e+00,0.000000000000000000e+00,0.000000000000000000e+00,0.000000000000000000e+00,5.345913696289062500e+02,3.906250000000000000e-03
4.040000000000000036e+00,-2.735137939453125000e-02,8.420944213867187500e-02,-2.524912357330322266e-02,8.813073486089706421e-02,3.014635480940341949e-02,9.468120336532592773e-02,1.494510471820831299e-01,1.645531654357910156e-01,0.000000000000000000e+00,0.000000000000000000e+00,0.000000000000000000e+00,0.000000000000000000e+00,5.400726928710937500e+02,0.000000000000000000e+00
4.060000000000000497e+00,-2.430915832519531250e-02,8.295249938964843750e-02,-2.946037054061889648e-02,7.736620306968688965e-02,2.517962083220481873e-02,9.374203532934188843e-02,1.493583023548126221e-01,1.612261980772018433e-01,0.000000000000000000e+00,0.000000000000000000e+00,0.000000000000000000e+00,0.000000000000000000e+00,5.384204101562500000e+02,0.000000000000000000e+00
4.080000000000000071e+00,-1.977539062500000000e-02,8.329391479492187500e-02,-3.283458948135375977e-02,7.876835018396377563e-02,2.223639935255050659e-02,9.220740199089050293e-02,1.494496017694473267e-01,1.612302958965301514e-01,0.000000000000000000e+00,0.000000000000000000e+00,0.000000000000000000e+00,1.000000000000000000e+00,5.304254760742187500e+02,3.906250000000000000e-03
4.099999999999999645e+00,-1.325988769531250000e-02,8.433151245117187500e-02,-3.453850746154785156e-02,8.244876563549041748e-02,2.423847652971744537e-02,9.095942974090576172e-02,1.489424407482147217e-01,1.628848165273666382e-01,0.000000000000000000e+00,0.000000000000000000e+00,0.000000000000000000e+00,1.000000000000000000e+00,5.491963500976562500e+02,0.000000000000000000e+00
4.120000000000000107e+00,-6.954193115234375000e-03,8.520507812500000000e-02,-3.502410650253295898e-02,8.667635917663574219e-02,2.897481992840766907e-02,8.964394032955169678e-02,1.488711237907409668e-01,1.649936735630035400e-01,0.000000000000000000e+00,0.000000000000000000e+00,0.000000000000000000e+00,1.000000000000000000e+00,5.489960937500000000e+02,1.171875000000000000e-02
4.139999999999999680e+00,-3.702163696289062500e-03,8.381080627441406250e-02,-3.421270847320556641e-02,9.007135033607482910e-02,3.503735363483428955e-02,8.825476467609405518e-02,1.487755179405212402e-01,1.680516004562377930e-01,0.000000000000000000e+00,0.000000000000000000e+00,0.000000000000000000e+00,0.000000000000000000e+00,5.370010375976562500e+02,3.515625000000000000e-02
4.160000000000000142e+00,-4.861831665039062500e-03,7.873344421386718750e-02,-3.207767009735107422e-02,9.348855167627334595e-02,4.250800982117652893e-02,8.733154833316802979e-02,1.476778388023376465e-01,1.669309586286544800e-01,0.000000000000000000e+00,1.000000000000000000e+00,0.000000000000000000e+00,0.000000000000000000e+00,5.501232299804687500e+02,4.296875000000000000e-02
4.179999999999999716e+00,-6.359100341796875000e-03,7.363319396972656250e-02,-2.797549962997436523e-02,9.929111599922180176e-02,4.429817944765090942e-02,8.690280467271804810e-02,1.462245732545852661e-01,1.658178269863128662e-01,0.000000000000000000e+00,0.000000000000000000e+00,0.000000000000000000e+00,0.000000000000000000e+00,5.230505981445312500e+02,7.421875000000000000e-02
4.200000000000000178e+00,-1.109504699707031250e-02,6.927108764648437500e-02,-2.330327033996582031e-02,1.087500229477882385e-01,4.502919688820838928e-02,8.571670204401016235e-02,1.462633460760116577e-01,1.657786667346954346e-01,1.000000000000000000e+00,0.000000000000000000e+00,0.000000000000000000e+00,0.000000000000000000e+00,5.335931396484375000e+02,4.296875000000000000e-02
4.219999999999999751e+00,-1.863098144531250000e-02,6.695175170898437500e-02,-2.100914716720581055e-02,1.124213412404060364e-01,4.856788739562034607e-02,8.326835930347442627e-02,1.437813639640808105e-01,1.655361205339431763e-01,0.000000000000000000e+00,0.000000000000000000e+00,0.000000000000000000e+00,0.000000000000000000e+00,5.441039428710937500e+02,7.812500000000000000e-03
4.240000000000000213e+00,-2.444648742675781250e-02,6.625175476074218750e-02,-1.877069473266601562e-02,1.197513788938522339e-01,5.488086864352226257e-02,9.395379573106765747e-02,1.518218070268630981e-01,1.660524904727935791e-01,1.000000000000000000e+00,0.000000000000000000e+00,0.000000000000000000e+00,0.000000000000000000e+00,5.261157836914062500e+02,1.171875000000000000e-02
4.259999999999999787e+00,-3.009414672851562500e-02,6.598854064941406250e-02,-1.727241277694702148e-02,1.232677325606346130e-01,5.980603024363517761e-02,9.991043061017990112e-02,1.514819711446762085e-01,1.655974686145782471e-01,1.000000000000000000e+00,0.000000000000000000e+00,0.000000000000000000e+00,0.000000000000000000e+00,5.753033447265625000e+02,0.000000000000000000e+00
4.280000000000000249e+00,-3.308486938476562500e-02,6.623077392578125000e-02,-1.553958654403686523e-02,1.229867860674858093e-01,6.416997313499450684e-02,1.010491475462913513e-01,1.490868479013442993e-01,1.651003211736679077e-01,1.000000000000000000e+00,0.000000000000000000e+00,0.000000000000000000e+00,0.000000000000000000e+00,5.711347045898437500e+02,0.000000000000000000e+00
4.299999999999999822e+00,-3.327941894531250000e-02,6.667137145996093750e-02,-1.386827230453491211e-02,1.202563196420669556e-01,6.741488724946975708e-02,9.849370270967483521e-02,1.472004055976867676e-01,1.638962775468826294e-01,1.000000000000000000e+00,0.000000000000000000e+00,0.000000000000000000e+00,0.000000000000000000e+00,5.376198120117187500e+02,0.000000000000000000e+00
4.320000000000000284e+00,-3.179359436035156250e-02,6.713104248046875000e-02,-1.245218515396118164e-02,1.176978275179862976e-01,6.842064112424850464e-02,9.341353178024291992e-02,1.451053917407989502e-01,1.626261621713638306e-01,0.000000000000000000e+00,0.000000000000000000e+00,0.000000000000000000e+00,0.000000000000000000e+00,5.455620117187500000e+02,0.000000000000000000e+00
4.339999999999999858e+00,-2.952384948730468750e-02,6.740951538085937500e-02,-1.081001758575439453e-02,1.142399534583091736e-01,6.616977602243423462e-02,8.802567422389984131e-02,1.413243710994720459e-01,1.605135649442672729e-01,0.000000000000000000e+00,0.000000000000000000e+00,0.000000000000000000e+00,0.000000000000000000e+00,5.580576782226562500e+02,0.000000000000000000e+00
4.360000000000000320e+00,-2.715492248535156250e-02,6.751060485839843750e-02,-9.333491325378417969e-03,1.123045831918716431e-01,6.250675767660140991e-02,8.407732099294662476e-02,1.368915438652038574e-01,1.588848680257797241e-01,0.000000000000000000e+00,0.000000000000000000e+00,0.000000000000000000e+00,0.000000000000000000e+00,5.525854492187500000e+02,0.000000000000000000e+00
4.379999999999999893e+00,-2.501106262207031250e-02,6.748199462890625000e-02,-8.374452590942382812e-03,1.134668141603469849e-01,5.845389515161514282e-02,8.156178891658782959e-02,1.324767768383026123e-01,1.577904224395751953e-01,0.000000000000000000e+00,0.000000000000000000e+00,0.000000000000000000e+00,0.000000000000000000e+00,5.388617553710937500e+02,0.000000000000000000e+00
4.400000000000000355e+00,-2.305984497070312500e-02,6.726646423339843750e-02,-7.722735404968261719e-03,1.177261993288993835e-01,5.461721867322921753e-02,7.739523798227310181e-02,1.298706084489822388e-01,1.574404686689376831e-01,0.000000000000000000e+00,0.000000000000000000e+00,0.000000000000000000e+00,0.000000000000000000e+00,5.389595947265625000e+02,7.812500000000000000e-03
4.419999999999999929e+00,-2.116203308105468750e-02,6.690216064453125000e-02,-7.348477840423583984e-03,1.209328696131706238e-01,5.175093561410903931e-02,6.867952644824981689e-02,1.289674937725067139e-01,1.573016196489334106e-01,0.000000000000000000e+00,0.000000000000000000e+00,0.000000000000000000e+00,0.000000000000000000e+00,5.792919311523437500e+02,1.171875000000000000e-02
4.440000000000000391e+00,-1.896858215332031250e-02,6.657218933105468750e-02,-7.304668426513671875e-03,1.219406723976135254e-01,4.991507530212402344e-02,5.876597762107849121e-02,1.285490393638610840e-01,1.571699231863021851e-01,0.000000000000000000e+00,0.000000000000000000e+00,0.000000000000000000e+00,0.000000000000000000e+00,5.509201049804687500e+02,2.734375000000000000e-02
4.459999999999999964e+00,-1.637649536132812500e-02,6.657409667968750000e-02,-7.568776607513427734e-03,1.216880306601524353e-01,4.762101918458938599e-02,5.105174332857131958e-02,1.280321031808853149e-01,1.570757478475570679e-01,0.000000000000000000e+00,0.000000000000000000e+00,0.000000000000000000e+00,0.000000000000000000e+00,5.411723632812500000e+02,6.640625000000000000e-02
4.480000000000000426e+00,-1.316833496093750000e-02,6.746482849121093750e-02,-8.397817611694335938e-03,1.208578869700431824e-01,4.552027583122253418e-02,4.688304662704467773e-02,1.269581764936447144e-01,1.569238901138305664e-01,0.000000000000000000e+00,0.000000000000000000e+00,0.000000000000000000e+00,0.000000000000000000e+00,5.572514038085937500e+02,1.054687500000000000e-01
4.500000000000000000e+00,-8.735656738281250000e-03,6.988334655761718750e-02,-1.039689779281616211e-02,1.185782477259635925e-01,4.429204016923904419e-02,4.665658250451087952e-02,1.262827068567276001e-01,1.567081511020660400e-01,0.000000000000000000e+00,0.000000000000000000e+00,0.000000000000000000e+00,0.000000000000000000e+00,5.353503417968750000e+02,3.203125000000000000e-01
4.520000000000000462e+00,-3.017425537109375000e-03,7.388305664062500000e-02,-1.381367444992065430e-02,1.160773634910583496e-01,4.378406703472137451e-02,4.982241243124008179e-02,1.280654519796371460e-01,1.564527451992034912e-01,0.000000000000000000e+00,0.000000000000000000e+00,0.000000000000000000e+00,0.000000000000000000e+00,5.457992553710937500e+02,5.000000000000000000e-01
4.540000000000000036e+00,2.847671508789062500e-03,7.801628112792968750e-02,-1.744914054870605469e-02,1.176390349864959717e-01,4.320831596851348877e-02,5.507018789649009705e-02,1.374905705451965332e-01,1.561702191829681396e-01,0.000000000000000000e+00,0.000000000000000000e+00,0.000000000000000000e+00,0.000000000000000000e+00,5.457563476562500000e+02,5.117187500000000000e-01
4.560000000000000497e+00,8.119583129882812500e-03,8.051681518554687500e-02,-1.979112625122070312e-02,1.286673843860626221e-01,4.309772327542304993e-02,6.493721902370452881e-02,1.574563682079315186e-01,1.560692042112350464e-01,0.000000000000000000e+00,0.000000000000000000e+00,0.000000000000000000e+00,0.000000000000000000e+00,5.390108642578125000e+02,3.789062500000000000e-01
4.580000000000000071e+00,9.006500244140625000e-03,7.950401306152343750e-02,-2.520292997360229492e-02,1.317512094974517822e-01,4.214846342802047729e-02,6.858953088521957397e-02,1.541455388069152832e-01,1.540046036243438721e-01,1.000000000000000000e+00,0.000000000000000000e+00,0.000000000000000000e+00,0.000000000000000000e+00,5.637841186523437500e+02,1.210937500000000000e-01
4.600000000000000533e+00,9.670257568359375000e-03,8.057594299316406250e-02,-3.024494647979736328e-02,1.323240250349044800e-01,4.229647666215896606e-02,6.913591176271438599e-02,1.534343510866165161e-01,1.521269828081130981e-01,1.000000000000000000e+00,0.000000000000000000e+00,0.000000000000000000e+00,0.000000000000000000e+00,5.196353759765625000e+02,2.734375000000000000e-02
4.620000000000000107e+00,7.989883422851562500e-03,8.325576782226562500e-02,-3.306770324707031250e-02,1.319249421358108521e-01,4.431169107556343079e-02,7.023198902606964111e-02,1.522630155086517334e-01,1.513390392065048218e-01,1.000000000000000000e+00,0.000000000000000000e+00,0.000000000000000000e+00,1.000000000000000000e+00,5.680430297851562500e+02,2.343750000000000000e-02
4.639999999999999680e+00,3.753662109375000000e-03,8.821487426757812500e-02,-3.565555810928344727e-02,1.395554840564727783e-01,4.989052191376686096e-02,7.179200649261474609e-02,1.529790461063385010e-01,1.701720207929611206e-01,0.000000000000000000e+00,0.000000000000000000e+00,0.000000000000000000e+00,1.000000000000000000e+00,5.322574462890625000e+02,3.906250000000000000e-02
4.660000000000000142e+00,-1.447677612304687500e-03,9.395408630371093750e-02,-3.786301612854003906e-02,1.495988517999649048e-01,6.316029280424118042e-02,7.364764809608459473e-02,1.551333367824554443e-01,1.999434828758239746e-01,0.000000000000000000e+00,0.000000000000000000e+00,0.000000000000000000e+00,1.000000000000000000e+00,5.231542358398437500e+02,1.171875000000000000e-02
4.679999999999999716e+00,-5.817413330078125000e-03,9.854316711425781250e-02,-3.850150108337402344e-02,1.537619531154632568e-01,7.542654871940612793e-02,7.552292943000793457e-02,1.576151400804519653e-01,2.144266515970230103e-01,0.000000000000000000e+00,0.000000000000000000e+00,0.000000000000000000e+00,1.000000000000000000e+00,5.244898681640625000e+02,1.562500000000000000e-02
4.700000000000000178e+00,-8.607864379882812500e-03,1.015167236328125000e-01,-3.805428743362426758e-02,1.594359427690505981e-01,8.544026315212249756e-02,7.628468424081802368e-02,1.584025323390960693e-01,2.221189290285110474e-01,0.000000000000000000e+00,0.000000000000000000e+00,0.000000000000000000e+00,1.000000000000000000e+00,5.342306518554687500e+02,0.000000000000000000e+00
4.719999999999999751e+00,-9.735107421875000000e-03,1.032562255859375000e-01,-3.661203384399414062e-02,1.638610959053039551e-01,9.406174719333648682e-02,7.567302137613296509e-02,1.587403565645217896e-01,2.267532795667648315e-01,0.000000000000000000e+00,0.000000000000000000e+00,0.000000000000000000e+00,1.000000000000000000e+00,5.237006225585937500e+02,0.000000000000000000e+00
4.740000000000000213e+00,-9.632110595703125000e-03,1.038398742675781250e-01,-3.477084636688232422e-02,1.650700122117996216e-01,1.020561605691909790e-01,7.575961202383041382e-02,1.589606553316116333e-01,2.288194447755813599e-01,0.000000000000000000e+00,0.000000000000000000e+00,0.000000000000000000e+00,1.000000000000000000e+00,5.530891113281250000e+02,0.000000000000000000e+00
4.759999999999999787e+00,-9.170532226562500000e-03,1.034336090087890625e-01,-3.303760290145874023e-02,1.622067689895629883e-01,1.074958965182304382e-01,7.560819387435913086e-02,1.589043140411376953e-01,2.270462363958358765e-01,0.000000000000000000e+00,0.000000000000000000e+00,0.000000000000000000e+00,0.000000000000000000e+00,5.504518432617187500e+02,0.000000000000000000e+00
4.780000000000000249e+00,-8.962631225585937500e-03,1.018161773681640625e-01,-3.095704317092895508e-02,1.555934101343154907e-01,1.085518896579742432e-01,7.515098154544830322e-02,1.587676703929901123e-01,2.206854522228240967e-01,0.000000000000000000e+00,0.000000000000000000e+00,0.000000000000000000e+00,0.000000000000000000e+00,5.268403320312500000e+02,0.000000000000000000e+00
4.799999999999999822e+00,-8.567810058593750000e-03,1.001892089843750000e-01,-2.937471866607666016e-02,1.480885595083236694e-01,1.057048812508583069e-01,7.426860183477401733e-02,1.577377319335937500e-01,2.140744626522064209e-01,0.000000000000000000e+00,0.000000000000000000e+00,0.000000000000000000e+00,0.000000000000000000e+00,5.231138916015625000e+02,0.000000000000000000e+00
4.820000000000000284e+00,-8.472442626953125000e-03,9.771537780761718750e-02,-2.817600965499877930e-02,1.335069835186004639e-01,9.885165095329284668e-02,7.336901128292083740e-02,1.589764803647994995e-01,2.012203782796859741e-01,0.000000000000000000e+00,0.000000000000000000e+00,0.000000000000000000e+00,0.000000000000000000e+00,5.189187011718750000e+02,0.000000000000000000e+00
4.839999999999999858e+00,-7.581710815429687500e-03,9.632110595703125000e-02,-2.739179134368896484e-02,1.211339235305786133e-01,8.995052427053451538e-02,7.293411344289779663e-02,1.598437279462814331e-01,1.930218487977981567e-01,0.000000000000000000e+00,0.000000000000000000e+00,0.000000000000000000e+00,0.000000000000000000e+00,5.301666870117187500e+02,0.000000000000000000e+00
4.860000000000000320e+00,-6.137847900390625000e-03,9.479141235351562500e-02,-2.804195880889892578e-02,1.045953333377838135e-01,7.860770821571350098e-02,7.273051887750625610e-02,1.605697274208068848e-01,1.812239885330200195e-01,0.000000000000000000e+00,0.000000000000000000e+00,0.000000000000000000e+00,0.000000000000000000e+00,5.407001342773437500e+02,0.000000000000000000e+00
4.879999999999999893e+00,-3.822326660156250000e-03,9.426689147949218750e-02,-2.993363142013549805e-02,9.506214410066604614e-02,6.555047631263732910e-02,7.191515713930130005e-02,1.617279648780822754e-01,1.721219718456268311e-01,0.000000000000000000e+00,0.000000000000000000e+00,0.000000000000000000e+00,0.000000000000000000e+00,5.551391601562500000e+02,3.906250000000000000e-03
4.900000000000000355e+00,-2.822875976562500000e-04,9.436035156250000000e-02,-3.264623880386352539e-02,9.201253205537796021e-02,5.260204896330833435e-02,7.080323994159698486e-02,1.624942421913146973e-01,1.674889326095581055e-01,0.000000000000000000e+00,0.000000000000000000e+00,0.000000000000000000e+00,0.000000000000000000e+00,5.395419311523437500e+02,7.812500000000000000e-03
4.919999999999999929e+00,4.753112792968750000e-03,9.520339965820312500e-02,-3.451615571975708008e-02,9.340687841176986694e-02,4.318008944392204285e-02,6.954570859670639038e-02,1.626570820808410645e-01,1.677060276269912720e-01,0.000000000000000000e+00,0.000000000000000000e+00,0.000000000000000000e+00,1.000000000000000000e+00,5.511318359375000000e+02,0.000000000000000000e+00
4.940000000000000391e+00,1.067352294921875000e-02,9.618949890136718750e-02,-3.560888767242431641e-02,9.562999010086059570e-02,4.213543608784675598e-02,6.834259629249572754e-02,1.623351275920867920e-01,1.697120666503906250e-01,0.000000000000000000e+00,0.000000000000000000e+00,0.000000000000000000e+00,1.000000000000000000e+00,5.375077514648437500e+02,3.125000000000000000e-02
4.959999999999999964e+00,1.506614685058593750e-02,9.612655639648437500e-02,-3.617733716964721680e-02,9.997101128101348877e-02,4.752551019191741943e-02,6.740744411945343018e-02,1.619982719421386719e-01,1.736275404691696167e-01,0.000000000000000000e+00,0.000000000000000000e+00,0.000000000000000000e+00,1.000000000000000000e+00,5.468419189453125000e+02,3.125000000000000000e-02
4.980000000000000426e+00,1.474380493164062500e-02,9.264564514160156250e-02,-3.650635480880737305e-02,1.065385118126869202e-01,5.367941409349441528e-02,6.648064404726028442e-02,1.615120619535446167e-01,1.754858046770095825e-01,1.000000000000000000e+00,0.000000000000000000e+00,0.000000000000000000e+00,0.000000000000000000e+00,5.212739868164062500e+02,4.296875000000000000e-02
5.000000000000000000e+00,1.326370239257812500e-02,8.752250671386718750e-02,-3.609997034072875977e-02,1.139870062470436096e-01,5.470720678567886353e-02,6.551748514175415039e-02,1.608757972717285156e-01,1.749558895826339722e-01,1.000000000000000000e+00,0.000000000000000000e+00,0.000000000000000000e+00,0.000000000000000000e+00,5.424646606445312500e+02,7.031250000000000000e-02
5.020000000000000462e+00,9.761810302734375000e-03,8.336830139160156250e-02,-3.383433818817138672e-02,1.226818561553955078e-01,6.017703935503959656e-02,6.473893672227859497e-02,1.602995246648788452e-01,1.744604706764221191e-01,0.000000000000000000e+00,1.000000000000000000e+00,0.000000000000000000e+00,0.000000000000000000e+00,5.376017456054687500e+02,6.250000000000000000e-02
5.040000000000000036e+00,3.086090087890625000e-03,7.961845397949218750e-02,-3.058451414108276367e-02,1.287785917520523071e-01,6.277372688055038452e-02,6.409827619791030884e-02,1.597169637680053711e-01,1.739309579133987427e-01,0.000000000000000000e+00,1.000000000000000000e+00,0.000000000000000000e+00,0.000000000000000000e+00,5.453063964843750000e+02,7.812500000000000000e-03
5.060000000000000497e+00,-4.425048828125000000e-03,7.835769653320312500e-02,-2.930796146392822266e-02,1.337373256683349609e-01,6.638859957456588745e-02,6.890786439180374146e-02,1.628578603267669678e-01,1.735474914312362671e-01,0.000000000000000000e+00,0.000000000000000000e+00,0.000000000000000000e+00,0.000000000000000000e+00,5.540647583007812500e+02,3.906250000000000000e-03
5.080000000000000071e+00,-1.171493530273437500e-02,7.758140563964843750e-02,-2.745366096496582031e-02,1.394819319248199463e-01,7.141737639904022217e-02,7.981286942958831787e-02,1.635295003652572632e-01,1.740062832832336426e-01,0.000000000000000000e+00,0.000000000000000000e+00,0.000000000000000000e+00,0.000000000000000000e+00,5.350348510742187500e+02,0.000000000000000000e+00
5.100000000000000533e+00,-1.749610900878906250e-02,7.732391357421875000e-02,-2.564823627471923828e-02,1.398919075727462769e-01,7.620535790920257568e-02,8.498530834913253784e-02,1.576412320137023926e-01,1.733912825584411621e-01,0.000000000000000000e+00,0.000000000000000000e+00,0.000000000000000000e+00,0.000000000000000000e+00,5.569291381835937500e+02,0.000000000000000000e+00
5.120000000000000107e+00,-2.056884765625000000e-02,7.749748229980468750e-02,-2.317583560943603516e-02,1.365707814693450928e-01,7.988923788070678711e-02,8.559407293796539307e-02,1.513220965862274170e-01,1.724354475736618042e-01,0.000000000000000000e+00,0.000000000000000000e+00,0.000000000000000000e+00,0.000000000000000000e+00,5.142285156250000000e+02,0.000000000000000000e+00
5.139999999999999680e+00,-2.143096923828125000e-02,7.760238647460937500e-02,-2.030599117279052734e-02,1.301001757383346558e-01,8.157742768526077271e-02,8.393888175487518311e-02,1.454704254865646362e-01,1.711090058088302612e-01,0.000000000000000000e+00,0.000000000000000000e+00,0.000000000000000000e+00,0.000000000000000000e+00,5.192578735351562500e+02,0.000000000000000000e+00
5.160000000000000142e+00,-2.124404907226562500e-02,7.751655578613281250e-02,-1.763176918029785156e-02,1.226215586066246033e-01,8.171041309833526611e-02,8.204739540815353394e-02,1.400415152311325073e-01,1.695476472377777100e-01,0.000000000000000000e+00,0.000000000000000000e+00,0.000000000000000000e+00,0.000000000000000000e+00,6.080902709960937500e+02,3.906250000000000000e-03
5.179999999999999716e+00,-2.073860168457031250e-02,7.713317871093750000e-02,-1.573181152343750000e-02,1.159375309944152832e-01,8.071444928646087646e-02,8.137457072734832764e-02,1.357214301824569702e-01,1.685135960578918457e-01,0.000000000000000000e+00,0.000000000000000000e+00,0.000000000000000000e+00,0.000000000000000000e+00,6.774558105468750000e+02,4.570312500000000000e-01
5.200000000000000178e+00,-2.002716064453125000e-02,7.667350769042968750e-02,-1.487863063812255859e-02,1.118981465697288513e-01,7.969333231449127197e-02,8.139722794294357300e-02,1.316693574190139771e-01,1.675546616315841675e-01,0.000000000000000000e+00,0.000000000000000000e+00,0.000000000000000000e+00,0.000000000000000000e+00,5.524880981445312500e+02,6.210937500000000000e-01
5.219999999999999751e+00,-1.928901672363281250e-02,7.610702514648437500e-02,-1.508998870849609375e-02,1.139995604753494263e-01,7.857972383499145508e-02,7.863231748342514038e-02,1.282889544963836670e-01,1.672189682722091675e-01,0.000000000000000000e+00,0.000000000000000000e+00,0.000000000000000000e+00,0.000000000000000000e+00,5.628546752929687500e+02,6.289062500000000000e-01
5.240000000000000213e+00,-1.873016357421875000e-02,7.563018798828125000e-02,-1.503324508666992188e-02,1.187852844595909119e-01,7.753494381904602051e-02,6.864169239997863770e-02,1.260271370410919189e-01,1.669287234544754028e-01,0.000000000000000000e+00,0.000000000000000000e+00,0.000000000000000000e+00,0.000000000000000000e+00,5.510358886718750000e+02,5.117187500000000000e-01
5.259999999999999787e+00,-1.773262023925781250e-02,7.539939880371093750e-02,-1.381343603134155273e-02,1.216919571161270142e-01,7.696086168289184570e-02,5.589598789811134338e-02,1.241830065846443176e-01,1.666771024465560913e-01,1.000000000000000000e+00,0.000000000000000000e+00,0.000000000000000000e+00,0.000000000000000000e+00,5.551996459960937500e+02,9.375000000000000000e-02
5.280000000000000249e+00,-1.635360717773437500e-02,7.544517517089843750e-02,-1.232045888900756836e-02,1.235770061612129211e-01,7.549858838319778442e-02,4.653901234269142151e-02,1.208359971642494202e-01,1.666198670864105225e-01,0.000000000000000000e+00,0.000000000000000000e+00,0.000000000000000000e+00,0.000000000000000000e+00,5.470744628906250000e+02,4.296875000000000000e-02
5.299999999999999822e+00,-1.483345031738281250e-02,7.580566406250000000e-02,-1.160567998886108398e-02,1.259273141622543335e-01,7.253754138946533203e-02,4.155780002474784851e-02,1.149345859885215759e-01,1.661826968193054199e-01,0.000000000000000000e+00,0.000000000000000000e+00,0.000000000000000000e+00,0.000000000000000000e+00,5.373361206054687500e+02,1.171875000000000000e-02
5.320000000000000284e+00,-1.263046264648437500e-02,7.710838317871093750e-02,-1.250249147415161133e-02,1.270383149385452271e-01,6.967741996049880981e-02,4.021762683987617493e-02,1.088213026523590088e-01,1.660142093896865845e-01,0.000000000000000000e+00,0.000000000000000000e+00,0.000000000000000000e+00,0.000000000000000000e+00,5.656038818359375000e+02,3.906250000000000000e-03
5.339999999999999858e+00,-9.120941162109375000e-03,8.026313781738281250e-02,-1.476085186004638672e-02,1.258401423692703247e-01,6.728302687406539917e-02,4.299811646342277527e-02,1.042435914278030396e-01,1.658547222614288330e-01,0.000000000000000000e+00,0.000000000000000000e+00,0.000000000000000000e+00,0.000000000000000000e+00,5.521990356445312500e+02,0.000000000000000000e+00
5.360000000000000320e+00,-4.594802856445312500e-03,8.484649658203125000e-02,-1.788127422332763672e-02,1.212166100740432739e-01,6.530085206031799316e-02,4.991719126701354980e-02,1.035324558615684509e-01,1.657186448574066162e-01,1.000000000000000000e+00,0.000000000000000000e+00,0.000000000000000000e+00,0.000000000000000000e+00,5.243681640625000000e+02,0.000000000000000000e+00
5.379999999999999893e+00,3.051757812500000000e-05,8.923912048339843750e-02,-2.052652835845947266e-02,1.144381538033485413e-01,6.203850358724594116e-02,5.812429636716842651e-02,1.125584840774536133e-01,1.654380112886428833e-01,1.000000000000000000e+00,0.000000000000000000e+00,0.000000000000000000e+00,0.000000000000000000e+00,5.328034667968750000e+02,0.000000000000000000e+00
5.400000000000000355e+00,1.672744750976562500e-03,9.062767028808593750e-02,-2.377980947494506836e-02,1.084733009338378906e-01,5.787105858325958252e-02,6.941628456115722656e-02,1.091614738106727600e-01,1.655985265970230103e-01,1.000000000000000000e+00,1.000000000000000000e+00,0.000000000000000000e+00,0.000000000000000000e+00,5.328143920898437500e+02,0.000000000000000000e+00
5.419999999999999929e+00,2.132415771484375000e-03,9.085464477539062500e-02,-2.722650766372680664e-02,1.018079742789268494e-01,5.315189436078071594e-02,7.477622479200363159e-02,1.054164320230484009e-01,1.654024422168731689e-01,1.000000000000000000e+00,0.000000000000000000e+00,0.000000000000000000e+00,0.000000000000000000e+00,5.481583251953125000e+02,0.000000000000000000e+00
5.440000000000000391e+00,2.128601074218750000e-03,9.254455566406250000e-02,-2.751141786575317383e-02,9.130215644836425781e-02,5.035918578505516052e-02,7.755532860755920410e-02,1.038833931088447571e-01,1.643395572900772095e-01,1.000000000000000000e+00,1.000000000000000000e+00,0.000000000000000000e+00,0.000000000000000000e+00,5.268515625000000000e+02,0.000000000000000000e+00
5.459999999999999964e+00,1.220703125000000000e-04,9.546852111816406250e-02,-2.540355920791625977e-02,8.014896512031555176e-02,4.900423064827919006e-02,8.138354867696762085e-02,1.026127114892005920e-01,1.596810519695281982e-01,0.000000000000000000e+00,0.000000000000000000e+00,0.000000000000000000e+00,0.000000000000000000e+00,5.734410400390625000e+02,0.000000000000000000e+00
5.480000000000000426e+00,-4.154205322265625000e-03,1.007747650146484375e-01,-2.695298194885253906e-02,9.525264054536819458e-02,5.507642403244972229e-02,8.372389525175094604e-02,1.017334163188934326e-01,1.846282780170440674e-01,0.000000000000000000e+00,0.000000000000000000e+00,0.000000000000000000e+00,0.000000000000000000e+00,5.376494140625000000e+02,0.000000000000000000e+00
5.500000000000000000e+00,-9.054183959960937500e-03,1.052112579345703125e-01,-2.689641714096069336e-02,1.024921312928199768e-01,6.151649355888366699e-02,8.595488220453262329e-02,1.005058363080024719e-01,1.901895105838775635e-01,0.000000000000000000e+00,0.000000000000000000e+00,0.000000000000000000e+00,0.000000000000000000e+00,5.489405517578125000e+02,0.000000000000000000e+00
5.520000000000000462e+00,-1.236915588378906250e-02,1.068916320800781250e-01,-2.559667825698852539e-02,1.013265475630760193e-01,6.713422387838363647e-02,8.895152062177658081e-02,9.987598657608032227e-02,1.824626177549362183e-01,0.000000000000000000e+00,0.000000000000000000e+00,0.000000000000000000e+00,0.000000000000000000e+00,5.303385009765625000e+02,0.000000000000000000e+00
5.540000000000000036e+00,-1.389694213867187500e-02,1.057186126708984375e-01,-2.422404289245605469e-02,9.270460903644561768e-02,7.164143025875091553e-02,9.249190986156463623e-02,9.935785084962844849e-02,1.696205288171768188e-01,0.000000000000000000e+00,0.000000000000000000e+00,0.000000000000000000e+00,0.000000000000000000e+00,5.457911987304687500e+02,0.000000000000000000e+00
5.560000000000000497e+00,-1.424407958984375000e-02,1.025562286376953125e-01,-2.355331182479858398e-02,8.105435222387313843e-02,7.487597316503524780e-02,9.450641274452209473e-02,9.906509518623352051e-02,1.555713862180709839e-01,0.000000000000000000e+00,0.000000000000000000e+00,0.000000000000000000e+00,0.000000000000000000e+00,5.340778198242187500e+02,0.000000000000000000e+00
5.580000000000000071e+00,-1.383781433105468750e-02,9.825706481933593750e-02,-2.340310811996459961e-02,7.314528524875640869e-02,7.674526423215866089e-02,9.559153765439987183e-02,9.857615083456039429e-02,1.444617360830307007e-01,0.000000000000000000e+00,0.000000000000000000e+00,0.000000000000000000e+00,0.000000000000000000e+00,5.509571533203125000e+02,0.000000000000000000e+00
5.600000000000000533e+00,-1.297950744628906250e-02,9.359741210937500000e-02,-2.345901727676391602e-02,6.941159069538116455e-02,7.731245458126068115e-02,9.565825015306472778e-02,9.799359738826751709e-02,1.365505307912826538e-01,0.000000000000000000e+00,0.000000000000000000e+00,0.000000000000000000e+00,0.000000000000000000e+00,5.230794067382812500e+02,3.906250000000000000e-03
5.620000000000000107e+00,-1.226043701171875000e-02,8.918380737304687500e-02,-2.379298210144042969e-02,6.647031754255294800e-02,7.664451003074645996e-02,9.459408372640609741e-02,9.756497293710708618e-02,1.304621398448944092e-01,0.000000000000000000e+00,0.000000000000000000e+00,0.000000000000000000e+00,0.000000000000000000e+00,5.569880981445312500e+02,3.906250000000000000e-03
5.639999999999999680e+00,-1.188087463378906250e-02,8.542060852050781250e-02,-2.441501617431640625e-02,5.670983344316482544e-02,7.391755282878875732e-02,9.263799339532852173e-02,9.682924300432205200e-02,1.263945251703262329e-01,0.000000000000000000e+00,0.000000000000000000e+00,0.000000000000000000e+00,0.000000000000000000e+00,5.282529907226562500e+02,0.000000000000000000e+00
5.660000000000000142e+00,-1.191520690917968750e-02,8.219909667968750000e-02,-2.533334493637084961e-02,4.047799855470657349e-02,6.822546571493148804e-02,8.960748463869094849e-02,9.661520272493362427e-02,1.228970661759376526e-01,0.000000000000000000e+00,0.000000000000000000e+00,0.000000000000000000e+00,0.000000000000000000e+00,5.907916259765625000e+02,7.812500000000000000e-03
5.679999999999999716e+00,-1.180458068847656250e-02,7.973098754882812500e-02,-2.705109119415283203e-02,2.658351138234138489e-02,6.311611831188201904e-02,8.660266548395156860e-02,9.641104936599731445e-02,1.207240372896194458e-01,0.000000000000000000e+00,0.000000000000000000e+00,0.000000000000000000e+00,0.000000000000000000e+00,5.636918945312500000e+02,0.000000000000000000e+00
5.700000000000000178e+00,-1.066207885742187500e-02,7.749557495117187500e-02,-2.959209680557250977e-02,3.086647950112819672e-02,5.978189408779144287e-02,8.395387977361679077e-02,9.581837058067321777e-02,1.187566667795181274e-01,0.000000000000000000e+00,1.000000000000000000e+00,0.000000000000000000e+00,0.000000000000000000e+00,5.783232421875000000e+02,0.000000000000000000e+00
5.719999999999999751e+00,-7.787704467773437500e-03,7.560920715332031250e-02,-3.286504745483398438e-02,4.684554412961006165e-02,5.733007565140724182e-02,8.136467635631561279e-02,9.508754312992095947e-02,1.184253394603729248e-01,0.000000000000000000e+00,0.000000000000000000e+00,0.000000000000000000e+00,0.000000000000000000e+00,5.980360717773437500e+02,0.000000000000000000e+00
5.740000000000000213e+00,-3.170013427734375000e-03,7.402420043945312500e-02,-3.672438859939575195e-02,5.882329493761062622e-02,5.478631705045700073e-02,7.906743884086608887e-02,9.420596808195114136e-02,1.204125061631202698e-01,0.000000000000000000e+00,0.000000000000000000e+00,0.000000000000000000e+00,0.000000000000000000e+00,6.289513549804687500e+02,0.000000000000000000e+00
5.759999999999999787e+00,2.632141113281250000e-03,7.303428649902343750e-02,-3.923994302749633789e-02,5.984806641936302185e-02,5.246692523360252380e-02,7.659493386745452881e-02,9.328784048557281494e-02,1.241820976138114929e-01,0.000000000000000000e+00,0.000000000000000000e+00,0.000000000000000000e+00,1.000000000000000000e+00,5.514444580078125000e+02,0.000000000000000000e+00
5.780000000000000249e+00,7.896423339843750000e-03,7.198143005371093750e-02,-3.987061977386474609e-02,5.884355679154396057e-02,5.208586156368255615e-02,7.328807562589645386e-02,9.255763143301010132e-02,1.269784569740295410e-01,0.000000000000000000e+00,1.000000000000000000e+00,0.000000000000000000e+00,1.000000000000000000e+00,5.491087646484375000e+02,0.000000000000000000e+00
5.799999999999999822e+00,1.044845581054687500e-02,6.887054443359375000e-02,-3.921884298324584961e-02,6.474383920431137085e-02,5.098871141672134399e-02,7.025011628866195679e-02,9.203139692544937134e-02,1.291578114032745361e-01,0.000000000000000000e+00,1.000000000000000000e+00,0.000000000000000000e+00,0.000000000000000000e+00,5.589678955078125000e+02,3.906250000000000000e-03
5.820000000000000284e+00,8.838653564453125000e-03,6.286239624023437500e-02,-3.791695833206176758e-02,7.342188060283660889e-02,4.554628580808639526e-02,6.734978407621383667e-02,9.108679741621017456e-02,1.285417526960372925e-01,1.000000000000000000e+00,1.000000000000000000e+00,0.000000000000000000e+00,0.000000000000000000e+00,5.320742797851562500e+02,2.734375000000000000e-02
5.839999999999999858e+00,7.196426391601562500e-03,5.748558044433593750e-02,-3.493827581405639648e-02,8.011622726917266846e-02,4.912927001714706421e-02,6.430692970752716064e-02,9.047511219978332520e-02,1.279447376728057861e-01,1.000000000000000000e+00,1.000000000000000000e+00,0.000000000000000000e+00,0.000000000000000000e+00,5.446972656250000000e+02,7.812500000000000000e-03
5.860000000000000320e+00,2.750396728515625000e-03,5.306434631347656250e-02,-3.150939941406250000e-02,8.421173691749572754e-02,6.136887893080711365e-02,6.031166389584541321e-02,8.995736390352249146e-02,1.274460405111312866e-01,0.000000000000000000e+00,1.000000000000000000e+00,0.000000000000000000e+00,0.000000000000000000e+00,5.576004638671875000e+02,0.000000000000000000e+00
5.879999999999999893e+00,-4.621505737304687500e-03,5.050659179687500000e-02,-3.078609704971313477e-02,8.383423089981079102e-02,6.615701317787170410e-02,5.384461209177970886e-02,8.870421350002288818e-02,1.269068419933319092e-01,1.000000000000000000e+00,0.000000000000000000e+00,0.000000000000000000e+00,0.000000000000000000e+00,5.589147338867187500e+02,7.812500000000000000e-03
5.900000000000000355e+00,-1.016426086425781250e-02,4.965019226074218750e-02,-2.997946739196777344e-02,8.921732753515243530e-02,7.145231962203979492e-02,5.897770449519157410e-02,9.885244071483612061e-02,1.266731619834899902e-01,1.000000000000000000e+00,0.000000000000000000e+00,0.000000000000000000e+00,0.000000000000000000e+00,5.365772705078125000e+02,0.000000000000000000e+00
5.919999999999999929e+00,-1.548385620117187500e-02,4.921150207519531250e-02,-2.927803993225097656e-02,9.012693911790847778e-02,7.605067640542984009e-02,6.392168998718261719e-02,1.025057509541511536e-01,1.263012886047363281e-01,0.000000000000000000e+00,0.000000000000000000e+00,0.000000000000000000e+00,0.000000000000000000e+00,5.358078613281250000e+02,7.812500000000000000e-03
5.940000000000000391e+00,-1.842308044433593750e-02,4.948425292968750000e-02,-2.823966741561889648e-02,9.138571470975875854e-02,7.930427044630050659e-02,6.513625383377075195e-02,1.054009273648262024e-01,1.260292232036590576e-01,0.000000000000000000e+00,0.000000000000000000e+00,0.000000000000000000e+00,0.000000000000000000e+00,5.303022460937500000e+02,0.000000000000000000e+00
5.959999999999999964e+00,-1.926803588867187500e-02,5.003356933593750000e-02,-2.685511112213134766e-02,9.211356937885284424e-02,8.038295060396194458e-02,6.419054418802261353e-02,1.086286455392837524e-01,1.257718950510025024e-01,0.000000000000000000e+00,0.000000000000000000e+00,0.000000000000000000e+00,0.000000000000000000e+00,5.324708862304687500e+02,0.000000000000000000e+00
5.980000000000000426e+00,-1.875877380371093750e-02,5.049514770507812500e-02,-2.513694763183593750e-02,9.240310639142990112e-02,8.027310669422149658e-02,6.393751502037048340e-02,1.115084737539291382e-01,1.254504173994064331e-01,0.000000000000000000e+00,0.000000000000000000e+00,0.000000000000000000e+00,0.000000000000000000e+00,5.480164184570312500e+02,0.000000000000000000e+00
6.000000000000000000e+00,-1.764297485351562500e-02,5.073356628417968750e-02,-2.340620756149291992e-02,9.276890009641647339e-02,7.978072762489318848e-02,6.608233600854873657e-02,1.128501370549201965e-01,1.251897662878036499e-01,0.000000000000000000e+00,0.000000000000000000e+00,0.000000000000000000e+00,0.000000000000000000e+00,5.287263183593750000e+02,2.343750000000000000e-02
