time_s,base_error_x_m,base_error_y_m,base_error_z_m,base_orientation_error_rad,wheel_error_fl_m,wheel_error_fr_m,wheel_error_rl_m,wheel_error_rr_m,contact_mismatch_fl,contact_mismatch_fr,contact_mismatch_rl,contact_mismatch_rr,solve_ms,rollout_termination_rate
2.000000000000000042e-02,0.000000000000000000e+00,0.000000000000000000e+00,0.000000000000000000e+00,0.000000000000000000e+00,1.907348632812500000e-06,5.960464477539062500e-08,4.991888999938964844e-07,1.921282091643661261e-06,0.000000000000000000e+00,1.000000000000000000e+00,1.000000000000000000e+00,0.000000000000000000e+00,5.530383300781250000e+02,0.000000000000000000e+00
4.000000000000000083e-02,-1.859664916992187500e-03,-1.544952392578125000e-04,-9.572505950927734375e-04,1.207942981272935867e-02,1.859923079609870911e-02,1.880064047873020172e-02,1.476108096539974213e-03,1.577484305016696453e-03,0.000000000000000000e+00,1.000000000000000000e+00,0.000000000000000000e+00,0.000000000000000000e+00,5.607907714843750000e+02,0.000000000000000000e+00
5.999999999999999778e-02,-6.105422973632812500e-03,5.149841308593750000e-05,-3.075301647186279297e-03,1.514462847262620926e-02,2.276057004928588867e-02,2.071941830217838287e-02,3.576385555788874626e-03,2.959636971354484558e-03,0.000000000000000000e+00,1.000000000000000000e+00,0.000000000000000000e+00,0.000000000000000000e+00,5.576945190429687500e+02,0.000000000000000000e+00
8.000000000000000167e-02,-1.185989379882812500e-02,1.018524169921875000e-03,-5.648851394653320312e-03,1.644287630915641785e-02,2.377151325345039368e-02,2.552872337400913239e-02,8.185014128684997559e-03,4.850068129599094391e-03,0.000000000000000000e+00,0.000000000000000000e+00,1.000000000000000000e+00,0.000000000000000000e+00,5.379587402343750000e+02,1.171875000000000000e-02
1.000000000000000056e-01,-1.755332946777343750e-02,1.148223876953125000e-03,-7.649838924407958984e-03,2.458937093615531921e-02,2.567936666309833527e-02,3.169687837362289429e-02,1.570616848766803741e-02,4.597324877977371216e-03,0.000000000000000000e+00,0.000000000000000000e+00,1.000000000000000000e+00,0.000000000000000000e+00,5.478228149414062500e+02,1.562500000000000000e-02
1.199999999999999956e-01,-2.203941345214843750e-02,9.956359863281250000e-04,-1.043039560317993164e-02,3.173485770821571350e-02,2.758356928825378418e-02,3.533849120140075684e-02,2.208146080374717712e-02,4.574498627334833145e-03,0.000000000000000000e+00,0.000000000000000000e+00,1.000000000000000000e+00,0.000000000000000000e+00,5.293142700195312500e+02,3.906250000000000000e-02
1.400000000000000133e-01,-2.410697937011718750e-02,6.389617919921875000e-04,-1.254022121429443359e-02,3.853461891412734985e-02,2.963056601583957672e-02,3.699852898716926575e-02,2.098246477544307709e-02,5.152893718332052231e-03,0.000000000000000000e+00,0.000000000000000000e+00,1.000000000000000000e+00,0.000000000000000000e+00,5.683284912109375000e+02,1.171875000000000000e-02
1.600000000000000033e-01,-2.405738830566406250e-02,-1.411437988281250000e-04,-1.543253660202026367e-02,5.044814199209213257e-02,3.093885630369186401e-02,3.843012824654579163e-02,4.711877927184104919e-02,6.086966488510370255e-03,1.000000000000000000e+00,0.000000000000000000e+00,1.000000000000000000e+00,0.000000000000000000e+00,5.453159179687500000e+02,0.000000000000000000e+00
1.799999999999999933e-01,-2.331352233886718750e-02,-1.964569091796875000e-03,-1.857143640518188477e-02,5.840018391609191895e-02,3.190963342785835266e-02,3.975874930620193481e-02,6.357555091381072998e-02,5.922644399106502533e-03,0.000000000000000000e+00,0.000000000000000000e+00,0.000000000000000000e+00,0.000000000000000000e+00,5.152152709960937500e+02,0.000000000000000000e+00
2.000000000000000111e-01,-2.263832092285156250e-02,-4.299163818359375000e-03,-2.091425657272338867e-02,5.891645327210426331e-02,3.291383013129234314e-02,3.946771845221519470e-02,6.737183779478073120e-02,5.999856628477573395e-03,0.000000000000000000e+00,0.000000000000000000e+00,0.000000000000000000e+00,0.000000000000000000e+00,5.312268066406250000e+02,0.000000000000000000e+00
2.200000000000000011e-01,-2.198600769042968750e-02,-6.521224975585937500e-03,-2.274680137634277344e-02,5.345445126295089722e-02,3.323122113943099976e-02,3.854153677821159363e-02,6.933959573507308960e-02,6.100025493651628494e-03,0.000000000000000000e+00,0.000000000000000000e+00,0.000000000000000000e+00,0.000000000000000000e+00,5.229489746093750000e+02,0.000000000000000000e+00
2.399999999999999911e-01,-2.146148681640625000e-02,-8.237838745117187500e-03,-2.382606267929077148e-02,4.923781752586364746e-02,3.269484639167785645e-02,3.769192844629287720e-02,6.907266378402709961e-02,6.091098766773939133e-03,0.000000000000000000e+00,0.000000000000000000e+00,1.000000000000000000e+00,0.000000000000000000e+00,5.461812744140625000e+02,0.000000000000000000e+00
2.600000000000000089e-01,-2.085494995117187500e-02,-9.317398071289062500e-03,-2.383071184158325195e-02,4.835828021168708801e-02,3.193303942680358887e-02,3.851879015564918518e-02,6.436103582382202148e-02,6.022178102284669876e-03,0.000000000000000000e+00,0.000000000000000000e+00,1.000000000000000000e+00,0.000000000000000000e+00,5.418804931640625000e+02,0.000000000000000000e+00
2.800000000000000266e-01,-1.965713500976562500e-02,-9.914398193359375000e-03,-2.208971977233886719e-02,4.851580783724784851e-02,3.149623423814773560e-02,4.175407066941261292e-02,5.794061347842216492e-02,5.863662343472242355e-03,0.000000000000000000e+00,0.000000000000000000e+00,0.000000000000000000e+00,0.000000000000000000e+00,5.583989868164062500e+02,0.000000000000000000e+00
2.999999999999999889e-01,-1.757621765136718750e-02,-1.005172729492187500e-02,-1.825988292694091797e-02,4.974369704723358154e-02,3.120597265660762787e-02,4.441291093826293945e-02,5.233196541666984558e-02,5.742236040532588959e-03,0.000000000000000000e+00,0.000000000000000000e+00,0.000000000000000000e+00,0.000000000000000000e+00,5.290369873046875000e+02,0.000000000000000000e+00
3.200000000000000067e-01,-1.457595825195312500e-02,-9.914398193359375000e-03,-1.370435953140258789e-02,4.838785529136657715e-02,3.063854761421680450e-02,4.498875513672828674e-02,4.447210207581520081e-02,5.491581745445728302e-03,0.000000000000000000e+00,0.000000000000000000e+00,0.000000000000000000e+00,0.000000000000000000e+00,5.377974243164062500e+02,0.000000000000000000e+00
3.400000000000000244e-01,-1.035690307617187500e-02,-9.599685668945312500e-03,-9.670257568359375000e-03,4.627711325883865356e-02,2.976810000836849213e-02,4.429867863655090332e-02,3.288188204169273376e-02,5.155146121978759766e-03,0.000000000000000000e+00,0.000000000000000000e+00,0.000000000000000000e+00,0.000000000000000000e+00,5.384568481445312500e+02,0.000000000000000000e+00
3.599999999999999867e-01,-4.808425903320312500e-03,-8.966445922851562500e-03,-6.310284137725830078e-03,4.235479235649108887e-02,2.827318198978900909e-02,4.275637120008468628e-02,1.990005187690258026e-02,5.286421161144971848e-03,1.000000000000000000e+00,0.000000000000000000e+00,0.000000000000000000e+00,0.000000000000000000e+00,5.198477172851562500e+02,0.000000000000000000e+00
3.800000000000000044e-01,1.266479492187500000e-03,-7.944107055664062500e-03,-3.977894783020019531e-03,3.316039219498634338e-02,2.620435692369937897e-02,4.095185548067092896e-02,1.267930120229721069e-02,5.422926507890224457e-03,0.000000000000000000e+00,0.000000000000000000e+00,0.000000000000000000e+00,0.000000000000000000e+00,5.497303466796875000e+02,0.000000000000000000e+00
4.000000000000000222e-01,5.598068237304687500e-03,-6.055831909179687500e-03,-3.264963626861572266e-03,2.191300503909587860e-02,2.493982762098312378e-02,3.733329102396965027e-02,2.164413593709468842e-02,5.870209075510501862e-03,1.000000000000000000e+00,0.000000000000000000e+00,1.000000000000000000e+00,0.000000000000000000e+00,5.195009765625000000e+02,0.000000000000000000e+00
4.199999999999999845e-01,6.175994873046875000e-03,-1.258850097656250000e-03,-2.738833427429199219e-03,1.263886783272027969e-02,2.376693487167358398e-02,2.005741372704505920e-02,2.893728762865066528e-02,5.783846601843833923e-03,1.000000000000000000e+00,0.000000000000000000e+00,0.000000000000000000e+00,0.000000000000000000e+00,5.607713623046875000e+02,0.000000000000000000e+00
4.400000000000000022e-01,5.971908569335937500e-03,3.984451293945312500e-03,-2.046823501586914062e-03,2.292335778474807739e-02,2.310391515493392944e-02,1.494650449603796005e-02,2.884061448276042938e-02,6.180545780807733536e-03,1.000000000000000000e+00,1.000000000000000000e+00,0.000000000000000000e+00,0.000000000000000000e+00,5.591933593750000000e+02,0.000000000000000000e+00
4.600000000000000200e-01,3.684997558593750000e-03,7.186889648437500000e-03,4.786252975463867188e-05,3.612670302391052246e-02,2.372628450393676758e-02,1.414107903838157654e-02,2.943519130349159241e-02,6.008450407534837723e-03,1.000000000000000000e+00,0.000000000000000000e+00,0.000000000000000000e+00,0.000000000000000000e+00,5.268010253906250000e+02,0.000000000000000000e+00
4.799999999999999822e-01,-2.637863159179687500e-03,8.932113647460937500e-03,6.181001663208007812e-04,3.913020342588424683e-02,2.788315899670124054e-02,1.482499018311500549e-02,2.917693927884101868e-02,6.889594253152608871e-03,0.000000000000000000e+00,1.000000000000000000e+00,0.000000000000000000e+00,1.000000000000000000e+00,5.253793334960937500e+02,0.000000000000000000e+00
5.000000000000000000e-01,-5.929946899414062500e-03,8.897781372070312500e-03,6.747245788574218750e-05,4.812102392315864563e-02,3.151262551546096802e-02,1.833336427807807922e-02,3.021251037716865540e-02,2.213993854820728302e-02,0.000000000000000000e+00,0.000000000000000000e+00,0.000000000000000000e+00,0.000000000000000000e+00,5.451499633789062500e+02,0.000000000000000000e+00
5.200000000000000178e-01,-1.310348510742187500e-02,9.790420532226562500e-03,-1.392245292663574219e-03,4.482717812061309814e-02,3.147646784782409668e-02,2.220050059258937836e-02,3.247177973389625549e-02,2.820931188762187958e-02,0.000000000000000000e+00,0.000000000000000000e+00,0.000000000000000000e+00,0.000000000000000000e+00,5.295887451171875000e+02,0.000000000000000000e+00
5.400000000000000355e-01,-1.848983764648437500e-02,9.988784790039062500e-03,-2.404332160949707031e-03,4.509234800934791565e-02,3.205728530883789062e-02,2.516783773899078369e-02,3.751720860600471497e-02,3.422202914953231812e-02,0.000000000000000000e+00,0.000000000000000000e+00,0.000000000000000000e+00,0.000000000000000000e+00,5.605547485351562500e+02,0.000000000000000000e+00
5.600000000000000533e-01,-2.186393737792968750e-02,9.759902954101562500e-03,-2.757370471954345703e-03,4.322407394647598267e-02,3.288140520453453064e-02,2.766526117920875549e-02,3.870883956551551819e-02,3.744106367230415344e-02,0.000000000000000000e+00,0.000000000000000000e+00,0.000000000000000000e+00,0.000000000000000000e+00,5.343294677734375000e+02,0.000000000000000000e+00
5.799999999999999600e-01,-2.249145507812500000e-02,8.781433105468750000e-03,-2.568304538726806641e-03,4.481121897697448730e-02,3.345937654376029968e-02,2.948267199099063873e-02,3.816076368093490601e-02,4.298974946141242981e-02,0.000000000000000000e+00,0.000000000000000000e+00,0.000000000000000000e+00,0.000000000000000000e+00,5.450392456054687500e+02,0.000000000000000000e+00
5.999999999999999778e-01,-2.218627929687500000e-02,7.669448852539062500e-03,-2.268910408020019531e-03,4.608090594410896301e-02,3.316833078861236572e-02,2.998855151236057281e-02,3.863364085555076599e-02,4.774073883891105652e-02,0.000000000000000000e+00,0.000000000000000000e+00,0.000000000000000000e+00,0.000000000000000000e+00,5.486371459960937500e+02,0.000000000000000000e+00
6.199999999999999956e-01,-2.278137207031250000e-02,7.219314575195312500e-03,-2.181231975555419922e-03,4.377767816185951233e-02,3.271570429205894470e-02,2.983868308365345001e-02,3.773462772369384766e-02,4.616161063313484192e-02,0.000000000000000000e+00,0.000000000000000000e+00,0.000000000000000000e+00,0.000000000000000000e+00,5.397091064453125000e+02,0.000000000000000000e+00
6.400000000000000133e-01,-2.267265319824218750e-02,6.433486938476562500e-03,-2.027750015258789062e-03,4.278049618005752563e-02,3.167264163494110107e-02,2.928797900676727295e-02,3.702114894986152649e-02,4.524266719818115234e-02,0.000000000000000000e+00,0.000000000000000000e+00,0.000000000000000000e+00,0.000000000000000000e+00,5.468705444335937500e+02,0.000000000000000000e+00
6.600000000000000311e-01,-2.220153808593750000e-02,5.287170410156250000e-03,-1.725554466247558594e-03,4.329572990536689758e-02,3.210571035742759705e-02,2.890548296272754669e-02,3.674105182290077209e-02,4.410653188824653625e-02,0.000000000000000000e+00,0.000000000000000000e+00,0.000000000000000000e+00,0.000000000000000000e+00,5.452485961914062500e+02,0.000000000000000000e+00
6.800000000000000488e-01,-2.205467224121093750e-02,4.312515258789062500e-03,-1.554548740386962891e-03,4.173666611313819885e-02,3.520563989877700806e-02,2.809154242277145386e-02,3.648874536156654358e-02,4.157798364758491516e-02,0.000000000000000000e+00,0.000000000000000000e+00,0.000000000000000000e+00,0.000000000000000000e+00,5.493464965820312500e+02,0.000000000000000000e+00
7.000000000000000666e-01,-2.158546447753906250e-02,3.217697143554687500e-03,-1.848280429840087891e-03,3.995627537369728088e-02,3.908685967326164246e-02,2.707553282380104065e-02,3.653102740645408630e-02,3.925448283553123474e-02,0.000000000000000000e+00,0.000000000000000000e+00,0.000000000000000000e+00,1.000000000000000000e+00,5.450975952148437500e+02,0.000000000000000000e+00
7.199999999999999734e-01,-2.055931091308593750e-02,1.733779907226562500e-03,-2.753555774688720703e-03,3.755696862936019897e-02,4.125739634037017822e-02,2.589266188442707062e-02,3.637242317199707031e-02,3.696383908390998840e-02,0.000000000000000000e+00,0.000000000000000000e+00,0.000000000000000000e+00,1.000000000000000000e+00,5.441822509765625000e+02,0.000000000000000000e+00
7.399999999999999911e-01,-1.816940307617187500e-02,-4.749298095703125000e-04,-4.427433013916015625e-03,3.474054113030433655e-02,4.095376655459403992e-02,2.398988790810108185e-02,3.643389791250228882e-02,3.578268364071846008e-02,0.000000000000000000e+00,0.000000000000000000e+00,0.000000000000000000e+00,0.000000000000000000e+00,5.186452026367187500e+02,0.000000000000000000e+00
7.600000000000000089e-01,-1.325416564941406250e-02,-3.936767578125000000e-03,-6.713569164276123047e-03,3.514313697814941406e-02,3.754287958145141602e-02,2.174695767462253571e-02,3.678100183606147766e-02,3.742622211575508118e-02,0.000000000000000000e+00,0.000000000000000000e+00,0.000000000000000000e+00,0.000000000000000000e+00,5.480716552734375000e+02,0.000000000000000000e+00
7.800000000000000266e-01,-6.107330322265625000e-03,-8.586883544921875000e-03,-9.665966033935546875e-03,4.154197499155998230e-02,3.133352845907211304e-02,1.942551881074905396e-02,3.672229498624801636e-02,4.251803457736968994e-02,0.000000000000000000e+00,0.000000000000000000e+00,0.000000000000000000e+00,0.000000000000000000e+00,5.036332702636718750e+02,0.000000000000000000e+00
8.000000000000000444e-01,4.577636718750000000e-04,-1.229095458984375000e-02,-1.070809364318847656e-02,4.872179031372070312e-02,2.496358565986156464e-02,1.795573160052299500e-02,3.664620593190193176e-02,4.621676728129386902e-02,0.000000000000000000e+00,0.000000000000000000e+00,0.000000000000000000e+00,1.000000000000000000e+00,5.085689392089843750e+02,0.000000000000000000e+00
8.200000000000000622e-01,4.375457763671875000e-03,-1.439857482910156250e-02,-1.117408275604248047e-02,5.235927179455757141e-02,1.864830777049064636e-02,1.774753630161285400e-02,3.683052957057952881e-02,5.166904628276824951e-02,0.000000000000000000e+00,0.000000000000000000e+00,0.000000000000000000e+00,0.000000000000000000e+00,5.302494506835937500e+02,0.000000000000000000e+00
8.399999999999999689e-01,3.719329833984375000e-03,-1.569366455078125000e-02,-1.147222518920898438e-02,5.352132022380828857e-02,1.859530434012413025e-02,1.860125735402107239e-02,3.700050339102745056e-02,5.303007736802101135e-02,0.000000000000000000e+00,1.000000000000000000e+00,0.000000000000000000e+00,0.000000000000000000e+00,5.279570922851562500e+02,0.000000000000000000e+00
8.599999999999999867e-01,2.326965332031250000e-03,-1.669883728027343750e-02,-1.113104820251464844e-02,5.245027318596839905e-02,1.933296956121921539e-02,1.985148340463638306e-02,3.705227375030517578e-02,5.460771918296813965e-02,0.000000000000000000e+00,0.000000000000000000e+00,0.000000000000000000e+00,0.000000000000000000e+00,5.441088867187500000e+02,0.000000000000000000e+00
8.800000000000000044e-01,-1.724243164062500000e-03,-1.766777038574218750e-02,-1.077359914779663086e-02,4.984904453158378601e-02,2.071841433644294739e-02,2.027056179940700531e-02,3.721514344215393066e-02,5.628282204270362854e-02,0.000000000000000000e+00,1.000000000000000000e+00,0.000000000000000000e+00,0.000000000000000000e+00,5.394852905273437500e+02,0.000000000000000000e+00
9.000000000000000222e-01,-8.041381835937500000e-03,-1.858711242675781250e-02,-1.108348369598388672e-02,4.582145437598228455e-02,2.406793273985385895e-02,2.076306007802486420e-02,3.669796884059906006e-02,5.784460902214050293e-02,0.000000000000000000e+00,0.000000000000000000e+00,1.000000000000000000e+00,0.000000000000000000e+00,5.376234130859375000e+02,0.000000000000000000e+00
9.200000000000000400e-01,-1.467132568359375000e-02,-2.060317993164062500e-02,-1.147192716598510742e-02,4.304719343781471252e-02,2.787815779447555542e-02,2.839601039886474609e-02,5.228919908404350281e-02,5.814805254340171814e-02,0.000000000000000000e+00,0.000000000000000000e+00,1.000000000000000000e+00,0.000000000000000000e+00,5.665657348632812500e+02,0.000000000000000000e+00
9.400000000000000577e-01,-2.064704895019531250e-02,-2.229881286621093750e-02,-1.262325048446655273e-02,3.961467370390892029e-02,3.154725208878517151e-02,3.460201621055603027e-02,6.142725795507431030e-02,5.805906653404235840e-02,0.000000000000000000e+00,0.000000000000000000e+00,1.000000000000000000e+00,0.000000000000000000e+00,5.523284301757812500e+02,0.000000000000000000e+00
9.599999999999999645e-01,-2.466583251953125000e-02,-2.365303039550781250e-02,-1.413744688034057617e-02,3.696828708052635193e-02,3.385184705257415771e-02,3.853373974561691284e-02,6.618337333202362061e-02,5.762467905879020691e-02,0.000000000000000000e+00,0.000000000000000000e+00,1.000000000000000000e+00,0.000000000000000000e+00,5.225491333007812500e+02,4.687500000000000000e-02
9.799999999999999822e-01,-2.598381042480468750e-02,-2.474212646484375000e-02,-1.512068510055541992e-02,3.293674439191818237e-02,3.525952622294425964e-02,4.170297458767890930e-02,5.979829654097557068e-02,5.737835168838500977e-02,0.000000000000000000e+00,0.000000000000000000e+00,1.000000000000000000e+00,0.000000000000000000e+00,5.351734619140625000e+02,3.906250000000000000e-03
1.000000000000000000e+00,-2.611541748046875000e-02,-2.594757080078125000e-02,-1.556354761123657227e-02,3.054032661020755768e-02,3.518086299300193787e-02,4.508409649133682251e-02,6.165279820561408997e-02,5.762557685375213623e-02,0.000000000000000000e+00,0.000000000000000000e+00,0.000000000000000000e+00,0.000000000000000000e+00,5.399722290039062500e+02,0.000000000000000000e+00
1.020000000000000018e+00,-2.555084228515625000e-02,-2.691268920898437500e-02,-1.527523994445800781e-02,2.808383107185363770e-02,3.395081311464309692e-02,4.829203709959983826e-02,6.599511951208114624e-02,5.784273147583007812e-02,0.000000000000000000e+00,0.000000000000000000e+00,0.000000000000000000e+00,0.000000000000000000e+00,5.530076904296875000e+02,0.000000000000000000e+00
1.040000000000000036e+00,-2.466773986816406250e-02,-2.737236022949218750e-02,-1.495629549026489258e-02,2.755243703722953796e-02,3.243006765842437744e-02,5.074499920010566711e-02,6.932108849287033081e-02,5.787724629044532776e-02,0.000000000000000000e+00,0.000000000000000000e+00,0.000000000000000000e+00,0.000000000000000000e+00,5.480163574218750000e+02,0.000000000000000000e+00
1.060000000000000053e+00,-2.357101440429687500e-02,-2.720260620117187500e-02,-1.450443267822265625e-02,2.964501641690731049e-02,3.138084709644317627e-02,5.244519189000129700e-02,6.926506012678146362e-02,5.788988247513771057e-02,0.000000000000000000e+00,0.000000000000000000e+00,0.000000000000000000e+00,0.000000000000000000e+00,5.275019531250000000e+02,0.000000000000000000e+00
1.080000000000000071e+00,-2.229499816894531250e-02,-2.644920349121093750e-02,-1.318740844726562500e-02,3.298737853765487671e-02,3.039069660007953644e-02,5.388747155666351318e-02,6.571061164140701294e-02,5.789493396878242493e-02,0.000000000000000000e+00,0.000000000000000000e+00,0.000000000000000000e+00,0.000000000000000000e+00,5.318432617187500000e+02,0.000000000000000000e+00
1.100000000000000089e+00,-2.092361450195312500e-02,-2.530479431152343750e-02,-1.105391979217529297e-02,3.452712669968605042e-02,2.904011122882366180e-02,5.645308271050453186e-02,6.000688299536705017e-02,5.784523859620094299e-02,0.000000000000000000e+00,0.000000000000000000e+00,0.000000000000000000e+00,0.000000000000000000e+00,5.368700561523437500e+02,0.000000000000000000e+00
1.120000000000000107e+00,-1.925086975097656250e-02,-2.412414550781250000e-02,-8.876323699951171875e-03,3.382247313857078552e-02,2.729413844645023346e-02,5.960808321833610535e-02,5.507486686110496521e-02,5.735178291797637939e-02,0.000000000000000000e+00,0.000000000000000000e+00,0.000000000000000000e+00,0.000000000000000000e+00,5.581016235351562500e+02,0.000000000000000000e+00
1.140000000000000124e+00,-1.699447631835937500e-02,-2.324295043945312500e-02,-7.393062114715576172e-03,3.418010473251342773e-02,2.521635778248310089e-02,6.132947281002998352e-02,5.376227572560310364e-02,5.724195763468742371e-02,0.000000000000000000e+00,0.000000000000000000e+00,0.000000000000000000e+00,0.000000000000000000e+00,5.379223632812500000e+02,0.000000000000000000e+00
1.159999999999999920e+00,-1.383209228515625000e-02,-2.284240722656250000e-02,-7.023453712463378906e-03,3.595469892024993896e-02,2.269519306719303131e-02,6.021733209490776062e-02,5.621031299233436584e-02,5.795871466398239136e-02,0.000000000000000000e+00,0.000000000000000000e+00,0.000000000000000000e+00,0.000000000000000000e+00,5.479064941406250000e+02,0.000000000000000000e+00
1.179999999999999938e+00,-9.391784667968750000e-03,-2.280235290527343750e-02,-7.500350475311279297e-03,3.638974204659461975e-02,2.071731723845005035e-02,5.524829775094985962e-02,6.091339513659477234e-02,5.821024999022483826e-02,0.000000000000000000e+00,0.000000000000000000e+00,0.000000000000000000e+00,0.000000000000000000e+00,5.342593994140625000e+02,3.906250000000000000e-03
1.199999999999999956e+00,-3.675460815429687500e-03,-2.271842956542968750e-02,-8.735656738281250000e-03,3.688434511423110962e-02,1.986526325345039368e-02,4.809100925922393799e-02,6.849743425846099854e-02,5.832501128315925598e-02,0.000000000000000000e+00,0.000000000000000000e+00,0.000000000000000000e+00,0.000000000000000000e+00,5.307938842773437500e+02,0.000000000000000000e+00
1.219999999999999973e+00,1.619338989257812500e-03,-2.243804931640625000e-02,-1.009565591812133789e-02,4.101634398102760315e-02,1.984254829585552216e-02,4.149474948644638062e-02,8.025498688220977783e-02,5.852980539202690125e-02,0.000000000000000000e+00,0.000000000000000000e+00,1.000000000000000000e+00,0.000000000000000000e+00,5.288073120117187500e+02,1.562500000000000000e-02
1.239999999999999991e+00,3.999710083007812500e-03,-2.062225341796875000e-02,-9.245157241821289062e-03,5.127790942788124084e-02,2.008804306387901306e-02,3.143618628382682800e-02,9.151600301265716553e-02,5.825480073690414429e-02,0.000000000000000000e+00,0.000000000000000000e+00,1.000000000000000000e+00,0.000000000000000000e+00,5.507465820312500000e+02,0.000000000000000000e+00
1.260000000000000009e+00,3.883361816406250000e-03,-1.514625549316406250e-02,-8.703410625457763672e-03,5.915476381778717041e-02,2.047069929540157318e-02,2.251612395048141479e-02,9.009920805692672729e-02,5.783360451459884644e-02,0.000000000000000000e+00,0.000000000000000000e+00,0.000000000000000000e+00,0.000000000000000000e+00,5.189875488281250000e+02,0.000000000000000000e+00
1.280000000000000027e+00,3.252029418945312500e-03,-1.175308227539062500e-02,-6.563544273376464844e-03,6.854385137557983398e-02,2.008863538503646851e-02,1.900165900588035583e-02,9.033663570880889893e-02,5.778197944164276123e-02,0.000000000000000000e+00,0.000000000000000000e+00,0.000000000000000000e+00,0.000000000000000000e+00,5.807622680664062500e+02,0.000000000000000000e+00
1.300000000000000044e+00,-4.768371582031250000e-04,-9.874343872070312500e-03,-3.986477851867675781e-03,7.401709258556365967e-02,1.990154199302196503e-02,1.719977706670761108e-02,8.930360525846481323e-02,5.697497725486755371e-02,0.000000000000000000e+00,0.000000000000000000e+00,0.000000000000000000e+00,1.000000000000000000e+00,5.346160278320312500e+02,1.562500000000000000e-02
1.320000000000000062e+00,-5.584716796875000000e-03,-1.052474975585937500e-02,-4.555881023406982422e-03,7.680314779281616211e-02,2.244084142148494720e-02,1.609725877642631531e-02,8.841821551322937012e-02,6.367480754852294922e-02,0.000000000000000000e+00,0.000000000000000000e+00,0.000000000000000000e+00,0.000000000000000000e+00,5.309178466796875000e+02,7.812500000000000000e-03
1.340000000000000080e+00,-1.144599914550781250e-02,-1.143264770507812500e-02,-5.391418933868408203e-03,8.155300468206405640e-02,2.513927593827247620e-02,1.724221929907798767e-02,8.835238218307495117e-02,7.406263798475265503e-02,0.000000000000000000e+00,0.000000000000000000e+00,0.000000000000000000e+00,0.000000000000000000e+00,5.241441040039062500e+02,0.000000000000000000e+00
1.360000000000000098e+00,-1.740646362304687500e-02,-1.237297058105468750e-02,-6.499171257019042969e-03,8.242273330688476562e-02,2.711293287575244904e-02,1.899809762835502625e-02,8.799207210540771484e-02,7.572673261165618896e-02,0.000000000000000000e+00,0.000000000000000000e+00,0.000000000000000000e+00,0.000000000000000000e+00,5.246386108398437500e+02,0.000000000000000000e+00
1.380000000000000115e+00,-2.127265930175781250e-02,-1.365089416503906250e-02,-6.937265396118164062e-03,7.994637638330459595e-02,2.836029045283794403e-02,2.000330761075019836e-02,8.687759190797805786e-02,7.418144494295120239e-02,0.000000000000000000e+00,0.000000000000000000e+00,0.000000000000000000e+00,0.000000000000000000e+00,5.327307128906250000e+02,0.000000000000000000e+00
1.400000000000000133e+00,-2.310371398925781250e-02,-1.516342163085937500e-02,-6.481766700744628906e-03,7.731378078460693359e-02,2.918049506843090057e-02,2.064407244324684143e-02,8.569231629371643066e-02,7.241265475749969482e-02,0.000000000000000000e+00,0.000000000000000000e+00,0.000000000000000000e+00,0.000000000000000000e+00,5.461750488281250000e+02,0.000000000000000000e+00
1.419999999999999929e+00,-2.368545532226562500e-02,-1.657867431640625000e-02,-5.796670913696289062e-03,7.338289171457290649e-02,3.034935332834720612e-02,2.035512030124664307e-02,8.469702303409576416e-02,7.062537968158721924e-02,0.000000000000000000e+00,0.000000000000000000e+00,0.000000000000000000e+00,0.000000000000000000e+00,5.519650878906250000e+02,0.000000000000000000e+00
1.439999999999999947e+00,-2.374839782714843750e-02,-1.782417297363281250e-02,-5.368232727050781250e-03,6.695287674665451050e-02,3.168644756078720093e-02,1.938461698591709137e-02,8.279234170913696289e-02,6.840831041336059570e-02,0.000000000000000000e+00,0.000000000000000000e+00,0.000000000000000000e+00,0.000000000000000000e+00,5.202422485351562500e+02,0.000000000000000000e+00
1.459999999999999964e+00,-2.373313903808593750e-02,-1.884078979492187500e-02,-5.565285682678222656e-03,5.875839665532112122e-02,3.229191154241561890e-02,1.819127425551414490e-02,8.027955889701843262e-02,6.598658114671707153e-02,0.000000000000000000e+00,0.000000000000000000e+00,0.000000000000000000e+00,0.000000000000000000e+00,5.567963256835937500e+02,0.000000000000000000e+00
1.479999999999999982e+00,-2.369117736816406250e-02,-2.001380920410156250e-02,-6.257295608520507812e-03,5.373474210500717163e-02,3.183047100901603699e-02,1.745154894888401031e-02,7.898220419883728027e-02,6.515291333198547363e-02,0.000000000000000000e+00,0.000000000000000000e+00,0.000000000000000000e+00,0.000000000000000000e+00,5.179074096679687500e+02,0.000000000000000000e+00
1.500000000000000000e+00,-2.328300476074218750e-02,-2.151870727539062500e-02,-6.581842899322509766e-03,5.231827124953269958e-02,3.041984513401985168e-02,1.706264913082122803e-02,7.891316711902618408e-02,6.619606167078018188e-02,0.000000000000000000e+00,0.000000000000000000e+00,0.000000000000000000e+00,0.000000000000000000e+00,5.171105957031250000e+02,0.000000000000000000e+00
1.520000000000000018e+00,-2.247810363769531250e-02,-2.317047119140625000e-02,-6.463468074798583984e-03,5.278109759092330933e-02,3.003614768385887146e-02,1.697272993624210358e-02,7.913890480995178223e-02,6.790763884782791138e-02,0.000000000000000000e+00,0.000000000000000000e+00,0.000000000000000000e+00,0.000000000000000000e+00,5.335058593750000000e+02,0.000000000000000000e+00
1.540000000000000036e+00,-2.136421203613281250e-02,-2.487564086914062500e-02,-6.387233734130859375e-03,5.355694890022277832e-02,3.091799467802047729e-02,1.721846126019954681e-02,7.947541028261184692e-02,6.885371357202529907e-02,0.000000000000000000e+00,0.000000000000000000e+00,0.000000000000000000e+00,0.000000000000000000e+00,5.287892456054687500e+02,0.000000000000000000e+00
1.560000000000000053e+00,-1.945877075195312500e-02,-2.678871154785156250e-02,-6.730020046234130859e-03,5.308291688561439514e-02,3.174966573715209961e-02,1.784691773355007172e-02,7.949698716402053833e-02,6.903634965419769287e-02,0.000000000000000000e+00,0.000000000000000000e+00,0.000000000000000000e+00,0.000000000000000000e+00,5.416610107421875000e+02,0.000000000000000000e+00
1.580000000000000071e+00,-1.616859436035156250e-02,-2.921295166015625000e-02,-7.522583007812500000e-03,5.228179693222045898e-02,3.135492280125617981e-02,1.913416571915149689e-02,7.965838909149169922e-02,6.965974718332290649e-02,0.000000000000000000e+00,0.000000000000000000e+00,0.000000000000000000e+00,0.000000000000000000e+00,5.218490600585937500e+02,0.000000000000000000e+00
1.600000000000000089e+00,-1.105880737304687500e-02,-3.242683410644531250e-02,-9.003520011901855469e-03,5.260008201003074646e-02,3.052017278969287872e-02,2.114360220730304718e-02,7.992613315582275391e-02,7.217479497194290161e-02,0.000000000000000000e+00,0.000000000000000000e+00,0.000000000000000000e+00,0.000000000000000000e+00,5.386556396484375000e+02,0.000000000000000000e+00
1.620000000000000107e+00,-4.991531372070312500e-03,-3.600692749023437500e-02,-1.093566417694091797e-02,5.413264408707618713e-02,3.174805268645286560e-02,2.321482263505458832e-02,8.018097281455993652e-02,7.609888911247253418e-02,0.000000000000000000e+00,0.000000000000000000e+00,0.000000000000000000e+00,0.000000000000000000e+00,5.391264648437500000e+02,0.000000000000000000e+00
1.640000000000000124e+00,-9.727478027343750000e-05,-3.874969482421875000e-02,-1.233601570129394531e-02,5.682324990630149841e-02,3.448978438973426819e-02,2.435198985040187836e-02,8.054883033037185669e-02,8.216807246208190918e-02,0.000000000000000000e+00,0.000000000000000000e+00,0.000000000000000000e+00,1.000000000000000000e+00,5.592382812500000000e+02,0.000000000000000000e+00
1.660000000000000142e+00,8.487701416015625000e-04,-4.042816162109375000e-02,-1.359528303146362305e-02,5.511916056275367737e-02,3.379182517528533936e-02,2.405057661235332489e-02,8.080704510211944580e-02,8.650507777929306030e-02,1.000000000000000000e+00,0.000000000000000000e+00,0.000000000000000000e+00,0.000000000000000000e+00,5.744760742187500000e+02,0.000000000000000000e+00
1.679999999999999938e+00,3.566741943359375000e-04,-4.210662841796875000e-02,-1.428431272506713867e-02,5.163010582327842712e-02,3.306207433342933655e-02,2.305387146770954132e-02,8.097450435161590576e-02,8.732850849628448486e-02,0.000000000000000000e+00,0.000000000000000000e+00,0.000000000000000000e+00,0.000000000000000000e+00,5.669744262695312500e+02,0.000000000000000000e+00
1.699999999999999956e+00,-2.187728881835937500e-03,-4.377555847167968750e-02,-1.480329036712646484e-02,4.812597855925559998e-02,3.322600573301315308e-02,2.219974435865879059e-02,8.115732669830322266e-02,8.738425374031066895e-02,0.000000000000000000e+00,0.000000000000000000e+00,0.000000000000000000e+00,0.000000000000000000e+00,5.439682006835937500e+02,0.000000000000000000e+00
1.719999999999999973e+00,-7.232666015625000000e-03,-4.553794860839843750e-02,-1.495724916458129883e-02,4.423821344971656799e-02,3.389629349112510681e-02,2.200824394822120667e-02,8.131161332130432129e-02,8.745270967483520508e-02,0.000000000000000000e+00,0.000000000000000000e+00,0.000000000000000000e+00,0.000000000000000000e+00,5.048644409179687500e+02,0.000000000000000000e+00
1.739999999999999991e+00,-1.341819763183593750e-02,-4.749107360839843750e-02,-1.560449600219726562e-02,4.377223178744316101e-02,3.537690639495849609e-02,1.872028969228267670e-02,8.883174508810043335e-02,8.764080703258514404e-02,0.000000000000000000e+00,0.000000000000000000e+00,1.000000000000000000e+00,0.000000000000000000e+00,5.269465942382812500e+02,0.000000000000000000e+00
1.760000000000000009e+00,-1.879119873046875000e-02,-4.985809326171875000e-02,-1.613581180572509766e-02,4.348256811499595642e-02,3.781787678599357605e-02,1.557274814695119858e-02,9.880121052265167236e-02,8.699640631675720215e-02,0.000000000000000000e+00,0.000000000000000000e+00,1.000000000000000000e+00,0.000000000000000000e+00,5.519877929687500000e+02,7.812500000000000000e-03
1.780000000000000027e+00,-2.229118347167968750e-02,-5.175209045410156250e-02,-1.687270402908325195e-02,4.368498921394348145e-02,3.987440094351768494e-02,2.098187059164047241e-02,1.052597463130950928e-01,8.746182918548583984e-02,0.000000000000000000e+00,0.000000000000000000e+00,1.000000000000000000e+00,0.000000000000000000e+00,5.377208251953125000e+02,0.000000000000000000e+00
1.800000000000000044e+00,-2.380943298339843750e-02,-5.337905883789062500e-02,-1.736617088317871094e-02,4.387016966938972473e-02,4.124806076288223267e-02,2.820711582899093628e-02,1.091667637228965759e-01,8.766590803861618042e-02,0.000000000000000000e+00,0.000000000000000000e+00,0.000000000000000000e+00,0.000000000000000000e+00,5.384555053710937500e+02,0.000000000000000000e+00
1.820000000000000062e+00,-2.393341064453125000e-02,-5.478858947753906250e-02,-1.728844642639160156e-02,4.480057582259178162e-02,4.146890714764595032e-02,3.581631183624267578e-02,1.122952923178672791e-01,8.790735155344009399e-02,0.000000000000000000e+00,0.000000000000000000e+00,0.000000000000000000e+00,0.000000000000000000e+00,5.102536010742187500e+02,1.171875000000000000e-02
1.840000000000000080e+00,-2.324867248535156250e-02,-5.557060241699218750e-02,-1.693922281265258789e-02,4.492812603712081909e-02,4.085532575845718384e-02,4.310602694749832153e-02,1.141610592603683472e-01,8.801685273647308350e-02,0.000000000000000000e+00,0.000000000000000000e+00,0.000000000000000000e+00,0.000000000000000000e+00,5.345534667968750000e+02,0.000000000000000000e+00
1.860000000000000098e+00,-2.231597900390625000e-02,-5.546569824218750000e-02,-1.661610603332519531e-02,4.442109167575836182e-02,3.979351371526718140e-02,4.945348575711250305e-02,1.136305555701255798e-01,8.817697316408157349e-02,0.000000000000000000e+00,0.000000000000000000e+00,0.000000000000000000e+00,0.000000000000000000e+00,5.290748291015625000e+02,0.000000000000000000e+00
1.880000000000000115e+00,-2.152061462402343750e-02,-5.463218688964843750e-02,-1.630640029907226562e-02,4.628741741180419922e-02,3.873651474714279175e-02,5.471688881516456604e-02,1.105026677250862122e-01,8.798453211784362793e-02,0.000000000000000000e+00,0.000000000000000000e+00,0.000000000000000000e+00,0.000000000000000000e+00,5.418495483398437500e+02,0.000000000000000000e+00
1.900000000000000133e+00,-2.074241638183593750e-02,-5.333518981933593750e-02,-1.571303606033325195e-02,5.344552919268608093e-02,3.753338009119033813e-02,5.825133249163627625e-02,1.066488251090049744e-01,8.790479600429534912e-02,0.000000000000000000e+00,0.000000000000000000e+00,0.000000000000000000e+00,0.000000000000000000e+00,5.482677001953125000e+02,0.000000000000000000e+00
1.919999999999999929e+00,-1.990890502929687500e-02,-5.183601379394531250e-02,-1.468217372894287109e-02,6.140559911727905273e-02,3.622888401150703430e-02,5.903365835547447205e-02,1.031272560358047485e-01,8.790877461433410645e-02,0.000000000000000000e+00,0.000000000000000000e+00,0.000000000000000000e+00,0.000000000000000000e+00,5.533740844726562500e+02,0.000000000000000000e+00
1.939999999999999947e+00,-1.876449584960937500e-02,-5.046272277832031250e-02,-1.327639818191528320e-02,6.515870243310928345e-02,3.504372015595436096e-02,5.802838504314422607e-02,1.013061627745628357e-01,8.800929039716720581e-02,0.000000000000000000e+00,0.000000000000000000e+00,0.000000000000000000e+00,0.000000000000000000e+00,5.353707885742187500e+02,0.000000000000000000e+00
1.959999999999999964e+00,-1.691246032714843750e-02,-4.956626892089843750e-02,-1.182091236114501953e-02,6.326474249362945557e-02,3.404987230896949768e-02,5.587184801697731018e-02,1.004275456070899963e-01,8.817209303379058838e-02,0.000000000000000000e+00,0.000000000000000000e+00,0.000000000000000000e+00,0.000000000000000000e+00,5.608762207031250000e+02,0.000000000000000000e+00
1.979999999999999982e+00,-1.432418823242187500e-02,-4.931831359863281250e-02,-1.107740402221679688e-02,5.819977074861526489e-02,3.309503197669982910e-02,5.180846899747848511e-02,1.001126244664192200e-01,8.853793889284133911e-02,0.000000000000000000e+00,0.000000000000000000e+00,0.000000000000000000e+00,0.000000000000000000e+00,5.435628662109375000e+02,0.000000000000000000e+00
2.000000000000000000e+00,-1.081085205078125000e-02,-4.956817626953125000e-02,-1.158833503723144531e-02,5.243663489818572998e-02,3.240160644054412842e-02,4.521160945296287537e-02,1.003234609961509705e-01,8.907673507928848267e-02,0.000000000000000000e+00,0.000000000000000000e+00,0.000000000000000000e+00,0.000000000000000000e+00,5.501741943359375000e+02,0.000000000000000000e+00
2.020000000000000018e+00,-6.225585937500000000e-03,-4.989051818847656250e-02,-1.331824064254760742e-02,4.834841936826705933e-02,3.186383470892906189e-02,3.696969896554946899e-02,1.009310632944107056e-01,8.955883234739303589e-02,0.000000000000000000e+00,0.000000000000000000e+00,0.000000000000000000e+00,0.000000000000000000e+00,5.557045898437500000e+02,0.000000000000000000e+00
2.040000000000000036e+00,-1.104354858398437500e-03,-4.982376098632812500e-02,-1.592993736267089844e-02,4.726611822843551636e-02,3.151147440075874329e-02,3.145468980073928833e-02,1.035451292991638184e-01,8.965456485748291016e-02,0.000000000000000000e+00,0.000000000000000000e+00,0.000000000000000000e+00,0.000000000000000000e+00,5.264784545898437500e+02,3.906250000000000000e-03
2.060000000000000053e+00,2.565383911132812500e-03,-4.915237426757812500e-02,-1.701605319976806641e-02,5.295699462294578552e-02,3.103167004883289337e-02,2.971889264881610870e-02,1.103617101907730103e-01,8.903250843286514282e-02,0.000000000000000000e+00,1.000000000000000000e+00,1.000000000000000000e+00,0.000000000000000000e+00,5.508235473632812500e+02,1.171875000000000000e-02
2.080000000000000071e+00,2.805709838867187500e-03,-4.457664489746093750e-02,-1.661920547485351562e-02,6.456680595874786377e-02,2.982974424958229065e-02,3.043121472001075745e-02,1.179960742592811584e-01,8.941706269979476929e-02,0.000000000000000000e+00,0.000000000000000000e+00,0.000000000000000000e+00,0.000000000000000000e+00,5.277835693359375000e+02,1.171875000000000000e-02
2.100000000000000089e+00,2.233505249023437500e-03,-3.915977478027343750e-02,-1.541620492935180664e-02,7.290362566709518433e-02,2.829680591821670532e-02,2.510198578238487244e-02,1.175448745489120483e-01,8.885293453931808472e-02,0.000000000000000000e+00,0.000000000000000000e+00,0.000000000000000000e+00,0.000000000000000000e+00,5.320916748046875000e+02,7.812500000000000000e-03
2.120000000000000107e+00,-1.068115234375000000e-04,-3.593635559082031250e-02,-1.234751939773559570e-02,8.068868517875671387e-02,2.744836732745170593e-02,2.017113193869590759e-02,1.170052513480186462e-01,8.846574276685714722e-02,0.000000000000000000e+00,0.000000000000000000e+00,0.000000000000000000e+00,0.000000000000000000e+00,5.302819824218750000e+02,7.812500000000000000e-03
2.140000000000000124e+00,-5.720138549804687500e-03,-3.527450561523437500e-02,-1.140546798706054688e-02,8.279226720333099365e-02,2.764052338898181915e-02,1.556075736880302429e-02,1.158991679549217224e-01,8.726976066827774048e-02,0.000000000000000000e+00,0.000000000000000000e+00,0.000000000000000000e+00,0.000000000000000000e+00,5.427605590820312500e+02,0.000000000000000000e+00
2.160000000000000142e+00,-1.013565063476562500e-02,-3.635597229003906250e-02,-1.197874546051025391e-02,8.915047347545623779e-02,3.252432867884635925e-02,1.265964936465024948e-02,1.155547648668289185e-01,1.075026765465736389e-01,0.000000000000000000e+00,0.000000000000000000e+00,0.000000000000000000e+00,0.000000000000000000e+00,5.468128051757812500e+02,0.000000000000000000e+00
2.180000000000000160e+00,-1.647758483886718750e-02,-3.733062744140625000e-02,-1.239651441574096680e-02,9.117930382490158081e-02,3.737174347043037415e-02,1.321008335798978806e-02,1.150200590491294861e-01,1.136972233653068542e-01,0.000000000000000000e+00,0.000000000000000000e+00,0.000000000000000000e+00,0.000000000000000000e+00,5.203168945312500000e+02,3.906250000000000000e-03
2.200000000000000178e+00,-2.164077758789062500e-02,-3.835105895996093750e-02,-1.205891370773315430e-02,8.971583098173141479e-02,4.101769626140594482e-02,1.338116731494665146e-02,1.137967109680175781e-01,1.122607067227363586e-01,0.000000000000000000e+00,0.000000000000000000e+00,0.000000000000000000e+00,0.000000000000000000e+00,5.719586791992187500e+02,0.000000000000000000e+00
2.220000000000000195e+00,-2.522087097167968750e-02,-3.934669494628906250e-02,-1.109760999679565430e-02,8.750338107347488403e-02,4.314485192298889160e-02,1.346666086465120316e-02,1.125688403844833374e-01,1.075579896569252014e-01,0.000000000000000000e+00,0.000000000000000000e+00,0.000000000000000000e+00,0.000000000000000000e+00,5.384275512695312500e+02,0.000000000000000000e+00
2.240000000000000213e+00,-2.728462219238281250e-02,-4.018020629882812500e-02,-9.937405586242675781e-03,8.422023057937622070e-02,4.466448351740837097e-02,1.336845289915800095e-02,1.105855852365493774e-01,1.012023985385894775e-01,0.000000000000000000e+00,0.000000000000000000e+00,0.000000000000000000e+00,0.000000000000000000e+00,5.348037719726562500e+02,0.000000000000000000e+00
2.260000000000000231e+00,-2.793502807617187500e-02,-4.081153869628906250e-02,-8.565723896026611328e-03,7.953964918851852417e-02,4.568359255790710449e-02,1.354931946843862534e-02,1.089660450816154480e-01,9.482771903276443481e-02,0.000000000000000000e+00,0.000000000000000000e+00,0.000000000000000000e+00,0.000000000000000000e+00,5.525708618164062500e+02,0.000000000000000000e+00
2.280000000000000249e+00,-2.757835388183593750e-02,-4.143524169921875000e-02,-7.555723190307617188e-03,7.336989790201187134e-02,4.642764478921890259e-02,1.364675350487232208e-02,1.077751666307449341e-01,9.006551653146743774e-02,0.000000000000000000e+00,0.000000000000000000e+00,0.000000000000000000e+00,0.000000000000000000e+00,5.285368041992187500e+02,0.000000000000000000e+00
2.300000000000000266e+00,-2.671623229980468750e-02,-4.223060607910156250e-02,-7.191836833953857422e-03,6.914310157299041748e-02,4.731598868966102600e-02,1.354089006781578064e-02,1.071239411830902100e-01,8.824017643928527832e-02,0.000000000000000000e+00,0.000000000000000000e+00,0.000000000000000000e+00,0.000000000000000000e+00,5.391223144531250000e+02,0.000000000000000000e+00
2.319999999999999840e+00,-2.573585510253906250e-02,-4.322433471679687500e-02,-7.128655910491943359e-03,6.804803758859634399e-02,4.637580737471580505e-02,1.337840594351291656e-02,1.070641353726387024e-01,8.872709423303604126e-02,0.000000000000000000e+00,0.000000000000000000e+00,0.000000000000000000e+00,0.000000000000000000e+00,5.396033935546875000e+02,0.000000000000000000e+00
2.339999999999999858e+00,-2.488708496093750000e-02,-4.434394836425781250e-02,-7.041096687316894531e-03,6.828941404819488525e-02,4.237939044833183289e-02,1.332111284136772156e-02,1.071460247039794922e-01,9.014452248811721802e-02,0.000000000000000000e+00,0.000000000000000000e+00,0.000000000000000000e+00,0.000000000000000000e+00,5.593564453125000000e+02,0.000000000000000000e+00
2.359999999999999876e+00,-2.391052246093750000e-02,-4.547882080078125000e-02,-7.042706012725830078e-03,6.882507354021072388e-02,3.782593458890914917e-02,1.363753713667392731e-02,1.072385236620903015e-01,9.191876649856567383e-02,0.000000000000000000e+00,0.000000000000000000e+00,0.000000000000000000e+00,0.000000000000000000e+00,5.424742431640625000e+02,0.000000000000000000e+00
2.379999999999999893e+00,-2.216339111328125000e-02,-4.667854309082031250e-02,-7.423460483551025391e-03,6.955916434526443481e-02,3.406871110200881958e-02,1.446056365966796875e-02,1.071631535887718201e-01,9.382274746894836426e-02,0.000000000000000000e+00,0.000000000000000000e+00,0.000000000000000000e+00,0.000000000000000000e+00,5.233522949218750000e+02,0.000000000000000000e+00
2.399999999999999911e+00,-1.922988891601562500e-02,-4.803466796875000000e-02,-8.034467697143554688e-03,7.097771763801574707e-02,3.082400001585483551e-02,1.631805300712585449e-02,1.075280979275703430e-01,9.538906067609786987e-02,0.000000000000000000e+00,0.000000000000000000e+00,0.000000000000000000e+00,0.000000000000000000e+00,5.141480712890625000e+02,0.000000000000000000e+00
2.419999999999999929e+00,-1.489448547363281250e-02,-4.974746704101562500e-02,-9.026110172271728516e-03,7.135636359453201294e-02,2.685626782476902008e-02,1.942681148648262024e-02,1.077163293957710266e-01,9.646463394165039062e-02,0.000000000000000000e+00,0.000000000000000000e+00,0.000000000000000000e+00,0.000000000000000000e+00,5.434994506835937500e+02,0.000000000000000000e+00
2.439999999999999947e+00,-9.103775024414062500e-03,-5.204582214355468750e-02,-1.041185855865478516e-02,7.142651081085205078e-02,2.298896946012973785e-02,2.377775870263576508e-02,1.078307554125785828e-01,9.797201305627822876e-02,0.000000000000000000e+00,0.000000000000000000e+00,0.000000000000000000e+00,0.000000000000000000e+00,5.311286621093750000e+02,0.000000000000000000e+00
2.459999999999999964e+00,-3.179550170898437500e-03,-5.432701110839843750e-02,-1.190257072448730469e-02,7.316157966852188110e-02,2.234013937413692474e-02,2.753588184714317322e-02,1.080017760396003723e-01,9.958118200302124023e-02,0.000000000000000000e+00,0.000000000000000000e+00,0.000000000000000000e+00,0.000000000000000000e+00,5.293365478515625000e+02,0.000000000000000000e+00
2.479999999999999982e+00,5.264282226562500000e-04,-5.620193481445312500e-02,-1.398915052413940430e-02,7.653876394033432007e-02,2.724380791187286377e-02,2.815368957817554474e-02,1.082764565944671631e-01,1.037877649068832397e-01,0.000000000000000000e+00,0.000000000000000000e+00,0.000000000000000000e+00,0.000000000000000000e+00,6.094048461914062500e+02,0.000000000000000000e+00
2.500000000000000000e+00,2.803802490234375000e-04,-5.773544311523437500e-02,-1.515895128250122070e-02,7.679072767496109009e-02,2.731419727206230164e-02,2.627638168632984161e-02,1.084270998835563660e-01,1.040550321340560913e-01,0.000000000000000000e+00,0.000000000000000000e+00,0.000000000000000000e+00,0.000000000000000000e+00,5.896470947265625000e+02,0.000000000000000000e+00
2.520000000000000018e+00,-3.890991210937500000e-04,-5.918502807617187500e-02,-1.539045572280883789e-02,7.547197490930557251e-02,2.769782021641731262e-02,2.420545555651187897e-02,1.085194200277328491e-01,1.042349711060523987e-01,0.000000000000000000e+00,1.000000000000000000e+00,0.000000000000000000e+00,0.000000000000000000e+00,5.230860595703125000e+02,0.000000000000000000e+00
2.540000000000000036e+00,-3.683090209960937500e-03,-6.064987182617187500e-02,-1.531350612640380859e-02,7.301475852727890015e-02,2.882392145693302155e-02,2.370995283126831055e-02,1.086070612072944641e-01,1.045601814985275269e-01,0.000000000000000000e+00,1.000000000000000000e+00,0.000000000000000000e+00,0.000000000000000000e+00,5.416968994140625000e+02,0.000000000000000000e+00
2.560000000000000053e+00,-9.187698364257812500e-03,-6.186676025390625000e-02,-1.602602005004882812e-02,6.830337643623352051e-02,3.074709884822368622e-02,2.492343634366989136e-02,1.087352186441421509e-01,1.046432256698608398e-01,0.000000000000000000e+00,0.000000000000000000e+00,1.000000000000000000e+00,0.000000000000000000e+00,5.370931396484375000e+02,0.000000000000000000e+00
2.580000000000000071e+00,-1.434135437011718750e-02,-6.396484375000000000e-02,-1.633852720260620117e-02,6.878694891929626465e-02,3.355705365538597107e-02,2.078847400844097137e-02,1.208813712000846863e-01,1.051752716302871704e-01,0.000000000000000000e+00,0.000000000000000000e+00,1.000000000000000000e+00,0.000000000000000000e+00,5.461811523437500000e+02,0.000000000000000000e+00
2.600000000000000089e+00,-1.848411560058593750e-02,-6.568527221679687500e-02,-1.665753126144409180e-02,6.615746766328811646e-02,3.624043241143226624e-02,2.232539094984531403e-02,1.274936646223068237e-01,1.053183823823928833e-01,0.000000000000000000e+00,0.000000000000000000e+00,1.000000000000000000e+00,0.000000000000000000e+00,5.294424438476562500e+02,1.953125000000000000e-02
2.620000000000000107e+00,-2.027130126953125000e-02,-6.675529479980468750e-02,-1.662731170654296875e-02,6.221191585063934326e-02,3.803530707955360413e-02,2.656062506139278412e-02,1.249727457761764526e-01,1.065623238682746887e-01,0.000000000000000000e+00,0.000000000000000000e+00,1.000000000000000000e+00,0.000000000000000000e+00,5.299534912109375000e+02,0.000000000000000000e+00
2.640000000000000124e+00,-2.053260803222656250e-02,-6.732368469238281250e-02,-1.725226640701293945e-02,6.032824516296386719e-02,3.831004723906517029e-02,3.122843988239765167e-02,1.237081959843635559e-01,1.080698445439338684e-01,0.000000000000000000e+00,0.000000000000000000e+00,1.000000000000000000e+00,0.000000000000000000e+00,5.604660034179687500e+02,0.000000000000000000e+00
2.660000000000000142e+00,-2.022361755371093750e-02,-6.740951538085937500e-02,-1.841938495635986328e-02,6.030056998133659363e-02,3.725261241197586060e-02,3.545108810067176819e-02,1.229405254125595093e-01,1.095615550875663757e-01,0.000000000000000000e+00,0.000000000000000000e+00,0.000000000000000000e+00,0.000000000000000000e+00,5.435379638671875000e+02,0.000000000000000000e+00
2.680000000000000160e+00,-1.987457275390625000e-02,-6.695938110351562500e-02,-1.971060037612915039e-02,6.183128803968429565e-02,3.553819283843040466e-02,3.842581808567047119e-02,1.211212277412414551e-01,1.115110442042350769e-01,0.000000000000000000e+00,0.000000000000000000e+00,0.000000000000000000e+00,0.000000000000000000e+00,5.979791870117187500e+02,0.000000000000000000e+00
2.700000000000000178e+00,-1.961517333984375000e-02,-6.590461730957031250e-02,-2.072978019714355469e-02,6.477697938680648804e-02,3.378662467002868652e-02,3.962195664644241333e-02,1.178761571645736694e-01,1.111626625061035156e-01,0.000000000000000000e+00,0.000000000000000000e+00,0.000000000000000000e+00,0.000000000000000000e+00,5.399315795898437500e+02,0.000000000000000000e+00
2.720000000000000195e+00,-1.928138732910156250e-02,-6.433296203613281250e-02,-2.167868614196777344e-02,6.751327216625213623e-02,3.247867897152900696e-02,3.961708396673202515e-02,1.138012558221817017e-01,1.111369654536247253e-01,0.000000000000000000e+00,0.000000000000000000e+00,0.000000000000000000e+00,0.000000000000000000e+00,5.268738403320312500e+02,0.000000000000000000e+00
2.740000000000000213e+00,-1.889610290527343750e-02,-6.243515014648437500e-02,-2.189105749130249023e-02,7.066794484853744507e-02,3.118293359875679016e-02,3.937695547938346863e-02,1.097143366932868958e-01,1.108852103352546692e-01,0.000000000000000000e+00,0.000000000000000000e+00,0.000000000000000000e+00,0.000000000000000000e+00,5.433330078125000000e+02,0.000000000000000000e+00
2.760000000000000231e+00,-1.840209960937500000e-02,-6.042671203613281250e-02,-2.164494991302490234e-02,7.337964326143264771e-02,2.979641035199165344e-02,4.021007195115089417e-02,1.055949330329895020e-01,1.107303574681282043e-01,0.000000000000000000e+00,0.000000000000000000e+00,0.000000000000000000e+00,0.000000000000000000e+00,5.363884887695312500e+02,0.000000000000000000e+00
2.780000000000000249e+00,-1.747703552246093750e-02,-5.849456787109375000e-02,-2.239477634429931641e-02,7.407184690237045288e-02,2.870265953242778778e-02,4.268138483166694641e-02,1.019524484872817993e-01,1.109615936875343323e-01,0.000000000000000000e+00,0.000000000000000000e+00,0.000000000000000000e+00,0.000000000000000000e+00,5.225498657226562500e+02,0.000000000000000000e+00
2.800000000000000266e+00,-1.571273803710937500e-02,-5.679130554199218750e-02,-2.460849285125732422e-02,7.220023125410079956e-02,2.776512689888477325e-02,4.469697177410125732e-02,1.005413532257080078e-01,1.121704801917076111e-01,0.000000000000000000e+00,0.000000000000000000e+00,0.000000000000000000e+00,0.000000000000000000e+00,5.553863525390625000e+02,0.000000000000000000e+00
2.819999999999999840e+00,-1.303482055664062500e-02,-5.547904968261718750e-02,-2.800834178924560547e-02,6.816008687019348145e-02,2.688726596534252167e-02,4.454641789197921753e-02,1.022024601697921753e-01,1.129006966948509216e-01,0.000000000000000000e+00,0.000000000000000000e+00,0.000000000000000000e+00,0.000000000000000000e+00,5.532396850585937500e+02,1.171875000000000000e-02
2.839999999999999858e+00,-9.321212768554687500e-03,-5.445671081542968750e-02,-3.202968835830688477e-02,6.612862646579742432e-02,2.628065831959247589e-02,4.246452450752258301e-02,1.091039404273033142e-01,1.132580190896987915e-01,0.000000000000000000e+00,0.000000000000000000e+00,0.000000000000000000e+00,0.000000000000000000e+00,5.574111328125000000e+02,1.171875000000000000e-02
2.859999999999999876e+00,-4.547119140625000000e-03,-5.400657653808593750e-02,-3.398936986923217773e-02,6.816008687019348145e-02,2.584896236658096313e-02,4.014577344059944153e-02,1.122491434216499329e-01,1.130202189087867737e-01,0.000000000000000000e+00,0.000000000000000000e+00,1.000000000000000000e+00,0.000000000000000000e+00,5.766083374023437500e+02,0.000000000000000000e+00
2.879999999999999893e+00,1.029968261718750000e-04,-5.349731445312500000e-02,-3.389918804168701172e-02,7.366184145212173462e-02,2.545751631259918213e-02,3.987286612391471863e-02,1.180371567606925964e-01,1.122478917241096497e-01,0.000000000000000000e+00,0.000000000000000000e+00,1.000000000000000000e+00,0.000000000000000000e+00,5.368651123046875000e+02,1.562500000000000000e-02
2.899999999999999911e+00,1.962661743164062500e-03,-5.099105834960937500e-02,-3.126436471939086914e-02,8.506550639867782593e-02,2.481250278651714325e-02,3.681159391999244690e-02,1.324594914913177490e-01,1.118239462375640869e-01,0.000000000000000000e+00,0.000000000000000000e+00,1.000000000000000000e+00,0.000000000000000000e+00,5.605299682617187500e+02,2.734375000000000000e-02
2.919999999999999929e+00,1.493453979492187500e-03,-4.486465454101562500e-02,-2.811247110366821289e-02,9.392125159502029419e-02,2.394078858196735382e-02,2.894437685608863831e-02,1.308693289756774902e-01,1.113061755895614624e-01,1.000000000000000000e+00,1.000000000000000000e+00,0.000000000000000000e+00,0.000000000000000000e+00,5.214324951171875000e+02,3.125000000000000000e-02
2.939999999999999947e+00,7.591247558593750000e-04,-4.081726074218750000e-02,-2.312242984771728516e-02,1.033357754349708557e-01,2.291429229080677032e-02,2.430712245404720306e-02,1.289003789424896240e-01,1.107461825013160706e-01,0.000000000000000000e+00,0.000000000000000000e+00,0.000000000000000000e+00,0.000000000000000000e+00,5.444854125976562500e+02,5.859375000000000000e-02
2.959999999999999964e+00,-3.009796142578125000e-03,-3.894615173339843750e-02,-1.828896999359130859e-02,1.093297377228736877e-01,2.224949561059474945e-02,2.110215090215206146e-02,1.276077032089233398e-01,1.096695065498352051e-01,1.000000000000000000e+00,0.000000000000000000e+00,0.000000000000000000e+00,0.000000000000000000e+00,5.394067993164062500e+02,5.078125000000000000e-02
2.979999999999999982e+00,-8.695602416992187500e-03,-4.029846191406250000e-02,-1.760393381118774414e-02,1.119642108678817749e-01,2.300428785383701324e-02,1.924788206815719604e-02,1.270442306995391846e-01,1.190498247742652893e-01,0.000000000000000000e+00,0.000000000000000000e+00,0.000000000000000000e+00,0.000000000000000000e+00,5.570838012695312500e+02,7.812500000000000000e-03
3.000000000000000000e+00,-1.537895202636718750e-02,-4.187583923339843750e-02,-1.672637462615966797e-02,1.127455234527587891e-01,2.959355153143405914e-02,1.815600693225860596e-02,1.260649710893630981e-01,1.300647109746932983e-01,0.000000000000000000e+00,0.000000000000000000e+00,0.000000000000000000e+00,0.000000000000000000e+00,5.566854248046875000e+02,3.906250000000000000e-03
3.020000000000000018e+00,-2.220726013183593750e-02,-4.302597045898437500e-02,-1.520419120788574219e-02,1.073192730545997620e-01,3.870122134685516357e-02,1.735448464751243591e-02,1.249315738677978516e-01,1.286158710718154907e-01,0.000000000000000000e+00,0.000000000000000000e+00,0.000000000000000000e+00,0.000000000000000000e+00,5.408135375976562500e+02,0.000000000000000000e+00
3.040000000000000036e+00,-2.732086181640625000e-02,-4.387474060058593750e-02,-1.288866996765136719e-02,9.825032204389572144e-02,4.640571400523185730e-02,1.685709133744239807e-02,1.232537254691123962e-01,1.216233670711517334e-01,0.000000000000000000e+00,1.000000000000000000e+00,0.000000000000000000e+00,0.000000000000000000e+00,5.497951660156250000e+02,0.000000000000000000e+00
3.060000000000000053e+00,-3.076553344726562500e-02,-4.449272155761718750e-02,-1.045310497283935547e-02,9.050983190536499023e-02,5.161937698721885681e-02,1.707093417644500732e-02,1.219313070178031921e-01,1.132119148969650269e-01,0.000000000000000000e+00,0.000000000000000000e+00,0.000000000000000000e+00,0.000000000000000000e+00,5.195341186523437500e+02,0.000000000000000000e+00
3.080000000000000071e+00,-3.298759460449218750e-02,-4.489135742187500000e-02,-8.762121200561523438e-03,8.479874581098556519e-02,5.496036633849143982e-02,1.709023676812648773e-02,1.198543906211853027e-01,1.046807244420051575e-01,0.000000000000000000e+00,0.000000000000000000e+00,0.000000000000000000e+00,0.000000000000000000e+00,5.204119873046875000e+02,0.000000000000000000e+00
3.100000000000000089e+00,-3.448677062988281250e-02,-4.525566101074218750e-02,-8.110642433166503906e-03,8.264522999525070190e-02,5.701218172907829285e-02,1.708393543958663940e-02,1.188437417149543762e-01,9.857790172100067139e-02,0.000000000000000000e+00,0.000000000000000000e+00,0.000000000000000000e+00,0.000000000000000000e+00,5.501741943359375000e+02,0.000000000000000000e+00
3.120000000000000107e+00,-3.554344177246093750e-02,-4.564476013183593750e-02,-8.460938930511474609e-03,8.157347142696380615e-02,5.833575129508972168e-02,1.700742356479167938e-02,1.181642040610313416e-01,9.511289745569229126e-02,0.000000000000000000e+00,0.000000000000000000e+00,0.000000000000000000e+00,0.000000000000000000e+00,5.354769287109375000e+02,0.000000000000000000e+00
3.140000000000000124e+00,-3.607368469238281250e-02,-4.602813720703125000e-02,-9.459853172302246094e-03,7.914891093969345093e-02,5.768592655658721924e-02,1.716700010001659393e-02,1.178017258644104004e-01,9.426999092102050781e-02,0.000000000000000000e+00,0.000000000000000000e+00,0.000000000000000000e+00,0.000000000000000000e+00,5.302324218750000000e+02,0.000000000000000000e+00
3.160000000000000142e+00,-3.588294982910156250e-02,-4.630279541015625000e-02,-1.022434234619140625e-02,7.617335021495819092e-02,5.271717905998229980e-02,1.756313815712928772e-02,1.176166757941246033e-01,9.511478245258331299e-02,0.000000000000000000e+00,0.000000000000000000e+00,0.000000000000000000e+00,0.000000000000000000e+00,5.197467651367187500e+02,0.000000000000000000e+00
3.180000000000000160e+00,-3.497695922851562500e-02,-4.664993286132812500e-02,-1.050633192062377930e-02,7.410725206136703491e-02,4.702654480934143066e-02,1.778977923095226288e-02,1.174889355897903442e-01,9.729500114917755127e-02,0.000000000000000000e+00,0.000000000000000000e+00,0.000000000000000000e+00,0.000000000000000000e+00,5.271877441406250000e+02,0.000000000000000000e+00
3.200000000000000178e+00,-3.328323364257812500e-02,-4.718971252441406250e-02,-1.061308383941650391e-02,7.336989790201187134e-02,4.357322677969932556e-02,1.751018688082695007e-02,1.175571233034133911e-01,1.002930030226707458e-01,0.000000000000000000e+00,0.000000000000000000e+00,0.000000000000000000e+00,0.000000000000000000e+00,5.419179077148437500e+02,0.000000000000000000e+00
3.220000000000000195e+00,-3.058815002441406250e-02,-4.803848266601562500e-02,-1.115840673446655273e-02,7.404609024524688721e-02,4.110804572701454163e-02,1.683573983609676361e-02,1.174327433109283447e-01,1.037955284118652344e-01,0.000000000000000000e+00,0.000000000000000000e+00,0.000000000000000000e+00,0.000000000000000000e+00,5.276276855468750000e+02,0.000000000000000000e+00
3.240000000000000213e+00,-2.661895751953125000e-02,-4.928588867187500000e-02,-1.266384124755859375e-02,7.628909498453140259e-02,3.770196065306663513e-02,1.636799424886703491e-02,1.173084378242492676e-01,1.076927706599235535e-01,0.000000000000000000e+00,0.000000000000000000e+00,0.000000000000000000e+00,0.000000000000000000e+00,5.193880004882812500e+02,0.000000000000000000e+00
3.260000000000000231e+00,-2.128601074218750000e-02,-5.102348327636718750e-02,-1.478660106658935547e-02,7.853487879037857056e-02,3.331216797232627869e-02,1.659629493951797485e-02,1.174127608537673950e-01,1.112251132726669312e-01,0.000000000000000000e+00,0.000000000000000000e+00,0.000000000000000000e+00,0.000000000000000000e+00,5.380009155273437500e+02,0.000000000000000000e+00
3.280000000000000249e+00,-1.504707336425781250e-02,-5.309677124023437500e-02,-1.676303148269653320e-02,7.977017760276794434e-02,3.155142813920974731e-02,1.711812615394592285e-02,1.175571158528327942e-01,1.140039339661598206e-01,0.000000000000000000e+00,0.000000000000000000e+00,0.000000000000000000e+00,0.000000000000000000e+00,5.455499267578125000e+02,0.000000000000000000e+00
3.300000000000000266e+00,-9.981155395507812500e-03,-5.500030517578125000e-02,-1.862758398056030273e-02,7.973130792379379272e-02,3.297034651041030884e-02,1.755728013813495636e-02,1.177889630198478699e-01,1.160212606191635132e-01,0.000000000000000000e+00,0.000000000000000000e+00,0.000000000000000000e+00,0.000000000000000000e+00,5.624132690429687500e+02,0.000000000000000000e+00
3.320000000000000284e+00,-8.714675903320312500e-03,-5.695915222167968750e-02,-2.120453119277954102e-02,7.833420485258102417e-02,3.178652003407478333e-02,1.762874796986579895e-02,1.179534271359443665e-01,1.180013865232467651e-01,0.000000000000000000e+00,1.000000000000000000e+00,0.000000000000000000e+00,0.000000000000000000e+00,5.374222412109375000e+02,0.000000000000000000e+00
3.339999999999999858e+00,-8.827209472656250000e-03,-5.882835388183593750e-02,-2.208906412124633789e-02,7.695204764604568481e-02,3.471606597304344177e-02,1.711563579738140106e-02,1.182089820504188538e-01,1.183224692940711975e-01,0.000000000000000000e+00,0.000000000000000000e+00,0.000000000000000000e+00,0.000000000000000000e+00,5.568851318359375000e+02,0.000000000000000000e+00
3.359999999999999876e+00,-1.108360290527343750e-02,-6.066322326660156250e-02,-2.239555120468139648e-02,7.516168057918548584e-02,3.797696158289909363e-02,1.637764088809490204e-02,1.183439567685127258e-01,1.178506091237068176e-01,0.000000000000000000e+00,1.000000000000000000e+00,0.000000000000000000e+00,0.000000000000000000e+00,5.414963989257812500e+02,0.000000000000000000e+00
3.379999999999999893e+00,-1.577377319335937500e-02,-6.249237060546875000e-02,-2.231949567794799805e-02,7.273333519697189331e-02,4.167538881301879883e-02,1.591580361127853394e-02,1.178846433758735657e-01,1.172911748290061951e-01,1.000000000000000000e+00,1.000000000000000000e+00,0.000000000000000000e+00,0.000000000000000000e+00,5.534230346679687500e+02,0.000000000000000000e+00
3.399999999999999911e+00,-2.204895019531250000e-02,-6.437492370605468750e-02,-2.303618192672729492e-02,7.154326885938644409e-02,4.503792151808738708e-02,1.422614324837923050e-02,1.234657317399978638e-01,1.167094036936759949e-01,0.000000000000000000e+00,0.000000000000000000e+00,1.000000000000000000e+00,0.000000000000000000e+00,5.465145874023437500e+02,0.000000000000000000e+00
3.419999999999999929e+00,-2.770042419433593750e-02,-6.669425964355468750e-02,-2.360951900482177734e-02,6.977822631597518921e-02,4.744096100330352783e-02,1.826692186295986176e-02,1.309150606393814087e-01,1.156868562102317810e-01,0.000000000000000000e+00,0.000000000000000000e+00,1.000000000000000000e+00,0.000000000000000000e+00,5.565933837890625000e+02,0.000000000000000000e+00
3.439999999999999947e+00,-3.164672851562500000e-02,-6.847763061523437500e-02,-2.376508712768554688e-02,6.737184524536132812e-02,4.934015125036239624e-02,2.517645247280597687e-02,1.355199366807937622e-01,1.155129522085189819e-01,0.000000000000000000e+00,0.000000000000000000e+00,1.000000000000000000e+00,0.000000000000000000e+00,5.260925292968750000e+02,7.812500000000000000e-03
3.459999999999999964e+00,-3.361511230468750000e-02,-6.993293762207031250e-02,-2.315109968185424805e-02,6.552001088857650757e-02,5.071381106972694397e-02,3.039185702800750732e-02,1.389131397008895874e-01,1.153795197606086731e-01,0.000000000000000000e+00,0.000000000000000000e+00,1.000000000000000000e+00,0.000000000000000000e+00,5.151125488281250000e+02,3.906250000000000000e-03
3.479999999999999982e+00,-3.390121459960937500e-02,-7.110977172851562500e-02,-2.250277996063232422e-02,6.438558548688888550e-02,5.177013948559761047e-02,3.502145409584045410e-02,1.408119350671768188e-01,1.153900325298309326e-01,0.000000000000000000e+00,0.000000000000000000e+00,1.000000000000000000e+00,0.000000000000000000e+00,5.282817382812500000e+02,0.000000000000000000e+00
3.500000000000000000e+00,-3.333663940429687500e-02,-7.179260253906250000e-02,-2.259504795074462891e-02,6.431888788938522339e-02,5.154253542423248291e-02,4.015111178159713745e-02,1.414577811956405640e-01,1.152648031711578369e-01,0.000000000000000000e+00,0.000000000000000000e+00,0.000000000000000000e+00,0.000000000000000000e+00,5.410001220703125000e+02,0.000000000000000000e+00
3.520000000000000018e+00,-3.240966796875000000e-02,-7.195663452148437500e-02,-2.322649955749511719e-02,6.472173333168029785e-02,5.028725042939186096e-02,4.525031521916389465e-02,1.393384188413619995e-01,1.147132962942123413e-01,0.000000000000000000e+00,0.000000000000000000e+00,0.000000000000000000e+00,0.000000000000000000e+00,5.711230468750000000e+02,0.000000000000000000e+00
3.540000000000000036e+00,-3.137588500976562500e-02,-7.172393798828125000e-02,-2.432131767272949219e-02,6.575615704059600830e-02,4.862465336918830872e-02,4.908541217446327209e-02,1.349216550588607788e-01,1.138503402471542358e-01,0.000000000000000000e+00,0.000000000000000000e+00,0.000000000000000000e+00,0.000000000000000000e+00,5.425441284179687500e+02,0.000000000000000000e+00
3.560000000000000053e+00,-3.014183044433593750e-02,-7.114601135253906250e-02,-2.572822570800781250e-02,6.763326376676559448e-02,4.756210744380950928e-02,5.114769935607910156e-02,1.290599554777145386e-01,1.128587648272514343e-01,0.000000000000000000e+00,0.000000000000000000e+00,0.000000000000000000e+00,0.000000000000000000e+00,5.689628295898437500e+02,0.000000000000000000e+00
3.580000000000000071e+00,-2.855300903320312500e-02,-7.019615173339843750e-02,-2.647399902343750000e-02,6.842197477817535400e-02,4.756765812635421753e-02,5.206060782074928284e-02,1.220507323741912842e-01,1.132965087890625000e-01,0.000000000000000000e+00,0.000000000000000000e+00,0.000000000000000000e+00,0.000000000000000000e+00,5.457470092773437500e+02,0.000000000000000000e+00
3.600000000000000089e+00,-2.655220031738281250e-02,-6.908226013183593750e-02,-2.622288465499877930e-02,6.834525614976882935e-02,4.780784249305725098e-02,5.226952210068702698e-02,1.157310009002685547e-01,1.138343364000320435e-01,0.000000000000000000e+00,0.000000000000000000e+00,0.000000000000000000e+00,0.000000000000000000e+00,5.259121704101562500e+02,0.000000000000000000e+00
3.620000000000000107e+00,-2.405738830566406250e-02,-6.787681579589843750e-02,-2.525794506072998047e-02,6.777063012123107910e-02,4.765809699892997742e-02,5.056316033005714417e-02,1.114069446921348572e-01,1.139942631125450134e-01,0.000000000000000000e+00,0.000000000000000000e+00,0.000000000000000000e+00,0.000000000000000000e+00,5.242112426757812500e+02,0.000000000000000000e+00
3.640000000000000124e+00,-2.102279663085937500e-02,-6.695938110351562500e-02,-2.460938692092895508e-02,6.741430610418319702e-02,4.668955504894256592e-02,4.686889424920082092e-02,1.096507757902145386e-01,1.139994934201240540e-01,0.000000000000000000e+00,0.000000000000000000e+00,0.000000000000000000e+00,0.000000000000000000e+00,5.428986206054687500e+02,0.000000000000000000e+00
3.660000000000000142e+00,-1.712226867675781250e-02,-6.646919250488281250e-02,-2.506506443023681641e-02,6.635182350873947144e-02,4.555213078856468201e-02,4.210457578301429749e-02,1.105886772274971008e-01,1.141130328178405762e-01,0.000000000000000000e+00,0.000000000000000000e+00,0.000000000000000000e+00,0.000000000000000000e+00,5.176303710937500000e+02,0.000000000000000000e+00
3.680000000000000160e+00,-1.198959350585937500e-02,-6.601333618164062500e-02,-2.654272317886352539e-02,6.355056166648864746e-02,4.465153813362121582e-02,3.700367361307144165e-02,1.146858036518096924e-01,1.136791780591011047e-01,0.000000000000000000e+00,0.000000000000000000e+00,0.000000000000000000e+00,0.000000000000000000e+00,5.529478149414062500e+02,0.000000000000000000e+00
3.700000000000000178e+00,-6.353378295898437500e-03,-6.516265869140625000e-02,-2.894991636276245117e-02,6.206993386149406433e-02,4.320319369435310364e-02,3.304283320903778076e-02,1.249387189745903015e-01,1.137073636054992676e-01,0.000000000000000000e+00,0.000000000000000000e+00,1.000000000000000000e+00,0.000000000000000000e+00,5.203772583007812500e+02,0.000000000000000000e+00
3.720000000000000195e+00,-2.445220947265625000e-03,-6.405067443847656250e-02,-2.957892417907714844e-02,6.749208271503448486e-02,4.181059822440147400e-02,2.751358225941658020e-02,1.343397796154022217e-01,1.135540679097175598e-01,0.000000000000000000e+00,0.000000000000000000e+00,1.000000000000000000e+00,0.000000000000000000e+00,5.484965209960937500e+02,7.812500000000000000e-03
3.740000000000000213e+00,-2.111434936523437500e-03,-5.923652648925781250e-02,-2.884131669998168945e-02,7.701399922370910645e-02,4.048436507582664490e-02,2.497510612010955811e-02,1.421892344951629639e-01,1.132163107395172119e-01,1.000000000000000000e+00,0.000000000000000000e+00,0.000000000000000000e+00,0.000000000000000000e+00,5.481436767578125000e+02,1.562500000000000000e-02
3.760000000000000231e+00,-2.805709838867187500e-03,-5.357170104980468750e-02,-2.662116289138793945e-02,8.554079383611679077e-02,3.833109885454177856e-02,1.973701082170009613e-02,1.417664736509323120e-01,1.126505807042121887e-01,1.000000000000000000e+00,0.000000000000000000e+00,0.000000000000000000e+00,0.000000000000000000e+00,5.352225952148437500e+02,0.000000000000000000e+00
3.780000000000000249e+00,-5.676269531250000000e-03,-5.011177062988281250e-02,-2.229994535446166992e-02,9.425839036703109741e-02,3.496289625763893127e-02,1.559863332659006119e-02,1.411465853452682495e-01,1.121724694967269897e-01,1.000000000000000000e+00,0.000000000000000000e+00,0.000000000000000000e+00,0.000000000000000000e+00,5.382827758789062500e+02,3.906250000000000000e-03
3.800000000000000266e+00,-1.204490661621093750e-02,-4.960632324218750000e-02,-2.057862281799316406e-02,9.781481325626373291e-02,3.081190958619117737e-02,1.240499690175056458e-02,1.401972472667694092e-01,1.097966432571411133e-01,0.000000000000000000e+00,0.000000000000000000e+00,0.000000000000000000e+00,0.000000000000000000e+00,5.500459594726562500e+02,0.000000000000000000e+00
3.820000000000000284e+00,-1.768112182617187500e-02,-5.081558227539062500e-02,-2.072453498840332031e-02,1.028823629021644592e-01,4.101991653442382812e-02,1.079470384865999222e-02,1.395841687917709351e-01,1.277811527252197266e-01,0.000000000000000000e+00,0.000000000000000000e+00,0.000000000000000000e+00,0.000000000000000000e+00,5.414749145507812500e+02,0.000000000000000000e+00
3.839999999999999858e+00,-2.541542053222656250e-02,-5.166244506835937500e-02,-2.118396759033203125e-02,1.003876700997352600e-01,4.692895710468292236e-02,1.107906084507703781e-02,1.379349976778030396e-01,1.304135173559188843e-01,0.000000000000000000e+00,0.000000000000000000e+00,0.000000000000000000e+00,0.000000000000000000e+00,5.287669677734375000e+02,0.000000000000000000e+00
3.859999999999999876e+00,-3.195571899414062500e-02,-5.202674865722656250e-02,-2.143484354019165039e-02,9.425079822540283203e-02,5.048499628901481628e-02,1.191847398877143860e-02,1.357754319906234741e-01,1.250001937150955200e-01,0.000000000000000000e+00,0.000000000000000000e+00,0.000000000000000000e+00,0.000000000000000000e+00,5.419919433593750000e+02,0.000000000000000000e+00
3.879999999999999893e+00,-3.628921508789062500e-02,-5.194282531738281250e-02,-2.085655927658081055e-02,8.549059927463531494e-02,5.372326821088790894e-02,1.268768683075904846e-02,1.326986998319625854e-01,1.160545274615287781e-01,0.000000000000000000e+00,0.000000000000000000e+00,0.000000000000000000e+00,0.000000000000000000e+00,5.369061889648437500e+02,0.000000000000000000e+00
3.899999999999999911e+00,-3.857421875000000000e-02,-5.150604248046875000e-02,-1.947242021560668945e-02,7.828852534294128418e-02,5.783533677458763123e-02,1.364568900316953659e-02,1.291159540414810181e-01,1.069603711366653442e-01,0.000000000000000000e+00,0.000000000000000000e+00,0.000000000000000000e+00,0.000000000000000000e+00,5.510107421875000000e+02,0.000000000000000000e+00
3.919999999999999929e+00,-3.972053527832031250e-02,-5.097389221191406250e-02,-1.797324419021606445e-02,7.452761381864547729e-02,6.166544556617736816e-02,1.418504770845174789e-02,1.262105703353881836e-01,9.962008148431777954e-02,0.000000000000000000e+00,0.000000000000000000e+00,0.000000000000000000e+00,0.000000000000000000e+00,5.458847045898437500e+02,0.000000000000000000e+00
3.939999999999999947e+00,-4.032325744628906250e-02,-5.073165893554687500e-02,-1.705664396286010742e-02,7.331787049770355225e-02,6.352535635232925415e-02,1.453127712011337280e-02,1.251839995384216309e-01,9.601570665836334229e-02,0.000000000000000000e+00,0.000000000000000000e+00,0.000000000000000000e+00,0.000000000000000000e+00,5.560594482421875000e+02,0.000000000000000000e+00
3.959999999999999964e+00,-4.041671752929687500e-02,-5.072212219238281250e-02,-1.689672470092773438e-02,7.316809892654418945e-02,6.389429420232772827e-02,1.501312945038080215e-02,1.244971603155136108e-01,9.549491852521896362e-02,0.000000000000000000e+00,0.000000000000000000e+00,0.000000000000000000e+00,0.000000000000000000e+00,5.199188232421875000e+02,0.000000000000000000e+00
3.979999999999999982e+00,-3.991889953613281250e-02,-5.079269409179687500e-02,-1.682823896408081055e-02,7.520608603954315186e-02,6.293960660696029663e-02,1.574542745947837830e-02,1.240942180156707764e-01,9.722738713026046753e-02,0.000000000000000000e+00,0.000000000000000000e+00,0.000000000000000000e+00,0.000000000000000000e+00,5.243236083984375000e+02,0.000000000000000000e+00
4.000000000000000000e+00,-3.875350952148437500e-02,-5.095863342285156250e-02,-1.656234264373779297e-02,7.767997682094573975e-02,5.953262001276016235e-02,1.651329360902309418e-02,1.229740008711814880e-01,1.008235961198806763e-01,0.000000000000000000e+00,0.000000000000000000e+00,0.000000000000000000e+00,0.000000000000000000e+00,5.338563842773437500e+02,0.000000000000000000e+00
4.020000000000000462e+00,-3.696823120117187500e-02,-5.116462707519531250e-02,-1.638203859329223633e-02,8.046671003103256226e-02,5.516901984810829163e-02,1.703209802508354187e-02,1.222821995615959167e-01,1.055162698030471802e-01,0.000000000000000000e+00,0.000000000000000000e+00,0.000000000000000000e+00,0.000000000000000000e+00,5.435527954101562500e+02,0.000000000000000000e+00
4.040000000000000036e+00,-3.434944152832031250e-02,-5.136299133300781250e-02,-1.647043228149414062e-02,8.319742977619171143e-02,5.173663049936294556e-02,1.647827774286270142e-02,1.222065463662147522e-01,1.095048487186431885e-01,0.000000000000000000e+00,0.000000000000000000e+00,0.000000000000000000e+00,0.000000000000000000e+00,5.347329101562500000e+02,0.000000000000000000e+00
4.060000000000000497e+00,-3.067398071289062500e-02,-5.158424377441406250e-02,-1.691734790802001953e-02,8.395646512508392334e-02,4.896606504917144775e-02,1.469309069216251373e-02,1.215006634593009949e-01,1.109522432088851929e-01,0.000000000000000000e+00,0.000000000000000000e+00,0.000000000000000000e+00,0.000000000000000000e+00,5.115975036621093750e+02,0.000000000000000000e+00
4.080000000000000071e+00,-2.566146850585937500e-02,-5.231666564941406250e-02,-1.764971017837524414e-02,8.375169336795806885e-02,4.578580707311630249e-02,1.216153148561716080e-02,1.211951822042465210e-01,1.105097830295562744e-01,0.000000000000000000e+00,1.000000000000000000e+00,0.000000000000000000e+00,0.000000000000000000e+00,5.408708496093750000e+02,0.000000000000000000e+00
4.099999999999999645e+00,-1.926612854003906250e-02,-5.385971069335937500e-02,-1.907670497894287109e-02,8.259326964616775513e-02,4.247539490461349487e-02,1.141208223998546600e-02,1.209245845675468445e-01,1.077193021774291992e-01,0.000000000000000000e+00,1.000000000000000000e+00,0.000000000000000000e+00,0.000000000000000000e+00,5.499826049804687500e+02,0.000000000000000000e+00
4.120000000000000107e+00,-1.263999938964843750e-02,-5.574035644531250000e-02,-2.093821763992309570e-02,8.376593142747879028e-02,4.052135720849037170e-02,1.622994989156723022e-02,1.216451302170753479e-01,1.035807728767395020e-01,0.000000000000000000e+00,1.000000000000000000e+00,0.000000000000000000e+00,0.000000000000000000e+00,5.451605834960937500e+02,0.000000000000000000e+00
4.139999999999999680e+00,-8.110046386718750000e-03,-5.774879455566406250e-02,-2.312731742858886719e-02,8.397066593170166016e-02,4.386238008737564087e-02,2.033348940312862396e-02,1.216069534420967102e-01,1.014778614044189453e-01,0.000000000000000000e+00,1.000000000000000000e+00,0.000000000000000000e+00,0.000000000000000000e+00,5.293072509765625000e+02,0.000000000000000000e+00
4.160000000000000142e+00,-7.040023803710937500e-03,-5.964851379394531250e-02,-2.395468950271606445e-02,8.141544461250305176e-02,4.408095404505729675e-02,2.139615640044212341e-02,1.221030205488204956e-01,1.018490344285964966e-01,0.000000000000000000e+00,0.000000000000000000e+00,0.000000000000000000e+00,0.000000000000000000e+00,5.144894409179687500e+02,0.000000000000000000e+00
4.179999999999999716e+00,-6.238937377929687500e-03,-6.160354614257812500e-02,-2.365243434906005859e-02,7.652007043361663818e-02,4.476591944694519043e-02,2.121559903025627136e-02,1.216707080602645874e-01,1.019682362675666809e-01,0.000000000000000000e+00,0.000000000000000000e+00,0.000000000000000000e+00,0.000000000000000000e+00,5.298759765625000000e+02,0.000000000000000000e+00
4.200000000000000178e+00,-7.989883422851562500e-03,-6.368064880371093750e-02,-2.259987592697143555e-02,7.205806672573089600e-02,4.573624581098556519e-02,2.112043462693691254e-02,1.217784509062767029e-01,1.027936935424804688e-01,0.000000000000000000e+00,0.000000000000000000e+00,0.000000000000000000e+00,0.000000000000000000e+00,5.282505493164062500e+02,0.000000000000000000e+00
4.219999999999999751e+00,-1.206016540527343750e-02,-6.536674499511718750e-02,-2.206194400787353516e-02,6.671024858951568604e-02,4.734433814883232117e-02,2.209565788507461548e-02,1.217038631439208984e-01,1.033531278371810913e-01,0.000000000000000000e+00,0.000000000000000000e+00,0.000000000000000000e+00,0.000000000000000000e+00,5.514967651367187500e+02,0.000000000000000000e+00
4.240000000000000213e+00,-1.603126525878906250e-02,-6.776237487792968750e-02,-2.146118879318237305e-02,6.441520899534225464e-02,4.914258792996406555e-02,2.290962263941764832e-02,1.307546943426132202e-01,1.025651395320892334e-01,0.000000000000000000e+00,0.000000000000000000e+00,1.000000000000000000e+00,0.000000000000000000e+00,5.423907470703125000e+02,0.000000000000000000e+00
4.259999999999999787e+00,-1.936340332031250000e-02,-6.952667236328125000e-02,-2.162706851959228516e-02,6.405511498451232910e-02,5.039195343852043152e-02,2.984423749148845673e-02,1.368080079555511475e-01,1.038404479622840881e-01,0.000000000000000000e+00,0.000000000000000000e+00,1.000000000000000000e+00,0.000000000000000000e+00,5.683752441406250000e+02,0.000000000000000000e+00
4.280000000000000249e+00,-2.141761779785156250e-02,-7.044982910156250000e-02,-2.244138717651367188e-02,6.353179365396499634e-02,5.119575560092926025e-02,3.610466048121452332e-02,1.386771649122238159e-01,1.048257276415824890e-01,0.000000000000000000e+00,0.000000000000000000e+00,0.000000000000000000e+00,0.000000000000000000e+00,5.525955810546875000e+02,0.000000000000000000e+00
4.299999999999999822e+00,-2.224731445312500000e-02,-7.065391540527343750e-02,-2.380210161209106445e-02,6.367051601409912109e-02,5.152853205800056458e-02,4.101492092013359070e-02,1.368395239114761353e-01,1.062133163213729858e-01,0.000000000000000000e+00,0.000000000000000000e+00,0.000000000000000000e+00,0.000000000000000000e+00,5.565076293945312500e+02,0.000000000000000000e+00
4.320000000000000284e+00,-2.214431762695312500e-02,-7.033538818359375000e-02,-2.546077966690063477e-02,6.303818523883819580e-02,5.147437006235122681e-02,4.478507488965988159e-02,1.331464648246765137e-01,1.082878485321998596e-01,0.000000000000000000e+00,0.000000000000000000e+00,0.000000000000000000e+00,0.000000000000000000e+00,5.415270996093750000e+02,0.000000000000000000e+00
4.339999999999999858e+00,-2.145385742187500000e-02,-6.952285766601562500e-02,-2.704590559005737305e-02,6.199305132031440735e-02,5.110587924718856812e-02,4.760251566767692566e-02,1.300188601016998291e-01,1.111590638756752014e-01,0.000000000000000000e+00,0.000000000000000000e+00,0.000000000000000000e+00,0.000000000000000000e+00,5.326022338867187500e+02,0.000000000000000000e+00
4.360000000000000320e+00,-2.062606811523437500e-02,-6.828117370605468750e-02,-2.823382616043090820e-02,6.098867207765579224e-02,5.051317065954208374e-02,4.972730576992034912e-02,1.283697187900543213e-01,1.137979775667190552e-01,0.000000000000000000e+00,0.000000000000000000e+00,0.000000000000000000e+00,0.000000000000000000e+00,5.474811401367187500e+02,0.000000000000000000e+00
4.379999999999999893e+00,-1.992034912109375000e-02,-6.679916381835937500e-02,-2.875679731369018555e-02,6.209297850728034973e-02,4.964819177985191345e-02,5.060173571109771729e-02,1.279902309179306030e-01,1.135272085666656494e-01,0.000000000000000000e+00,0.000000000000000000e+00,0.000000000000000000e+00,0.000000000000000000e+00,5.310128173828125000e+02,0.000000000000000000e+00
4.400000000000000355e+00,-1.947593688964843750e-02,-6.506729125976562500e-02,-2.852076292037963867e-02,6.427066773176193237e-02,4.843446239829063416e-02,4.877358675003051758e-02,1.267616599798202515e-01,1.134107410907745361e-01,0.000000000000000000e+00,0.000000000000000000e+00,0.000000000000000000e+00,0.000000000000000000e+00,5.567424926757812500e+02,0.000000000000000000e+00
4.419999999999999929e+00,-1.886177062988281250e-02,-6.310653686523437500e-02,-2.716374397277832031e-02,6.663155555725097656e-02,4.704749956727027893e-02,4.533449187874794006e-02,1.239110603928565979e-01,1.131582036614418030e-01,0.000000000000000000e+00,0.000000000000000000e+00,0.000000000000000000e+00,0.000000000000000000e+00,5.700579223632812500e+02,0.000000000000000000e+00
4.440000000000000391e+00,-1.747322082519531250e-02,-6.115913391113281250e-02,-2.534532546997070312e-02,6.832432001829147339e-02,4.583928734064102173e-02,4.329095035791397095e-02,1.195614784955978394e-01,1.130966544151306152e-01,0.000000000000000000e+00,0.000000000000000000e+00,0.000000000000000000e+00,0.000000000000000000e+00,5.247110595703125000e+02,0.000000000000000000e+00
4.459999999999999964e+00,-1.524162292480468750e-02,-5.949211120605468750e-02,-2.413737773895263672e-02,6.888741254806518555e-02,4.484250396490097046e-02,4.176554083824157715e-02,1.145646050572395325e-01,1.132456883788108826e-01,0.000000000000000000e+00,0.000000000000000000e+00,0.000000000000000000e+00,0.000000000000000000e+00,5.402872314453125000e+02,0.000000000000000000e+00
4.480000000000000426e+00,-1.217842102050781250e-02,-5.833244323730468750e-02,-2.450340986251831055e-02,6.938754022121429443e-02,4.398817569017410278e-02,4.048044979572296143e-02,1.104146167635917664e-01,1.137180775403976440e-01,0.000000000000000000e+00,0.000000000000000000e+00,0.000000000000000000e+00,0.000000000000000000e+00,5.672836914062500000e+02,0.000000000000000000e+00
4.500000000000000000e+00,-8.050918579101562500e-03,-5.751037597656250000e-02,-2.653872966766357422e-02,6.998638808727264404e-02,4.331563785672187805e-02,3.867032006382942200e-02,1.089773774147033691e-01,1.139473170042037964e-01,0.000000000000000000e+00,0.000000000000000000e+00,0.000000000000000000e+00,0.000000000000000000e+00,5.426785888671875000e+02,3.906250000000000000e-03
4.520000000000000462e+00,-2.943038940429687500e-03,-5.648803710937500000e-02,-2.945131063461303711e-02,7.155326753854751587e-02,4.279774427413940430e-02,3.512762486934661865e-02,1.129631921648979187e-01,1.141534075140953064e-01,0.000000000000000000e+00,0.000000000000000000e+00,0.000000000000000000e+00,0.000000000000000000e+00,5.312599487304687500e+02,0.000000000000000000e+00
4.540000000000000036e+00,1.720428466796875000e-03,-5.497932434082031250e-02,-3.104025125503540039e-02,7.537079602479934692e-02,4.220424965023994446e-02,3.129652142524719238e-02,1.204595118761062622e-01,1.129352822899818420e-01,0.000000000000000000e+00,0.000000000000000000e+00,1.000000000000000000e+00,0.000000000000000000e+00,5.371890258789062500e+02,3.906250000000000000e-03
4.560000000000000497e+00,3.877639770507812500e-03,-5.138206481933593750e-02,-2.977341413497924805e-02,8.517757803201675415e-02,4.126459732651710510e-02,2.721938118338584900e-02,1.326632499694824219e-01,1.115215271711349487e-01,0.000000000000000000e+00,1.000000000000000000e+00,1.000000000000000000e+00,0.000000000000000000e+00,5.401133422851562500e+02,3.906250000000000000e-03
4.580000000000000071e+00,3.616333007812500000e-03,-4.411125183105468750e-02,-2.886253595352172852e-02,9.696990996599197388e-02,3.934069722890853882e-02,2.264552377164363861e-02,1.318429410457611084e-01,1.118541285395622253e-01,0.000000000000000000e+00,0.000000000000000000e+00,0.000000000000000000e+00,0.000000000000000000e+00,5.223449096679687500e+02,2.734375000000000000e-02
4.600000000000000533e+00,2.460479736328125000e-03,-3.925132751464843750e-02,-2.592170238494873047e-02,1.080458462238311768e-01,3.775192052125930786e-02,1.866476982831954956e-02,1.313237696886062622e-01,1.114532649517059326e-01,0.000000000000000000e+00,0.000000000000000000e+00,0.000000000000000000e+00,0.000000000000000000e+00,5.349994506835937500e+02,3.906250000000000000e-03
4.620000000000000107e+00,-1.689910888671875000e-03,-3.697586059570312500e-02,-2.238142490386962891e-02,1.148501485586166382e-01,3.668882697820663452e-02,1.582725718617439270e-02,1.299957782030105591e-01,1.097446680068969727e-01,0.000000000000000000e+00,0.000000000000000000e+00,0.000000000000000000e+00,0.000000000000000000e+00,5.429396362304687500e+02,0.000000000000000000e+00
4.639999999999999680e+00,-7.421493530273437500e-03,-3.835487365722656250e-02,-2.213466167449951172e-02,1.142942309379577637e-01,3.835600987076759338e-02,1.266201306134462357e-02,1.285046041011810303e-01,1.172050759196281433e-01,0.000000000000000000e+00,0.000000000000000000e+00,0.000000000000000000e+00,0.000000000000000000e+00,5.389461669921875000e+02,7.812500000000000000e-03
4.660000000000000142e+00,-1.404953002929687500e-02,-4.015350341796875000e-02,-2.112650871276855469e-02,1.106936037540435791e-01,4.473858699202537537e-02,1.084187813103199005e-02,1.268435120582580566e-01,1.263405382633209229e-01,0.000000000000000000e+00,0.000000000000000000e+00,0.000000000000000000e+00,0.000000000000000000e+00,5.112916870117187500e+02,0.000000000000000000e+00
4.679999999999999716e+00,-2.090835571289062500e-02,-4.158020019531250000e-02,-2.013099193572998047e-02,1.016133278608322144e-01,4.943586140871047974e-02,1.048624236136674881e-02,1.242638900876045227e-01,1.225839480757713318e-01,0.000000000000000000e+00,0.000000000000000000e+00,0.000000000000000000e+00,0.000000000000000000e+00,5.650958862304687500e+02,0.000000000000000000e+00
4.700000000000000178e+00,-2.614212036132812500e-02,-4.258346557617187500e-02,-1.934397220611572266e-02,9.056252241134643555e-02,5.110628157854080200e-02,1.138286013156175613e-02,1.210628822445869446e-01,1.134550943970680237e-01,0.000000000000000000e+00,0.000000000000000000e+00,0.000000000000000000e+00,0.000000000000000000e+00,5.669335327148437500e+02,0.000000000000000000e+00
4.719999999999999751e+00,-2.957344055175781250e-02,-4.328346252441406250e-02,-1.858550310134887695e-02,8.147986233234405518e-02,5.125810578465461731e-02,1.238234899938106537e-02,1.187472119927406311e-01,1.038013696670532227e-01,0.000000000000000000e+00,0.000000000000000000e+00,0.000000000000000000e+00,0.000000000000000000e+00,5.404287719726562500e+02,0.000000000000000000e+00
4.740000000000000213e+00,-3.168106079101562500e-02,-4.358482360839843750e-02,-1.819932460784912109e-02,7.432254403829574585e-02,5.132436007261276245e-02,1.279441174119710922e-02,1.162270605564117432e-01,9.468565881252288818e-02,0.000000000000000000e+00,0.000000000000000000e+00,0.000000000000000000e+00,0.000000000000000000e+00,5.317647094726562500e+02,0.000000000000000000e+00
4.759999999999999787e+00,-3.298950195312500000e-02,-4.392623901367187500e-02,-1.829564571380615234e-02,7.000342011451721191e-02,5.172120407223701477e-02,1.272184681147336960e-02,1.152953729033470154e-01,8.870871365070343018e-02,0.000000000000000000e+00,0.000000000000000000e+00,0.000000000000000000e+00,0.000000000000000000e+00,5.440828857421875000e+02,0.000000000000000000e+00
4.780000000000000249e+00,-3.372573852539062500e-02,-4.438972473144531250e-02,-1.868575811386108398e-02,6.762620806694030762e-02,5.219826474785804749e-02,1.221334375441074371e-02,1.151044145226478577e-01,8.619669824838638306e-02,0.000000000000000000e+00,0.000000000000000000e+00,0.000000000000000000e+00,0.000000000000000000e+00,5.127929687500000000e+02,0.000000000000000000e+00
4.799999999999999822e+00,-3.394317626953125000e-02,-4.475784301757812500e-02,-1.915436983108520508e-02,6.727620959281921387e-02,5.123498290777206421e-02,1.171824056655168533e-02,1.149511113762855530e-01,8.612139523029327393e-02,0.000000000000000000e+00,0.000000000000000000e+00,0.000000000000000000e+00,0.000000000000000000e+00,5.287157592773437500e+02,0.000000000000000000e+00
4.820000000000000284e+00,-3.368186950683593750e-02,-4.509925842285156250e-02,-1.935482025146484375e-02,6.825797259807586670e-02,4.699067026376724243e-02,1.143019180744886398e-02,1.147836223244667053e-01,8.785080909729003906e-02,0.000000000000000000e+00,0.000000000000000000e+00,0.000000000000000000e+00,0.000000000000000000e+00,5.464600219726562500e+02,0.000000000000000000e+00
4.839999999999999858e+00,-3.293609619140625000e-02,-4.544830322265625000e-02,-1.913541555404663086e-02,7.015654444694519043e-02,4.202187061309814453e-02,1.115605421364307404e-02,1.147953793406486511e-01,8.985186368227005005e-02,0.000000000000000000e+00,0.000000000000000000e+00,0.000000000000000000e+00,0.000000000000000000e+00,5.382703247070312500e+02,0.000000000000000000e+00
4.860000000000000320e+00,-3.152847290039062500e-02,-4.583740234375000000e-02,-1.914423704147338867e-02,7.305067777633666992e-02,3.917910531163215637e-02,1.091970223933458328e-02,1.147558391094207764e-01,9.181898087263107300e-02,0.000000000000000000e+00,0.000000000000000000e+00,0.000000000000000000e+00,0.000000000000000000e+00,5.540849609375000000e+02,0.000000000000000000e+00
4.879999999999999893e+00,-2.915382385253906250e-02,-4.628372192382812500e-02,-1.979875564575195312e-02,7.535813748836517334e-02,3.785933554172515869e-02,1.085646450519561768e-02,1.142758354544639587e-01,9.427776932716369629e-02,0.000000000000000000e+00,0.000000000000000000e+00,0.000000000000000000e+00,0.000000000000000000e+00,5.354877929687500000e+02,0.000000000000000000e+00
4.900000000000000355e+00,-2.531814575195312500e-02,-4.697799682617187500e-02,-2.073544263839721680e-02,7.654187828302383423e-02,3.556506708264350891e-02,1.119806803762912750e-02,1.140772849321365356e-01,9.698893874883651733e-02,0.000000000000000000e+00,0.000000000000000000e+00,0.000000000000000000e+00,0.000000000000000000e+00,5.434576416015625000e+02,0.000000000000000000e+00
4.919999999999999929e+00,-1.984596252441406250e-02,-4.798507690429687500e-02,-2.190953493118286133e-02,7.697373628616333008e-02,3.155864402651786804e-02,1.200036518275737762e-02,1.142189279198646545e-01,9.920910745859146118e-02,0.000000000000000000e+00,0.000000000000000000e+00,0.000000000000000000e+00,0.000000000000000000e+00,5.544929199218750000e+02,0.000000000000000000e+00
4.940000000000000391e+00,-1.357269287109375000e-02,-4.920768737792968750e-02,-2.356570959091186523e-02,7.862592488527297974e-02,2.810551039874553680e-02,1.366106607019901276e-02,1.143251582980155945e-01,1.009984761476516724e-01,0.000000000000000000e+00,0.000000000000000000e+00,0.000000000000000000e+00,0.000000000000000000e+00,5.547521362304687500e+02,0.000000000000000000e+00
4.959999999999999964e+00,-8.584976196289062500e-03,-5.028915405273437500e-02,-2.602690458297729492e-02,8.250081539154052734e-02,2.655079588294029236e-02,1.566528156399726868e-02,1.144904196262359619e-01,1.030525341629981995e-01,0.000000000000000000e+00,0.000000000000000000e+00,0.000000000000000000e+00,0.000000000000000000e+00,5.465217895507812500e+02,0.000000000000000000e+00
4.980000000000000426e+00,-7.543563842773437500e-03,-5.168914794921875000e-02,-2.963179349899291992e-02,8.549338579177856445e-02,2.510276995599269867e-02,1.624876447021961212e-02,1.147045567631721497e-01,1.057934835553169250e-01,1.000000000000000000e+00,1.000000000000000000e+00,0.000000000000000000e+00,0.000000000000000000e+00,5.301784667968750000e+02,0.000000000000000000e+00
5.000000000000000000e+00,-7.785797119140625000e-03,-5.295944213867187500e-02,-3.123378753662109375e-02,8.357781171798706055e-02,2.836670540273189545e-02,1.507809013128280640e-02,1.148226708173751831e-01,1.063476577401161194e-01,0.000000000000000000e+00,0.000000000000000000e+00,0.000000000000000000e+00,0.000000000000000000e+00,5.349008789062500000e+02,0.000000000000000000e+00
5.020000000000000462e+00,-9.975433349609375000e-03,-5.431938171386718750e-02,-3.216910362243652344e-02,8.025006204843521118e-02,3.136808425188064575e-02,1.383512280881404877e-02,1.149240732192993164e-01,1.065716445446014404e-01,0.000000000000000000e+00,0.000000000000000000e+00,0.000000000000000000e+00,0.000000000000000000e+00,5.574749145507812500e+02,0.000000000000000000e+00
5.040000000000000036e+00,-1.463508605957031250e-02,-5.576705932617187500e-02,-3.269386291503906250e-02,7.645459473133087158e-02,3.537467494606971741e-02,1.342385448515415192e-02,1.151498183608055115e-01,1.068766564130783081e-01,0.000000000000000000e+00,1.000000000000000000e+00,0.000000000000000000e+00,0.000000000000000000e+00,5.622316284179687500e+02,0.000000000000000000e+00
5.060000000000000497e+00,-2.060699462890625000e-02,-5.727958679199218750e-02,-3.377139568328857422e-02,7.436744868755340576e-02,3.944194316864013672e-02,1.196617446839809418e-02,1.203535720705986023e-01,1.070476397871971130e-01,0.000000000000000000e+00,0.000000000000000000e+00,1.000000000000000000e+00,0.000000000000000000e+00,5.508795776367187500e+02,0.000000000000000000e+00
5.080000000000000071e+00,-2.578735351562500000e-02,-5.933761596679687500e-02,-3.434818983078002930e-02,7.321045547723770142e-02,4.321214556694030762e-02,1.954328455030918121e-02,1.276702284812927246e-01,1.069838106632232666e-01,0.000000000000000000e+00,0.000000000000000000e+00,1.000000000000000000e+00,0.000000000000000000e+00,5.273824462890625000e+02,0.000000000000000000e+00
5.100000000000000533e+00,-2.945327758789062500e-02,-6.127548217773437500e-02,-3.459477424621582031e-02,7.168977707624435425e-02,4.631052166223526001e-02,2.817613817751407623e-02,1.331761628389358521e-01,1.080443263053894043e-01,0.000000000000000000e+00,0.000000000000000000e+00,1.000000000000000000e+00,0.000000000000000000e+00,5.627557373046875000e+02,0.000000000000000000e+00
5.120000000000000107e+00,-3.143310546875000000e-02,-6.311416625976562500e-02,-3.417325019836425781e-02,6.936004012823104858e-02,4.816783219575881958e-02,3.429033234715461731e-02,1.376201957464218140e-01,1.092308461666107178e-01,0.000000000000000000e+00,0.000000000000000000e+00,1.000000000000000000e+00,0.000000000000000000e+00,5.542676391601562500e+02,0.000000000000000000e+00
5.139999999999999680e+00,-3.199768066406250000e-02,-6.484603881835937500e-02,-3.325015306472778320e-02,6.705608963966369629e-02,4.897666722536087036e-02,3.938744962215423584e-02,1.413601785898208618e-01,1.111074909567832947e-01,0.000000000000000000e+00,0.000000000000000000e+00,1.000000000000000000e+00,0.000000000000000000e+00,5.243894653320312500e+02,0.000000000000000000e+00
5.160000000000000142e+00,-3.172874450683593750e-02,-6.625175476074218750e-02,-3.300410509109497070e-02,6.483585387468338013e-02,4.953452199697494507e-02,4.428307339549064636e-02,1.439630389213562012e-01,1.140386089682579041e-01,0.000000000000000000e+00,0.000000000000000000e+00,0.000000000000000000e+00,0.000000000000000000e+00,5.554614868164062500e+02,0.000000000000000000e+00
5.179999999999999716e+00,-3.111839294433593750e-02,-6.715965270996093750e-02,-3.376919031143188477e-02,6.398061662912368774e-02,4.982425644993782043e-02,4.928811267018318176e-02,1.432502418756484985e-01,1.165066286921501160e-01,0.000000000000000000e+00,0.000000000000000000e+00,0.000000000000000000e+00,0.000000000000000000e+00,5.613690185546875000e+02,0.000000000000000000e+00
5.200000000000000178e+00,-3.025627136230468750e-02,-6.770896911621093750e-02,-3.493273258209228516e-02,6.533048301935195923e-02,4.944900423288345337e-02,5.436053127050399780e-02,1.393105685710906982e-01,1.160593926906585693e-01,0.000000000000000000e+00,0.000000000000000000e+00,0.000000000000000000e+00,0.000000000000000000e+00,5.318053588867187500e+02,0.000000000000000000e+00
5.219999999999999751e+00,-2.915954589843750000e-02,-6.788063049316406250e-02,-3.575289249420166016e-02,6.687091290950775146e-02,4.888962581753730774e-02,5.761661380529403687e-02,1.338222026824951172e-01,1.162323430180549622e-01,0.000000000000000000e+00,0.000000000000000000e+00,0.000000000000000000e+00,0.000000000000000000e+00,5.348449096679687500e+02,3.906250000000000000e-03
5.240000000000000213e+00,-2.786445617675781250e-02,-6.756973266601562500e-02,-3.524029254913330078e-02,6.900501251220703125e-02,4.754861444234848022e-02,5.745891109108924866e-02,1.278417855501174927e-01,1.162910535931587219e-01,0.000000000000000000e+00,0.000000000000000000e+00,0.000000000000000000e+00,0.000000000000000000e+00,5.915424194335937500e+02,0.000000000000000000e+00
5.259999999999999787e+00,-2.612686157226562500e-02,-6.701087951660156250e-02,-3.336745500564575195e-02,7.309636473655700684e-02,4.528511315584182739e-02,5.638023093342781067e-02,1.235572770237922668e-01,1.161060929298400879e-01,0.000000000000000000e+00,0.000000000000000000e+00,0.000000000000000000e+00,0.000000000000000000e+00,6.406001586914062500e+02,0.000000000000000000e+00
5.280000000000000249e+00,-2.381706237792968750e-02,-6.655502319335937500e-02,-3.119140863418579102e-02,8.080387115478515625e-02,4.220623522996902466e-02,5.536106601357460022e-02,1.211074814200401306e-01,1.158281043171882629e-01,0.000000000000000000e+00,0.000000000000000000e+00,0.000000000000000000e+00,0.000000000000000000e+00,5.411913452148437500e+02,0.000000000000000000e+00
5.299999999999999822e+00,-2.081680297851562500e-02,-6.637763977050781250e-02,-2.953654527664184570e-02,8.849531412124633789e-02,3.856332227587699890e-02,5.314965546131134033e-02,1.187347024679183960e-01,1.151188686490058899e-01,0.000000000000000000e+00,0.000000000000000000e+00,0.000000000000000000e+00,0.000000000000000000e+00,5.524314575195312500e+02,0.000000000000000000e+00
5.320000000000000284e+00,-1.676177978515625000e-02,-6.633949279785156250e-02,-2.859944105148315430e-02,9.159426391124725342e-02,3.451152145862579346e-02,4.875443503260612488e-02,1.188799440860748291e-01,1.149599626660346985e-01,0.000000000000000000e+00,0.000000000000000000e+00,0.000000000000000000e+00,0.000000000000000000e+00,5.382311401367187500e+02,0.000000000000000000e+00
5.339999999999999858e+00,-1.159477233886718750e-02,-6.623077392578125000e-02,-2.834296226501464844e-02,8.984600007534027100e-02,3.164513781666755676e-02,4.336011037230491638e-02,1.217917948961257935e-01,1.151748746633529663e-01,0.000000000000000000e+00,0.000000000000000000e+00,0.000000000000000000e+00,0.000000000000000000e+00,5.779805297851562500e+02,0.000000000000000000e+00
5.360000000000000320e+00,-5.985260009765625000e-03,-6.572914123535156250e-02,-2.900040149688720703e-02,8.699769526720046997e-02,2.933236211538314819e-02,3.914723917841911316e-02,1.287573724985122681e-01,1.153320372104644775e-01,0.000000000000000000e+00,0.000000000000000000e+00,0.000000000000000000e+00,0.000000000000000000e+00,5.464951782226562500e+02,0.000000000000000000e+00
5.379999999999999893e+00,-2.294540405273437500e-03,-6.403541564941406250e-02,-3.092759847640991211e-02,8.635659515857696533e-02,2.733635343611240387e-02,3.532715141773223877e-02,1.447071731090545654e-01,1.154480874538421631e-01,0.000000000000000000e+00,0.000000000000000000e+00,0.000000000000000000e+00,0.000000000000000000e+00,5.394702148437500000e+02,1.171875000000000000e-02
5.400000000000000355e+00,-2.359390258789062500e-03,-5.888938903808593750e-02,-3.201949596405029297e-02,9.192954748868942261e-02,2.585509233176708221e-02,3.531672060489654541e-02,1.528467983007431030e-01,1.159759014844894409e-01,0.000000000000000000e+00,0.000000000000000000e+00,0.000000000000000000e+00,0.000000000000000000e+00,5.408035278320312500e+02,1.171875000000000000e-02
5.419999999999999929e+00,-2.927780151367187500e-03,-5.311203002929687500e-02,-3.208142518997192383e-02,9.738714993000030518e-02,2.448669634759426117e-02,3.172888234257698059e-02,1.516846120357513428e-01,1.152900159358978271e-01,0.000000000000000000e+00,0.000000000000000000e+00,0.000000000000000000e+00,0.000000000000000000e+00,5.307731323242187500e+02,1.562500000000000000e-02
5.440000000000000391e+00,-5.292892456054687500e-03,-4.965782165527343750e-02,-3.005796670913696289e-02,1.033011451363563538e-01,2.268045768141746521e-02,2.905499935150146484e-02,1.512424647808074951e-01,1.135352253913879395e-01,0.000000000000000000e+00,0.000000000000000000e+00,0.000000000000000000e+00,0.000000000000000000e+00,6.129065551757812500e+02,2.343750000000000000e-02
5.459999999999999964e+00,-1.089859008789062500e-02,-4.936790466308593750e-02,-2.992922067642211914e-02,1.059885546565055847e-01,2.049032412469387054e-02,2.769047953188419342e-02,1.507987231016159058e-01,1.122698187828063965e-01,0.000000000000000000e+00,0.000000000000000000e+00,0.000000000000000000e+00,0.000000000000000000e+00,5.334766235351562500e+02,7.812500000000000000e-03
5.480000000000000426e+00,-1.552772521972656250e-02,-5.106353759765625000e-02,-3.063851594924926758e-02,1.090523004531860352e-01,3.230796381831169128e-02,2.725954353809356689e-02,1.501266956329345703e-01,1.323973238468170166e-01,0.000000000000000000e+00,0.000000000000000000e+00,0.000000000000000000e+00,0.000000000000000000e+00,5.187168579101562500e+02,0.000000000000000000e+00
5.500000000000000000e+00,-2.223587036132812500e-02,-5.269050598144531250e-02,-3.028827905654907227e-02,1.064399555325508118e-01,4.025766998529434204e-02,2.736140415072441101e-02,1.477103531360626221e-01,1.380186527967453003e-01,0.000000000000000000e+00,0.000000000000000000e+00,0.000000000000000000e+00,0.000000000000000000e+00,5.240604248046875000e+02,0.000000000000000000e+00
5.520000000000000462e+00,-2.784156799316406250e-02,-5.398559570312500000e-02,-2.909564971923828125e-02,9.945672750473022461e-02,4.495510086417198181e-02,2.811817079782485962e-02,1.454717814922332764e-01,1.353497952222824097e-01,0.000000000000000000e+00,0.000000000000000000e+00,0.000000000000000000e+00,0.000000000000000000e+00,5.331575317382812500e+02,0.000000000000000000e+00
5.540000000000000036e+00,-3.145027160644531250e-02,-5.490684509277343750e-02,-2.748686075210571289e-02,9.062043577432632446e-02,4.832677543163299561e-02,2.936002053320407867e-02,1.428297609090805054e-01,1.289003193378448486e-01,0.000000000000000000e+00,0.000000000000000000e+00,0.000000000000000000e+00,0.000000000000000000e+00,5.199989013671875000e+02,0.000000000000000000e+00
5.560000000000000497e+00,-3.329086303710937500e-02,-5.555152893066406250e-02,-2.595627307891845703e-02,8.527552336454391479e-02,5.076907947659492493e-02,3.074599988758563995e-02,1.406696885824203491e-01,1.222421303391456604e-01,0.000000000000000000e+00,0.000000000000000000e+00,0.000000000000000000e+00,0.000000000000000000e+00,5.259741210937500000e+02,0.000000000000000000e+00
5.580000000000000071e+00,-3.395652770996093750e-02,-5.588531494140625000e-02,-2.475821971893310547e-02,8.150327950716018677e-02,5.265150964260101318e-02,3.208255767822265625e-02,1.381027996540069580e-01,1.157658919692039490e-01,0.000000000000000000e+00,0.000000000000000000e+00,0.000000000000000000e+00,0.000000000000000000e+00,5.442732543945312500e+02,0.000000000000000000e+00
5.600000000000000533e+00,-3.372764587402343750e-02,-5.627441406250000000e-02,-2.396708726882934570e-02,8.061476051807403564e-02,5.431529134511947632e-02,3.278211876749992371e-02,1.368032842874526978e-01,1.117913797497749329e-01,0.000000000000000000e+00,0.000000000000000000e+00,0.000000000000000000e+00,0.000000000000000000e+00,5.335878295898437500e+02,0.000000000000000000e+00
5.620000000000000107e+00,-3.289985656738281250e-02,-5.675506591796875000e-02,-2.339446544647216797e-02,7.982397824525833130e-02,5.585313215851783752e-02,3.287058323621749878e-02,1.365222483873367310e-01,1.105379909276962280e-01,0.000000000000000000e+00,0.000000000000000000e+00,0.000000000000000000e+00,0.000000000000000000e+00,5.632284545898437500e+02,0.000000000000000000e+00
5.639999999999999680e+00,-3.189849853515625000e-02,-5.712699890136718750e-02,-2.296292781829833984e-02,7.911576330661773682e-02,5.609151348471641541e-02,3.223435208201408386e-02,1.365216821432113647e-01,1.105816811323165894e-01,0.000000000000000000e+00,0.000000000000000000e+00,0.000000000000000000e+00,0.000000000000000000e+00,5.425124511718750000e+02,0.000000000000000000e+00
5.660000000000000142e+00,-3.071975708007812500e-02,-5.741691589355468750e-02,-2.260941267013549805e-02,7.951265573501586914e-02,5.399446934461593628e-02,3.109131567180156708e-02,1.364971846342086792e-01,1.113657057285308838e-01,0.000000000000000000e+00,0.000000000000000000e+00,0.000000000000000000e+00,0.000000000000000000e+00,5.361758422851562500e+02,0.000000000000000000e+00
5.679999999999999716e+00,-2.904891967773437500e-02,-5.765914916992187500e-02,-2.242934703826904297e-02,8.079501986503601074e-02,5.100634694099426270e-02,2.988077513873577118e-02,1.364505589008331299e-01,1.126689389348030090e-01,0.000000000000000000e+00,0.000000000000000000e+00,0.000000000000000000e+00,0.000000000000000000e+00,5.366208496093750000e+02,0.000000000000000000e+00
5.700000000000000178e+00,-2.674484252929687500e-02,-5.789184570312500000e-02,-2.258723974227905273e-02,8.316875994205474854e-02,4.768293350934982300e-02,2.883664891123771667e-02,1.364008188247680664e-01,1.134834662079811096e-01,0.000000000000000000e+00,0.000000000000000000e+00,0.000000000000000000e+00,0.000000000000000000e+00,5.590731811523437500e+02,0.000000000000000000e+00
5.719999999999999751e+00,-2.343559265136718750e-02,-5.816459655761718750e-02,-2.276945114135742188e-02,8.535379171371459961e-02,4.482017457485198975e-02,2.803445421159267426e-02,1.363310217857360840e-01,1.128672808408737183e-01,0.000000000000000000e+00,0.000000000000000000e+00,0.000000000000000000e+00,0.000000000000000000e+00,5.359520874023437500e+02,0.000000000000000000e+00
5.740000000000000213e+00,-1.881408691406250000e-02,-5.857467651367187500e-02,-2.295267581939697266e-02,8.661580830812454224e-02,4.419862851500511169e-02,2.750272862613201141e-02,1.362488567829132080e-01,1.107834056019783020e-01,0.000000000000000000e+00,0.000000000000000000e+00,0.000000000000000000e+00,0.000000000000000000e+00,5.395520629882812500e+02,0.000000000000000000e+00
5.759999999999999787e+00,-1.307296752929687500e-02,-5.917930603027343750e-02,-2.362495660781860352e-02,8.702236413955688477e-02,4.651831090450286865e-02,2.759608067572116852e-02,1.361609548330307007e-01,1.084789261221885681e-01,0.000000000000000000e+00,0.000000000000000000e+00,0.000000000000000000e+00,0.000000000000000000e+00,5.183441162109375000e+02,0.000000000000000000e+00
5.780000000000000249e+00,-7.961273193359375000e-03,-5.966758728027343750e-02,-2.508455514907836914e-02,8.689346164464950562e-02,4.844539240002632141e-02,2.900611050426959991e-02,1.367916464805603027e-01,1.078525334596633911e-01,0.000000000000000000e+00,0.000000000000000000e+00,0.000000000000000000e+00,0.000000000000000000e+00,5.216309814453125000e+02,0.000000000000000000e+00
5.799999999999999822e+00,-5.424499511718750000e-03,-6.021881103515625000e-02,-2.796298265457153320e-02,8.714012801647186279e-02,5.208684876561164856e-02,3.045550175011157990e-02,1.370653361082077026e-01,1.099907010793685913e-01,0.000000000000000000e+00,1.000000000000000000e+00,0.000000000000000000e+00,0.000000000000000000e+00,5.618448486328125000e+02,0.000000000000000000e+00
5.820000000000000284e+00,-6.916046142578125000e-03,-6.108093261718750000e-02,-3.032290935516357422e-02,8.871334046125411987e-02,5.215186253190040588e-02,3.106201998889446259e-02,1.371600180864334106e-01,1.118035316467285156e-01,0.000000000000000000e+00,0.000000000000000000e+00,0.000000000000000000e+00,0.000000000000000000e+00,5.338364257812500000e+02,0.000000000000000000e+00
5.839999999999999858e+00,-8.876800537109375000e-03,-6.207656860351562500e-02,-3.142738342285156250e-02,9.098552912473678589e-02,5.244593694806098938e-02,3.093338198959827423e-02,1.372629851102828979e-01,1.139069125056266785e-01,0.000000000000000000e+00,0.000000000000000000e+00,0.000000000000000000e+00,0.000000000000000000e+00,5.467584838867187500e+02,7.812500000000000000e-03
5.860000000000000320e+00,-1.285171508789062500e-02,-6.337547302246093750e-02,-3.119403123855590820e-02,9.003162384033203125e-02,5.314228311181068420e-02,3.028644621372222900e-02,1.373598277568817139e-01,1.158223003149032593e-01,0.000000000000000000e+00,0.000000000000000000e+00,0.000000000000000000e+00,0.000000000000000000e+00,5.398917236328125000e+02,1.171875000000000000e-02
5.879999999999999893e+00,-1.840400695800781250e-02,-6.459045410156250000e-02,-3.063440322875976562e-02,8.531187474727630615e-02,5.446465313434600830e-02,2.936481870710849762e-02,1.374059468507766724e-01,1.160434857010841370e-01,0.000000000000000000e+00,0.000000000000000000e+00,0.000000000000000000e+00,0.000000000000000000e+00,5.554918212890625000e+02,1.562500000000000000e-02
5.900000000000000355e+00,-2.330207824707031250e-02,-6.686973571777343750e-02,-2.942532300949096680e-02,8.189734071493148804e-02,5.606333166360855103e-02,3.217705711722373962e-02,1.471315473318099976e-01,1.162654981017112732e-01,0.000000000000000000e+00,0.000000000000000000e+00,1.000000000000000000e+00,0.000000000000000000e+00,5.599401855468750000e+02,7.812500000000000000e-03
5.919999999999999929e+00,-2.727890014648437500e-02,-6.906509399414062500e-02,-2.884900569915771484e-02,7.808417081832885742e-02,5.778370797634124756e-02,4.064898565411567688e-02,1.533438563346862793e-01,1.164610609412193298e-01,0.000000000000000000e+00,0.000000000000000000e+00,1.000000000000000000e+00,0.000000000000000000e+00,5.255379638671875000e+02,7.812500000000000000e-03
5.940000000000000391e+00,-2.970123291015625000e-02,-7.106781005859375000e-02,-2.917879819869995117e-02,7.671926915645599365e-02,5.939338728785514832e-02,4.691794887185096741e-02,1.578267514705657959e-01,1.166158914566040039e-01,0.000000000000000000e+00,0.000000000000000000e+00,1.000000000000000000e+00,0.000000000000000000e+00,5.631572875976562500e+02,0.000000000000000000e+00
5.959999999999999964e+00,-3.078269958496093750e-02,-7.268905639648437500e-02,-3.032279014587402344e-02,7.592561841011047363e-02,6.032730266451835632e-02,5.100429430603981018e-02,1.595201939344406128e-01,1.168561577796936035e-01,0.000000000000000000e+00,0.000000000000000000e+00,0.000000000000000000e+00,0.000000000000000000e+00,5.062327270507812500e+02,0.000000000000000000e+00
5.980000000000000426e+00,-3.076934814453125000e-02,-7.375907897949218750e-02,-3.159624338150024414e-02,7.272349298000335693e-02,6.070440635085105896e-02,5.432693660259246826e-02,1.571112573146820068e-01,1.169001758098602295e-01,0.000000000000000000e+00,0.000000000000000000e+00,0.000000000000000000e+00,0.000000000000000000e+00,5.406769409179687500e+02,0.000000000000000000e+00
6.000000000000000000e+00,-3.009605407714843750e-02,-7.428359985351562500e-02,-3.293627500534057617e-02,6.752034276723861694e-02,6.048597395420074463e-02,5.689648911356925964e-02,1.521898210048675537e-01,1.169041842222213745e-01,0.000000000000000000e+00,0.000000000000000000e+00,0.000000000000000000e+00,0.000000000000000000e+00,5.466721801757812500e+02,0.000000000000000000e+00
