time_s,base_error_x_m,base_error_y_m,base_error_z_m,base_orientation_error_rad,wheel_error_fl_m,wheel_error_fr_m,wheel_error_rl_m,wheel_error_rr_m,contact_mismatch_fl,contact_mismatch_fr,contact_mismatch_rl,contact_mismatch_rr,solve_ms,rollout_termination_rate
2.000000000000000042e-02,0.000000000000000000e+00,0.000000000000000000e+00,0.000000000000000000e+00,0.000000000000000000e+00,1.907348632812500000e-06,5.960464477539062500e-08,4.991888999938964844e-07,1.921282091643661261e-06,0.000000000000000000e+00,1.000000000000000000e+00,1.000000000000000000e+00,0.000000000000000000e+00,5.690668945312500000e+02,0.000000000000000000e+00
4.000000000000000083e-02,-7.820129394531250000e-05,-5.722045898437500000e-05,-2.057969570159912109e-03,2.929687732830643654e-03,1.599840936250984669e-03,1.829256420023739338e-03,1.426979550160467625e-03,1.566304476000368595e-03,1.000000000000000000e+00,1.000000000000000000e+00,0.000000000000000000e+00,0.000000000000000000e+00,5.497005004882812500e+02,0.000000000000000000e+00
5.999999999999999778e-02,-3.389358520507812500e-03,3.662109375000000000e-04,-5.764663219451904297e-03,1.219728030264377594e-02,7.711925078183412552e-03,6.448577623814344406e-03,3.110498189926147461e-03,3.735400969162583351e-03,1.000000000000000000e+00,1.000000000000000000e+00,0.000000000000000000e+00,0.000000000000000000e+00,5.306667480468750000e+02,0.000000000000000000e+00
8.000000000000000167e-02,-8.193969726562500000e-03,1.976013183593750000e-03,-1.043748855590820312e-02,2.063539065420627594e-02,1.152304746210575104e-02,9.744811803102493286e-03,8.743475191295146942e-03,5.271547939628362656e-03,0.000000000000000000e+00,0.000000000000000000e+00,1.000000000000000000e+00,0.000000000000000000e+00,5.761858520507812500e+02,0.000000000000000000e+00
1.000000000000000056e-01,-1.287460327148437500e-02,3.171920776367187500e-03,-1.358842849731445312e-02,2.081943489611148834e-02,1.455034967511892319e-02,1.234203670173883438e-02,1.618044264614582062e-02,4.934458527714014053e-03,0.000000000000000000e+00,0.000000000000000000e+00,1.000000000000000000e+00,0.000000000000000000e+00,5.604039306640625000e+02,0.000000000000000000e+00
1.199999999999999956e-01,-1.607513427734375000e-02,4.171371459960937500e-03,-1.622092723846435547e-02,2.037961594760417938e-02,1.810624822974205017e-02,1.377782411873340607e-02,2.266896702349185944e-02,4.689035471528768539e-03,0.000000000000000000e+00,0.000000000000000000e+00,1.000000000000000000e+00,0.000000000000000000e+00,5.385960693359375000e+02,7.812500000000000000e-03
1.400000000000000133e-01,-1.731872558593750000e-02,4.631042480468750000e-03,-1.818048954010009766e-02,1.902425102889537811e-02,2.060651779174804688e-02,1.479693688452243805e-02,2.801783941686153412e-02,4.673903807997703552e-03,0.000000000000000000e+00,0.000000000000000000e+00,0.000000000000000000e+00,0.000000000000000000e+00,5.761600952148437500e+02,0.000000000000000000e+00
1.600000000000000033e-01,-1.702880859375000000e-02,4.503250122070312500e-03,-1.923519372940063477e-02,1.826987415552139282e-02,2.255288697779178619e-02,1.634819060564041138e-02,3.319700807332992554e-02,4.763275384902954102e-03,0.000000000000000000e+00,0.000000000000000000e+00,0.000000000000000000e+00,0.000000000000000000e+00,5.567301635742187500e+02,3.906250000000000000e-03
1.799999999999999933e-01,-1.571464538574218750e-02,3.988265991210937500e-03,-1.928246021270751953e-02,1.382795907557010651e-02,2.300934493541717529e-02,1.792019419372081757e-02,3.791400417685508728e-02,4.877310711890459061e-03,0.000000000000000000e+00,0.000000000000000000e+00,0.000000000000000000e+00,0.000000000000000000e+00,5.422340087890625000e+02,1.171875000000000000e-02
2.000000000000000111e-01,-1.398468017578125000e-02,3.446578979492187500e-03,-1.932340860366821289e-02,9.814341552555561066e-03,2.285978570580482483e-02,2.042813226580619812e-02,4.250958934426307678e-02,4.710825625807046890e-03,0.000000000000000000e+00,0.000000000000000000e+00,0.000000000000000000e+00,0.000000000000000000e+00,5.452947387695312500e+02,7.812500000000000000e-03
2.200000000000000011e-01,-1.227188110351562500e-02,3.261566162109375000e-03,-2.039325237274169922e-02,7.405155804008245468e-03,2.279815077781677246e-02,2.415766566991806030e-02,4.646606370806694031e-02,4.638392478227615356e-03,0.000000000000000000e+00,0.000000000000000000e+00,0.000000000000000000e+00,0.000000000000000000e+00,5.553124389648437500e+02,0.000000000000000000e+00
2.399999999999999911e-01,-1.084899902343750000e-02,3.534317016601562500e-03,-2.247077226638793945e-02,6.137602496892213821e-03,2.249629423022270203e-02,2.716284617781639099e-02,4.833141714334487915e-02,4.491125699132680893e-03,0.000000000000000000e+00,0.000000000000000000e+00,0.000000000000000000e+00,0.000000000000000000e+00,5.526989135742187500e+02,0.000000000000000000e+00
2.600000000000000089e-01,-9.578704833984375000e-03,4.268646240234375000e-03,-2.454251050949096680e-02,1.530124805867671967e-02,2.233458869159221649e-02,2.441619336605072021e-02,4.798782244324684143e-02,4.529535304754972458e-03,0.000000000000000000e+00,0.000000000000000000e+00,0.000000000000000000e+00,0.000000000000000000e+00,5.593587036132812500e+02,0.000000000000000000e+00
2.800000000000000266e-01,-8.012771606445312500e-03,5.113601684570312500e-03,-2.558565139770507812e-02,2.576366625726222992e-02,2.218681387603282928e-02,1.795161142945289612e-02,4.562070593237876892e-02,4.553251899778842926e-03,0.000000000000000000e+00,0.000000000000000000e+00,0.000000000000000000e+00,0.000000000000000000e+00,5.304750976562500000e+02,0.000000000000000000e+00
2.999999999999999889e-01,-6.248474121093750000e-03,5.762100219726562500e-03,-2.543485164642333984e-02,2.860535867512226105e-02,2.141125686466693878e-02,1.227307599037885666e-02,4.209345206618309021e-02,4.386835265904664993e-03,0.000000000000000000e+00,0.000000000000000000e+00,0.000000000000000000e+00,0.000000000000000000e+00,5.374102783203125000e+02,0.000000000000000000e+00
3.200000000000000067e-01,-3.993988037109375000e-03,6.025314331054687500e-03,-2.420967817306518555e-02,2.271438576281070709e-02,1.971533894538879395e-02,9.012649767100811005e-03,3.769068792462348938e-02,4.452906548976898193e-03,0.000000000000000000e+00,0.000000000000000000e+00,0.000000000000000000e+00,0.000000000000000000e+00,5.468201904296875000e+02,0.000000000000000000e+00
3.400000000000000244e-01,-9.346008300781250000e-04,5.878448486328125000e-03,-2.176022529602050781e-02,1.830898225307464600e-02,1.680564135313034058e-02,7.886431179940700531e-03,3.314790129661560059e-02,4.499322734773159027e-03,0.000000000000000000e+00,0.000000000000000000e+00,0.000000000000000000e+00,0.000000000000000000e+00,5.442569580078125000e+02,0.000000000000000000e+00
3.599999999999999867e-01,3.005981445312500000e-03,5.678176879882812500e-03,-1.853609085083007812e-02,1.907431520521640778e-02,1.321937330067157745e-02,1.040004659444093704e-02,2.863392047584056854e-02,4.341466818004846573e-03,0.000000000000000000e+00,0.000000000000000000e+00,0.000000000000000000e+00,0.000000000000000000e+00,5.748988647460937500e+02,3.906250000000000000e-03
3.800000000000000044e-01,7.434844970703125000e-03,5.521774291992187500e-03,-1.572489738464355469e-02,1.678727008402347565e-02,1.085895020514726639e-02,1.650861836969852448e-02,2.434567920863628387e-02,4.789513535797595978e-03,0.000000000000000000e+00,0.000000000000000000e+00,1.000000000000000000e+00,0.000000000000000000e+00,5.372938842773437500e+02,0.000000000000000000e+00
4.000000000000000222e-01,1.084136962890625000e-02,5.203247070312500000e-03,-1.370555162429809570e-02,1.344328653067350388e-02,9.790200740098953247e-03,2.268207818269729614e-02,2.029430121183395386e-02,5.046239122748374939e-03,0.000000000000000000e+00,1.000000000000000000e+00,1.000000000000000000e+00,0.000000000000000000e+00,5.805839233398437500e+02,5.468750000000000000e-02
4.199999999999999845e-01,1.115608215332031250e-02,5.296707153320312500e-03,-1.290631294250488281e-02,1.389675587415695190e-02,9.236153215169906616e-03,2.060378529131412506e-02,2.129519730806350708e-02,4.377481993287801743e-03,0.000000000000000000e+00,0.000000000000000000e+00,0.000000000000000000e+00,0.000000000000000000e+00,5.254167480468750000e+02,1.171875000000000000e-02
4.400000000000000022e-01,1.036643981933593750e-02,5.796432495117187500e-03,-1.263368129730224609e-02,1.589732803404331207e-02,9.954066947102546692e-03,1.912248134613037109e-02,2.120569534599781036e-02,4.389392212033271790e-03,0.000000000000000000e+00,0.000000000000000000e+00,0.000000000000000000e+00,0.000000000000000000e+00,5.389307250976562500e+02,1.171875000000000000e-02
4.600000000000000200e-01,7.970809936523437500e-03,6.406784057617187500e-03,-1.243865489959716797e-02,1.834800839424133301e-02,1.013056002557277679e-02,1.884641870856285095e-02,2.149440720677375793e-02,4.144605714827775955e-03,0.000000000000000000e+00,0.000000000000000000e+00,0.000000000000000000e+00,0.000000000000000000e+00,5.551768798828125000e+02,3.906250000000000000e-02
4.799999999999999822e-01,3.435134887695312500e-03,5.880355834960937500e-03,-1.257395744323730469e-02,2.623139135539531708e-02,9.459735825657844543e-03,2.113363333046436310e-02,1.722368970513343811e-02,2.478195168077945709e-02,0.000000000000000000e+00,0.000000000000000000e+00,0.000000000000000000e+00,0.000000000000000000e+00,5.438719482421875000e+02,7.812500000000000000e-03
5.000000000000000000e-01,-1.245498657226562500e-03,7.001876831054687500e-03,-1.346129179000854492e-02,3.185484185814857483e-02,1.980940811336040497e-02,2.350961416959762573e-02,1.715996302664279938e-02,3.922423720359802246e-02,0.000000000000000000e+00,0.000000000000000000e+00,0.000000000000000000e+00,1.000000000000000000e+00,5.389923095703125000e+02,0.000000000000000000e+00
5.200000000000000178e-01,-6.164550781250000000e-03,8.136749267578125000e-03,-1.487410068511962891e-02,3.449949249625205994e-02,2.860357053577899933e-02,2.602527849376201630e-02,1.680487766861915588e-02,4.534531757235527039e-02,0.000000000000000000e+00,0.000000000000000000e+00,0.000000000000000000e+00,1.000000000000000000e+00,5.376024169921875000e+02,0.000000000000000000e+00
5.400000000000000355e-01,-9.843826293945312500e-03,9.210586547851562500e-03,-1.645696163177490234e-02,3.380131721496582031e-02,3.259492665529251099e-02,2.852662280201911926e-02,1.724647730588912964e-02,5.216858908534049988e-02,0.000000000000000000e+00,0.000000000000000000e+00,0.000000000000000000e+00,1.000000000000000000e+00,5.500543823242187500e+02,1.953125000000000000e-02
5.600000000000000533e-01,-1.242256164550781250e-02,1.052474975585937500e-02,-1.747804880142211914e-02,2.908477373421192169e-02,3.329469263553619385e-02,3.058361448347568512e-02,1.732062548398971558e-02,5.495775118470191956e-02,0.000000000000000000e+00,0.000000000000000000e+00,0.000000000000000000e+00,0.000000000000000000e+00,5.683158569335937500e+02,3.515625000000000000e-02
5.799999999999999600e-01,-1.420593261718750000e-02,1.222610473632812500e-02,-1.776063442230224609e-02,2.314074523746967316e-02,3.289562836289405823e-02,3.231974691152572632e-02,1.800008304417133331e-02,5.793422460556030273e-02,0.000000000000000000e+00,0.000000000000000000e+00,0.000000000000000000e+00,0.000000000000000000e+00,5.165278930664062500e+02,2.031250000000000000e-01
5.999999999999999778e-01,-1.541328430175781250e-02,1.402473449707031250e-02,-1.721787452697753906e-02,2.033276669681072235e-02,3.306497633457183838e-02,3.332578763365745544e-02,1.795802824199199677e-02,6.142198666930198669e-02,0.000000000000000000e+00,0.000000000000000000e+00,0.000000000000000000e+00,0.000000000000000000e+00,5.735810546875000000e+02,7.812500000000000000e-03
6.199999999999999956e-01,-1.632118225097656250e-02,1.514625549316406250e-02,-1.645225286483764648e-02,1.838695071637630463e-02,3.395359963178634644e-02,3.318372368812561035e-02,1.808319054543972015e-02,6.257452815771102905e-02,0.000000000000000000e+00,0.000000000000000000e+00,0.000000000000000000e+00,0.000000000000000000e+00,5.251551513671875000e+02,0.000000000000000000e+00
6.400000000000000133e-01,-1.693725585937500000e-02,1.497268676757812500e-02,-1.650285720825195312e-02,2.554059773683547974e-02,3.445837646722793579e-02,3.311543911695480347e-02,1.821373030543327332e-02,5.731554329395294189e-02,0.000000000000000000e+00,0.000000000000000000e+00,0.000000000000000000e+00,0.000000000000000000e+00,5.200742797851562500e+02,0.000000000000000000e+00
6.600000000000000311e-01,-1.619720458984375000e-02,1.631546020507812500e-02,-1.578050851821899414e-02,2.955641411244869232e-02,3.443681448698043823e-02,3.297137469053268433e-02,1.831301115453243256e-02,4.867622256278991699e-02,0.000000000000000000e+00,0.000000000000000000e+00,0.000000000000000000e+00,0.000000000000000000e+00,5.599566040039062500e+02,0.000000000000000000e+00
6.800000000000000488e-01,-1.547431945800781250e-02,1.575469970703125000e-02,-1.434803009033203125e-02,4.171380773186683655e-02,3.012024983763694763e-02,3.241129592061042786e-02,1.973964087665081024e-02,3.528680279850959778e-02,0.000000000000000000e+00,0.000000000000000000e+00,0.000000000000000000e+00,0.000000000000000000e+00,5.199202270507812500e+02,0.000000000000000000e+00
7.000000000000000666e-01,-1.354217529296875000e-02,1.692390441894531250e-02,-1.260673999786376953e-02,4.014677554368972778e-02,3.009455092251300812e-02,3.072473220527172089e-02,2.038529515266418457e-02,2.398666553199291229e-02,0.000000000000000000e+00,0.000000000000000000e+00,0.000000000000000000e+00,0.000000000000000000e+00,5.486686401367187500e+02,0.000000000000000000e+00
7.199999999999999734e-01,-1.103401184082031250e-02,1.656341552734375000e-02,-1.038253307342529297e-02,3.366702795028686523e-02,3.005321323871612549e-02,2.902175672352313995e-02,2.154406905174255371e-02,1.555398758500814438e-02,0.000000000000000000e+00,1.000000000000000000e+00,0.000000000000000000e+00,0.000000000000000000e+00,5.738699340820312500e+02,0.000000000000000000e+00
7.399999999999999911e-01,-7.070541381835937500e-03,1.619338989257812500e-02,-8.893013000488281250e-03,2.526842802762985229e-02,2.941796928644180298e-02,2.736868709325790405e-02,2.162568829953670502e-02,1.572496443986892700e-02,0.000000000000000000e+00,0.000000000000000000e+00,0.000000000000000000e+00,0.000000000000000000e+00,5.250859985351562500e+02,0.000000000000000000e+00
7.600000000000000089e-01,-1.613616943359375000e-03,1.574325561523437500e-02,-8.489847183227539062e-03,2.019156329333782196e-02,2.725641243159770966e-02,2.499626763164997101e-02,2.083160169422626495e-02,2.412740327417850494e-02,0.000000000000000000e+00,0.000000000000000000e+00,0.000000000000000000e+00,0.000000000000000000e+00,5.875187377929687500e+02,3.906250000000000000e-03
7.800000000000000266e-01,5.292892456054687500e-03,1.510620117187500000e-02,-9.022235870361328125e-03,2.371070720255374908e-02,2.460966072976589203e-02,2.349877730011940002e-02,2.101089246571063995e-02,3.527414426207542419e-02,0.000000000000000000e+00,0.000000000000000000e+00,0.000000000000000000e+00,0.000000000000000000e+00,5.892196655273437500e+02,1.953125000000000000e-02
8.000000000000000444e-01,1.178169250488281250e-02,1.482582092285156250e-02,-8.646070957183837891e-03,3.167469426989555359e-02,2.305130846798419952e-02,2.299885265529155731e-02,2.102776803076267242e-02,3.927592560648918152e-02,0.000000000000000000e+00,0.000000000000000000e+00,0.000000000000000000e+00,1.000000000000000000e+00,5.585438842773437500e+02,7.812500000000000000e-03
8.200000000000000622e-01,1.547050476074218750e-02,1.391220092773437500e-02,-7.962584495544433594e-03,3.638318926095962524e-02,2.175659313797950745e-02,2.263968624174594879e-02,2.028931304812431335e-02,3.999709337949752808e-02,0.000000000000000000e+00,0.000000000000000000e+00,0.000000000000000000e+00,0.000000000000000000e+00,5.676166381835937500e+02,7.812500000000000000e-03
8.399999999999999689e-01,1.466369628906250000e-02,1.111221313476562500e-02,-8.048415184020996094e-03,3.298014774918556213e-02,2.151877060532569885e-02,2.317431382834911346e-02,2.007004991173744202e-02,4.314418137073516846e-02,0.000000000000000000e+00,0.000000000000000000e+00,0.000000000000000000e+00,0.000000000000000000e+00,5.437155761718750000e+02,1.171875000000000000e-02
8.599999999999999867e-01,1.307487487792968750e-02,8.838653564453125000e-03,-8.120059967041015625e-03,2.988532371819019318e-02,2.047517336905002594e-02,2.424737438559532166e-02,1.989815197885036469e-02,4.645507037639617920e-02,0.000000000000000000e+00,1.000000000000000000e+00,0.000000000000000000e+00,0.000000000000000000e+00,5.645291137695312500e+02,2.343750000000000000e-02
8.800000000000000044e-01,8.165359497070312500e-03,7.312774658203125000e-03,-8.429169654846191406e-03,2.879642508924007416e-02,2.075336687266826630e-02,2.470136620104312897e-02,1.977695524692535400e-02,4.741996526718139648e-02,0.000000000000000000e+00,1.000000000000000000e+00,0.000000000000000000e+00,0.000000000000000000e+00,5.594940795898437500e+02,1.953125000000000000e-02
9.000000000000000222e-01,4.978179931640625000e-04,6.959915161132812500e-03,-9.158432483673095703e-03,2.693102881312370300e-02,2.302492409944534302e-02,2.310539036989212036e-02,2.624817006289958954e-02,4.692808911204338074e-02,0.000000000000000000e+00,0.000000000000000000e+00,1.000000000000000000e+00,0.000000000000000000e+00,5.352402343750000000e+02,1.953125000000000000e-02
9.200000000000000400e-01,-5.998611450195312500e-03,7.457733154296875000e-03,-1.096743345260620117e-02,3.399825096130371094e-02,2.757528051733970642e-02,3.161244094371795654e-02,6.225610151886940002e-02,4.684391990303993225e-02,0.000000000000000000e+00,0.000000000000000000e+00,0.000000000000000000e+00,0.000000000000000000e+00,5.355706787109375000e+02,0.000000000000000000e+00
9.400000000000000577e-01,-1.304054260253906250e-02,7.219314575195312500e-03,-1.262730360031127930e-02,3.422889858484268188e-02,3.266931325197219849e-02,3.513745591044425964e-02,7.391373068094253540e-02,4.656434059143066406e-02,0.000000000000000000e+00,0.000000000000000000e+00,0.000000000000000000e+00,0.000000000000000000e+00,5.493779296875000000e+02,0.000000000000000000e+00
9.599999999999999645e-01,-1.814842224121093750e-02,6.885528564453125000e-03,-1.501953601837158203e-02,3.652055189013481140e-02,3.566620871424674988e-02,3.373935446143150330e-02,8.257635682821273804e-02,4.661611840128898621e-02,1.000000000000000000e+00,0.000000000000000000e+00,1.000000000000000000e+00,0.000000000000000000e+00,5.349918823242187500e+02,0.000000000000000000e+00
9.799999999999999822e-01,-2.158355712890625000e-02,6.156921386718750000e-03,-1.656192541122436523e-02,3.534608706831932068e-02,3.730991110205650330e-02,3.054608590900897980e-02,8.387427777051925659e-02,4.619137197732925415e-02,0.000000000000000000e+00,0.000000000000000000e+00,0.000000000000000000e+00,0.000000000000000000e+00,5.362830200195312500e+02,0.000000000000000000e+00
1.000000000000000000e+00,-2.350997924804687500e-02,5.380630493164062500e-03,-1.778608560562133789e-02,3.238926827907562256e-02,3.772594034671783447e-02,2.878677845001220703e-02,8.398852497339248657e-02,4.563068225979804993e-02,0.000000000000000000e+00,0.000000000000000000e+00,0.000000000000000000e+00,0.000000000000000000e+00,5.618732910156250000e+02,0.000000000000000000e+00
1.020000000000000018e+00,-2.437019348144531250e-02,4.896163940429687500e-03,-1.904618740081787109e-02,2.839621715247631073e-02,3.751930966973304749e-02,2.934155613183975220e-02,8.394046872854232788e-02,4.503658041357994080e-02,0.000000000000000000e+00,0.000000000000000000e+00,1.000000000000000000e+00,0.000000000000000000e+00,5.350386962890625000e+02,7.812500000000000000e-03
1.040000000000000036e+00,-2.453994750976562500e-02,4.999160766601562500e-03,-2.053153514862060547e-02,2.508850954473018646e-02,3.755116462707519531e-02,3.117369115352630615e-02,7.972791045904159546e-02,4.477829486131668091e-02,0.000000000000000000e+00,0.000000000000000000e+00,0.000000000000000000e+00,0.000000000000000000e+00,5.667669067382812500e+02,0.000000000000000000e+00
1.060000000000000053e+00,-2.427673339843750000e-02,5.739212036132812500e-03,-2.237069606781005859e-02,2.429674193263053894e-02,3.746825829148292542e-02,3.388447314500808716e-02,7.030339539051055908e-02,4.497798904776573181e-02,0.000000000000000000e+00,0.000000000000000000e+00,0.000000000000000000e+00,0.000000000000000000e+00,5.484362792968750000e+02,0.000000000000000000e+00
1.080000000000000071e+00,-2.381706237792968750e-02,6.811141967773437500e-03,-2.452915906906127930e-02,2.576366625726222992e-02,3.717587515711784363e-02,3.645473718643188477e-02,5.827156826853752136e-02,4.501380771398544312e-02,0.000000000000000000e+00,0.000000000000000000e+00,0.000000000000000000e+00,0.000000000000000000e+00,5.567267456054687500e+02,0.000000000000000000e+00
1.100000000000000089e+00,-2.323913574218750000e-02,8.071899414062500000e-03,-2.655357122421264648e-02,3.127319738268852234e-02,3.702590242028236389e-02,3.725723549723625183e-02,4.905757308006286621e-02,4.508515819907188416e-02,0.000000000000000000e+00,0.000000000000000000e+00,0.000000000000000000e+00,0.000000000000000000e+00,5.222277832031250000e+02,0.000000000000000000e+00
1.120000000000000107e+00,-2.240371704101562500e-02,9.489059448242187500e-03,-2.811783552169799805e-02,3.990253061056137085e-02,3.671715781092643738e-02,3.646312654018402100e-02,4.878721013665199280e-02,4.521564394235610962e-02,0.000000000000000000e+00,0.000000000000000000e+00,1.000000000000000000e+00,0.000000000000000000e+00,5.233831176757812500e+02,0.000000000000000000e+00
1.140000000000000124e+00,-2.114486694335937500e-02,1.060867309570312500e-02,-2.759069204330444336e-02,4.192476719617843628e-02,3.627741336822509766e-02,3.421307727694511414e-02,4.502983018755912781e-02,4.529315978288650513e-02,0.000000000000000000e+00,0.000000000000000000e+00,0.000000000000000000e+00,0.000000000000000000e+00,5.246686401367187500e+02,0.000000000000000000e+00
1.159999999999999920e+00,-1.868820190429687500e-02,1.165962219238281250e-02,-2.560192346572875977e-02,3.977685049176216125e-02,3.551681339740753174e-02,3.088368475437164307e-02,4.166448488831520081e-02,4.547782987356185913e-02,1.000000000000000000e+00,0.000000000000000000e+00,0.000000000000000000e+00,0.000000000000000000e+00,5.453039550781250000e+02,0.000000000000000000e+00
1.179999999999999938e+00,-1.481246948242187500e-02,1.281356811523437500e-02,-2.295881509780883789e-02,3.811779990792274475e-02,3.425065800547599792e-02,2.552804164588451385e-02,3.937760367989540100e-02,4.558558389544487000e-02,0.000000000000000000e+00,0.000000000000000000e+00,0.000000000000000000e+00,0.000000000000000000e+00,5.479959106445312500e+02,0.000000000000000000e+00
1.199999999999999956e+00,-9.479522705078125000e-03,1.435661315917968750e-02,-2.016925811767578125e-02,3.868899866938591003e-02,3.331911191344261169e-02,1.885314472019672394e-02,3.877263888716697693e-02,4.203819110989570618e-02,0.000000000000000000e+00,0.000000000000000000e+00,1.000000000000000000e+00,0.000000000000000000e+00,5.527469482421875000e+02,0.000000000000000000e+00
1.219999999999999973e+00,-3.787994384765625000e-03,1.602172851562500000e-02,-1.777517795562744141e-02,4.189632087945938110e-02,3.267057612538337708e-02,1.627063564956188202e-02,4.199674353003501892e-02,4.122880846261978149e-02,0.000000000000000000e+00,0.000000000000000000e+00,1.000000000000000000e+00,0.000000000000000000e+00,5.479559326171875000e+02,3.906250000000000000e-03
1.239999999999999991e+00,8.583068847656250000e-05,1.753616333007812500e-02,-1.661193370819091797e-02,4.286401718854904175e-02,3.303951025009155273e-02,2.568231895565986633e-02,5.074775591492652893e-02,4.127792268991470337e-02,0.000000000000000000e+00,1.000000000000000000e+00,0.000000000000000000e+00,0.000000000000000000e+00,5.408939208984375000e+02,2.343750000000000000e-02
1.260000000000000009e+00,3.604888916015625000e-04,1.909255981445312500e-02,-1.633286476135253906e-02,4.056626185774803162e-02,3.376563638448715210e-02,2.910077944397926331e-02,5.149303004145622253e-02,4.141727089881896973e-02,0.000000000000000000e+00,0.000000000000000000e+00,0.000000000000000000e+00,0.000000000000000000e+00,6.343386230468750000e+02,4.296875000000000000e-02
1.280000000000000027e+00,-3.147125244140625000e-04,2.097129821777343750e-02,-1.614117622375488281e-02,3.936107084155082703e-02,3.350057825446128845e-02,3.218798711895942688e-02,5.243325605988502502e-02,4.134068638086318970e-02,0.000000000000000000e+00,0.000000000000000000e+00,0.000000000000000000e+00,0.000000000000000000e+00,5.640483398437500000e+02,8.203125000000000000e-02
1.300000000000000044e+00,-3.286361694335937500e-03,2.288627624511718750e-02,-1.594686508178710938e-02,3.714843839406967163e-02,3.188724815845489502e-02,3.620407357811927795e-02,5.374762415885925293e-02,4.135034978389739990e-02,1.000000000000000000e+00,0.000000000000000000e+00,0.000000000000000000e+00,0.000000000000000000e+00,5.540272216796875000e+02,7.421875000000000000e-02
1.320000000000000062e+00,-8.026123046875000000e-03,2.508926391601562500e-02,-1.712799072265625000e-02,3.298014774918556213e-02,3.441256284713745117e-02,4.030128940939903259e-02,5.428416654467582703e-02,4.860762879252433777e-02,0.000000000000000000e+00,0.000000000000000000e+00,0.000000000000000000e+00,1.000000000000000000e+00,5.848665771484375000e+02,1.484375000000000000e-01
1.340000000000000080e+00,-1.310539245605468750e-02,2.806091308593750000e-02,-1.861506700515747070e-02,2.960477583110332489e-02,4.242475330829620361e-02,4.424228891730308533e-02,5.390985682606697083e-02,5.863568186759948730e-02,0.000000000000000000e+00,0.000000000000000000e+00,0.000000000000000000e+00,1.000000000000000000e+00,5.530565795898437500e+02,0.000000000000000000e+00
1.360000000000000098e+00,-1.635932922363281250e-02,3.027915954589843750e-02,-1.941943168640136719e-02,2.931340970098972321e-02,4.632580652832984924e-02,4.908814281225204468e-02,5.318700149655342102e-02,5.027383565902709961e-02,0.000000000000000000e+00,0.000000000000000000e+00,0.000000000000000000e+00,1.000000000000000000e+00,5.452532348632812500e+02,7.812500000000000000e-03
1.380000000000000115e+00,-1.812744140625000000e-02,3.285789489746093750e-02,-1.918244361877441406e-02,2.770776301622390747e-02,4.794565960764884949e-02,5.131472274661064148e-02,5.405867844820022583e-02,5.179840698838233948e-02,0.000000000000000000e+00,0.000000000000000000e+00,0.000000000000000000e+00,0.000000000000000000e+00,5.348704833984375000e+02,2.734375000000000000e-02
1.400000000000000133e+00,-1.864814758300781250e-02,3.530502319335937500e-02,-1.824420690536499023e-02,2.592970989644527435e-02,4.907259345054626465e-02,5.137522518634796143e-02,5.430142581462860107e-02,5.537516251206398010e-02,0.000000000000000000e+00,0.000000000000000000e+00,0.000000000000000000e+00,0.000000000000000000e+00,5.233947143554687500e+02,3.906250000000000000e-03
1.419999999999999929e+00,-1.847267150878906250e-02,3.726387023925781250e-02,-1.743608713150024414e-02,2.328454330563545227e-02,5.089775845408439636e-02,5.040443316102027893e-02,5.440718308091163635e-02,5.981292575597763062e-02,0.000000000000000000e+00,0.000000000000000000e+00,0.000000000000000000e+00,0.000000000000000000e+00,5.296337890625000000e+02,0.000000000000000000e+00
1.439999999999999947e+00,-1.826667785644531250e-02,3.849411010742187500e-02,-1.735371351242065430e-02,1.733231917023658752e-02,5.382401496171951294e-02,4.866942390799522400e-02,5.463053658604621887e-02,6.315814703702926636e-02,0.000000000000000000e+00,0.000000000000000000e+00,0.000000000000000000e+00,0.000000000000000000e+00,5.356093139648437500e+02,0.000000000000000000e+00
1.459999999999999964e+00,-1.829338073730468750e-02,3.906440734863281250e-02,-1.781368255615234375e-02,1.301067974418401718e-02,5.749481916427612305e-02,4.696506634354591370e-02,5.492818728089332581e-02,6.484034657478332520e-02,0.000000000000000000e+00,0.000000000000000000e+00,0.000000000000000000e+00,0.000000000000000000e+00,5.436804809570312500e+02,3.906250000000000000e-03
1.479999999999999982e+00,-1.836204528808593750e-02,3.887557983398437500e-02,-1.823526620864868164e-02,1.354928035289049149e-02,5.971055105328559875e-02,4.603024199604988098e-02,5.502279847860336304e-02,6.604010611772537231e-02,0.000000000000000000e+00,0.000000000000000000e+00,0.000000000000000000e+00,0.000000000000000000e+00,5.299653930664062500e+02,0.000000000000000000e+00
1.500000000000000000e+00,-1.810264587402343750e-02,3.792572021484375000e-02,-1.803326606750488281e-02,1.443532947450876236e-02,5.832850933074951172e-02,4.574763774871826172e-02,5.497900396585464478e-02,6.657518446445465088e-02,0.000000000000000000e+00,0.000000000000000000e+00,0.000000000000000000e+00,0.000000000000000000e+00,5.192222900390625000e+02,1.171875000000000000e-02
1.520000000000000018e+00,-1.737785339355468750e-02,3.653335571289062500e-02,-1.723110675811767578e-02,1.592729426920413971e-02,5.592399463057518005e-02,4.508355632424354553e-02,5.480137467384338379e-02,6.745760142803192139e-02,0.000000000000000000e+00,0.000000000000000000e+00,0.000000000000000000e+00,0.000000000000000000e+00,5.085649414062500000e+02,3.906250000000000000e-03
1.540000000000000036e+00,-1.615905761718750000e-02,3.510284423828125000e-02,-1.659667491912841797e-02,1.929799839854240417e-02,5.430771782994270325e-02,4.307524487376213074e-02,5.453661456704139709e-02,6.925116479396820068e-02,0.000000000000000000e+00,0.000000000000000000e+00,0.000000000000000000e+00,0.000000000000000000e+00,5.571937866210937500e+02,0.000000000000000000e+00
1.560000000000000053e+00,-1.400947570800781250e-02,3.374671936035156250e-02,-1.639950275421142578e-02,2.343763411045074463e-02,5.214510113000869751e-02,4.024636745452880859e-02,5.450091138482093811e-02,7.223565876483917236e-02,0.000000000000000000e+00,0.000000000000000000e+00,0.000000000000000000e+00,0.000000000000000000e+00,5.345884399414062500e+02,0.000000000000000000e+00
1.580000000000000071e+00,-1.064682006835937500e-02,3.247261047363281250e-02,-1.704454421997070312e-02,2.500283345580101013e-02,4.785178974270820618e-02,3.736913949251174927e-02,5.413852632045745850e-02,7.642178237438201904e-02,0.000000000000000000e+00,0.000000000000000000e+00,0.000000000000000000e+00,0.000000000000000000e+00,5.357370605468750000e+02,7.812500000000000000e-03
1.600000000000000089e+00,-6.103515625000000000e-03,3.167915344238281250e-02,-1.794481277465820312e-02,2.647566609084606171e-02,4.162758216261863708e-02,3.392002359032630920e-02,5.402712523937225342e-02,8.094079047441482544e-02,0.000000000000000000e+00,0.000000000000000000e+00,0.000000000000000000e+00,1.000000000000000000e+00,5.311768798828125000e+02,0.000000000000000000e+00
1.620000000000000107e+00,-8.907318115234375000e-04,3.127479553222656250e-02,-1.824510097503662109e-02,2.964501641690731049e-02,3.572502732276916504e-02,3.070783428847789764e-02,5.291761085391044617e-02,8.049794286489486694e-02,0.000000000000000000e+00,0.000000000000000000e+00,0.000000000000000000e+00,1.000000000000000000e+00,5.325009155273437500e+02,0.000000000000000000e+00
1.640000000000000124e+00,2.555847167968750000e-03,3.053665161132812500e-02,-1.765286922454833984e-02,2.825311757624149323e-02,3.092914447188377380e-02,2.900515682995319366e-02,4.561483487486839294e-02,7.630421221256256104e-02,0.000000000000000000e+00,0.000000000000000000e+00,0.000000000000000000e+00,0.000000000000000000e+00,5.440531616210937500e+02,0.000000000000000000e+00
1.660000000000000142e+00,2.151489257812500000e-03,2.822303771972656250e-02,-1.761204004287719727e-02,2.750046551227569580e-02,2.463335730135440826e-02,2.894008532166481018e-02,4.487057030200958252e-02,7.533031702041625977e-02,0.000000000000000000e+00,0.000000000000000000e+00,0.000000000000000000e+00,0.000000000000000000e+00,5.324823608398437500e+02,0.000000000000000000e+00
1.679999999999999938e+00,2.059936523437500000e-04,2.441978454589843750e-02,-1.548510789871215820e-02,2.585604414343833923e-02,2.365064062178134918e-02,3.046432696282863617e-02,4.149505496025085449e-02,7.401610165834426880e-02,0.000000000000000000e+00,1.000000000000000000e+00,1.000000000000000000e+00,0.000000000000000000e+00,5.223418579101562500e+02,3.906250000000000000e-03
1.699999999999999956e+00,-2.956390380859375000e-03,2.150535583496093750e-02,-1.309287548065185547e-02,2.968520298600196838e-02,2.444029599428176880e-02,3.250495716929435730e-02,5.630064383149147034e-02,7.340380549430847168e-02,0.000000000000000000e+00,1.000000000000000000e+00,1.000000000000000000e+00,0.000000000000000000e+00,5.596054077148437500e+02,0.000000000000000000e+00
1.719999999999999973e+00,-8.237838745117187500e-03,1.919174194335937500e-02,-1.047670841217041016e-02,3.336111083626747131e-02,2.803672663867473602e-02,3.338535130023956299e-02,6.678454577922821045e-02,7.336018234491348267e-02,0.000000000000000000e+00,1.000000000000000000e+00,0.000000000000000000e+00,0.000000000000000000e+00,5.319518432617187500e+02,0.000000000000000000e+00
1.739999999999999991e+00,-1.473236083984375000e-02,1.877784729003906250e-02,-1.036375761032104492e-02,3.546730056405067444e-02,3.350823000073432922e-02,3.920977935194969177e-02,7.605489343404769897e-02,7.306584715843200684e-02,0.000000000000000000e+00,0.000000000000000000e+00,1.000000000000000000e+00,0.000000000000000000e+00,5.310546875000000000e+02,0.000000000000000000e+00
1.760000000000000009e+00,-2.130889892578125000e-02,1.862144470214843750e-02,-1.159375905990600586e-02,3.902037069201469421e-02,3.857322782278060913e-02,5.099102482199668884e-02,8.665015548467636108e-02,7.320269197225570679e-02,0.000000000000000000e+00,0.000000000000000000e+00,0.000000000000000000e+00,0.000000000000000000e+00,5.493781738281250000e+02,0.000000000000000000e+00
1.780000000000000027e+00,-2.674102783203125000e-02,1.892280578613281250e-02,-1.448547840118408203e-02,4.189062863588333130e-02,4.233887419104576111e-02,5.703525245189666748e-02,9.285317361354827881e-02,7.284052670001983643e-02,0.000000000000000000e+00,0.000000000000000000e+00,0.000000000000000000e+00,0.000000000000000000e+00,5.180429077148437500e+02,0.000000000000000000e+00
1.800000000000000044e+00,-3.044891357421875000e-02,1.940155029296875000e-02,-1.806670427322387695e-02,4.563374072313308716e-02,4.475570470094680786e-02,5.812595784664154053e-02,9.742208570241928101e-02,7.256818562746047974e-02,0.000000000000000000e+00,0.000000000000000000e+00,0.000000000000000000e+00,0.000000000000000000e+00,5.321787719726562500e+02,0.000000000000000000e+00
1.820000000000000062e+00,-3.269386291503906250e-02,1.965332031250000000e-02,-2.083462476730346680e-02,4.946007952094078064e-02,4.661915078759193420e-02,5.625285953283309937e-02,1.014910936355590820e-01,7.276488095521926880e-02,0.000000000000000000e+00,0.000000000000000000e+00,0.000000000000000000e+00,0.000000000000000000e+00,5.314487915039062500e+02,0.000000000000000000e+00
1.840000000000000080e+00,-3.355598449707031250e-02,1.999664306640625000e-02,-2.301502227783203125e-02,5.189727619290351868e-02,4.840943589806556702e-02,5.350327119231224060e-02,1.041911020874977112e-01,7.244280725717544556e-02,0.000000000000000000e+00,0.000000000000000000e+00,0.000000000000000000e+00,0.000000000000000000e+00,5.452175903320312500e+02,0.000000000000000000e+00
1.860000000000000098e+00,-3.361892700195312500e-02,2.059173583984375000e-02,-2.488744258880615234e-02,5.065097287297248840e-02,4.978537559509277344e-02,5.194638296961784363e-02,1.047048345208168030e-01,7.201866805553436279e-02,0.000000000000000000e+00,0.000000000000000000e+00,0.000000000000000000e+00,0.000000000000000000e+00,5.719816284179687500e+02,0.000000000000000000e+00
1.880000000000000115e+00,-3.333473205566406250e-02,2.128791809082031250e-02,-2.638381719589233398e-02,4.691166430711746216e-02,5.052407830953598022e-02,5.269698798656463623e-02,1.029846146702766418e-01,7.204775512218475342e-02,0.000000000000000000e+00,0.000000000000000000e+00,0.000000000000000000e+00,0.000000000000000000e+00,5.369058227539062500e+02,0.000000000000000000e+00
1.900000000000000133e+00,-3.317260742187500000e-02,2.205848693847656250e-02,-2.764213085174560547e-02,4.215164482593536377e-02,5.082525685429573059e-02,5.275128409266471863e-02,9.891925752162933350e-02,7.189673930406570435e-02,0.000000000000000000e+00,0.000000000000000000e+00,0.000000000000000000e+00,0.000000000000000000e+00,5.854119262695312500e+02,0.000000000000000000e+00
1.919999999999999929e+00,-3.330421447753906250e-02,2.287292480468750000e-02,-2.864265441894531250e-02,3.782266750931739807e-02,5.067742243409156799e-02,4.955561086535453796e-02,9.385254979133605957e-02,7.187546044588088989e-02,0.000000000000000000e+00,0.000000000000000000e+00,0.000000000000000000e+00,0.000000000000000000e+00,5.267251586914062500e+02,0.000000000000000000e+00
1.939999999999999947e+00,-3.320884704589843750e-02,2.382278442382812500e-02,-2.939343452453613281e-02,3.507522493600845337e-02,5.018697679042816162e-02,4.723602905869483948e-02,8.891053497791290283e-02,7.191679626703262329e-02,0.000000000000000000e+00,0.000000000000000000e+00,0.000000000000000000e+00,0.000000000000000000e+00,5.289759521484375000e+02,0.000000000000000000e+00
1.959999999999999964e+00,-3.243446350097656250e-02,2.491760253906250000e-02,-3.019380569458007812e-02,3.143289685249328613e-02,4.922676831483840942e-02,4.715750366449356079e-02,8.423788845539093018e-02,6.720718741416931152e-02,0.000000000000000000e+00,0.000000000000000000e+00,0.000000000000000000e+00,0.000000000000000000e+00,5.503689575195312500e+02,0.000000000000000000e+00
1.979999999999999982e+00,-3.078460693359375000e-02,2.631759643554687500e-02,-3.036201000213623047e-02,3.462367132306098938e-02,4.786447435617446899e-02,4.717572033405303955e-02,8.329260349273681641e-02,6.772596389055252075e-02,0.000000000000000000e+00,0.000000000000000000e+00,0.000000000000000000e+00,0.000000000000000000e+00,5.464016723632812500e+02,0.000000000000000000e+00
2.000000000000000000e+00,-2.787590026855468750e-02,2.769279479980468750e-02,-2.923721075057983398e-02,3.714201971888542175e-02,4.617267102003097534e-02,4.670506343245506287e-02,8.367235958576202393e-02,6.786521524190902710e-02,0.000000000000000000e+00,0.000000000000000000e+00,0.000000000000000000e+00,0.000000000000000000e+00,5.690639648437500000e+02,7.812500000000000000e-03
2.020000000000000018e+00,-2.365493774414062500e-02,2.940750122070312500e-02,-2.742940187454223633e-02,3.862731903791427612e-02,4.415260255336761475e-02,4.560347273945808411e-02,8.539170026779174805e-02,6.800192594528198242e-02,0.000000000000000000e+00,0.000000000000000000e+00,1.000000000000000000e+00,0.000000000000000000e+00,5.604531860351562500e+02,0.000000000000000000e+00
2.040000000000000036e+00,-1.855468750000000000e-02,3.147888183593750000e-02,-2.537316083908081055e-02,3.738516196608543396e-02,4.264387860894203186e-02,4.459487646818161011e-02,8.675127476453781128e-02,6.813163310289382935e-02,0.000000000000000000e+00,0.000000000000000000e+00,1.000000000000000000e+00,0.000000000000000000e+00,5.474063110351562500e+02,7.812500000000000000e-03
2.060000000000000053e+00,-1.403999328613281250e-02,3.362846374511718750e-02,-2.318155765533447266e-02,3.875057771801948547e-02,4.138339683413505554e-02,4.393254220485687256e-02,8.685022592544555664e-02,6.826618313789367676e-02,1.000000000000000000e+00,0.000000000000000000e+00,1.000000000000000000e+00,0.000000000000000000e+00,5.216275634765625000e+02,3.906250000000000000e-03
2.080000000000000071e+00,-1.225471496582031250e-02,3.554534912109375000e-02,-2.169591188430786133e-02,3.730855137109756470e-02,4.111608117818832397e-02,4.853258281946182251e-02,8.920051902532577515e-02,6.842363625764846802e-02,1.000000000000000000e+00,0.000000000000000000e+00,0.000000000000000000e+00,0.000000000000000000e+00,5.398888549804687500e+02,7.812500000000000000e-03
2.100000000000000089e+00,-1.208114624023437500e-02,3.763198852539062500e-02,-2.023059129714965820e-02,3.457543253898620605e-02,4.091696441173553467e-02,5.319445580244064331e-02,8.918790519237518311e-02,6.835849583148956299e-02,1.000000000000000000e+00,1.000000000000000000e+00,0.000000000000000000e+00,0.000000000000000000e+00,5.553525390625000000e+02,3.125000000000000000e-02
2.120000000000000107e+00,-1.350021362304687500e-02,3.996849060058593750e-02,-1.848495006561279297e-02,3.061829693615436554e-02,3.970057517290115356e-02,5.719377100467681885e-02,8.951857686042785645e-02,6.869776546955108643e-02,0.000000000000000000e+00,0.000000000000000000e+00,0.000000000000000000e+00,0.000000000000000000e+00,5.472024536132812500e+02,1.171875000000000000e-02
2.140000000000000124e+00,-1.731300354003906250e-02,4.192352294921875000e-02,-1.747965812683105469e-02,2.430655248463153839e-02,3.724343329668045044e-02,5.959460884332656860e-02,9.009408950805664062e-02,6.916534900665283203e-02,0.000000000000000000e+00,0.000000000000000000e+00,0.000000000000000000e+00,1.000000000000000000e+00,5.402139282226562500e+02,0.000000000000000000e+00
2.160000000000000142e+00,-2.130317687988281250e-02,4.508972167968750000e-02,-1.655519008636474609e-02,2.614033967256546021e-02,4.489218071103096008e-02,6.178643926978111267e-02,9.045127779245376587e-02,8.391708135604858398e-02,0.000000000000000000e+00,0.000000000000000000e+00,0.000000000000000000e+00,1.000000000000000000e+00,5.451177978515625000e+02,1.406250000000000000e-01
2.180000000000000160e+00,-2.490425109863281250e-02,4.777336120605468750e-02,-1.586729288101196289e-02,2.416883595287799835e-02,5.018553137779235840e-02,6.401063501834869385e-02,8.993504196405410767e-02,9.169057756662368774e-02,0.000000000000000000e+00,0.000000000000000000e+00,0.000000000000000000e+00,1.000000000000000000e+00,5.395324096679687500e+02,6.250000000000000000e-02
2.200000000000000178e+00,-2.696418762207031250e-02,4.953384399414062500e-02,-1.561963558197021484e-02,2.411946095526218414e-02,5.132919922471046448e-02,6.554657965898513794e-02,9.017331153154373169e-02,9.631193429231643677e-02,0.000000000000000000e+00,0.000000000000000000e+00,0.000000000000000000e+00,0.000000000000000000e+00,5.182843017578125000e+02,0.000000000000000000e+00
2.220000000000000195e+00,-2.758026123046875000e-02,5.029869079589843750e-02,-1.613295078277587891e-02,2.487855777144432068e-02,5.192626640200614929e-02,6.615135818719863892e-02,9.020551294088363647e-02,9.755391627550125122e-02,0.000000000000000000e+00,0.000000000000000000e+00,0.000000000000000000e+00,0.000000000000000000e+00,5.226612548828125000e+02,0.000000000000000000e+00
2.240000000000000213e+00,-2.711486816406250000e-02,5.024528503417968750e-02,-1.696014404296875000e-02,2.663727104663848877e-02,5.333424732089042664e-02,6.597382575273513794e-02,9.061131626367568970e-02,9.652206301689147949e-02,0.000000000000000000e+00,0.000000000000000000e+00,0.000000000000000000e+00,0.000000000000000000e+00,5.511827392578125000e+02,0.000000000000000000e+00
2.260000000000000231e+00,-2.608108520507812500e-02,4.972839355468750000e-02,-1.792043447494506836e-02,2.768193557858467102e-02,5.539061874151229858e-02,6.452400237321853638e-02,9.061266481876373291e-02,9.466379880905151367e-02,0.000000000000000000e+00,0.000000000000000000e+00,0.000000000000000000e+00,0.000000000000000000e+00,5.366906127929687500e+02,0.000000000000000000e+00
2.280000000000000249e+00,-2.470016479492187500e-02,4.882049560546875000e-02,-1.897925138473510742e-02,2.871350944042205811e-02,5.756483227014541626e-02,6.248764693737030029e-02,9.042814373970031738e-02,9.321077167987823486e-02,0.000000000000000000e+00,0.000000000000000000e+00,0.000000000000000000e+00,0.000000000000000000e+00,5.559849853515625000e+02,0.000000000000000000e+00
2.300000000000000266e+00,-2.326202392578125000e-02,4.759216308593750000e-02,-2.024847269058227539e-02,3.111268207430839539e-02,5.932993069291114807e-02,6.046583130955696106e-02,9.047855436801910400e-02,9.258639067411422729e-02,0.000000000000000000e+00,0.000000000000000000e+00,0.000000000000000000e+00,0.000000000000000000e+00,5.284979858398437500e+02,0.000000000000000000e+00
2.319999999999999840e+00,-2.199363708496093750e-02,4.607963562011718750e-02,-2.130669355392456055e-02,3.439566865563392639e-02,5.865028128027915955e-02,5.863082408905029297e-02,9.056294709444046021e-02,9.237432479858398438e-02,0.000000000000000000e+00,0.000000000000000000e+00,0.000000000000000000e+00,0.000000000000000000e+00,5.208431396484375000e+02,0.000000000000000000e+00
2.339999999999999858e+00,-2.078437805175781250e-02,4.427146911621093750e-02,-2.191096544265747070e-02,3.790453076362609863e-02,5.480666458606719971e-02,5.649967491626739502e-02,9.096064418554306030e-02,9.177038818597793579e-02,0.000000000000000000e+00,0.000000000000000000e+00,0.000000000000000000e+00,0.000000000000000000e+00,5.349664916992187500e+02,0.000000000000000000e+00
2.359999999999999876e+00,-1.928329467773437500e-02,4.220390319824218750e-02,-2.243310213088989258e-02,4.016458988189697266e-02,5.041664838790893555e-02,5.429649353027343750e-02,9.085132926702499390e-02,9.094996005296707153e-02,0.000000000000000000e+00,0.000000000000000000e+00,0.000000000000000000e+00,0.000000000000000000e+00,5.482291259765625000e+02,0.000000000000000000e+00
2.379999999999999893e+00,-1.713943481445312500e-02,4.004096984863281250e-02,-2.337902784347534180e-02,4.238292947411537170e-02,4.570185765624046326e-02,5.248358100652694702e-02,9.064068645238876343e-02,9.073601663112640381e-02,0.000000000000000000e+00,0.000000000000000000e+00,0.000000000000000000e+00,0.000000000000000000e+00,5.485125122070312500e+02,3.906250000000000000e-03
2.399999999999999911e+00,-1.411437988281250000e-02,3.810691833496093750e-02,-2.493530511856079102e-02,4.448009654879570007e-02,3.973815217614173889e-02,5.084638297557830811e-02,8.982585370540618896e-02,9.103433787822723389e-02,0.000000000000000000e+00,0.000000000000000000e+00,0.000000000000000000e+00,0.000000000000000000e+00,5.251881103515625000e+02,0.000000000000000000e+00
2.419999999999999929e+00,-9.696960449218750000e-03,3.645706176757812500e-02,-2.692693471908569336e-02,4.872668161988258362e-02,3.222420811653137207e-02,4.965570196509361267e-02,8.946077525615692139e-02,9.350220859050750732e-02,0.000000000000000000e+00,0.000000000000000000e+00,0.000000000000000000e+00,1.000000000000000000e+00,5.353713989257812500e+02,0.000000000000000000e+00
2.439999999999999947e+00,-3.755569458007812500e-03,3.534507751464843750e-02,-2.774381637573242188e-02,5.366814136505126953e-02,2.589308097958564758e-02,4.903506860136985779e-02,8.930771052837371826e-02,9.341321140527725220e-02,0.000000000000000000e+00,0.000000000000000000e+00,0.000000000000000000e+00,1.000000000000000000e+00,5.282896728515625000e+02,3.906250000000000000e-03
2.459999999999999964e+00,2.290725708007812500e-03,3.443717956542968750e-02,-2.764987945556640625e-02,5.854291841387748718e-02,2.352189645171165466e-02,4.854016751050949097e-02,8.959578722715377808e-02,9.072387963533401489e-02,0.000000000000000000e+00,0.000000000000000000e+00,0.000000000000000000e+00,1.000000000000000000e+00,5.471623535156250000e+02,7.812500000000000000e-03
2.479999999999999982e+00,5.922317504882812500e-03,3.251075744628906250e-02,-2.706944942474365234e-02,6.230383738875389099e-02,2.491005882620811462e-02,4.804061353206634521e-02,8.996752649545669556e-02,8.952923119068145752e-02,0.000000000000000000e+00,0.000000000000000000e+00,0.000000000000000000e+00,0.000000000000000000e+00,5.442747802734375000e+02,2.343750000000000000e-02
2.500000000000000000e+00,5.268096923828125000e-03,2.850532531738281250e-02,-2.615839242935180664e-02,6.557457894086837769e-02,2.366124466061592102e-02,4.736021161079406738e-02,8.994613587856292725e-02,8.900966495275497437e-02,0.000000000000000000e+00,0.000000000000000000e+00,0.000000000000000000e+00,0.000000000000000000e+00,5.696496582031250000e+02,1.171875000000000000e-02
2.520000000000000018e+00,4.327774047851562500e-03,2.467346191406250000e-02,-2.375882863998413086e-02,7.128949463367462158e-02,2.316677384078502655e-02,4.654233902692794800e-02,8.971408754587173462e-02,8.860518038272857666e-02,0.000000000000000000e+00,0.000000000000000000e+00,0.000000000000000000e+00,0.000000000000000000e+00,5.313264770507812500e+02,3.906250000000000000e-03
2.540000000000000036e+00,7.324218750000000000e-04,2.119636535644531250e-02,-2.030849456787109375e-02,7.882282882928848267e-02,2.365630865097045898e-02,4.565263539552688599e-02,8.917993307113647461e-02,8.800402283668518066e-02,0.000000000000000000e+00,0.000000000000000000e+00,0.000000000000000000e+00,0.000000000000000000e+00,5.542588500976562500e+02,0.000000000000000000e+00
2.560000000000000053e+00,-5.163192749023437500e-03,1.933288574218750000e-02,-1.803791522979736328e-02,8.391384780406951904e-02,2.651248499751091003e-02,4.399813711643218994e-02,8.919935673475265503e-02,8.787662535905838013e-02,0.000000000000000000e+00,0.000000000000000000e+00,0.000000000000000000e+00,0.000000000000000000e+00,5.121854858398437500e+02,0.000000000000000000e+00
2.580000000000000071e+00,-1.033210754394531250e-02,1.842308044433593750e-02,-1.625722646713256836e-02,8.658275753259658813e-02,3.014718554913997650e-02,4.647274687886238098e-02,9.779956936836242676e-02,8.811991661787033081e-02,0.000000000000000000e+00,0.000000000000000000e+00,0.000000000000000000e+00,0.000000000000000000e+00,5.342195434570312500e+02,0.000000000000000000e+00
2.600000000000000089e+00,-1.524925231933593750e-02,1.806068420410156250e-02,-1.550650596618652344e-02,8.507391810417175293e-02,3.273379057645797729e-02,4.928514361381530762e-02,1.007847562432289124e-01,8.717633783817291260e-02,0.000000000000000000e+00,0.000000000000000000e+00,0.000000000000000000e+00,0.000000000000000000e+00,5.233468017578125000e+02,0.000000000000000000e+00
2.620000000000000107e+00,-1.813507080078125000e-02,1.851463317871093750e-02,-1.471662521362304688e-02,8.307982236146926880e-02,3.475223109126091003e-02,4.981576278805732727e-02,1.013650521636009216e-01,8.641029149293899536e-02,0.000000000000000000e+00,0.000000000000000000e+00,0.000000000000000000e+00,0.000000000000000000e+00,5.197697753906250000e+02,0.000000000000000000e+00
2.640000000000000124e+00,-1.909828186035156250e-02,1.940727233886718750e-02,-1.401525735855102539e-02,8.106023818254470825e-02,3.560453653335571289e-02,4.823693633079528809e-02,1.004986241459846497e-01,8.552811294794082642e-02,0.000000000000000000e+00,0.000000000000000000e+00,0.000000000000000000e+00,0.000000000000000000e+00,5.579362182617187500e+02,0.000000000000000000e+00
2.660000000000000142e+00,-1.882553100585937500e-02,2.032279968261718750e-02,-1.378375291824340820e-02,7.814828306436538696e-02,3.535509854555130005e-02,4.584450647234916687e-02,9.852314740419387817e-02,8.470938354730606079e-02,0.000000000000000000e+00,0.000000000000000000e+00,0.000000000000000000e+00,0.000000000000000000e+00,5.533555297851562500e+02,0.000000000000000000e+00
2.680000000000000160e+00,-1.774597167968750000e-02,2.120780944824218750e-02,-1.388210058212280273e-02,7.488194853067398071e-02,3.426740691065788269e-02,4.427753016352653503e-02,9.610544145107269287e-02,8.426045626401901245e-02,0.000000000000000000e+00,0.000000000000000000e+00,0.000000000000000000e+00,0.000000000000000000e+00,5.455713500976562500e+02,0.000000000000000000e+00
2.700000000000000178e+00,-1.617431640625000000e-02,2.220535278320312500e-02,-1.404732465744018555e-02,7.212091237306594849e-02,3.312683850526809692e-02,4.425588995218276978e-02,9.360291808843612671e-02,8.413094282150268555e-02,0.000000000000000000e+00,0.000000000000000000e+00,0.000000000000000000e+00,0.000000000000000000e+00,5.240933227539062500e+02,0.000000000000000000e+00
2.720000000000000195e+00,-1.447105407714843750e-02,2.326583862304687500e-02,-1.401227712631225586e-02,7.022109627723693848e-02,3.196917101740837097e-02,4.476846754550933838e-02,9.050942957401275635e-02,8.396188914775848389e-02,0.000000000000000000e+00,0.000000000000000000e+00,0.000000000000000000e+00,0.000000000000000000e+00,5.275963134765625000e+02,0.000000000000000000e+00
2.740000000000000213e+00,-1.306152343750000000e-02,2.424430847167968750e-02,-1.365911960601806641e-02,6.907409429550170898e-02,3.066534176468849182e-02,4.167995974421501160e-02,8.700385689735412598e-02,8.399379998445510864e-02,0.000000000000000000e+00,0.000000000000000000e+00,0.000000000000000000e+00,0.000000000000000000e+00,5.251409912109375000e+02,0.000000000000000000e+00
2.760000000000000231e+00,-1.179695129394531250e-02,2.521324157714843750e-02,-1.286137104034423828e-02,6.778822094202041626e-02,2.938985079526901245e-02,3.429592028260231018e-02,8.310970664024353027e-02,8.406861871480941772e-02,0.000000000000000000e+00,0.000000000000000000e+00,0.000000000000000000e+00,0.000000000000000000e+00,5.649216308593750000e+02,0.000000000000000000e+00
2.780000000000000249e+00,-1.044273376464843750e-02,2.620506286621093750e-02,-1.193606853485107422e-02,6.629069894552230835e-02,2.766396477818489075e-02,2.885682694613933563e-02,7.867638021707534790e-02,8.415386080741882324e-02,0.000000000000000000e+00,0.000000000000000000e+00,0.000000000000000000e+00,0.000000000000000000e+00,5.704990844726562500e+02,0.000000000000000000e+00
2.800000000000000266e+00,-8.687973022460937500e-03,2.734565734863281250e-02,-1.128637790679931641e-02,6.382762640714645386e-02,2.592330425977706909e-02,2.847462706267833710e-02,7.455637305974960327e-02,8.412080258131027222e-02,0.000000000000000000e+00,0.000000000000000000e+00,0.000000000000000000e+00,0.000000000000000000e+00,6.038762817382812500e+02,0.000000000000000000e+00
2.819999999999999840e+00,-6.149291992187500000e-03,2.875900268554687500e-02,-1.113522052764892578e-02,6.065149605274200439e-02,2.435562945902347565e-02,3.156325966119766235e-02,7.064539194107055664e-02,8.317377418279647827e-02,0.000000000000000000e+00,0.000000000000000000e+00,0.000000000000000000e+00,0.000000000000000000e+00,6.113891601562500000e+02,3.906250000000000000e-03
2.839999999999999858e+00,-2.042770385742187500e-03,3.000640869140625000e-02,-1.167970895767211914e-02,4.380490258336067200e-02,2.385843358933925629e-02,3.693526238203048706e-02,6.178068369626998901e-02,6.883306056261062622e-02,0.000000000000000000e+00,0.000000000000000000e+00,0.000000000000000000e+00,0.000000000000000000e+00,5.393590087890625000e+02,0.000000000000000000e+00
2.859999999999999876e+00,2.782821655273437500e-03,3.228187561035156250e-02,-1.415872573852539062e-02,3.392804786562919617e-02,2.384670637547969818e-02,4.394004493951797485e-02,5.704256892204284668e-02,6.319522857666015625e-02,0.000000000000000000e+00,0.000000000000000000e+00,0.000000000000000000e+00,0.000000000000000000e+00,5.549409179687500000e+02,0.000000000000000000e+00
2.879999999999999893e+00,7.356643676757812500e-03,3.526687622070312500e-02,-1.785147190093994141e-02,3.129606321454048157e-02,2.341570146381855011e-02,5.112386494874954224e-02,5.840547010302543640e-02,6.324452906847000122e-02,0.000000000000000000e+00,0.000000000000000000e+00,0.000000000000000000e+00,0.000000000000000000e+00,5.647583618164062500e+02,0.000000000000000000e+00
2.899999999999999911e+00,1.004791259765625000e-02,3.815078735351562500e-02,-2.170979976654052734e-02,3.210088983178138733e-02,2.358504198491573334e-02,5.750180035829544067e-02,6.769979000091552734e-02,6.359989196062088013e-02,0.000000000000000000e+00,0.000000000000000000e+00,1.000000000000000000e+00,0.000000000000000000e+00,5.510343017578125000e+02,2.343750000000000000e-02
2.919999999999999929e+00,9.231567382812500000e-03,4.003334045410156250e-02,-2.400481700897216797e-02,2.958060428500175476e-02,2.384278737008571625e-02,5.701649561524391174e-02,6.908727437257766724e-02,6.380565464496612549e-02,0.000000000000000000e+00,0.000000000000000000e+00,0.000000000000000000e+00,0.000000000000000000e+00,5.403250732421875000e+02,0.000000000000000000e+00
2.939999999999999947e+00,7.522583007812500000e-03,4.186439514160156250e-02,-2.466100454330444336e-02,2.745708264410495758e-02,2.408398501574993134e-02,5.664797872304916382e-02,6.923046708106994629e-02,6.399455666542053223e-02,0.000000000000000000e+00,0.000000000000000000e+00,0.000000000000000000e+00,0.000000000000000000e+00,5.511259155273437500e+02,6.250000000000000000e-02
2.959999999999999964e+00,3.620147705078125000e-03,4.342460632324218750e-02,-2.407968044281005859e-02,2.497420832514762878e-02,2.414831891655921936e-02,5.663801357150077820e-02,6.950564682483673096e-02,6.419627368450164795e-02,0.000000000000000000e+00,0.000000000000000000e+00,0.000000000000000000e+00,0.000000000000000000e+00,5.427901611328125000e+02,1.562500000000000000e-02
2.979999999999999982e+00,-6.771087646484375000e-04,4.486846923828125000e-02,-2.310687303543090820e-02,2.397072501480579376e-02,2.420231327414512634e-02,5.894663184881210327e-02,6.761895120143890381e-02,6.669103354215621948e-02,0.000000000000000000e+00,0.000000000000000000e+00,0.000000000000000000e+00,0.000000000000000000e+00,5.579258422851562500e+02,3.906250000000000000e-02
3.000000000000000000e+00,-4.997253417968750000e-03,4.717445373535156250e-02,-2.259320020675659180e-02,3.640939295291900635e-02,3.281208127737045288e-02,6.182531267404556274e-02,6.805346906185150146e-02,8.541954308748245239e-02,0.000000000000000000e+00,0.000000000000000000e+00,0.000000000000000000e+00,1.000000000000000000e+00,5.446738281250000000e+02,3.906250000000000000e-03
3.020000000000000018e+00,-9.157180786132812500e-03,4.934501647949218750e-02,-2.143239974975585938e-02,4.077145829796791077e-02,4.090702906250953674e-02,6.382697075605392456e-02,6.843619048595428467e-02,9.528093785047531128e-02,0.000000000000000000e+00,0.000000000000000000e+00,0.000000000000000000e+00,1.000000000000000000e+00,5.515178222656250000e+02,0.000000000000000000e+00
3.040000000000000036e+00,-1.200866699218750000e-02,5.113220214843750000e-02,-2.021431922912597656e-02,3.933077305555343628e-02,4.643207043409347534e-02,6.495398283004760742e-02,6.860800832509994507e-02,1.010249629616737366e-01,0.000000000000000000e+00,0.000000000000000000e+00,0.000000000000000000e+00,1.000000000000000000e+00,5.514796752929687500e+02,0.000000000000000000e+00
3.060000000000000053e+00,-1.368522644042968750e-02,5.238533020019531250e-02,-1.975822448730468750e-02,3.606725856661796570e-02,5.078656971454620361e-02,6.545589119195938110e-02,6.849656999111175537e-02,1.043700352311134338e-01,0.000000000000000000e+00,0.000000000000000000e+00,0.000000000000000000e+00,0.000000000000000000e+00,5.562078247070312500e+02,0.000000000000000000e+00
3.080000000000000071e+00,-1.465034484863281250e-02,5.294036865234375000e-02,-2.053135633468627930e-02,3.121978417038917542e-02,5.514125525951385498e-02,6.556940078735351562e-02,6.861181557178497314e-02,1.043989211320877075e-01,0.000000000000000000e+00,0.000000000000000000e+00,0.000000000000000000e+00,0.000000000000000000e+00,5.256702270507812500e+02,0.000000000000000000e+00
3.100000000000000089e+00,-1.514053344726562500e-02,5.279731750488281250e-02,-2.217859029769897461e-02,2.521174959838390350e-02,5.998753383755683899e-02,6.550705432891845703e-02,6.865703314542770386e-02,1.001776233315467834e-01,0.000000000000000000e+00,0.000000000000000000e+00,0.000000000000000000e+00,0.000000000000000000e+00,5.679888305664062500e+02,0.000000000000000000e+00
3.120000000000000107e+00,-1.537513732910156250e-02,5.210113525390625000e-02,-2.407562732696533203e-02,2.114893496036529541e-02,6.479186564683914185e-02,6.524683535099029541e-02,6.868058443069458008e-02,9.432617574930191040e-02,0.000000000000000000e+00,0.000000000000000000e+00,0.000000000000000000e+00,0.000000000000000000e+00,5.364389648437500000e+02,0.000000000000000000e+00
3.140000000000000124e+00,-1.528549194335937500e-02,5.093193054199218750e-02,-2.512294054031372070e-02,2.054275013506412506e-02,6.800030171871185303e-02,6.481903046369552612e-02,6.863571703433990479e-02,8.874481916427612305e-02,0.000000000000000000e+00,0.000000000000000000e+00,0.000000000000000000e+00,0.000000000000000000e+00,5.479415283203125000e+02,0.000000000000000000e+00
3.160000000000000142e+00,-1.459312438964843750e-02,4.923248291015625000e-02,-2.471035718917846680e-02,2.405016496777534485e-02,6.800216436386108398e-02,6.435539573431015015e-02,6.857977062463760376e-02,8.329661190509796143e-02,0.000000000000000000e+00,0.000000000000000000e+00,0.000000000000000000e+00,0.000000000000000000e+00,5.421425170898437500e+02,0.000000000000000000e+00
3.180000000000000160e+00,-1.337432861328125000e-02,4.724311828613281250e-02,-2.355986833572387695e-02,2.960477583110332489e-02,6.647994369268417358e-02,6.364978849887847900e-02,6.845133006572723389e-02,7.895156741142272949e-02,0.000000000000000000e+00,0.000000000000000000e+00,0.000000000000000000e+00,0.000000000000000000e+00,5.395133666992187500e+02,0.000000000000000000e+00
3.200000000000000178e+00,-1.173782348632812500e-02,4.521560668945312500e-02,-2.300715446472167969e-02,3.342537209391593933e-02,6.448546797037124634e-02,6.254436820745468140e-02,6.780754029750823975e-02,7.559456676244735718e-02,0.000000000000000000e+00,0.000000000000000000e+00,0.000000000000000000e+00,0.000000000000000000e+00,5.529859619140625000e+02,0.000000000000000000e+00
3.220000000000000195e+00,-9.513854980468750000e-03,4.342842102050781250e-02,-2.342516183853149414e-02,3.525152057409286499e-02,6.034905463457107544e-02,6.078473851084709167e-02,6.742390990257263184e-02,7.432752847671508789e-02,0.000000000000000000e+00,0.000000000000000000e+00,0.000000000000000000e+00,0.000000000000000000e+00,5.582343750000000000e+02,0.000000000000000000e+00
3.240000000000000213e+00,-6.265640258789062500e-03,4.195022583007812500e-02,-2.440339326858520508e-02,3.646174445748329163e-02,5.318961665034294128e-02,5.889497324824333191e-02,6.697631627321243286e-02,7.580655813217163086e-02,0.000000000000000000e+00,0.000000000000000000e+00,0.000000000000000000e+00,0.000000000000000000e+00,5.399070434570312500e+02,0.000000000000000000e+00
3.260000000000000231e+00,-1.775741577148437500e-03,4.058074951171875000e-02,-2.586549520492553711e-02,3.854699060320854187e-02,4.303876310586929321e-02,5.736701935529708862e-02,6.652396917343139648e-02,8.008882403373718262e-02,0.000000000000000000e+00,0.000000000000000000e+00,0.000000000000000000e+00,0.000000000000000000e+00,5.404403686523437500e+02,0.000000000000000000e+00
3.280000000000000249e+00,3.400802612304687500e-03,3.937721252441406250e-02,-2.648746967315673828e-02,4.114982858300209045e-02,3.241642192006111145e-02,5.614982172846794128e-02,6.616331636905670166e-02,8.255121111869812012e-02,0.000000000000000000e+00,1.000000000000000000e+00,0.000000000000000000e+00,1.000000000000000000e+00,5.424157714843750000e+02,0.000000000000000000e+00
3.300000000000000266e+00,7.389068603515625000e-03,3.773880004882812500e-02,-2.661764621734619141e-02,4.421664774417877197e-02,2.519940398633480072e-02,5.448101088404655457e-02,6.587280333042144775e-02,8.286178857088088989e-02,0.000000000000000000e+00,1.000000000000000000e+00,0.000000000000000000e+00,0.000000000000000000e+00,5.583782348632812500e+02,0.000000000000000000e+00
3.320000000000000284e+00,7.223129272460937500e-03,3.386116027832031250e-02,-2.684473991394042969e-02,4.948899522423744202e-02,2.547237463295459747e-02,5.294066667556762695e-02,6.567669659852981567e-02,8.194229751825332642e-02,0.000000000000000000e+00,0.000000000000000000e+00,0.000000000000000000e+00,0.000000000000000000e+00,5.649961547851562500e+02,0.000000000000000000e+00
3.339999999999999858e+00,6.031036376953125000e-03,2.858924865722656250e-02,-2.596479654312133789e-02,5.436121672391891479e-02,2.341847307980060577e-02,5.198631808161735535e-02,6.515571475028991699e-02,8.140415698289871216e-02,0.000000000000000000e+00,0.000000000000000000e+00,0.000000000000000000e+00,0.000000000000000000e+00,5.082883911132812500e+02,3.906250000000000000e-03
3.359999999999999876e+00,3.227233886718750000e-03,2.385902404785156250e-02,-2.352136373519897461e-02,5.893668904900550842e-02,2.196646668016910553e-02,5.090584978461265564e-02,6.478689610958099365e-02,8.091619610786437988e-02,0.000000000000000000e+00,1.000000000000000000e+00,0.000000000000000000e+00,0.000000000000000000e+00,5.190054321289062500e+02,3.906250000000000000e-03
3.379999999999999893e+00,-1.913070678710937500e-03,1.994132995605468750e-02,-2.038806676864624023e-02,6.513307988643646240e-02,2.204511873424053192e-02,4.894704371690750122e-02,6.456892937421798706e-02,8.052989840507507324e-02,0.000000000000000000e+00,1.000000000000000000e+00,0.000000000000000000e+00,0.000000000000000000e+00,5.371619262695312500e+02,3.906250000000000000e-03
3.399999999999999911e+00,-8.146286010742187500e-03,1.843833923339843750e-02,-1.897060871124267578e-02,6.938754022121429443e-02,2.602847106754779816e-02,4.955113306641578674e-02,6.800885498523712158e-02,8.051179349422454834e-02,0.000000000000000000e+00,0.000000000000000000e+00,0.000000000000000000e+00,0.000000000000000000e+00,5.310605468750000000e+02,0.000000000000000000e+00
3.419999999999999929e+00,-1.412391662597656250e-02,1.746749877929687500e-02,-1.727229356765747070e-02,7.221344113349914551e-02,2.822979167103767395e-02,5.387492105364799500e-02,7.172235846519470215e-02,7.996296882629394531e-02,0.000000000000000000e+00,0.000000000000000000e+00,0.000000000000000000e+00,0.000000000000000000e+00,5.459856567382812500e+02,0.000000000000000000e+00
3.439999999999999947e+00,-1.845169067382812500e-02,1.715087890625000000e-02,-1.580065488815307617e-02,7.173965871334075928e-02,3.018557652831077576e-02,5.684235692024230957e-02,7.163090258836746216e-02,7.888922840356826782e-02,0.000000000000000000e+00,0.000000000000000000e+00,0.000000000000000000e+00,0.000000000000000000e+00,5.118840637207031250e+02,0.000000000000000000e+00
3.459999999999999964e+00,-2.060699462890625000e-02,1.746749877929687500e-02,-1.420158147811889648e-02,6.930156797170639038e-02,3.163708001375198364e-02,5.706707388162612915e-02,7.082478702068328857e-02,7.811720669269561768e-02,0.000000000000000000e+00,0.000000000000000000e+00,0.000000000000000000e+00,0.000000000000000000e+00,5.402197265625000000e+02,0.000000000000000000e+00
3.479999999999999982e+00,-2.119636535644531250e-02,1.800537109375000000e-02,-1.256394386291503906e-02,6.458526849746704102e-02,3.215228766202926636e-02,5.489800870418548584e-02,6.968738883733749390e-02,7.715275883674621582e-02,0.000000000000000000e+00,0.000000000000000000e+00,0.000000000000000000e+00,0.000000000000000000e+00,5.666934204101562500e+02,0.000000000000000000e+00
3.500000000000000000e+00,-2.070808410644531250e-02,1.869964599609375000e-02,-1.129412651062011719e-02,6.146382167935371399e-02,3.220761567354202271e-02,5.233701318502426147e-02,6.877030432224273682e-02,7.645778357982635498e-02,0.000000000000000000e+00,0.000000000000000000e+00,0.000000000000000000e+00,0.000000000000000000e+00,5.387803955078125000e+02,0.000000000000000000e+00
3.520000000000000018e+00,-1.960945129394531250e-02,1.952171325683593750e-02,-1.059865951538085938e-02,6.032034009695053101e-02,3.226268664002418518e-02,4.961942136287689209e-02,6.812547892332077026e-02,7.635959237813949585e-02,0.000000000000000000e+00,0.000000000000000000e+00,0.000000000000000000e+00,0.000000000000000000e+00,5.344330444335937500e+02,0.000000000000000000e+00
3.540000000000000036e+00,-1.838302612304687500e-02,2.033996582031250000e-02,-1.044696569442749023e-02,5.962452664971351624e-02,3.199084848165512085e-02,4.684734344482421875e-02,6.687828153371810913e-02,7.628048956394195557e-02,0.000000000000000000e+00,0.000000000000000000e+00,0.000000000000000000e+00,0.000000000000000000e+00,5.398733520507812500e+02,0.000000000000000000e+00
3.560000000000000053e+00,-1.722908020019531250e-02,2.113533020019531250e-02,-1.040405035018920898e-02,5.928763747215270996e-02,3.135791420936584473e-02,4.288208484649658203e-02,6.530579179525375366e-02,7.621749490499496460e-02,0.000000000000000000e+00,0.000000000000000000e+00,0.000000000000000000e+00,0.000000000000000000e+00,5.323505859375000000e+02,0.000000000000000000e+00
3.580000000000000071e+00,-1.596069335937500000e-02,2.196121215820312500e-02,-1.014083623886108398e-02,5.896904692053794861e-02,3.067407943308353424e-02,3.476946428418159485e-02,6.462181359529495239e-02,7.617852091789245605e-02,0.000000000000000000e+00,0.000000000000000000e+00,0.000000000000000000e+00,0.000000000000000000e+00,5.317506713867187500e+02,0.000000000000000000e+00
3.600000000000000089e+00,-1.442909240722656250e-02,2.283477783203125000e-02,-9.806871414184570312e-03,5.806030333042144775e-02,2.960831671953201294e-02,2.618208713829517365e-02,6.447532027959823608e-02,7.615808397531509399e-02,0.000000000000000000e+00,0.000000000000000000e+00,0.000000000000000000e+00,0.000000000000000000e+00,5.319487304687500000e+02,0.000000000000000000e+00
3.620000000000000107e+00,-1.258087158203125000e-02,2.390670776367187500e-02,-9.825646877288818359e-03,5.616904795169830322e-02,2.818069048225879669e-02,2.157570049166679382e-02,6.460204720497131348e-02,7.616812735795974731e-02,0.000000000000000000e+00,0.000000000000000000e+00,0.000000000000000000e+00,0.000000000000000000e+00,5.451191406250000000e+02,0.000000000000000000e+00
3.640000000000000124e+00,-1.017189025878906250e-02,2.528381347656250000e-02,-1.054227352142333984e-02,5.357475578784942627e-02,2.629882842302322388e-02,2.060296759009361267e-02,6.521981209516525269e-02,7.625062763690948486e-02,0.000000000000000000e+00,0.000000000000000000e+00,0.000000000000000000e+00,0.000000000000000000e+00,5.646885375976562500e+02,0.000000000000000000e+00
3.660000000000000142e+00,-7.099151611328125000e-03,2.707481384277343750e-02,-1.215332746505737305e-02,5.077322199940681458e-02,2.424176409840583801e-02,2.209527418017387390e-02,6.612569093704223633e-02,7.645148783922195435e-02,0.000000000000000000e+00,0.000000000000000000e+00,0.000000000000000000e+00,0.000000000000000000e+00,5.603050537109375000e+02,0.000000000000000000e+00
3.680000000000000160e+00,-3.089904785156250000e-03,2.956199645996093750e-02,-1.462161540985107422e-02,4.862871393561363220e-02,2.228376269340515137e-02,2.576083317399024963e-02,6.790988147258758545e-02,7.680220156908035278e-02,0.000000000000000000e+00,0.000000000000000000e+00,0.000000000000000000e+00,0.000000000000000000e+00,5.452576293945312500e+02,0.000000000000000000e+00
3.700000000000000178e+00,1.569747924804687500e-03,3.268814086914062500e-02,-1.797109842300415039e-02,4.707403108477592468e-02,2.144293300807476044e-02,3.165409341454505920e-02,7.089890539646148682e-02,7.696212083101272583e-02,0.000000000000000000e+00,0.000000000000000000e+00,0.000000000000000000e+00,0.000000000000000000e+00,5.090599365234375000e+02,0.000000000000000000e+00
3.720000000000000195e+00,5.315780639648437500e-03,3.595161437988281250e-02,-2.204889059066772461e-02,4.751768335700035095e-02,2.121069282293319702e-02,3.902366757392883301e-02,7.737762480974197388e-02,7.718751579523086548e-02,0.000000000000000000e+00,0.000000000000000000e+00,0.000000000000000000e+00,0.000000000000000000e+00,5.299588623046875000e+02,0.000000000000000000e+00
3.740000000000000213e+00,6.143569946289062500e-03,3.816604614257812500e-02,-2.517193555831909180e-02,4.899021610617637634e-02,2.115439623594284058e-02,4.483939334750175476e-02,8.336586505174636841e-02,7.762523740530014038e-02,0.000000000000000000e+00,0.000000000000000000e+00,0.000000000000000000e+00,0.000000000000000000e+00,5.229668579101562500e+02,0.000000000000000000e+00
3.760000000000000231e+00,5.210876464843750000e-03,3.971099853515625000e-02,-2.707970142364501953e-02,4.776792228221893311e-02,2.083081193268299103e-02,4.475289583206176758e-02,8.417099714279174805e-02,7.726226001977920532e-02,0.000000000000000000e+00,0.000000000000000000e+00,0.000000000000000000e+00,0.000000000000000000e+00,5.642780151367187500e+02,0.000000000000000000e+00
3.780000000000000249e+00,2.372741699218750000e-03,4.087448120117187500e-02,-2.804034948348999023e-02,4.669259488582611084e-02,2.083396352827548981e-02,4.564214125275611877e-02,8.547484129667282104e-02,7.765236496925354004e-02,0.000000000000000000e+00,0.000000000000000000e+00,0.000000000000000000e+00,0.000000000000000000e+00,5.143894653320312500e+02,0.000000000000000000e+00
3.800000000000000266e+00,-2.862930297851562500e-03,4.149246215820312500e-02,-2.913933992385864258e-02,4.447473585605621338e-02,2.018325775861740112e-02,4.742764309048652649e-02,8.680194616317749023e-02,7.815913110971450806e-02,0.000000000000000000e+00,0.000000000000000000e+00,0.000000000000000000e+00,1.000000000000000000e+00,5.203007812500000000e+02,0.000000000000000000e+00
3.820000000000000284e+00,-8.283615112304687500e-03,4.347229003906250000e-02,-2.981317043304443359e-02,4.912145435810089111e-02,2.215616591274738312e-02,4.971553757786750793e-02,8.732535690069198608e-02,9.504442662000656128e-02,0.000000000000000000e+00,0.000000000000000000e+00,0.000000000000000000e+00,1.000000000000000000e+00,5.612927856445312500e+02,0.000000000000000000e+00
3.839999999999999858e+00,-1.342391967773437500e-02,4.520225524902343750e-02,-3.061008453369140625e-02,4.745743051171302795e-02,2.748171798884868622e-02,5.195049196481704712e-02,8.762151747941970825e-02,1.051742061972618103e-01,0.000000000000000000e+00,0.000000000000000000e+00,0.000000000000000000e+00,1.000000000000000000e+00,5.624568481445312500e+02,0.000000000000000000e+00
3.859999999999999876e+00,-1.692581176757812500e-02,4.669189453125000000e-02,-3.084200620651245117e-02,4.526124149560928345e-02,2.937887795269489288e-02,5.339090153574943542e-02,8.736013621091842651e-02,1.103427186608314514e-01,0.000000000000000000e+00,0.000000000000000000e+00,0.000000000000000000e+00,1.000000000000000000e+00,5.373867187500000000e+02,0.000000000000000000e+00
3.879999999999999893e+00,-1.854896545410156250e-02,4.808807373046875000e-02,-3.068995475769042969e-02,4.443182423710823059e-02,2.915401011705398560e-02,5.432007461786270142e-02,8.778237551450729370e-02,1.142392382025718689e-01,0.000000000000000000e+00,0.000000000000000000e+00,0.000000000000000000e+00,1.000000000000000000e+00,5.360316162109375000e+02,3.906250000000000000e-03
3.899999999999999911e+00,-1.879692077636718750e-02,4.937553405761718750e-02,-3.038740158081054688e-02,4.419507458806037903e-02,2.853488549590110779e-02,5.438942089676856995e-02,8.801905810832977295e-02,1.169784963130950928e-01,0.000000000000000000e+00,0.000000000000000000e+00,0.000000000000000000e+00,1.000000000000000000e+00,5.337523193359375000e+02,3.906250000000000000e-03
3.919999999999999929e+00,-1.795196533203125000e-02,5.034637451171875000e-02,-3.001940250396728516e-02,4.254576563835144043e-02,2.876663953065872192e-02,5.423514917492866516e-02,8.830463141202926636e-02,1.156132817268371582e-01,0.000000000000000000e+00,0.000000000000000000e+00,0.000000000000000000e+00,0.000000000000000000e+00,5.333731079101562500e+02,0.000000000000000000e+00
3.939999999999999947e+00,-1.671218872070312500e-02,5.071640014648437500e-02,-3.019893169403076172e-02,4.142126813530921936e-02,3.046424128115177155e-02,5.367207899689674377e-02,8.835466951131820679e-02,1.141667887568473816e-01,0.000000000000000000e+00,0.000000000000000000e+00,0.000000000000000000e+00,0.000000000000000000e+00,5.216478881835937500e+02,0.000000000000000000e+00
3.959999999999999964e+00,-1.544570922851562500e-02,5.035591125488281250e-02,-3.060132265090942383e-02,4.178234562277793884e-02,3.239271044731140137e-02,5.294685438275337219e-02,8.838190883398056030e-02,1.105182766914367676e-01,0.000000000000000000e+00,0.000000000000000000e+00,0.000000000000000000e+00,0.000000000000000000e+00,5.276599731445312500e+02,0.000000000000000000e+00
3.979999999999999982e+00,-1.429367065429687500e-02,4.942703247070312500e-02,-3.070789575576782227e-02,4.353189095854759216e-02,3.146643564105033875e-02,5.215431004762649536e-02,8.841931074857711792e-02,1.046083569526672363e-01,0.000000000000000000e+00,0.000000000000000000e+00,0.000000000000000000e+00,0.000000000000000000e+00,5.715667114257812500e+02,0.000000000000000000e+00
4.000000000000000000e+00,-1.281356811523437500e-02,4.803848266601562500e-02,-3.021812438964843750e-02,4.653914645314216614e-02,2.860648557543754578e-02,5.147747322916984558e-02,8.842282742261886597e-02,9.770803153514862061e-02,0.000000000000000000e+00,0.000000000000000000e+00,0.000000000000000000e+00,0.000000000000000000e+00,5.205903320312500000e+02,0.000000000000000000e+00
4.020000000000000462e+00,-1.097297668457031250e-02,4.645729064941406250e-02,-2.984189987182617188e-02,4.966694489121437073e-02,2.738343365490436554e-02,5.052911862730979919e-02,8.841585367918014526e-02,9.207063913345336914e-02,0.000000000000000000e+00,0.000000000000000000e+00,0.000000000000000000e+00,0.000000000000000000e+00,5.411168212890625000e+02,0.000000000000000000e+00
4.040000000000000036e+00,-8.817672729492187500e-03,4.500770568847656250e-02,-3.020459413528442383e-02,5.165319144725799561e-02,2.573821507394313812e-02,4.919418320059776306e-02,8.845247328281402588e-02,9.007176756858825684e-02,0.000000000000000000e+00,0.000000000000000000e+00,0.000000000000000000e+00,0.000000000000000000e+00,5.579229736328125000e+02,0.000000000000000000e+00
4.060000000000000497e+00,-5.985260009765625000e-03,4.382133483886718750e-02,-3.132450580596923828e-02,5.240024253726005554e-02,2.179851196706295013e-02,4.758428037166595459e-02,8.855385333299636841e-02,9.255580604076385498e-02,0.000000000000000000e+00,0.000000000000000000e+00,0.000000000000000000e+00,0.000000000000000000e+00,5.334915771484375000e+02,0.000000000000000000e+00
4.080000000000000071e+00,-1.905441284179687500e-03,4.307937622070312500e-02,-3.226166963577270508e-02,5.185591056942939758e-02,1.750961504876613617e-02,4.610187560319900513e-02,8.822828531265258789e-02,9.330419450998306274e-02,0.000000000000000000e+00,0.000000000000000000e+00,0.000000000000000000e+00,1.000000000000000000e+00,5.597073364257812500e+02,3.906250000000000000e-03
4.099999999999999645e+00,3.564834594726562500e-03,4.291152954101562500e-02,-3.208392858505249023e-02,5.169472098350524902e-02,1.935036852955818176e-02,4.509878158569335938e-02,8.844763785600662231e-02,9.144887328147888184e-02,0.000000000000000000e+00,0.000000000000000000e+00,0.000000000000000000e+00,1.000000000000000000e+00,5.554912109375000000e+02,3.906250000000000000e-03
4.120000000000000107e+00,8.876800537109375000e-03,4.287528991699218750e-02,-3.101837635040283203e-02,5.160238593816757202e-02,2.768672816455364227e-02,4.460072889924049377e-02,8.876949548721313477e-02,9.036157280206680298e-02,0.000000000000000000e+00,0.000000000000000000e+00,0.000000000000000000e+00,1.000000000000000000e+00,5.233709106445312500e+02,3.906250000000000000e-03
4.139999999999999680e+00,1.155662536621093750e-02,4.163360595703125000e-02,-2.969980239868164062e-02,5.261367931962013245e-02,3.271570056676864624e-02,4.404560476541519165e-02,8.899433165788650513e-02,8.993096649646759033e-02,0.000000000000000000e+00,0.000000000000000000e+00,0.000000000000000000e+00,0.000000000000000000e+00,5.419639892578125000e+02,7.812500000000000000e-03
4.160000000000000142e+00,9.878158569335937500e-03,3.809356689453125000e-02,-2.869451045989990234e-02,5.559727922081947327e-02,2.974534593522548676e-02,4.340519756078720093e-02,8.808390051126480103e-02,8.879190683364868164e-02,0.000000000000000000e+00,0.000000000000000000e+00,0.000000000000000000e+00,0.000000000000000000e+00,5.510824584960937500e+02,3.906250000000000000e-03
4.179999999999999716e+00,7.951736450195312500e-03,3.438758850097656250e-02,-2.688562870025634766e-02,6.118385121226310730e-02,2.639462240040302277e-02,4.284003004431724548e-02,8.740288764238357544e-02,8.810614049434661865e-02,0.000000000000000000e+00,1.000000000000000000e+00,0.000000000000000000e+00,0.000000000000000000e+00,5.404523925781250000e+02,7.812500000000000000e-03
4.200000000000000178e+00,3.753662109375000000e-03,3.051757812500000000e-02,-2.397078275680541992e-02,6.779173761606216431e-02,2.338597550988197327e-02,4.231490194797515869e-02,8.718159794807434082e-02,8.801640570163726807e-02,0.000000000000000000e+00,1.000000000000000000e+00,0.000000000000000000e+00,0.000000000000000000e+00,5.343989257812500000e+02,3.906250000000000000e-03
4.219999999999999751e+00,-2.580642700195312500e-03,2.772903442382812500e-02,-2.160418033599853516e-02,7.138309627771377563e-02,2.377558499574661255e-02,4.233617335557937622e-02,8.691100031137466431e-02,8.760532736778259277e-02,0.000000000000000000e+00,0.000000000000000000e+00,0.000000000000000000e+00,0.000000000000000000e+00,5.259579467773437500e+02,7.812500000000000000e-03
4.240000000000000213e+00,-8.411407470703125000e-03,2.580833435058593750e-02,-1.916640996932983398e-02,7.335689663887023926e-02,2.595198713243007660e-02,5.023821815848350525e-02,9.312502294778823853e-02,8.767760545015335083e-02,0.000000000000000000e+00,0.000000000000000000e+00,0.000000000000000000e+00,0.000000000000000000e+00,5.333447875976562500e+02,3.906250000000000000e-03
4.259999999999999787e+00,-1.430320739746093750e-02,2.454948425292968750e-02,-1.780450344085693359e-02,7.265131920576095581e-02,2.722704969346523285e-02,5.760981515049934387e-02,9.259427338838577271e-02,8.741142600774765015e-02,0.000000000000000000e+00,0.000000000000000000e+00,0.000000000000000000e+00,0.000000000000000000e+00,5.030668029785156250e+02,0.000000000000000000e+00
4.280000000000000249e+00,-1.861000061035156250e-02,2.399444580078125000e-02,-1.701158285140991211e-02,7.121586054563522339e-02,2.858210168778896332e-02,6.095374375581741333e-02,8.806373924016952515e-02,8.693422377109527588e-02,0.000000000000000000e+00,0.000000000000000000e+00,0.000000000000000000e+00,0.000000000000000000e+00,5.388572998046875000e+02,0.000000000000000000e+00
4.299999999999999822e+00,-2.096366882324218750e-02,2.394104003906250000e-02,-1.613163948059082031e-02,6.989774107933044434e-02,2.960428409278392792e-02,6.095043569803237915e-02,8.208393305540084839e-02,8.672271668910980225e-02,0.000000000000000000e+00,0.000000000000000000e+00,0.000000000000000000e+00,0.000000000000000000e+00,5.161292724609375000e+02,0.000000000000000000e+00
4.320000000000000284e+00,-2.193069458007812500e-02,2.418136596679687500e-02,-1.500964164733886719e-02,6.806906312704086304e-02,2.986810915172100067e-02,5.923413112759590149e-02,7.642041146755218506e-02,8.707568794488906860e-02,0.000000000000000000e+00,0.000000000000000000e+00,0.000000000000000000e+00,0.000000000000000000e+00,5.431492309570312500e+02,0.000000000000000000e+00
4.339999999999999858e+00,-2.200508117675781250e-02,2.458190917968750000e-02,-1.407158374786376953e-02,6.533048301935195923e-02,3.007372096180915833e-02,5.783871933817863464e-02,7.163810729980468750e-02,8.770852535963058472e-02,0.000000000000000000e+00,0.000000000000000000e+00,0.000000000000000000e+00,0.000000000000000000e+00,5.390293579101562500e+02,0.000000000000000000e+00
4.360000000000000320e+00,-2.163696289062500000e-02,2.509689331054687500e-02,-1.356548070907592773e-02,6.375285983085632324e-02,2.974531054496765137e-02,5.809028819203376770e-02,6.836493313312530518e-02,8.762388676404953003e-02,0.000000000000000000e+00,0.000000000000000000e+00,0.000000000000000000e+00,0.000000000000000000e+00,5.559083251953125000e+02,0.000000000000000000e+00
4.379999999999999893e+00,-2.114868164062500000e-02,2.566337585449218750e-02,-1.358455419540405273e-02,6.255593150854110718e-02,2.903422527015209198e-02,5.846956372261047363e-02,6.611736118793487549e-02,8.760729432106018066e-02,0.000000000000000000e+00,0.000000000000000000e+00,0.000000000000000000e+00,0.000000000000000000e+00,5.213480834960937500e+02,0.000000000000000000e+00
4.400000000000000355e+00,-2.054595947265625000e-02,2.627944946289062500e-02,-1.352697610855102539e-02,6.130455061793327332e-02,2.843935042619705200e-02,5.504674464464187622e-02,6.514713168144226074e-02,8.761151134967803955e-02,0.000000000000000000e+00,0.000000000000000000e+00,0.000000000000000000e+00,0.000000000000000000e+00,5.405887451171875000e+02,0.000000000000000000e+00
4.419999999999999929e+00,-1.956939697265625000e-02,2.708625793457031250e-02,-1.295673847198486328e-02,6.013029068708419800e-02,2.797886729240417480e-02,4.795783758163452148e-02,6.523089110851287842e-02,8.764214068651199341e-02,0.000000000000000000e+00,0.000000000000000000e+00,0.000000000000000000e+00,0.000000000000000000e+00,5.228917846679687500e+02,0.000000000000000000e+00
4.440000000000000391e+00,-1.842689514160156250e-02,2.816772460937500000e-02,-1.234042644500732422e-02,5.949240550398826599e-02,2.735615335404872894e-02,4.209192097187042236e-02,6.582500785589218140e-02,8.770614862442016602e-02,0.000000000000000000e+00,0.000000000000000000e+00,0.000000000000000000e+00,0.000000000000000000e+00,5.217717285156250000e+02,0.000000000000000000e+00
4.459999999999999964e+00,-1.722335815429687500e-02,2.968406677246093750e-02,-1.222360134124755859e-02,5.912250652909278870e-02,2.632196992635726929e-02,3.840062767267227173e-02,6.657780706882476807e-02,8.758836239576339722e-02,0.000000000000000000e+00,0.000000000000000000e+00,0.000000000000000000e+00,0.000000000000000000e+00,5.281673583984375000e+02,0.000000000000000000e+00
4.480000000000000426e+00,-1.535987854003906250e-02,3.171730041503906250e-02,-1.296502351760864258e-02,5.859584733843803406e-02,2.537674643099308014e-02,3.688113763928413391e-02,6.770752370357513428e-02,8.738122880458831787e-02,0.000000000000000000e+00,0.000000000000000000e+00,0.000000000000000000e+00,0.000000000000000000e+00,5.306734619140625000e+02,0.000000000000000000e+00
4.500000000000000000e+00,-1.218223571777343750e-02,3.445816040039062500e-02,-1.479375362396240234e-02,5.722051486372947693e-02,2.459438517689704895e-02,3.804172948002815247e-02,6.960813701152801514e-02,8.706048130989074707e-02,0.000000000000000000e+00,0.000000000000000000e+00,0.000000000000000000e+00,0.000000000000000000e+00,5.188643188476562500e+02,0.000000000000000000e+00
4.520000000000000462e+00,-7.778167724609375000e-03,3.807830810546875000e-02,-1.770341396331787109e-02,5.509319901466369629e-02,2.441027387976646423e-02,4.276549443602561951e-02,7.380547374486923218e-02,8.663422614336013794e-02,0.000000000000000000e+00,0.000000000000000000e+00,0.000000000000000000e+00,0.000000000000000000e+00,5.297797851562500000e+02,0.000000000000000000e+00
4.540000000000000036e+00,-3.368377685546875000e-03,4.210662841796875000e-02,-2.153056859970092773e-02,5.511050671339035034e-02,2.348217368125915527e-02,4.997810721397399902e-02,8.154524862766265869e-02,8.728353679180145264e-02,0.000000000000000000e+00,0.000000000000000000e+00,0.000000000000000000e+00,0.000000000000000000e+00,5.452430419921875000e+02,0.000000000000000000e+00
4.560000000000000497e+00,-7.038116455078125000e-04,4.566383361816406250e-02,-2.572441101074218750e-02,5.560585856437683105e-02,2.341389656066894531e-02,5.881870165467262268e-02,9.275873750448226929e-02,8.659549802541732788e-02,0.000000000000000000e+00,0.000000000000000000e+00,1.000000000000000000e+00,0.000000000000000000e+00,5.234926757812500000e+02,0.000000000000000000e+00
4.580000000000000071e+00,-1.497268676757812500e-03,4.781341552734375000e-02,-2.850860357284545898e-02,5.260008201003074646e-02,2.345180511474609375e-02,6.002601236104965210e-02,9.461610764265060425e-02,8.597349375486373901e-02,0.000000000000000000e+00,0.000000000000000000e+00,0.000000000000000000e+00,0.000000000000000000e+00,5.690749511718750000e+02,0.000000000000000000e+00
4.600000000000000533e+00,-3.250122070312500000e-03,4.959297180175781250e-02,-2.996087074279785156e-02,5.082954466342926025e-02,2.325589396059513092e-02,6.208553165197372437e-02,9.624576568603515625e-02,8.613359928131103516e-02,0.000000000000000000e+00,0.000000000000000000e+00,0.000000000000000000e+00,0.000000000000000000e+00,5.439973754882812500e+02,0.000000000000000000e+00
4.620000000000000107e+00,-7.192611694335937500e-03,5.090332031250000000e-02,-3.043270111083984375e-02,4.941666871309280396e-02,2.324845455586910248e-02,6.464166939258575439e-02,9.817338734865188599e-02,8.616995066404342651e-02,1.000000000000000000e+00,0.000000000000000000e+00,0.000000000000000000e+00,0.000000000000000000e+00,5.638508300781250000e+02,0.000000000000000000e+00
4.639999999999999680e+00,-1.287841796875000000e-02,5.219268798828125000e-02,-3.189325332641601562e-02,5.119879916310310364e-02,2.553904615342617035e-02,6.708722561597824097e-02,9.820822626352310181e-02,9.501439332962036133e-02,0.000000000000000000e+00,0.000000000000000000e+00,0.000000000000000000e+00,1.000000000000000000e+00,5.477982177734375000e+02,0.000000000000000000e+00
4.660000000000000142e+00,-1.897239685058593750e-02,5.385589599609375000e-02,-3.389704227447509766e-02,5.348121002316474915e-02,3.530856966972351074e-02,6.939785182476043701e-02,9.833548218011856079e-02,1.065267622470855713e-01,0.000000000000000000e+00,0.000000000000000000e+00,0.000000000000000000e+00,1.000000000000000000e+00,5.413316040039062500e+02,0.000000000000000000e+00
4.679999999999999716e+00,-2.384567260742187500e-02,5.498886108398437500e-02,-3.552860021591186523e-02,5.183291435241699219e-02,4.107558354735374451e-02,7.147264480590820312e-02,9.812947362661361694e-02,1.115733906626701355e-01,0.000000000000000000e+00,0.000000000000000000e+00,0.000000000000000000e+00,1.000000000000000000e+00,5.318654174804687500e+02,3.906250000000000000e-03
4.700000000000000178e+00,-2.696609497070312500e-02,5.595779418945312500e-02,-3.642058372497558594e-02,5.028718337416648865e-02,4.137534275650978088e-02,7.318921387195587158e-02,9.871030598878860474e-02,1.161894947290420532e-01,0.000000000000000000e+00,0.000000000000000000e+00,0.000000000000000000e+00,1.000000000000000000e+00,5.412415771484375000e+02,0.000000000000000000e+00
4.719999999999999751e+00,-2.851486206054687500e-02,5.692672729492187500e-02,-3.671038150787353516e-02,4.882445558905601501e-02,3.913407027721405029e-02,7.428533583879470825e-02,9.906447678804397583e-02,1.193887516856193542e-01,0.000000000000000000e+00,0.000000000000000000e+00,0.000000000000000000e+00,1.000000000000000000e+00,5.485170288085937500e+02,7.812500000000000000e-03
4.740000000000000213e+00,-2.897644042968750000e-02,5.784797668457031250e-02,-3.627240657806396484e-02,4.805160313844680786e-02,3.728515654802322388e-02,7.478690147399902344e-02,9.927320480346679688e-02,1.226124539971351624e-01,0.000000000000000000e+00,0.000000000000000000e+00,0.000000000000000000e+00,1.000000000000000000e+00,5.663236083984375000e+02,1.953125000000000000e-02
4.759999999999999787e+00,-2.881813049316406250e-02,5.853271484375000000e-02,-3.550642728805541992e-02,4.745743051171302795e-02,3.716738522052764893e-02,7.445533573627471924e-02,9.945433586835861206e-02,1.252459436655044556e-01,0.000000000000000000e+00,0.000000000000000000e+00,0.000000000000000000e+00,1.000000000000000000e+00,5.345333251953125000e+02,0.000000000000000000e+00
4.780000000000000249e+00,-2.843856811523437500e-02,5.867767333984375000e-02,-3.464126586914062500e-02,4.753775149583816528e-02,3.861101716756820679e-02,7.381845265626907349e-02,9.957322478294372559e-02,1.276190578937530518e-01,0.000000000000000000e+00,0.000000000000000000e+00,0.000000000000000000e+00,0.000000000000000000e+00,5.012929382324218750e+02,0.000000000000000000e+00
4.799999999999999822e+00,-2.767944335937500000e-02,5.813598632812500000e-02,-3.386968374252319336e-02,4.825956746935844421e-02,3.927187621593475342e-02,7.336675375699996948e-02,9.963987767696380615e-02,1.267794370651245117e-01,0.000000000000000000e+00,0.000000000000000000e+00,0.000000000000000000e+00,0.000000000000000000e+00,5.369827880859375000e+02,0.000000000000000000e+00
4.820000000000000284e+00,-2.686119079589843750e-02,5.696487426757812500e-02,-3.312814235687255859e-02,4.986339062452316284e-02,3.528360649943351746e-02,7.251391559839248657e-02,9.955020993947982788e-02,1.209656372666358948e-01,0.000000000000000000e+00,0.000000000000000000e+00,0.000000000000000000e+00,0.000000000000000000e+00,5.735502929687500000e+02,0.000000000000000000e+00
4.839999999999999858e+00,-2.597618103027343750e-02,5.542945861816406250e-02,-3.255099058151245117e-02,5.286235362291336060e-02,2.863644063472747803e-02,7.105088233947753906e-02,9.942458570003509521e-02,1.128588467836380005e-01,0.000000000000000000e+00,0.000000000000000000e+00,0.000000000000000000e+00,0.000000000000000000e+00,5.396234741210937500e+02,7.812500000000000000e-03
4.860000000000000320e+00,-2.443313598632812500e-02,5.375480651855468750e-02,-3.244209289550781250e-02,5.639359727501869202e-02,2.236441895365715027e-02,6.961145997047424316e-02,9.939523041248321533e-02,1.065440401434898376e-01,0.000000000000000000e+00,0.000000000000000000e+00,0.000000000000000000e+00,0.000000000000000000e+00,5.588875122070312500e+02,0.000000000000000000e+00
4.879999999999999893e+00,-2.178764343261718750e-02,5.221366882324218750e-02,-3.312206268310546875e-02,6.029266119003295898e-02,1.571708731353282928e-02,6.820140779018402100e-02,9.952592104673385620e-02,1.043887585401535034e-01,0.000000000000000000e+00,0.000000000000000000e+00,0.000000000000000000e+00,0.000000000000000000e+00,5.243819580078125000e+02,3.906250000000000000e-03
4.900000000000000355e+00,-1.772117614746093750e-02,5.096435546875000000e-02,-3.470557928085327148e-02,6.437817960977554321e-02,7.960584945976734161e-03,6.655634939670562744e-02,9.971044957637786865e-02,1.070498004555702209e-01,0.000000000000000000e+00,0.000000000000000000e+00,0.000000000000000000e+00,0.000000000000000000e+00,5.494799804687500000e+02,1.171875000000000000e-02
4.919999999999999929e+00,-1.216125488281250000e-02,5.010986328125000000e-02,-3.683954477310180664e-02,6.842546164989471436e-02,6.150495726615190506e-03,6.467786431312561035e-02,1.001590192317962646e-01,1.132991537451744080e-01,0.000000000000000000e+00,0.000000000000000000e+00,0.000000000000000000e+00,1.000000000000000000e+00,5.247747192382812500e+02,3.906250000000000000e-03
4.940000000000000391e+00,-6.006240844726562500e-03,4.984474182128906250e-02,-3.790962696075439453e-02,7.090376317501068115e-02,1.769931055605411530e-02,6.283432245254516602e-02,1.002382189035415649e-01,1.146209463477134705e-01,0.000000000000000000e+00,0.000000000000000000e+00,0.000000000000000000e+00,1.000000000000000000e+00,5.432305908203125000e+02,1.171875000000000000e-02
4.959999999999999964e+00,-1.564025878906250000e-03,4.934120178222656250e-02,-3.870761394500732422e-02,7.121921330690383911e-02,3.059255704283714294e-02,6.076927110552787781e-02,1.003667190670967102e-01,1.123589351773262024e-01,0.000000000000000000e+00,0.000000000000000000e+00,0.000000000000000000e+00,0.000000000000000000e+00,5.229688720703125000e+02,3.906250000000000000e-03
4.980000000000000426e+00,-1.693725585937500000e-03,4.653549194335937500e-02,-3.954011201858520508e-02,6.900846213102340698e-02,3.404713049530982971e-02,5.934070423245429993e-02,1.003377661108970642e-01,1.105379238724708557e-01,0.000000000000000000e+00,0.000000000000000000e+00,0.000000000000000000e+00,0.000000000000000000e+00,5.620269775390625000e+02,0.000000000000000000e+00
5.000000000000000000e+00,-2.943038940429687500e-03,4.243087768554687500e-02,-3.872209787368774414e-02,6.888049095869064331e-02,3.286040946841239929e-02,5.877929180860519409e-02,1.000456288456916809e-01,1.095135733485221863e-01,0.000000000000000000e+00,1.000000000000000000e+00,0.000000000000000000e+00,0.000000000000000000e+00,5.391401367187500000e+02,1.953125000000000000e-02
5.020000000000000462e+00,-5.517959594726562500e-03,3.837776184082031250e-02,-3.586828708648681641e-02,7.387519627809524536e-02,3.187512978911399841e-02,5.869566649198532104e-02,9.968395531177520752e-02,1.085967272520065308e-01,0.000000000000000000e+00,1.000000000000000000e+00,0.000000000000000000e+00,0.000000000000000000e+00,5.444049682617187500e+02,7.812500000000000000e-03
5.040000000000000036e+00,-1.036262512207031250e-02,3.455352783203125000e-02,-3.176885843276977539e-02,8.086877316236495972e-02,3.151151165366172791e-02,5.786101520061492920e-02,9.928029775619506836e-02,1.083121895790100098e-01,0.000000000000000000e+00,0.000000000000000000e+00,0.000000000000000000e+00,0.000000000000000000e+00,5.379686889648437500e+02,0.000000000000000000e+00
5.060000000000000497e+00,-1.633071899414062500e-02,3.263664245605468750e-02,-2.919918298721313477e-02,8.343215286731719971e-02,3.368744626641273499e-02,6.211535260081291199e-02,1.025522127747535706e-01,1.082431077957153320e-01,0.000000000000000000e+00,0.000000000000000000e+00,0.000000000000000000e+00,0.000000000000000000e+00,5.249933471679687500e+02,7.812500000000000000e-03
5.080000000000000071e+00,-2.189826965332031250e-02,3.116416931152343750e-02,-2.676522731781005859e-02,8.436169475317001343e-02,3.529445827007293701e-02,7.133355736732482910e-02,1.049560904502868652e-01,1.076158210635185242e-01,0.000000000000000000e+00,0.000000000000000000e+00,0.000000000000000000e+00,0.000000000000000000e+00,5.678554687500000000e+02,0.000000000000000000e+00
5.100000000000000533e+00,-2.597427368164062500e-02,3.038215637207031250e-02,-2.500134706497192383e-02,8.263368159532546997e-02,3.716402873396873474e-02,7.740318775177001953e-02,1.026215031743049622e-01,1.069347113370895386e-01,0.000000000000000000e+00,0.000000000000000000e+00,0.000000000000000000e+00,0.000000000000000000e+00,5.528792724609375000e+02,0.000000000000000000e+00
5.120000000000000107e+00,-2.795219421386718750e-02,3.016662597656250000e-02,-2.352511882781982422e-02,7.969241589307785034e-02,3.871005028486251831e-02,7.889189571142196655e-02,9.744833409786224365e-02,1.062059625983238220e-01,0.000000000000000000e+00,0.000000000000000000e+00,0.000000000000000000e+00,0.000000000000000000e+00,5.417984008789062500e+02,1.562500000000000000e-02
5.139999999999999680e+00,-2.826118469238281250e-02,3.034019470214843750e-02,-2.239501476287841797e-02,7.638593763113021851e-02,3.958391025662422180e-02,7.681273669004440308e-02,9.121032059192657471e-02,1.053726598620414734e-01,0.000000000000000000e+00,0.000000000000000000e+00,0.000000000000000000e+00,0.000000000000000000e+00,5.691225585937500000e+02,3.906250000000000000e-03
5.160000000000000142e+00,-2.766036987304687500e-02,3.082656860351562500e-02,-2.159959077835083008e-02,7.528531551361083984e-02,3.945310786366462708e-02,7.380495965480804443e-02,8.559761941432952881e-02,1.050205975770950317e-01,0.000000000000000000e+00,0.000000000000000000e+00,0.000000000000000000e+00,0.000000000000000000e+00,5.051435546875000000e+02,7.812500000000000000e-03
5.179999999999999716e+00,-2.658843994140625000e-02,3.149414062500000000e-02,-2.092200517654418945e-02,7.627659291028976440e-02,3.854712098836898804e-02,7.180289179086685181e-02,8.084016293287277222e-02,1.048859581351280212e-01,0.000000000000000000e+00,0.000000000000000000e+00,0.000000000000000000e+00,0.000000000000000000e+00,5.638979492187500000e+02,0.000000000000000000e+00
5.200000000000000178e+00,-2.533149719238281250e-02,3.211593627929687500e-02,-2.041763067245483398e-02,7.896187901496887207e-02,3.748558834195137024e-02,7.020691782236099243e-02,7.709178328514099121e-02,1.047815978527069092e-01,0.000000000000000000e+00,0.000000000000000000e+00,0.000000000000000000e+00,0.000000000000000000e+00,5.482455444335937500e+02,3.906250000000000000e-03
5.219999999999999751e+00,-2.405929565429687500e-02,3.254508972167968750e-02,-1.998907327651977539e-02,8.067686110734939575e-02,3.653094172477722168e-02,6.686833500862121582e-02,7.490664720535278320e-02,1.046863943338394165e-01,0.000000000000000000e+00,0.000000000000000000e+00,0.000000000000000000e+00,0.000000000000000000e+00,5.449918212890625000e+02,7.812500000000000000e-03
5.240000000000000213e+00,-2.296066284179687500e-02,3.274536132812500000e-02,-1.936686038970947266e-02,7.916698604822158813e-02,3.564213588833808899e-02,5.906686931848526001e-02,7.426059246063232422e-02,1.046189665794372559e-01,0.000000000000000000e+00,0.000000000000000000e+00,0.000000000000000000e+00,0.000000000000000000e+00,5.226302490234375000e+02,0.000000000000000000e+00
5.259999999999999787e+00,-2.183532714843750000e-02,3.285980224609375000e-02,-1.839667558670043945e-02,7.586591690778732300e-02,3.474028035998344421e-02,4.951360076665878296e-02,7.474819570779800415e-02,1.045469492673873901e-01,0.000000000000000000e+00,0.000000000000000000e+00,0.000000000000000000e+00,0.000000000000000000e+00,5.310655517578125000e+02,3.906250000000000000e-03
5.280000000000000249e+00,-2.029609680175781250e-02,3.315162658691406250e-02,-1.719117164611816406e-02,7.440592348575592041e-02,3.386566787958145142e-02,4.212746024131774902e-02,7.557494193315505981e-02,1.045478284358978271e-01,0.000000000000000000e+00,0.000000000000000000e+00,0.000000000000000000e+00,0.000000000000000000e+00,5.351473388671875000e+02,0.000000000000000000e+00
5.299999999999999822e+00,-1.810646057128906250e-02,3.384780883789062500e-02,-1.608234643936157227e-02,7.465229928493499756e-02,3.294485807418823242e-02,3.745329007506370544e-02,7.630045711994171143e-02,1.047293022274971008e-01,0.000000000000000000e+00,0.000000000000000000e+00,0.000000000000000000e+00,0.000000000000000000e+00,5.489037475585937500e+02,0.000000000000000000e+00
5.320000000000000284e+00,-1.507377624511718750e-02,3.518867492675781250e-02,-1.523673534393310547e-02,7.425513118505477905e-02,3.222151473164558411e-02,3.484421595931053162e-02,7.650251686573028564e-02,1.048396751284599304e-01,0.000000000000000000e+00,0.000000000000000000e+00,0.000000000000000000e+00,0.000000000000000000e+00,5.808694458007812500e+02,0.000000000000000000e+00
5.339999999999999858e+00,-1.097869873046875000e-02,3.743553161621093750e-02,-1.464337110519409180e-02,7.332763075828552246e-02,3.185562044382095337e-02,3.447107970714569092e-02,7.715571671724319458e-02,1.049339771270751953e-01,0.000000000000000000e+00,0.000000000000000000e+00,0.000000000000000000e+00,0.000000000000000000e+00,5.744086303710937500e+02,0.000000000000000000e+00
5.360000000000000320e+00,-5.895614624023437500e-03,4.052925109863281250e-02,-1.411592960357666016e-02,7.322674244642257690e-02,3.202383592724800110e-02,3.665747120976448059e-02,8.051511645317077637e-02,1.051137968897819519e-01,0.000000000000000000e+00,0.000000000000000000e+00,0.000000000000000000e+00,0.000000000000000000e+00,5.482797851562500000e+02,0.000000000000000000e+00
5.379999999999999893e+00,-1.373291015625000000e-03,4.374122619628906250e-02,-1.393818855285644531e-02,7.519657164812088013e-02,3.221616521477699280e-02,4.103643819689750671e-02,8.843277394771575928e-02,1.050280854105949402e-01,0.000000000000000000e+00,0.000000000000000000e+00,0.000000000000000000e+00,0.000000000000000000e+00,5.418964843750000000e+02,0.000000000000000000e+00
5.400000000000000355e+00,-2.288818359375000000e-05,4.627227783203125000e-02,-1.519763469696044922e-02,7.688693702220916748e-02,3.215462341904640198e-02,4.980193078517913818e-02,9.453000128269195557e-02,1.049724817276000977e-01,0.000000000000000000e+00,1.000000000000000000e+00,0.000000000000000000e+00,0.000000000000000000e+00,5.142589721679687500e+02,0.000000000000000000e+00
5.419999999999999929e+00,-7.305145263671875000e-04,4.866218566894531250e-02,-1.758950948715209961e-02,7.477040588855743408e-02,3.189897164702415466e-02,5.773467943072319031e-02,9.379514306783676147e-02,1.043170839548110962e-01,0.000000000000000000e+00,0.000000000000000000e+00,0.000000000000000000e+00,0.000000000000000000e+00,5.516112060546875000e+02,1.562500000000000000e-02
5.440000000000000391e+00,-3.526687622070312500e-03,5.150032043457031250e-02,-2.105057239532470703e-02,7.092057913541793823e-02,3.145613521337509155e-02,6.151678785681724548e-02,9.270339459180831909e-02,1.043050363659858704e-01,0.000000000000000000e+00,0.000000000000000000e+00,0.000000000000000000e+00,0.000000000000000000e+00,5.701893920898437500e+02,2.343750000000000000e-02
5.459999999999999964e+00,-8.926391601562500000e-03,5.469512939453125000e-02,-2.627968788146972656e-02,6.550180912017822266e-02,3.085549548268318176e-02,6.525138020515441895e-02,9.221213310956954956e-02,1.055099740624427795e-01,0.000000000000000000e+00,0.000000000000000000e+00,0.000000000000000000e+00,1.000000000000000000e+00,5.378906250000000000e+02,0.000000000000000000e+00
5.480000000000000426e+00,-1.470756530761718750e-02,6.009292602539062500e-02,-3.283375501632690430e-02,6.600229442119598389e-02,3.316558524966239929e-02,6.818846613168716431e-02,9.507854282855987549e-02,1.232662126421928406e-01,0.000000000000000000e+00,0.000000000000000000e+00,0.000000000000000000e+00,1.000000000000000000e+00,5.464909057617187500e+02,0.000000000000000000e+00
5.500000000000000000e+00,-2.032089233398437500e-02,6.483268737792968750e-02,-3.875583410263061523e-02,5.959252640604972839e-02,4.042411968111991882e-02,7.096590101718902588e-02,9.745696932077407837e-02,1.329609304666519165e-01,0.000000000000000000e+00,0.000000000000000000e+00,1.000000000000000000e+00,1.000000000000000000e+00,5.165499877929687500e+02,0.000000000000000000e+00
5.520000000000000462e+00,-2.414321899414062500e-02,6.836700439453125000e-02,-4.284864664077758789e-02,5.418987944722175598e-02,4.549410566687583923e-02,7.346261292695999146e-02,9.973690658807754517e-02,1.386193633079528809e-01,0.000000000000000000e+00,0.000000000000000000e+00,1.000000000000000000e+00,1.000000000000000000e+00,5.202526855468750000e+02,0.000000000000000000e+00
5.540000000000000036e+00,-2.598762512207031250e-02,7.075691223144531250e-02,-4.482084512710571289e-02,5.124069750308990479e-02,4.704103246331214905e-02,7.591243833303451538e-02,1.010626554489135742e-01,1.423531174659729004e-01,0.000000000000000000e+00,0.000000000000000000e+00,1.000000000000000000e+00,1.000000000000000000e+00,5.277383422851562500e+02,0.000000000000000000e+00
5.560000000000000497e+00,-2.650260925292968750e-02,7.205581665039062500e-02,-4.532068967819213867e-02,5.103553459048271179e-02,4.573100432753562927e-02,7.711739838123321533e-02,1.008544787764549255e-01,1.449943929910659790e-01,0.000000000000000000e+00,0.000000000000000000e+00,1.000000000000000000e+00,1.000000000000000000e+00,5.252527465820312500e+02,0.000000000000000000e+00
5.580000000000000071e+00,-2.631759643554687500e-02,7.233047485351562500e-02,-4.514539241790771484e-02,5.625388771295547485e-02,4.424811899662017822e-02,7.683715969324111938e-02,1.009545773267745972e-01,1.462808251380920410e-01,0.000000000000000000e+00,0.000000000000000000e+00,1.000000000000000000e+00,0.000000000000000000e+00,5.381958007812500000e+02,0.000000000000000000e+00
5.600000000000000533e+00,-2.564430236816406250e-02,7.172012329101562500e-02,-4.460769891738891602e-02,6.548360735177993774e-02,4.489703103899955750e-02,7.616656273603439331e-02,1.010455489158630371e-01,1.448053270578384399e-01,0.000000000000000000e+00,0.000000000000000000e+00,1.000000000000000000e+00,0.000000000000000000e+00,5.343591918945312500e+02,0.000000000000000000e+00
5.620000000000000107e+00,-2.480697631835937500e-02,7.052993774414062500e-02,-4.382109642028808594e-02,7.274972647428512573e-02,4.571877047419548035e-02,7.559201121330261230e-02,1.010728999972343445e-01,1.417074352502822876e-01,0.000000000000000000e+00,0.000000000000000000e+00,1.000000000000000000e+00,0.000000000000000000e+00,5.426621704101562500e+02,7.812500000000000000e-03
5.639999999999999680e+00,-2.406311035156250000e-02,6.895256042480468750e-02,-4.246330261230468750e-02,7.336664199829101562e-02,4.295622184872627258e-02,7.502590864896774292e-02,1.013350337743759155e-01,1.373760551214218140e-01,0.000000000000000000e+00,0.000000000000000000e+00,1.000000000000000000e+00,0.000000000000000000e+00,5.395076904296875000e+02,0.000000000000000000e+00
5.660000000000000142e+00,-2.330398559570312500e-02,6.715965270996093750e-02,-4.036933183670043945e-02,6.940128654241561890e-02,3.711304441094398499e-02,7.391002774238586426e-02,1.018835753202438354e-01,1.324563324451446533e-01,0.000000000000000000e+00,0.000000000000000000e+00,0.000000000000000000e+00,0.000000000000000000e+00,5.406855468750000000e+02,1.562500000000000000e-02
5.679999999999999716e+00,-2.219200134277343750e-02,6.543731689453125000e-02,-3.816032409667968750e-02,6.315911561250686646e-02,3.247048705816268921e-02,7.230964303016662598e-02,1.023617908358573914e-01,1.281640827655792236e-01,0.000000000000000000e+00,0.000000000000000000e+00,0.000000000000000000e+00,0.000000000000000000e+00,5.707739868164062500e+02,0.000000000000000000e+00
5.700000000000000178e+00,-2.040672302246093750e-02,6.401443481445312500e-02,-3.691154718399047852e-02,5.641895905137062073e-02,2.871700748801231384e-02,7.066182047128677368e-02,1.030563414096832275e-01,1.243754699826240540e-01,0.000000000000000000e+00,0.000000000000000000e+00,0.000000000000000000e+00,0.000000000000000000e+00,5.172263183593750000e+02,3.906250000000000000e-03
5.719999999999999751e+00,-1.766777038574218750e-02,6.305694580078125000e-02,-3.706550598144531250e-02,4.899995028972625732e-02,2.405886165797710419e-02,6.853435933589935303e-02,1.035559549927711487e-01,1.218572184443473816e-01,0.000000000000000000e+00,0.000000000000000000e+00,0.000000000000000000e+00,0.000000000000000000e+00,5.272537841796875000e+02,3.906250000000000000e-03
5.740000000000000213e+00,-1.363372802734375000e-02,6.256675720214843750e-02,-3.851395845413208008e-02,4.578501731157302856e-02,1.938795484602451324e-02,6.598014384508132935e-02,1.036961749196052551e-01,1.217598244547843933e-01,0.000000000000000000e+00,0.000000000000000000e+00,0.000000000000000000e+00,0.000000000000000000e+00,5.574860839843750000e+02,7.812500000000000000e-03
5.759999999999999787e+00,-8.039474487304687500e-03,6.219291687011718750e-02,-4.041379690170288086e-02,4.855510964989662170e-02,1.876623928546905518e-02,6.371492147445678711e-02,1.034494489431381226e-01,1.224108859896659851e-01,0.000000000000000000e+00,1.000000000000000000e+00,0.000000000000000000e+00,1.000000000000000000e+00,5.464996948242187500e+02,1.562500000000000000e-02
5.780000000000000249e+00,-2.307891845703125000e-03,6.180763244628906250e-02,-4.102712869644165039e-02,5.257740989327430725e-02,2.357563562691211700e-02,6.173330917954444885e-02,1.027216762304306030e-01,1.183404996991157532e-01,0.000000000000000000e+00,0.000000000000000000e+00,0.000000000000000000e+00,1.000000000000000000e+00,5.273406372070312500e+02,2.343750000000000000e-02
5.799999999999999822e+00,6.027221679687500000e-04,5.986404418945312500e-02,-4.153662919998168945e-02,5.725800618529319763e-02,2.919724583625793457e-02,6.057171896100044250e-02,1.024005040526390076e-01,1.155544519424438477e-01,0.000000000000000000e+00,0.000000000000000000e+00,0.000000000000000000e+00,0.000000000000000000e+00,5.246788330078125000e+02,2.343750000000000000e-02
5.820000000000000284e+00,-9.441375732421875000e-04,5.552101135253906250e-02,-4.185587167739868164e-02,6.257879734039306641e-02,2.870119176805019379e-02,6.022986024618148804e-02,1.019843295216560364e-01,1.150843054056167603e-01,0.000000000000000000e+00,1.000000000000000000e+00,0.000000000000000000e+00,0.000000000000000000e+00,5.761198120117187500e+02,2.343750000000000000e-02
5.839999999999999858e+00,-2.773284912109375000e-03,5.107498168945312500e-02,-4.079139232635498047e-02,6.694219261407852173e-02,2.931082621216773987e-02,6.035290285944938660e-02,1.016343161463737488e-01,1.146148070693016052e-01,0.000000000000000000e+00,1.000000000000000000e+00,0.000000000000000000e+00,0.000000000000000000e+00,5.324038696289062500e+02,1.953125000000000000e-02
5.860000000000000320e+00,-7.095336914062500000e-03,4.666328430175781250e-02,-3.828895092010498047e-02,7.147657126188278198e-02,3.130927681922912598e-02,6.004650145769119263e-02,1.012078374624252319e-01,1.142199710011482239e-01,0.000000000000000000e+00,1.000000000000000000e+00,0.000000000000000000e+00,0.000000000000000000e+00,5.742901611328125000e+02,7.812500000000000000e-03
5.879999999999999893e+00,-1.365089416503906250e-02,4.347991943359375000e-02,-3.604102134704589844e-02,7.374919950962066650e-02,3.444422408938407898e-02,5.865295603871345520e-02,1.007677093148231506e-01,1.138912066817283630e-01,0.000000000000000000e+00,0.000000000000000000e+00,0.000000000000000000e+00,0.000000000000000000e+00,5.394517822265625000e+02,1.562500000000000000e-02
5.900000000000000355e+00,-1.956176757812500000e-02,4.133987426757812500e-02,-3.347694873809814453e-02,7.768304646015167236e-02,3.791081160306930542e-02,6.709152460098266602e-02,1.066112294793128967e-01,1.135494634509086609e-01,0.000000000000000000e+00,0.000000000000000000e+00,0.000000000000000000e+00,0.000000000000000000e+00,5.464519042968750000e+02,7.812500000000000000e-03
5.919999999999999929e+00,-2.532577514648437500e-02,3.989791870117187500e-02,-3.168791532516479492e-02,7.912480831146240234e-02,4.066305980086326599e-02,7.325399667024612427e-02,1.067721918225288391e-01,1.128516793251037598e-01,0.000000000000000000e+00,0.000000000000000000e+00,0.000000000000000000e+00,0.000000000000000000e+00,5.194462890625000000e+02,3.906250000000000000e-03
5.940000000000000391e+00,-2.938652038574218750e-02,3.902053833007812500e-02,-3.036463260650634766e-02,7.912781834602355957e-02,4.262470453977584839e-02,7.451809197664260864e-02,1.028826534748077393e-01,1.117582693696022034e-01,0.000000000000000000e+00,0.000000000000000000e+00,0.000000000000000000e+00,0.000000000000000000e+00,5.280043945312500000e+02,3.906250000000000000e-03
5.959999999999999964e+00,-3.117942810058593750e-02,3.861427307128906250e-02,-2.903866767883300781e-02,7.904037088155746460e-02,4.441982135176658630e-02,7.271363586187362671e-02,9.843067824840545654e-02,1.111860349774360657e-01,0.000000000000000000e+00,0.000000000000000000e+00,0.000000000000000000e+00,0.000000000000000000e+00,5.343853149414062500e+02,0.000000000000000000e+00
5.980000000000000426e+00,-3.108215332031250000e-02,3.842735290527343750e-02,-2.759814262390136719e-02,7.805973291397094727e-02,4.607276245951652527e-02,7.026620209217071533e-02,9.486623853445053101e-02,1.106571704149246216e-01,0.000000000000000000e+00,0.000000000000000000e+00,0.000000000000000000e+00,0.000000000000000000e+00,5.357059326171875000e+02,3.906250000000000000e-03
6.000000000000000000e+00,-3.017234802246093750e-02,3.834342956542968750e-02,-2.648651599884033203e-02,7.645770907402038574e-02,4.715610295534133911e-02,6.762572377920150757e-02,9.171015769243240356e-02,1.102529019117355347e-01,0.000000000000000000e+00,0.000000000000000000e+00,0.000000000000000000e+00,0.000000000000000000e+00,5.308744506835937500e+02,0.000000000000000000e+00
