time_s,base_error_x_m,base_error_y_m,base_error_z_m,base_orientation_error_rad,wheel_error_fl_m,wheel_error_fr_m,wheel_error_rl_m,wheel_error_rr_m,contact_mismatch_fl,contact_mismatch_fr,contact_mismatch_rl,contact_mismatch_rr,solve_ms,rollout_termination_rate
2.000000000000000042e-02,0.000000000000000000e+00,0.000000000000000000e+00,0.000000000000000000e+00,0.000000000000000000e+00,1.907348632812500000e-06,5.960464477539062500e-08,4.991888999938964844e-07,1.921282091643661261e-06,0.000000000000000000e+00,1.000000000000000000e+00,1.000000000000000000e+00,0.000000000000000000e+00,5.663599243164062500e+02,0.000000000000000000e+00
4.000000000000000083e-02,-7.972717285156250000e-04,-3.604888916015625000e-04,-1.181423664093017578e-03,5.213418509811162949e-03,5.530016031116247177e-03,1.844074809923768044e-03,1.396513311192393303e-03,1.583087025210261345e-03,0.000000000000000000e+00,1.000000000000000000e+00,0.000000000000000000e+00,0.000000000000000000e+00,5.434555664062500000e+02,0.000000000000000000e+00
5.999999999999999778e-02,-4.922866821289062500e-03,-5.359649658203125000e-04,-3.114879131317138672e-03,1.094012893736362457e-02,5.447462666779756546e-03,3.227569395676255226e-03,2.938194200396537781e-03,2.210150472819805145e-03,0.000000000000000000e+00,1.000000000000000000e+00,0.000000000000000000e+00,0.000000000000000000e+00,5.275874633789062500e+02,0.000000000000000000e+00
8.000000000000000167e-02,-1.045799255371093750e-02,3.871917724609375000e-04,-6.605625152587890625e-03,1.503402367234230042e-02,7.606488652527332306e-03,7.232988718897104263e-03,8.685760200023651123e-03,4.697035998106002808e-03,0.000000000000000000e+00,0.000000000000000000e+00,1.000000000000000000e+00,0.000000000000000000e+00,5.368018188476562500e+02,0.000000000000000000e+00
1.000000000000000056e-01,-1.582527160644531250e-02,8.583068847656250000e-04,-1.045477390289306641e-02,1.458322070538997650e-02,1.176990102976560593e-02,1.544372085481882095e-02,1.634220406413078308e-02,4.385697655379772186e-03,0.000000000000000000e+00,0.000000000000000000e+00,1.000000000000000000e+00,0.000000000000000000e+00,5.449252319335937500e+02,0.000000000000000000e+00
1.199999999999999956e-01,-1.990890502929687500e-02,1.205444335937500000e-03,-1.472884416580200195e-02,1.722192019224166870e-02,1.531519368290901184e-02,2.024748548865318298e-02,2.295563183724880219e-02,4.203358199447393417e-03,0.000000000000000000e+00,0.000000000000000000e+00,1.000000000000000000e+00,0.000000000000000000e+00,5.107680664062500000e+02,0.000000000000000000e+00
1.400000000000000133e-01,-2.210617065429687500e-02,1.274108886718750000e-03,-1.861196756362915039e-02,1.919890567660331726e-02,1.782319135963916779e-02,2.295017801225185394e-02,2.821823582053184509e-02,4.121049307286739349e-03,0.000000000000000000e+00,0.000000000000000000e+00,0.000000000000000000e+00,0.000000000000000000e+00,5.431721191406250000e+02,1.562500000000000000e-02
1.600000000000000033e-01,-2.275657653808593750e-02,1.094818115234375000e-03,-2.174550294876098633e-02,1.919890567660331726e-02,1.960643380880355835e-02,2.483975514769554138e-02,3.325759992003440857e-02,4.170440603047609329e-03,0.000000000000000000e+00,0.000000000000000000e+00,0.000000000000000000e+00,0.000000000000000000e+00,5.338046875000000000e+02,3.906250000000000000e-03
1.799999999999999933e-01,-2.235412597656250000e-02,6.294250488281250000e-04,-2.381509542465209961e-02,1.639931835234165192e-02,2.047794684767723083e-02,2.754812873899936676e-02,3.779864311218261719e-02,4.128251690417528152e-03,0.000000000000000000e+00,0.000000000000000000e+00,0.000000000000000000e+00,0.000000000000000000e+00,5.414147949218750000e+02,3.906250000000000000e-03
2.000000000000000111e-01,-2.135276794433593750e-02,-9.727478027343750000e-05,-2.488154172897338867e-02,1.051791198551654816e-02,2.029355429112911224e-02,3.150255978107452393e-02,4.238370060920715332e-02,4.504954442381858826e-03,0.000000000000000000e+00,0.000000000000000000e+00,0.000000000000000000e+00,0.000000000000000000e+00,5.165456542968750000e+02,0.000000000000000000e+00
2.200000000000000011e-01,-2.007293701171875000e-02,-8.487701416015625000e-04,-2.513790130615234375e-02,6.587277166545391083e-03,1.971444115042686462e-02,3.629675135016441345e-02,4.659095034003257751e-02,4.703423473984003067e-03,0.000000000000000000e+00,0.000000000000000000e+00,0.000000000000000000e+00,0.000000000000000000e+00,5.640176391601562500e+02,0.000000000000000000e+00
2.399999999999999911e-01,-1.869964599609375000e-02,-1.337051391601562500e-03,-2.525460720062255859e-02,9.838604368269443512e-03,2.023148164153099060e-02,3.975916653871536255e-02,4.910224676132202148e-02,4.570192657411098480e-03,0.000000000000000000e+00,0.000000000000000000e+00,0.000000000000000000e+00,0.000000000000000000e+00,5.355452270507812500e+02,0.000000000000000000e+00
2.600000000000000089e-01,-1.749038696289062500e-02,-1.497268676757812500e-03,-2.499359846115112305e-02,1.472962647676467896e-02,2.103629522025585175e-02,3.773438930511474609e-02,4.823207110166549683e-02,4.587904084473848343e-03,0.000000000000000000e+00,0.000000000000000000e+00,1.000000000000000000e+00,0.000000000000000000e+00,5.320015258789062500e+02,0.000000000000000000e+00
2.800000000000000266e-01,-1.627349853515625000e-02,-1.516342163085937500e-03,-2.356576919555664062e-02,1.702699996531009674e-02,2.149934694170951843e-02,3.136159107089042664e-02,4.465277493000030518e-02,4.629442933946847916e-03,0.000000000000000000e+00,0.000000000000000000e+00,0.000000000000000000e+00,0.000000000000000000e+00,5.187532958984375000e+02,0.000000000000000000e+00
2.999999999999999889e-01,-1.445198059082031250e-02,-1.646041870117187500e-03,-2.109599113464355469e-02,1.490661408752202988e-02,2.171666361391544342e-02,2.481775730848312378e-02,3.991150856018066406e-02,4.588631447404623032e-03,0.000000000000000000e+00,0.000000000000000000e+00,0.000000000000000000e+00,0.000000000000000000e+00,5.301320190429687500e+02,0.000000000000000000e+00
3.200000000000000067e-01,-1.155471801757812500e-02,-2.117156982421875000e-03,-1.793104410171508789e-02,1.487459149211645126e-02,2.160254493355751038e-02,1.899831928312778473e-02,3.510216996073722839e-02,4.589238669723272324e-03,0.000000000000000000e+00,0.000000000000000000e+00,0.000000000000000000e+00,0.000000000000000000e+00,5.561713867187500000e+02,3.906250000000000000e-03
3.400000000000000244e-01,-7.469177246093750000e-03,-2.843856811523437500e-03,-1.497483253479003906e-02,1.765937544405460358e-02,2.053525857627391815e-02,1.316927466541528702e-02,3.007927909493446350e-02,4.469901323318481445e-03,0.000000000000000000e+00,0.000000000000000000e+00,1.000000000000000000e+00,0.000000000000000000e+00,5.284014892578125000e+02,0.000000000000000000e+00
3.599999999999999867e-01,-1.960754394531250000e-03,-3.479003906250000000e-03,-1.233923435211181641e-02,2.176014706492424011e-02,1.886058971285820007e-02,8.434738032519817352e-03,2.511576749384403229e-02,4.383630119264125824e-03,0.000000000000000000e+00,0.000000000000000000e+00,1.000000000000000000e+00,0.000000000000000000e+00,5.403248291015625000e+02,0.000000000000000000e+00
3.800000000000000044e-01,4.222869873046875000e-03,-4.062652587890625000e-03,-1.004856824874877930e-02,2.681569010019302368e-02,1.752709224820137024e-02,8.233893662691116333e-03,2.072938159108161926e-02,4.559020511806011200e-03,0.000000000000000000e+00,0.000000000000000000e+00,1.000000000000000000e+00,0.000000000000000000e+00,5.173804931640625000e+02,3.906250000000000000e-03
4.000000000000000222e-01,8.800506591796875000e-03,-4.617691040039062500e-03,-8.928000926971435547e-03,3.143289685249328613e-02,1.667722500860691071e-02,1.117417961359024048e-02,1.790110580623149872e-02,3.184582805261015892e-03,0.000000000000000000e+00,0.000000000000000000e+00,1.000000000000000000e+00,0.000000000000000000e+00,5.191174316406250000e+02,0.000000000000000000e+00
4.199999999999999845e-01,9.765625000000000000e-03,-3.404617309570312500e-03,-9.359955787658691406e-03,3.141772001981735229e-02,1.635452546179294586e-02,1.046511530876159668e-02,1.991364173591136932e-02,2.434693276882171631e-03,0.000000000000000000e+00,0.000000000000000000e+00,0.000000000000000000e+00,0.000000000000000000e+00,5.176983032226562500e+02,3.906250000000000000e-02
4.400000000000000022e-01,9.508132934570312500e-03,-1.596450805664062500e-03,-9.896814823150634766e-03,2.810928970575332642e-02,1.613725163042545319e-02,6.606624461710453033e-03,1.905195415019989014e-02,4.670414142310619354e-03,0.000000000000000000e+00,0.000000000000000000e+00,0.000000000000000000e+00,0.000000000000000000e+00,5.563413085937500000e+02,1.953125000000000000e-02
4.600000000000000200e-01,7.022857666015625000e-03,-8.563995361328125000e-04,-1.024633646011352539e-02,2.989330142736434937e-02,1.538262329995632172e-02,4.034637939184904099e-03,1.795049197971820831e-02,1.312570460140705109e-02,0.000000000000000000e+00,1.000000000000000000e+00,0.000000000000000000e+00,0.000000000000000000e+00,5.383855590820312500e+02,3.906250000000000000e-03
4.799999999999999822e-01,1.737594604492187500e-03,-1.605987548828125000e-03,-1.264131069183349609e-02,3.182488679885864258e-02,1.317760441452264786e-02,6.058820988982915878e-03,1.791754364967346191e-02,1.424321625381708145e-02,0.000000000000000000e+00,0.000000000000000000e+00,0.000000000000000000e+00,1.000000000000000000e+00,5.674140014648437500e+02,3.906250000000000000e-02
5.000000000000000000e-01,-3.215789794921875000e-03,-2.515792846679687500e-03,-1.492744684219360352e-02,3.810529038310050964e-02,2.277152612805366516e-02,9.941427037119865417e-03,1.819710619747638702e-02,1.327209454029798508e-02,0.000000000000000000e+00,0.000000000000000000e+00,0.000000000000000000e+00,1.000000000000000000e+00,5.485270385742187500e+02,5.078125000000000000e-02
5.200000000000000178e-01,-9.216308593750000000e-03,-2.637863159179687500e-03,-1.764911413192749023e-02,3.976485878229141235e-02,2.726292423903942108e-02,1.378760486841201782e-02,1.714707165956497192e-02,2.005564421415328979e-02,0.000000000000000000e+00,0.000000000000000000e+00,0.000000000000000000e+00,1.000000000000000000e+00,5.420881347656250000e+02,1.953125000000000000e-02
5.400000000000000355e-01,-1.408004760742187500e-02,-2.332687377929687500e-03,-2.047526836395263672e-02,3.594143316149711609e-02,2.831668034195899963e-02,1.797161251306533813e-02,1.588907837867736816e-02,2.693839557468891144e-02,0.000000000000000000e+00,0.000000000000000000e+00,0.000000000000000000e+00,1.000000000000000000e+00,5.484046630859375000e+02,3.906250000000000000e-02
5.600000000000000533e-01,-1.709938049316406250e-02,-1.914978027343750000e-03,-2.254420518875122070e-02,3.247748315334320068e-02,2.777635864913463593e-02,2.151104621589183807e-02,1.560886949300765991e-02,3.215114399790763855e-02,0.000000000000000000e+00,0.000000000000000000e+00,0.000000000000000000e+00,0.000000000000000000e+00,5.488452758789062500e+02,4.296875000000000000e-02
5.799999999999999600e-01,-1.885223388671875000e-02,-1.031875610351562500e-03,-2.287334203720092773e-02,2.818552590906620026e-02,2.682941220700740814e-02,2.422344498336315155e-02,1.447143405675888062e-02,3.502611070871353149e-02,0.000000000000000000e+00,0.000000000000000000e+00,0.000000000000000000e+00,0.000000000000000000e+00,5.491287231445312500e+02,3.906250000000000000e-03
5.999999999999999778e-01,-1.961326599121093750e-02,1.907348632812500000e-06,-2.206450700759887695e-02,2.696641720831394196e-02,2.539577148854732513e-02,2.586161158978939056e-02,1.452916022390127182e-02,3.986553102731704712e-02,0.000000000000000000e+00,0.000000000000000000e+00,0.000000000000000000e+00,1.000000000000000000e+00,5.496466064453125000e+02,0.000000000000000000e+00
6.199999999999999956e-01,-2.024078369140625000e-02,9.536743164062500000e-04,-2.175402641296386719e-02,2.603065781295299530e-02,2.309826947748661041e-02,2.599302865564823151e-02,1.411571819335222244e-02,5.756033957004547119e-02,0.000000000000000000e+00,0.000000000000000000e+00,0.000000000000000000e+00,0.000000000000000000e+00,5.422734985351562500e+02,0.000000000000000000e+00
6.400000000000000133e-01,-2.088737487792968750e-02,1.770019531250000000e-03,-2.191191911697387695e-02,3.040731884539127350e-02,2.188805676996707916e-02,2.618817053735256195e-02,1.365660782903432846e-02,7.564631849527359009e-02,0.000000000000000000e+00,0.000000000000000000e+00,0.000000000000000000e+00,0.000000000000000000e+00,5.266812744140625000e+02,0.000000000000000000e+00
6.600000000000000311e-01,-2.136039733886718750e-02,2.397537231445312500e-03,-2.187728881835937500e-02,4.427054151892662048e-02,2.167475782334804535e-02,2.656693197786808014e-02,1.344984862953424454e-02,9.106642007827758789e-02,0.000000000000000000e+00,0.000000000000000000e+00,0.000000000000000000e+00,0.000000000000000000e+00,5.550759277343750000e+02,0.000000000000000000e+00
6.800000000000000488e-01,-2.154350280761718750e-02,2.883911132812500000e-03,-2.118641138076782227e-02,5.728715285658836365e-02,1.951269246637821198e-02,2.685526944696903229e-02,1.305920351296663284e-02,1.043607294559478760e-01,0.000000000000000000e+00,0.000000000000000000e+00,0.000000000000000000e+00,0.000000000000000000e+00,5.355851440429687500e+02,0.000000000000000000e+00
7.000000000000000666e-01,-2.120208740234375000e-02,3.190994262695312500e-03,-1.890563964843750000e-02,6.250635534524917603e-02,1.711504161357879639e-02,2.628817036747932434e-02,1.311558671295642853e-02,1.090991050004959106e-01,0.000000000000000000e+00,0.000000000000000000e+00,0.000000000000000000e+00,0.000000000000000000e+00,5.336604614257812500e+02,0.000000000000000000e+00
7.199999999999999734e-01,-1.991081237792968750e-02,3.438949584960937500e-03,-1.533842086791992188e-02,6.022538989782333374e-02,1.638170704245567322e-02,2.492930926382541656e-02,1.292808819562196732e-02,1.086446419358253479e-01,0.000000000000000000e+00,0.000000000000000000e+00,0.000000000000000000e+00,0.000000000000000000e+00,5.434772949218750000e+02,0.000000000000000000e+00
7.399999999999999911e-01,-1.734733581542968750e-02,3.469467163085937500e-03,-1.149564981460571289e-02,5.391195043921470642e-02,1.799292303621768951e-02,2.267540991306304932e-02,1.286887284368276596e-02,1.061189845204353333e-01,0.000000000000000000e+00,0.000000000000000000e+00,0.000000000000000000e+00,0.000000000000000000e+00,5.616381225585937500e+02,0.000000000000000000e+00
7.600000000000000089e-01,-1.319313049316406250e-02,2.862930297851562500e-03,-7.737874984741210938e-03,5.008287727832794189e-02,2.193164639174938202e-02,1.939054206013679504e-02,1.305655948817729950e-02,1.001645103096961975e-01,0.000000000000000000e+00,0.000000000000000000e+00,0.000000000000000000e+00,0.000000000000000000e+00,5.372379150390625000e+02,0.000000000000000000e+00
7.800000000000000266e-01,-7.184982299804687500e-03,2.069473266601562500e-03,-4.479050636291503906e-03,4.934907332062721252e-02,2.864406816661357880e-02,1.606560871005058289e-02,2.755303494632244110e-02,9.229430556297302246e-02,0.000000000000000000e+00,0.000000000000000000e+00,1.000000000000000000e+00,1.000000000000000000e+00,5.197274780273437500e+02,0.000000000000000000e+00
8.000000000000000444e-01,-1.735687255859375000e-03,1.091003417968750000e-03,-3.227531909942626953e-03,4.935873299837112427e-02,3.252278640866279602e-02,1.319424808025360107e-02,4.237772896885871887e-02,7.956506311893463135e-02,0.000000000000000000e+00,0.000000000000000000e+00,0.000000000000000000e+00,0.000000000000000000e+00,5.206681518554687500e+02,0.000000000000000000e+00
8.200000000000000622e-01,8.258819580078125000e-04,-1.983642578125000000e-04,-3.989815711975097656e-03,4.012895748019218445e-02,2.785818092525005341e-02,1.158444769680500031e-02,4.760165512561798096e-02,6.720785051584243774e-02,0.000000000000000000e+00,0.000000000000000000e+00,0.000000000000000000e+00,0.000000000000000000e+00,5.313256225585937500e+02,7.812500000000000000e-03
8.399999999999999689e-01,-7.019042968750000000e-04,-1.995086669921875000e-03,-5.959689617156982422e-03,2.934592589735984802e-02,2.326176688075065613e-02,1.175550464540719986e-02,4.691787064075469971e-02,6.264128535985946655e-02,0.000000000000000000e+00,0.000000000000000000e+00,0.000000000000000000e+00,0.000000000000000000e+00,5.451988525390625000e+02,0.000000000000000000e+00
8.599999999999999867e-01,-2.441406250000000000e-03,-3.665924072265625000e-03,-7.975399494171142578e-03,2.352900989353656769e-02,2.175911702215671539e-02,1.367303729057312012e-02,4.574060067534446716e-02,5.940735340118408203e-02,0.000000000000000000e+00,0.000000000000000000e+00,0.000000000000000000e+00,0.000000000000000000e+00,5.349442138671875000e+02,0.000000000000000000e+00
8.800000000000000044e-01,-6.643295288085937500e-03,-5.205154418945312500e-03,-9.921967983245849609e-03,2.487855777144432068e-02,2.165606617927551270e-02,1.567077264189720154e-02,4.603876918554306030e-02,5.619383975863456726e-02,0.000000000000000000e+00,1.000000000000000000e+00,0.000000000000000000e+00,0.000000000000000000e+00,5.448088989257812500e+02,3.906250000000000000e-03
9.000000000000000222e-01,-1.291084289550781250e-02,-6.046295166015625000e-03,-1.268148422241210938e-02,2.892859838902950287e-02,2.397228777408599854e-02,1.647189259529113770e-02,4.499887675046920776e-02,5.211376771330833435e-02,0.000000000000000000e+00,0.000000000000000000e+00,0.000000000000000000e+00,0.000000000000000000e+00,5.355187988281250000e+02,0.000000000000000000e+00
9.200000000000000400e-01,-1.779365539550781250e-02,-7.408142089843750000e-03,-1.323127746582031250e-02,4.191907867789268494e-02,3.030228242278099060e-02,2.917811833322048187e-02,1.621800847351551056e-02,5.400219932198524475e-02,1.000000000000000000e+00,0.000000000000000000e+00,0.000000000000000000e+00,0.000000000000000000e+00,5.340673217773437500e+02,1.250000000000000000e-01
9.400000000000000577e-01,-2.073287963867187500e-02,-9.069442749023437500e-03,-1.461821794509887695e-02,5.461939796805381775e-02,3.802534565329551697e-02,3.982907533645629883e-02,4.406091570854187012e-02,5.497775226831436157e-02,0.000000000000000000e+00,0.000000000000000000e+00,0.000000000000000000e+00,0.000000000000000000e+00,5.300446166992187500e+02,0.000000000000000000e+00
9.599999999999999645e-01,-2.156829833984375000e-02,-1.018714904785156250e-02,-1.709723472595214844e-02,7.226625829935073853e-02,4.546558484435081482e-02,4.709896072745323181e-02,8.304889500141143799e-02,5.574271455407142639e-02,0.000000000000000000e+00,0.000000000000000000e+00,1.000000000000000000e+00,0.000000000000000000e+00,5.415519409179687500e+02,0.000000000000000000e+00
9.799999999999999822e-01,-2.160453796386718750e-02,-1.115989685058593750e-02,-1.930141448974609375e-02,8.166113495826721191e-02,5.023911595344543457e-02,5.305627733469009399e-02,1.054889634251594543e-01,5.583147704601287842e-02,1.000000000000000000e+00,0.000000000000000000e+00,0.000000000000000000e+00,0.000000000000000000e+00,5.327640991210937500e+02,0.000000000000000000e+00
1.000000000000000000e+00,-2.198028564453125000e-02,-1.243019104003906250e-02,-1.929080486297607422e-02,7.549724727869033813e-02,5.228419601917266846e-02,5.970687046647071838e-02,1.070711016654968262e-01,5.550162494182586670e-02,0.000000000000000000e+00,0.000000000000000000e+00,0.000000000000000000e+00,0.000000000000000000e+00,5.733293457031250000e+02,0.000000000000000000e+00
1.020000000000000018e+00,-2.196311950683593750e-02,-1.321220397949218750e-02,-1.909947395324707031e-02,6.648825109004974365e-02,5.244030803442001343e-02,6.776655465364456177e-02,1.060624271631240845e-01,5.518317967653274536e-02,0.000000000000000000e+00,0.000000000000000000e+00,1.000000000000000000e+00,0.000000000000000000e+00,5.378198242187500000e+02,0.000000000000000000e+00
1.040000000000000036e+00,-2.177238464355468750e-02,-1.347351074218750000e-02,-1.914530992507934570e-02,5.923130363225936890e-02,5.125218629837036133e-02,7.466873526573181152e-02,1.007788777351379395e-01,5.501963943243026733e-02,0.000000000000000000e+00,0.000000000000000000e+00,0.000000000000000000e+00,0.000000000000000000e+00,5.308096313476562500e+02,0.000000000000000000e+00
1.060000000000000053e+00,-2.148818969726562500e-02,-1.330375671386718750e-02,-1.897925138473510742e-02,5.507155135273933411e-02,4.895656183362007141e-02,7.845300436019897461e-02,9.045737236738204956e-02,5.502644181251525879e-02,0.000000000000000000e+00,0.000000000000000000e+00,0.000000000000000000e+00,0.000000000000000000e+00,5.575949707031250000e+02,0.000000000000000000e+00
1.080000000000000071e+00,-2.104377746582031250e-02,-1.298522949218750000e-02,-1.798540353775024414e-02,5.447076633572578430e-02,4.505527764558792114e-02,8.038365095853805542e-02,7.601775974035263062e-02,5.504364892840385437e-02,0.000000000000000000e+00,0.000000000000000000e+00,0.000000000000000000e+00,0.000000000000000000e+00,5.469053344726562500e+02,0.000000000000000000e+00
1.100000000000000089e+00,-1.986312866210937500e-02,-1.265144348144531250e-02,-1.633882522583007812e-02,5.710788816213607788e-02,4.133400693535804749e-02,8.245524019002914429e-02,5.950730293989181519e-02,5.495752394199371338e-02,0.000000000000000000e+00,0.000000000000000000e+00,0.000000000000000000e+00,0.000000000000000000e+00,5.388414916992187500e+02,3.906250000000000000e-03
1.120000000000000107e+00,-1.786994934082031250e-02,-1.224136352539062500e-02,-1.429498195648193359e-02,6.283358484506607056e-02,3.806935250759124756e-02,8.369202166795730591e-02,4.555738717317581177e-02,5.497799441218376160e-02,0.000000000000000000e+00,0.000000000000000000e+00,0.000000000000000000e+00,0.000000000000000000e+00,5.323693237304687500e+02,0.000000000000000000e+00
1.140000000000000124e+00,-1.505851745605468750e-02,-1.159286499023437500e-02,-1.212143898010253906e-02,6.840803474187850952e-02,3.480996936559677124e-02,8.262182027101516724e-02,3.174793347716331482e-02,5.502557009458541870e-02,0.000000000000000000e+00,0.000000000000000000e+00,0.000000000000000000e+00,0.000000000000000000e+00,5.501314697265625000e+02,0.000000000000000000e+00
1.159999999999999920e+00,-1.124000549316406250e-02,-1.084899902343750000e-02,-1.040387153625488281e-02,6.902574002742767334e-02,3.190325200557708740e-02,7.889998704195022583e-02,1.789867319166660309e-02,5.510059371590614319e-02,0.000000000000000000e+00,0.000000000000000000e+00,0.000000000000000000e+00,0.000000000000000000e+00,5.653013305664062500e+02,0.000000000000000000e+00
1.179999999999999938e+00,-6.454467773437500000e-03,-1.018714904785156250e-02,-9.482324123382568359e-03,6.455203145742416382e-02,2.883429266512393951e-02,7.231136411428451538e-02,7.077692542225122452e-03,5.507933348417282104e-02,0.000000000000000000e+00,0.000000000000000000e+00,0.000000000000000000e+00,0.000000000000000000e+00,5.680155639648437500e+02,7.812500000000000000e-03
1.199999999999999956e+00,-8.563995361328125000e-04,-9.431838989257812500e-03,-9.656786918640136719e-03,5.923935398459434509e-02,2.549142576754093170e-02,6.311280280351638794e-02,7.116630207747220993e-03,5.512303858995437622e-02,1.000000000000000000e+00,0.000000000000000000e+00,0.000000000000000000e+00,0.000000000000000000e+00,5.231904296875000000e+02,0.000000000000000000e+00
1.219999999999999973e+00,4.314422607421875000e-03,-8.306503295898437500e-03,-1.109403371810913086e-02,5.167165398597717285e-02,2.239676751196384430e-02,5.342413485050201416e-02,1.431083586066961288e-02,5.526849627494812012e-02,1.000000000000000000e+00,0.000000000000000000e+00,0.000000000000000000e+00,0.000000000000000000e+00,5.118078308105468750e+02,0.000000000000000000e+00
1.239999999999999991e+00,6.788253784179687500e-03,-6.214141845703125000e-03,-1.264208555221557617e-02,4.167377948760986328e-02,2.008522115647792816e-02,4.036419093608856201e-02,1.857497915625572205e-02,5.517790466547012329e-02,0.000000000000000000e+00,0.000000000000000000e+00,0.000000000000000000e+00,0.000000000000000000e+00,5.129283447265625000e+02,2.734375000000000000e-02
1.260000000000000009e+00,7.064819335937500000e-03,-1.802444458007812500e-03,-1.286065578460693359e-02,3.484333679080009460e-02,1.909662969410419464e-02,1.530784647911787033e-02,1.761547103524208069e-02,5.527665466070175171e-02,0.000000000000000000e+00,1.000000000000000000e+00,0.000000000000000000e+00,0.000000000000000000e+00,5.142116699218750000e+02,7.812500000000000000e-03
1.280000000000000027e+00,6.881713867187500000e-03,1.415252685546875000e-03,-1.170736551284790039e-02,3.000475652515888214e-02,1.837454177439212799e-02,5.467742681503295898e-03,1.693205535411834717e-02,5.566027015447616577e-02,0.000000000000000000e+00,0.000000000000000000e+00,0.000000000000000000e+00,0.000000000000000000e+00,5.494237060546875000e+02,1.171875000000000000e-02
1.300000000000000044e+00,4.047393798828125000e-03,4.009246826171875000e-03,-9.941577911376953125e-03,2.810928970575332642e-02,1.745983771979808807e-02,6.203379016369581223e-03,1.709923893213272095e-02,5.484214425086975098e-02,1.000000000000000000e+00,0.000000000000000000e+00,0.000000000000000000e+00,0.000000000000000000e+00,5.334153442382812500e+02,7.812500000000000000e-03
1.320000000000000062e+00,-6.866455078125000000e-05,4.961013793945312500e-03,-9.800076484680175781e-03,2.418855763971805573e-02,1.761412806808948517e-02,9.239988401532173157e-03,1.634837687015533447e-02,5.832369998097419739e-02,0.000000000000000000e+00,0.000000000000000000e+00,0.000000000000000000e+00,1.000000000000000000e+00,5.400024414062500000e+02,9.375000000000000000e-02
1.340000000000000080e+00,-4.522323608398437500e-03,6.992340087890625000e-03,-7.537901401519775391e-03,2.558723092079162598e-02,2.007158473134040833e-02,1.321942266076803207e-02,1.668027229607105255e-02,2.623086795210838318e-02,0.000000000000000000e+00,0.000000000000000000e+00,0.000000000000000000e+00,0.000000000000000000e+00,5.558955688476562500e+02,7.421875000000000000e-02
1.360000000000000098e+00,-8.363723754882812500e-03,8.857727050781250000e-03,-5.691766738891601562e-03,3.382247313857078552e-02,2.061400376260280609e-02,1.692913472652435303e-02,1.645891554653644562e-02,2.424123696982860565e-02,0.000000000000000000e+00,0.000000000000000000e+00,0.000000000000000000e+00,0.000000000000000000e+00,5.484716796875000000e+02,0.000000000000000000e+00
1.380000000000000115e+00,-1.054000854492187500e-02,1.004600524902343750e-02,-4.210650920867919922e-03,5.012570694088935852e-02,1.903973519802093506e-02,1.908052898943424225e-02,1.557732094079256058e-02,5.723133310675621033e-02,0.000000000000000000e+00,0.000000000000000000e+00,0.000000000000000000e+00,0.000000000000000000e+00,5.343658447265625000e+02,0.000000000000000000e+00
1.400000000000000133e+00,-1.082801818847656250e-02,1.054954528808593750e-02,-2.972781658172607422e-03,6.479906290769577026e-02,1.739934831857681274e-02,1.979539357125759125e-02,1.538367383182048798e-02,8.191931992769241333e-02,0.000000000000000000e+00,0.000000000000000000e+00,0.000000000000000000e+00,0.000000000000000000e+00,5.469370727539062500e+02,0.000000000000000000e+00
1.419999999999999929e+00,-1.003456115722656250e-02,1.064109802246093750e-02,-2.260684967041015625e-03,7.507913559675216675e-02,1.823586598038673401e-02,1.906254887580871582e-02,1.551357936114072800e-02,9.622301906347274780e-02,0.000000000000000000e+00,0.000000000000000000e+00,0.000000000000000000e+00,0.000000000000000000e+00,5.455789184570312500e+02,0.000000000000000000e+00
1.439999999999999947e+00,-8.918762207031250000e-03,1.048088073730468750e-02,-2.589881420135498047e-03,8.293041586875915527e-02,2.159566245973110199e-02,1.718575321137905121e-02,1.544914208352565765e-02,1.015013903379440308e-01,0.000000000000000000e+00,0.000000000000000000e+00,0.000000000000000000e+00,0.000000000000000000e+00,5.510249023437500000e+02,0.000000000000000000e+00
1.459999999999999964e+00,-7.417678833007812500e-03,1.005935668945312500e-02,-3.875315189361572266e-03,8.639524877071380615e-02,2.670928277075290680e-02,1.557083893567323685e-02,1.526822336018085480e-02,9.901496767997741699e-02,0.000000000000000000e+00,0.000000000000000000e+00,0.000000000000000000e+00,0.000000000000000000e+00,5.539392700195312500e+02,0.000000000000000000e+00
1.479999999999999982e+00,-5.363464355468750000e-03,9.229660034179687500e-03,-5.181550979614257812e-03,8.432494103908538818e-02,3.273829817771911621e-02,1.449184492230415344e-02,1.520900521427392960e-02,8.981867879629135132e-02,0.000000000000000000e+00,0.000000000000000000e+00,0.000000000000000000e+00,0.000000000000000000e+00,5.402354125976562500e+02,0.000000000000000000e+00
1.500000000000000000e+00,-2.990722656250000000e-03,7.970809936523437500e-03,-5.687594413757324219e-03,7.920613884925842285e-02,4.027621075510978699e-02,1.342692784965038300e-02,1.519193127751350403e-02,7.552707195281982422e-02,0.000000000000000000e+00,0.000000000000000000e+00,0.000000000000000000e+00,0.000000000000000000e+00,5.625250854492187500e+02,0.000000000000000000e+00
1.520000000000000018e+00,-3.662109375000000000e-04,6.387710571289062500e-03,-5.809664726257324219e-03,7.377182692289352417e-02,5.086883157491683960e-02,1.258887164294719696e-02,1.517862826585769653e-02,5.902712792158126831e-02,0.000000000000000000e+00,0.000000000000000000e+00,0.000000000000000000e+00,0.000000000000000000e+00,5.483518676757812500e+02,0.000000000000000000e+00
1.540000000000000036e+00,2.403259277343750000e-03,4.554748535156250000e-03,-6.619811058044433594e-03,6.803752481937408447e-02,6.089074909687042236e-02,1.192250009626150131e-02,1.519320625811815262e-02,4.278049990534782410e-02,0.000000000000000000e+00,0.000000000000000000e+00,0.000000000000000000e+00,0.000000000000000000e+00,5.499699707031250000e+02,0.000000000000000000e+00
1.560000000000000053e+00,5.159378051757812500e-03,2.563476562500000000e-03,-8.541822433471679688e-03,6.120333448052406311e-02,6.634424626827239990e-02,1.228824909776449203e-02,1.490060519427061081e-02,2.811223454773426056e-02,0.000000000000000000e+00,0.000000000000000000e+00,0.000000000000000000e+00,0.000000000000000000e+00,5.438421020507812500e+02,3.906250000000000000e-03
1.580000000000000071e+00,8.720397949218750000e-03,5.722045898437500000e-05,-1.112437248229980469e-02,5.528330430388450623e-02,6.627370417118072510e-02,1.454375870525836945e-02,1.486336253583431244e-02,1.770624332129955292e-02,0.000000000000000000e+00,0.000000000000000000e+00,0.000000000000000000e+00,0.000000000000000000e+00,5.469036254882812500e+02,0.000000000000000000e+00
1.600000000000000089e+00,1.376724243164062500e-02,-3.004074096679687500e-03,-1.399391889572143555e-02,5.367702618241310120e-02,6.096131727099418640e-02,1.695705577731132507e-02,1.483395509421825409e-02,1.718180067837238312e-02,0.000000000000000000e+00,0.000000000000000000e+00,0.000000000000000000e+00,0.000000000000000000e+00,5.224084472656250000e+02,0.000000000000000000e+00
1.620000000000000107e+00,1.921844482421875000e-02,-5.998611450195312500e-03,-1.727783679962158203e-02,5.519697442650794983e-02,5.205903202295303345e-02,2.009587734937667847e-02,1.765520125627517700e-02,2.294711768627166748e-02,0.000000000000000000e+00,0.000000000000000000e+00,0.000000000000000000e+00,1.000000000000000000e+00,5.304263916015625000e+02,0.000000000000000000e+00
1.640000000000000124e+00,2.248573303222656250e-02,-8.493423461914062500e-03,-1.934552192687988281e-02,5.594786256551742554e-02,4.074819013476371765e-02,2.299577929079532623e-02,2.124886773526668549e-02,2.115419507026672363e-02,0.000000000000000000e+00,0.000000000000000000e+00,0.000000000000000000e+00,1.000000000000000000e+00,5.563109741210937500e+02,0.000000000000000000e+00
1.660000000000000142e+00,2.152061462402343750e-02,-1.090812683105468750e-02,-2.163964509963989258e-02,5.336515977978706360e-02,2.164563909173011780e-02,2.372186444699764252e-02,2.031273767352104187e-02,2.152827940881252289e-02,1.000000000000000000e+00,0.000000000000000000e+00,0.000000000000000000e+00,0.000000000000000000e+00,5.506831665039062500e+02,0.000000000000000000e+00
1.679999999999999938e+00,1.968383789062500000e-02,-1.349067687988281250e-02,-2.272367477416992188e-02,4.722574353218078613e-02,6.246460601687431335e-03,2.191990986466407776e-02,1.988915167748928070e-02,2.188892289996147156e-02,1.000000000000000000e+00,0.000000000000000000e+00,0.000000000000000000e+00,0.000000000000000000e+00,5.442878417968750000e+02,1.953125000000000000e-02
1.699999999999999956e+00,1.669692993164062500e-02,-1.574707031250000000e-02,-2.251768112182617188e-02,4.075976088643074036e-02,9.388641454279422760e-03,1.879340782761573792e-02,1.972540095448493958e-02,2.242825552821159363e-02,0.000000000000000000e+00,0.000000000000000000e+00,0.000000000000000000e+00,0.000000000000000000e+00,5.380958862304687500e+02,3.906250000000000000e-03
1.719999999999999973e+00,1.136016845703125000e-02,-1.774024963378906250e-02,-2.157872915267944336e-02,3.520414605736732483e-02,1.454575825482606888e-02,1.649479940533638000e-02,1.970595121383666992e-02,2.299787476658821106e-02,0.000000000000000000e+00,0.000000000000000000e+00,0.000000000000000000e+00,0.000000000000000000e+00,5.482492065429687500e+02,7.812500000000000000e-03
1.739999999999999991e+00,4.535675048828125000e-03,-1.914024353027343750e-02,-2.143800258636474609e-02,3.046998381614685059e-02,1.938753388822078705e-02,9.626325219869613647e-03,2.459341846406459808e-02,2.375959977507591248e-02,0.000000000000000000e+00,0.000000000000000000e+00,1.000000000000000000e+00,0.000000000000000000e+00,5.420709838867187500e+02,3.906250000000000000e-03
1.760000000000000009e+00,-1.834869384765625000e-03,-2.082824707031250000e-02,-2.123242616653442383e-02,2.892859838902950287e-02,2.381553314626216888e-02,8.207233622670173645e-03,3.299426659941673279e-02,2.445663139224052429e-02,0.000000000000000000e+00,0.000000000000000000e+00,1.000000000000000000e+00,0.000000000000000000e+00,5.149487304687500000e+02,3.906250000000000000e-03
1.780000000000000027e+00,-6.534576416015625000e-03,-2.219772338867187500e-02,-2.158164978027343750e-02,2.867196127772331238e-02,2.778903022408485413e-02,1.604579947888851166e-02,3.953840211033821106e-02,2.632667124271392822e-02,0.000000000000000000e+00,0.000000000000000000e+00,1.000000000000000000e+00,0.000000000000000000e+00,5.537271118164062500e+02,1.171875000000000000e-02
1.800000000000000044e+00,-9.571075439453125000e-03,-2.351188659667968750e-02,-2.184087038040161133e-02,3.095133230090141296e-02,2.882615476846694946e-02,2.060081809759140015e-02,4.475975409150123596e-02,2.899580448865890503e-02,0.000000000000000000e+00,0.000000000000000000e+00,0.000000000000000000e+00,0.000000000000000000e+00,5.467194824218750000e+02,1.953125000000000000e-02
1.820000000000000062e+00,-1.134681701660156250e-02,-2.488899230957031250e-02,-2.116328477859497070e-02,3.272613883018493652e-02,2.791960164904594421e-02,2.301193773746490479e-02,4.951039329171180725e-02,2.995976805686950684e-02,0.000000000000000000e+00,0.000000000000000000e+00,0.000000000000000000e+00,0.000000000000000000e+00,5.371320800781250000e+02,0.000000000000000000e+00
1.840000000000000080e+00,-1.201820373535156250e-02,-2.588462829589843750e-02,-2.006930112838745117e-02,3.230081126093864441e-02,2.734324894845485687e-02,2.620475739240646362e-02,5.425615236163139343e-02,3.016763553023338318e-02,0.000000000000000000e+00,0.000000000000000000e+00,0.000000000000000000e+00,0.000000000000000000e+00,5.862654418945312500e+02,0.000000000000000000e+00
1.860000000000000098e+00,-1.198196411132812500e-02,-2.611351013183593750e-02,-1.929545402526855469e-02,2.760430984199047089e-02,2.851359173655509949e-02,3.051961958408355713e-02,5.598340556025505066e-02,3.038289211690425873e-02,0.000000000000000000e+00,0.000000000000000000e+00,0.000000000000000000e+00,0.000000000000000000e+00,5.282402954101562500e+02,0.000000000000000000e+00
1.880000000000000115e+00,-1.158332824707031250e-02,-2.573585510253906250e-02,-1.865530014038085938e-02,2.129498496651649475e-02,2.941536158323287964e-02,3.484412282705307007e-02,5.425752326846122742e-02,3.017865680158138275e-02,0.000000000000000000e+00,0.000000000000000000e+00,0.000000000000000000e+00,0.000000000000000000e+00,5.552451171875000000e+02,0.000000000000000000e+00
1.900000000000000133e+00,-1.121520996093750000e-02,-2.491569519042968750e-02,-1.774305105209350586e-02,1.815204508602619171e-02,2.904997393488883972e-02,3.756790235638618469e-02,5.140053480863571167e-02,3.015181981027126312e-02,0.000000000000000000e+00,0.000000000000000000e+00,0.000000000000000000e+00,0.000000000000000000e+00,5.627236938476562500e+02,0.000000000000000000e+00
1.919999999999999929e+00,-1.077270507812500000e-02,-2.385711669921875000e-02,-1.646077632904052734e-02,1.882266253232955933e-02,2.862284518778324127e-02,3.715933859348297119e-02,4.812069609761238098e-02,3.013269603252410889e-02,0.000000000000000000e+00,0.000000000000000000e+00,0.000000000000000000e+00,0.000000000000000000e+00,5.451260986328125000e+02,0.000000000000000000e+00
1.939999999999999947e+00,-9.952545166015625000e-03,-2.278137207031250000e-02,-1.508945226669311523e-02,2.235465310513973236e-02,2.796343341469764709e-02,3.571535646915435791e-02,4.553783684968948364e-02,3.003464080393314362e-02,0.000000000000000000e+00,0.000000000000000000e+00,0.000000000000000000e+00,0.000000000000000000e+00,5.386931152343750000e+02,0.000000000000000000e+00
1.959999999999999964e+00,-8.689880371093750000e-03,-2.170944213867187500e-02,-1.392519474029541016e-02,2.638545632362365723e-02,2.682507969439029694e-02,3.412579372525215149e-02,4.390089958906173706e-02,2.987600862979888916e-02,0.000000000000000000e+00,0.000000000000000000e+00,0.000000000000000000e+00,0.000000000000000000e+00,5.476031494140625000e+02,0.000000000000000000e+00
1.979999999999999982e+00,-6.702423095703125000e-03,-2.058982849121093750e-02,-1.277452707290649414e-02,2.962087839841842651e-02,2.508309110999107361e-02,3.122098743915557861e-02,4.381739720702171326e-02,2.968030981719493866e-02,0.000000000000000000e+00,0.000000000000000000e+00,0.000000000000000000e+00,0.000000000000000000e+00,5.599411621093750000e+02,0.000000000000000000e+00
2.000000000000000000e+00,-3.770828247070312500e-03,-1.942825317382812500e-02,-1.175004243850708008e-02,3.274798765778541565e-02,2.221495099365711212e-02,2.666605636477470398e-02,4.508745670318603516e-02,2.941655740141868591e-02,0.000000000000000000e+00,0.000000000000000000e+00,0.000000000000000000e+00,0.000000000000000000e+00,5.200056152343750000e+02,0.000000000000000000e+00
2.020000000000000018e+00,1.449584960937500000e-04,-1.826095581054687500e-02,-1.141172647476196289e-02,3.563496842980384827e-02,1.895164884626865387e-02,2.188914269208908081e-02,4.749207943677902222e-02,2.905576303601264954e-02,0.000000000000000000e+00,0.000000000000000000e+00,0.000000000000000000e+00,0.000000000000000000e+00,5.164898681640625000e+02,1.171875000000000000e-02
2.040000000000000036e+00,4.524230957031250000e-03,-1.697158813476562500e-02,-1.192545890808105469e-02,3.758235275745391846e-02,1.666637882590293884e-02,1.948821917176246643e-02,5.111812055110931396e-02,2.868543937802314758e-02,0.000000000000000000e+00,0.000000000000000000e+00,0.000000000000000000e+00,0.000000000000000000e+00,5.490134277343750000e+02,1.171875000000000000e-02
2.060000000000000053e+00,7.234573364257812500e-03,-1.509475708007812500e-02,-1.350557804107666016e-02,3.749978542327880859e-02,1.521165296435356140e-02,2.034724876284599304e-02,5.742548406124114990e-02,2.801389060914516449e-02,0.000000000000000000e+00,0.000000000000000000e+00,1.000000000000000000e+00,0.000000000000000000e+00,5.342771606445312500e+02,7.812500000000000000e-03
2.080000000000000071e+00,6.177902221679687500e-03,-1.110267639160156250e-02,-1.427268981933593750e-02,4.006949439644813538e-02,1.509466674178838730e-02,1.934960670769214630e-02,6.396766752004623413e-02,2.804058790206909180e-02,1.000000000000000000e+00,0.000000000000000000e+00,0.000000000000000000e+00,0.000000000000000000e+00,5.740012207031250000e+02,6.640625000000000000e-02
2.100000000000000089e+00,4.369735717773437500e-03,-6.305694580078125000e-03,-1.336097717285156250e-02,4.226462543010711670e-02,1.524728816002607346e-02,1.445448677986860275e-02,6.423358619213104248e-02,2.828615717589855194e-02,0.000000000000000000e+00,0.000000000000000000e+00,0.000000000000000000e+00,0.000000000000000000e+00,6.002959594726562500e+02,1.367187500000000000e-01
2.120000000000000107e+00,8.220672607421875000e-04,-2.986907958984375000e-03,-1.112610101699829102e-02,4.535596445202827454e-02,1.425015460699796677e-02,1.054175943136215210e-02,6.208746880292892456e-02,2.786533907055854797e-02,0.000000000000000000e+00,0.000000000000000000e+00,0.000000000000000000e+00,0.000000000000000000e+00,6.296652221679687500e+02,1.523437500000000000e-01
2.140000000000000124e+00,-5.674362182617187500e-03,-1.630783081054687500e-03,-1.030212640762329102e-02,4.838785529136657715e-02,1.248265895992517471e-02,9.956877678632736206e-03,6.126904487609863281e-02,2.762557752430438995e-02,0.000000000000000000e+00,0.000000000000000000e+00,0.000000000000000000e+00,1.000000000000000000e+00,5.852454223632812500e+02,6.250000000000000000e-02
2.160000000000000142e+00,-1.173973083496093750e-02,-5.531311035156250000e-04,-8.275270462036132812e-03,5.218136310577392578e-02,1.575031876564025879e-02,1.364776398986577988e-02,6.122772768139839172e-02,2.812561206519603729e-02,0.000000000000000000e+00,0.000000000000000000e+00,0.000000000000000000e+00,0.000000000000000000e+00,5.112772216796875000e+02,2.343750000000000000e-02
2.180000000000000160e+00,-1.828575134277343750e-02,3.547668457031250000e-04,-7.471144199371337891e-03,5.889216810464859009e-02,1.779216900467872620e-02,1.900110207498073578e-02,6.030414626002311707e-02,5.768338963389396667e-02,0.000000000000000000e+00,0.000000000000000000e+00,0.000000000000000000e+00,0.000000000000000000e+00,5.306004028320312500e+02,0.000000000000000000e+00
2.200000000000000178e+00,-2.292251586914062500e-02,9.136199951171875000e-04,-7.246077060699462891e-03,6.929812580347061157e-02,1.874061301350593567e-02,2.408918179571628571e-02,5.958465486764907837e-02,8.711798489093780518e-02,0.000000000000000000e+00,0.000000000000000000e+00,0.000000000000000000e+00,0.000000000000000000e+00,5.267890625000000000e+02,0.000000000000000000e+00
2.220000000000000195e+00,-2.525711059570312500e-02,1.237869262695312500e-03,-6.686270236968994141e-03,8.022331446409225464e-02,2.064094878733158112e-02,2.724350057542324066e-02,5.909770354628562927e-02,1.085244119167327881e-01,0.000000000000000000e+00,0.000000000000000000e+00,0.000000000000000000e+00,0.000000000000000000e+00,5.623765258789062500e+02,0.000000000000000000e+00
2.240000000000000213e+00,-2.572822570800781250e-02,1.276016235351562500e-03,-5.873799324035644531e-03,9.309484064579010010e-02,2.377783134579658508e-02,2.793454006314277649e-02,5.811478197574615479e-02,1.201430112123489380e-01,0.000000000000000000e+00,0.000000000000000000e+00,0.000000000000000000e+00,0.000000000000000000e+00,5.396119384765625000e+02,0.000000000000000000e+00
2.260000000000000231e+00,-2.495765686035156250e-02,9.250640869140625000e-04,-5.118429660797119141e-03,1.062829717993736267e-01,2.741943113505840302e-02,2.748447842895984650e-02,5.795087292790412903e-02,1.226696297526359558e-01,0.000000000000000000e+00,0.000000000000000000e+00,0.000000000000000000e+00,0.000000000000000000e+00,5.506768798828125000e+02,0.000000000000000000e+00
2.280000000000000249e+00,-2.350234985351562500e-02,2.670288085937500000e-05,-4.648327827453613281e-03,1.132332161068916321e-01,3.098113276064395905e-02,2.633030898869037628e-02,5.783858522772789001e-02,1.185446605086326599e-01,0.000000000000000000e+00,0.000000000000000000e+00,0.000000000000000000e+00,0.000000000000000000e+00,5.456448974609375000e+02,0.000000000000000000e+00
2.300000000000000266e+00,-2.174186706542968750e-02,-1.312255859375000000e-03,-4.437506198883056641e-03,1.106677427887916565e-01,3.610933199524879456e-02,2.484279125928878784e-02,5.761009827256202698e-02,1.103262379765510559e-01,0.000000000000000000e+00,0.000000000000000000e+00,0.000000000000000000e+00,0.000000000000000000e+00,5.685002441406250000e+02,0.000000000000000000e+00
2.319999999999999840e+00,-1.982116699218750000e-02,-3.074645996093750000e-03,-4.390895366668701172e-03,1.028243899345397949e-01,4.299550503492355347e-02,2.299869246780872345e-02,5.753523111343383789e-02,9.922938048839569092e-02,0.000000000000000000e+00,0.000000000000000000e+00,0.000000000000000000e+00,0.000000000000000000e+00,5.439907226562500000e+02,3.906250000000000000e-03
2.339999999999999858e+00,-1.777648925781250000e-02,-5.254745483398437500e-03,-4.390001296997070312e-03,9.402023255825042725e-02,4.976075142621994019e-02,2.147839032113552094e-02,5.764870718121528625e-02,8.581919223070144653e-02,0.000000000000000000e+00,0.000000000000000000e+00,0.000000000000000000e+00,0.000000000000000000e+00,5.427215576171875000e+02,0.000000000000000000e+00
2.359999999999999876e+00,-1.543617248535156250e-02,-7.762908935546875000e-03,-4.971086978912353516e-03,8.635659515857696533e-02,5.591903254389762878e-02,1.975575461983680725e-02,5.779128149151802063e-02,7.063248753547668457e-02,0.000000000000000000e+00,0.000000000000000000e+00,0.000000000000000000e+00,0.000000000000000000e+00,5.603085327148437500e+02,0.000000000000000000e+00
2.379999999999999893e+00,-1.248741149902343750e-02,-1.027488708496093750e-02,-6.313383579254150391e-03,7.937757670879364014e-02,6.085234507918357849e-02,1.777931489050388336e-02,5.812055990099906921e-02,5.495973676443099976e-02,0.000000000000000000e+00,0.000000000000000000e+00,0.000000000000000000e+00,0.000000000000000000e+00,5.439260864257812500e+02,0.000000000000000000e+00
2.399999999999999911e+00,-8.802413940429687500e-03,-1.270103454589843750e-02,-9.112894535064697266e-03,7.422301173210144043e-02,6.252533197402954102e-02,1.657004281878471375e-02,5.862439051270484924e-02,4.365246370434761047e-02,0.000000000000000000e+00,0.000000000000000000e+00,0.000000000000000000e+00,0.000000000000000000e+00,5.353410644531250000e+02,0.000000000000000000e+00
2.419999999999999929e+00,-3.917694091796875000e-03,-1.548957824707031250e-02,-1.338064670562744141e-02,7.038053125143051147e-02,5.964125692844390869e-02,1.800219342112541199e-02,6.428816169500350952e-02,4.121040180325508118e-02,0.000000000000000000e+00,1.000000000000000000e+00,0.000000000000000000e+00,0.000000000000000000e+00,5.696959838867187500e+02,3.906250000000000000e-03
2.439999999999999947e+00,2.517700195312500000e-03,-1.880836486816406250e-02,-1.828753948211669922e-02,6.667449325323104858e-02,5.251951515674591064e-02,2.170680835843086243e-02,6.425964087247848511e-02,4.618611559271812439e-02,0.000000000000000000e+00,0.000000000000000000e+00,0.000000000000000000e+00,0.000000000000000000e+00,5.278947143554687500e+02,0.000000000000000000e+00
2.459999999999999964e+00,8.926391601562500000e-03,-2.179527282714843750e-02,-2.230715751647949219e-02,6.347171217203140259e-02,4.311585798859596252e-02,2.453612536191940308e-02,6.443663686513900757e-02,5.113942921161651611e-02,0.000000000000000000e+00,0.000000000000000000e+00,0.000000000000000000e+00,1.000000000000000000e+00,5.355444335937500000e+02,0.000000000000000000e+00
2.479999999999999982e+00,1.291847229003906250e-02,-2.375221252441406250e-02,-2.451485395431518555e-02,5.675606802105903625e-02,3.377004712820053101e-02,2.522419020533561707e-02,6.489445269107818604e-02,5.315469950437545776e-02,1.000000000000000000e+00,0.000000000000000000e+00,0.000000000000000000e+00,0.000000000000000000e+00,5.724672851562500000e+02,0.000000000000000000e+00
2.500000000000000000e+00,1.299667358398437500e-02,-2.603721618652343750e-02,-2.612358331680297852e-02,4.524016380310058594e-02,3.478432446718215942e-02,2.463343739509582520e-02,6.515625864267349243e-02,5.406276136636734009e-02,1.000000000000000000e+00,0.000000000000000000e+00,0.000000000000000000e+00,0.000000000000000000e+00,5.495670166015625000e+02,3.906250000000000000e-03
2.520000000000000018e+00,1.294517517089843750e-02,-2.806472778320312500e-02,-2.624964714050292969e-02,3.641594201326370239e-02,4.005863144993782043e-02,2.380777709186077118e-02,6.523131579160690308e-02,5.524172261357307434e-02,1.000000000000000000e+00,0.000000000000000000e+00,0.000000000000000000e+00,0.000000000000000000e+00,5.558863525390625000e+02,0.000000000000000000e+00
2.540000000000000036e+00,1.070594787597656250e-02,-2.947235107421875000e-02,-2.494490146636962891e-02,2.845493145287036896e-02,4.180630668997764587e-02,2.218364551663398743e-02,4.912094399333000183e-02,5.393437296152114868e-02,0.000000000000000000e+00,1.000000000000000000e+00,0.000000000000000000e+00,0.000000000000000000e+00,5.377119140625000000e+02,0.000000000000000000e+00
2.560000000000000053e+00,6.109237670898437500e-03,-3.041839599609375000e-02,-2.459663152694702148e-02,2.590210922062397003e-02,4.361420497298240662e-02,1.974998787045478821e-02,4.570315778255462646e-02,5.402885749936103821e-02,0.000000000000000000e+00,0.000000000000000000e+00,0.000000000000000000e+00,0.000000000000000000e+00,5.303750610351562500e+02,0.000000000000000000e+00
2.580000000000000071e+00,1.739501953125000000e-03,-3.178596496582031250e-02,-2.415931224822998047e-02,2.614945918321609497e-02,4.509620368480682373e-02,8.141403086483478546e-03,5.337338894605636597e-02,5.339189246296882629e-02,0.000000000000000000e+00,0.000000000000000000e+00,1.000000000000000000e+00,0.000000000000000000e+00,5.244180297851562500e+02,0.000000000000000000e+00
2.600000000000000089e+00,-1.731872558593750000e-03,-3.313636779785156250e-02,-2.409309148788452148e-02,2.497420832514762878e-02,4.702212288975715637e-02,1.378961652517318726e-02,5.974566563963890076e-02,5.384896323084831238e-02,0.000000000000000000e+00,0.000000000000000000e+00,1.000000000000000000e+00,0.000000000000000000e+00,5.642200317382812500e+02,3.906250000000000000e-03
2.620000000000000107e+00,-3.608703613281250000e-03,-3.445434570312500000e-02,-2.406513690948486328e-02,2.112637460231781006e-02,4.799878224730491638e-02,2.397519536316394806e-02,6.492994725704193115e-02,5.407305806875228882e-02,0.000000000000000000e+00,0.000000000000000000e+00,0.000000000000000000e+00,0.000000000000000000e+00,5.285883789062500000e+02,3.906250000000000000e-03
2.640000000000000124e+00,-4.112243652343750000e-03,-3.578567504882812500e-02,-2.377152442932128906e-02,1.626794598996639252e-02,4.783386364579200745e-02,3.357470780611038208e-02,6.931937485933303833e-02,5.427258089184761047e-02,0.000000000000000000e+00,0.000000000000000000e+00,0.000000000000000000e+00,0.000000000000000000e+00,5.639961547851562500e+02,0.000000000000000000e+00
2.660000000000000142e+00,-3.822326660156250000e-03,-3.695869445800781250e-02,-2.326011657714843750e-02,1.564029045403003693e-02,4.700640961527824402e-02,4.228766635060310364e-02,7.261621952056884766e-02,5.458290502429008484e-02,0.000000000000000000e+00,0.000000000000000000e+00,0.000000000000000000e+00,0.000000000000000000e+00,5.386289062500000000e+02,0.000000000000000000e+00
2.680000000000000160e+00,-3.221511840820312500e-03,-3.775215148925781250e-02,-2.290982007980346680e-02,1.833500899374485016e-02,4.643137007951736450e-02,4.979369416832923889e-02,7.328402251005172729e-02,5.503142997622489929e-02,0.000000000000000000e+00,0.000000000000000000e+00,0.000000000000000000e+00,0.000000000000000000e+00,5.682164916992187500e+02,0.000000000000000000e+00
2.700000000000000178e+00,-2.603530883789062500e-03,-3.812980651855468750e-02,-2.290517091751098633e-02,1.847749575972557068e-02,4.621969908475875854e-02,5.576268211007118225e-02,7.252863049507141113e-02,5.520518869161605835e-02,0.000000000000000000e+00,0.000000000000000000e+00,0.000000000000000000e+00,0.000000000000000000e+00,5.332667846679687500e+02,0.000000000000000000e+00
2.720000000000000195e+00,-2.061843872070312500e-03,-3.805351257324218750e-02,-2.277261018753051758e-02,1.763235218822956085e-02,4.628349095582962036e-02,5.951249971985816956e-02,7.083864510059356689e-02,5.532372370362281799e-02,0.000000000000000000e+00,0.000000000000000000e+00,0.000000000000000000e+00,0.000000000000000000e+00,5.591148681640625000e+02,0.000000000000000000e+00
2.740000000000000213e+00,-1.583099365234375000e-03,-3.759002685546875000e-02,-2.198159694671630859e-02,2.236531674861907959e-02,4.622051864862442017e-02,5.877512693405151367e-02,6.914982199668884277e-02,5.521405860781669617e-02,0.000000000000000000e+00,0.000000000000000000e+00,0.000000000000000000e+00,0.000000000000000000e+00,5.634266357421875000e+02,0.000000000000000000e+00
2.760000000000000231e+00,-1.232147216796875000e-03,-3.693008422851562500e-02,-2.079361677169799805e-02,2.962087839841842651e-02,4.539049416780471802e-02,5.381772667169570923e-02,6.915940344333648682e-02,5.504965037107467651e-02,0.000000000000000000e+00,0.000000000000000000e+00,0.000000000000000000e+00,0.000000000000000000e+00,5.212772216796875000e+02,0.000000000000000000e+00
2.780000000000000249e+00,-8.716583251953125000e-04,-3.610610961914062500e-02,-1.970970630645751953e-02,3.249216452240943909e-02,4.469120502471923828e-02,4.898723959922790527e-02,7.046330720186233521e-02,5.486797168850898743e-02,0.000000000000000000e+00,0.000000000000000000e+00,0.000000000000000000e+00,0.000000000000000000e+00,5.224627075195312500e+02,0.000000000000000000e+00
2.800000000000000266e+00,-1.811981201171875000e-04,-3.522682189941406250e-02,-1.900589466094970703e-02,3.128844127058982849e-02,4.428936913609504700e-02,4.448153078556060791e-02,7.266654819250106812e-02,5.496485158801078796e-02,0.000000000000000000e+00,0.000000000000000000e+00,0.000000000000000000e+00,0.000000000000000000e+00,5.417032470703125000e+02,0.000000000000000000e+00
2.819999999999999840e+00,1.293182373046875000e-03,-3.441429138183593750e-02,-1.919907331466674805e-02,3.024220652878284454e-02,4.413621500134468079e-02,3.933620452880859375e-02,7.495771348476409912e-02,5.473581701517105103e-02,0.000000000000000000e+00,0.000000000000000000e+00,0.000000000000000000e+00,0.000000000000000000e+00,5.516873168945312500e+02,0.000000000000000000e+00
2.839999999999999858e+00,3.904342651367187500e-03,-3.354835510253906250e-02,-2.039873600006103516e-02,3.075814619660377502e-02,4.470636323094367981e-02,3.351175040006637573e-02,7.825504988431930542e-02,5.442020669579505920e-02,0.000000000000000000e+00,0.000000000000000000e+00,0.000000000000000000e+00,0.000000000000000000e+00,5.431216430664062500e+02,3.906250000000000000e-03
2.859999999999999876e+00,7.541656494140625000e-03,-3.237152099609375000e-02,-2.234232425689697266e-02,3.247014060616493225e-02,4.560156911611557007e-02,2.888493984937667847e-02,8.339860290288925171e-02,5.394265055656433105e-02,0.000000000000000000e+00,0.000000000000000000e+00,0.000000000000000000e+00,0.000000000000000000e+00,5.618563232421875000e+02,0.000000000000000000e+00
2.879999999999999893e+00,1.060676574707031250e-02,-3.145217895507812500e-02,-2.341163158416748047e-02,3.875057771801948547e-02,4.607249423861503601e-02,2.694101817905902863e-02,8.980648964643478394e-02,5.389805883169174194e-02,0.000000000000000000e+00,0.000000000000000000e+00,1.000000000000000000e+00,0.000000000000000000e+00,5.482816772460937500e+02,1.171875000000000000e-02
2.899999999999999911e+00,1.107978820800781250e-02,-2.976608276367187500e-02,-2.318489551544189453e-02,4.991596564650535583e-02,4.642053693532943726e-02,2.726272679865360260e-02,9.537949413061141968e-02,5.362724512815475464e-02,0.000000000000000000e+00,1.000000000000000000e+00,1.000000000000000000e+00,0.000000000000000000e+00,5.563375244140625000e+02,3.906250000000000000e-02
2.919999999999999929e+00,9.494781494140625000e-03,-2.526283264160156250e-02,-2.223956584930419922e-02,5.911444127559661865e-02,4.715367406606674194e-02,2.234631404280662537e-02,9.492368996143341064e-02,5.316802486777305603e-02,0.000000000000000000e+00,0.000000000000000000e+00,0.000000000000000000e+00,0.000000000000000000e+00,5.194898681640625000e+02,5.078125000000000000e-02
2.939999999999999947e+00,7.339477539062500000e-03,-2.206611633300781250e-02,-1.972007751464843750e-02,6.539979577064514160e-02,4.794527962803840637e-02,1.764234527945518494e-02,9.341317415237426758e-02,5.275041610002517700e-02,0.000000000000000000e+00,0.000000000000000000e+00,0.000000000000000000e+00,0.000000000000000000e+00,5.464166259765625000e+02,4.296875000000000000e-02
2.959999999999999964e+00,2.555847167968750000e-03,-2.033424377441406250e-02,-1.685428619384765625e-02,6.974746286869049072e-02,4.797946661710739136e-02,1.369404885917901993e-02,9.301877766847610474e-02,5.235748365521430969e-02,0.000000000000000000e+00,0.000000000000000000e+00,0.000000000000000000e+00,0.000000000000000000e+00,5.558613891601562500e+02,1.562500000000000000e-02
2.979999999999999982e+00,-3.393173217773437500e-03,-2.114486694335937500e-02,-1.648980379104614258e-02,7.215066999197006226e-02,4.999474063515663147e-02,1.012568641453981400e-02,9.273998439311981201e-02,5.875429883599281311e-02,0.000000000000000000e+00,0.000000000000000000e+00,0.000000000000000000e+00,0.000000000000000000e+00,5.664411621093750000e+02,0.000000000000000000e+00
3.000000000000000000e+00,-9.471893310546875000e-03,-2.230453491210937500e-02,-1.636368036270141602e-02,7.208783924579620361e-02,5.457330495119094849e-02,7.370105478912591934e-03,9.254974871873855591e-02,6.661445647478103638e-02,0.000000000000000000e+00,0.000000000000000000e+00,0.000000000000000000e+00,0.000000000000000000e+00,5.450294189453125000e+02,0.000000000000000000e+00
3.020000000000000018e+00,-1.504325866699218750e-02,-2.356910705566406250e-02,-1.643830537796020508e-02,7.006131112575531006e-02,5.557494238018989563e-02,6.703242193907499313e-03,9.258726239204406738e-02,6.898108124732971191e-02,0.000000000000000000e+00,0.000000000000000000e+00,0.000000000000000000e+00,0.000000000000000000e+00,5.360288085937500000e+02,0.000000000000000000e+00
3.040000000000000036e+00,-1.884269714355468750e-02,-2.486801147460937500e-02,-1.628553867340087891e-02,6.879042088985443115e-02,5.332846939563751221e-02,7.207949645817279816e-03,9.230758994817733765e-02,6.941775977611541748e-02,0.000000000000000000e+00,0.000000000000000000e+00,0.000000000000000000e+00,0.000000000000000000e+00,5.449487304687500000e+02,0.000000000000000000e+00
3.060000000000000053e+00,-2.086639404296875000e-02,-2.609443664550781250e-02,-1.597911119461059570e-02,6.948370486497879028e-02,4.967431351542472839e-02,7.758517283946275711e-03,9.263267368078231812e-02,6.972257047891616821e-02,0.000000000000000000e+00,0.000000000000000000e+00,0.000000000000000000e+00,0.000000000000000000e+00,5.268153076171875000e+02,0.000000000000000000e+00
3.080000000000000071e+00,-2.157020568847656250e-02,-2.721595764160156250e-02,-1.555341482162475586e-02,6.953859329223632812e-02,4.565434902906417847e-02,8.003635331988334656e-03,9.253020584583282471e-02,6.946098804473876953e-02,0.000000000000000000e+00,0.000000000000000000e+00,0.000000000000000000e+00,0.000000000000000000e+00,5.296788940429687500e+02,0.000000000000000000e+00
3.100000000000000089e+00,-2.153205871582031250e-02,-2.832412719726562500e-02,-1.520311832427978516e-02,6.995230168104171753e-02,4.214534908533096313e-02,7.744564674794673920e-03,9.242969006299972534e-02,7.011343538761138916e-02,0.000000000000000000e+00,0.000000000000000000e+00,0.000000000000000000e+00,0.000000000000000000e+00,5.430187988281250000e+02,0.000000000000000000e+00
3.120000000000000107e+00,-2.102661132812500000e-02,-2.942085266113281250e-02,-1.501739025115966797e-02,6.974404305219650269e-02,3.975213319063186646e-02,7.250337395817041397e-03,9.225843846797943115e-02,7.165756076574325562e-02,0.000000000000000000e+00,0.000000000000000000e+00,0.000000000000000000e+00,0.000000000000000000e+00,5.381266479492187500e+02,0.000000000000000000e+00
3.140000000000000124e+00,-2.019119262695312500e-02,-3.054237365722656250e-02,-1.491713523864746094e-02,6.882853806018829346e-02,3.760895133018493652e-02,6.786056794226169586e-03,9.208142012357711792e-02,7.395006716251373291e-02,0.000000000000000000e+00,0.000000000000000000e+00,0.000000000000000000e+00,0.000000000000000000e+00,5.675157470703125000e+02,0.000000000000000000e+00
3.160000000000000142e+00,-1.907348632812500000e-02,-3.170967102050781250e-02,-1.474797725677490234e-02,6.710585206747055054e-02,3.287651389837265015e-02,6.448528729379177094e-03,9.219148010015487671e-02,7.676006853580474854e-02,0.000000000000000000e+00,0.000000000000000000e+00,0.000000000000000000e+00,0.000000000000000000e+00,5.429912719726562500e+02,0.000000000000000000e+00
3.180000000000000160e+00,-1.764488220214843750e-02,-3.298377990722656250e-02,-1.454234123229980469e-02,6.484688818454742432e-02,2.722072787582874298e-02,6.287588272243738174e-03,9.221071749925613403e-02,7.948922365903854370e-02,0.000000000000000000e+00,0.000000000000000000e+00,0.000000000000000000e+00,0.000000000000000000e+00,5.372554321289062500e+02,0.000000000000000000e+00
3.200000000000000178e+00,-1.575660705566406250e-02,-3.435134887695312500e-02,-1.470243930816650391e-02,6.144053861498832703e-02,2.282994426786899567e-02,6.468756124377250671e-03,9.253266453742980957e-02,8.126425743103027344e-02,0.000000000000000000e+00,0.000000000000000000e+00,0.000000000000000000e+00,0.000000000000000000e+00,5.445737915039062500e+02,0.000000000000000000e+00
3.220000000000000195e+00,-1.310539245605468750e-02,-3.576469421386718750e-02,-1.559418439865112305e-02,5.702431872487068176e-02,1.930043660104274750e-02,7.515854202210903168e-03,9.274008125066757202e-02,8.156257122755050659e-02,0.000000000000000000e+00,0.000000000000000000e+00,0.000000000000000000e+00,0.000000000000000000e+00,5.463563232421875000e+02,0.000000000000000000e+00
3.240000000000000213e+00,-9.258270263671875000e-03,-3.730773925781250000e-02,-1.714092493057250977e-02,5.437437444925308228e-02,1.586861908435821533e-02,1.019623409956693649e-02,9.294256567955017090e-02,8.102649450302124023e-02,0.000000000000000000e+00,0.000000000000000000e+00,0.000000000000000000e+00,0.000000000000000000e+00,5.630275268554687500e+02,0.000000000000000000e+00
3.260000000000000231e+00,-3.910064697265625000e-03,-3.911018371582031250e-02,-1.914513111114501953e-02,5.309639126062393188e-02,1.373616885393857956e-02,1.409279555082321167e-02,9.311033040285110474e-02,8.017563819885253906e-02,0.000000000000000000e+00,0.000000000000000000e+00,0.000000000000000000e+00,0.000000000000000000e+00,5.446647949218750000e+02,0.000000000000000000e+00
3.280000000000000249e+00,2.376556396484375000e-03,-4.124069213867187500e-02,-2.148145437240600586e-02,5.310986191034317017e-02,1.569905132055282593e-02,1.828552596271038055e-02,9.332513809204101562e-02,7.957910746335983276e-02,0.000000000000000000e+00,0.000000000000000000e+00,0.000000000000000000e+00,0.000000000000000000e+00,5.561853637695312500e+02,0.000000000000000000e+00
3.300000000000000266e+00,7.444381713867187500e-03,-4.308700561523437500e-02,-2.383697032928466797e-02,5.360145494341850281e-02,1.951973140239715576e-02,2.154834941029548645e-02,9.360449016094207764e-02,8.037779480218887329e-02,1.000000000000000000e+00,0.000000000000000000e+00,0.000000000000000000e+00,0.000000000000000000e+00,5.493124389648437500e+02,0.000000000000000000e+00
3.320000000000000284e+00,8.470535278320312500e-03,-4.497146606445312500e-02,-2.601754665374755859e-02,5.185591056942939758e-02,1.948815025389194489e-02,2.221804484724998474e-02,9.371630102396011353e-02,8.130504190921783447e-02,0.000000000000000000e+00,0.000000000000000000e+00,0.000000000000000000e+00,0.000000000000000000e+00,5.328388671875000000e+02,7.812500000000000000e-03
3.339999999999999858e+00,8.235931396484375000e-03,-4.716873168945312500e-02,-2.737694978713989258e-02,4.953715205192565918e-02,1.983362808823585510e-02,2.065543085336685181e-02,9.431422501802444458e-02,8.174214512109756470e-02,0.000000000000000000e+00,0.000000000000000000e+00,0.000000000000000000e+00,0.000000000000000000e+00,5.316517944335937500e+02,0.000000000000000000e+00
3.359999999999999876e+00,6.113052368164062500e-03,-4.909896850585937500e-02,-2.777415513992309570e-02,4.792738705873489380e-02,2.098061330616474152e-02,1.873397082090377808e-02,9.389916807413101196e-02,8.212528377771377563e-02,0.000000000000000000e+00,0.000000000000000000e+00,0.000000000000000000e+00,0.000000000000000000e+00,5.314098510742187500e+02,0.000000000000000000e+00
3.379999999999999893e+00,1.558303833007812500e-03,-5.062484741210937500e-02,-2.742207050323486328e-02,4.746245220303535461e-02,2.330443449318408966e-02,1.772757805883884430e-02,9.347746521234512329e-02,8.238048106431961060e-02,0.000000000000000000e+00,0.000000000000000000e+00,0.000000000000000000e+00,0.000000000000000000e+00,5.300349731445312500e+02,7.812500000000000000e-03
3.399999999999999911e+00,-4.026412963867187500e-03,-5.134391784667968750e-02,-2.788555622100830078e-02,4.465130344033241272e-02,2.688864432275295258e-02,1.252824254333972931e-02,9.471226483583450317e-02,8.151006698608398438e-02,0.000000000000000000e+00,0.000000000000000000e+00,1.000000000000000000e+00,0.000000000000000000e+00,5.485695800781250000e+02,1.562500000000000000e-02
3.419999999999999929e+00,-8.943557739257812500e-03,-5.268096923828125000e-02,-2.832823991775512695e-02,4.407621920108795166e-02,3.058877214789390564e-02,1.344294473528862000e-02,1.022325903177261353e-01,8.210622519254684448e-02,0.000000000000000000e+00,0.000000000000000000e+00,1.000000000000000000e+00,0.000000000000000000e+00,5.413273315429687500e+02,2.734375000000000000e-02
3.439999999999999947e+00,-1.176643371582031250e-02,-5.347633361816406250e-02,-2.783364057540893555e-02,2.888735942542552948e-02,3.549676388502120972e-02,2.202501520514488220e-02,7.840058207511901855e-02,7.660608738660812378e-02,0.000000000000000000e+00,0.000000000000000000e+00,0.000000000000000000e+00,0.000000000000000000e+00,5.520667114257812500e+02,7.812500000000000000e-03
3.459999999999999964e+00,-1.246833801269531250e-02,-5.461502075195312500e-02,-2.773493528366088867e-02,2.016793377697467804e-02,3.874984383583068848e-02,2.890013717114925385e-02,7.178746163845062256e-02,7.679373770952224731e-02,0.000000000000000000e+00,0.000000000000000000e+00,1.000000000000000000e+00,0.000000000000000000e+00,5.205306396484375000e+02,0.000000000000000000e+00
3.479999999999999982e+00,-1.214218139648437500e-02,-5.623817443847656250e-02,-2.678728103637695312e-02,1.923612505197525024e-02,4.001425206661224365e-02,3.513393923640251160e-02,7.617771625518798828e-02,7.769321650266647339e-02,0.000000000000000000e+00,0.000000000000000000e+00,1.000000000000000000e+00,0.000000000000000000e+00,5.793388061523437500e+02,0.000000000000000000e+00
3.500000000000000000e+00,-1.135635375976562500e-02,-5.774116516113281250e-02,-2.622777223587036133e-02,2.040300145745277405e-02,3.932078927755355835e-02,4.127792268991470337e-02,8.072962611913681030e-02,7.897389680147171021e-02,0.000000000000000000e+00,0.000000000000000000e+00,0.000000000000000000e+00,0.000000000000000000e+00,5.395106201171875000e+02,0.000000000000000000e+00
3.520000000000000018e+00,-1.058959960937500000e-02,-5.860137939453125000e-02,-2.625137567520141602e-02,2.120522782206535339e-02,3.775067999958992004e-02,4.713476076722145081e-02,8.298616856336593628e-02,8.036091178655624390e-02,0.000000000000000000e+00,0.000000000000000000e+00,0.000000000000000000e+00,0.000000000000000000e+00,5.704187011718750000e+02,0.000000000000000000e+00
3.540000000000000036e+00,-9.809494018554687500e-03,-5.877494812011718750e-02,-2.616995573043823242e-02,2.138436771929264069e-02,3.596869483590126038e-02,5.253803357481956482e-02,8.230967074632644653e-02,8.029371500015258789e-02,0.000000000000000000e+00,0.000000000000000000e+00,0.000000000000000000e+00,0.000000000000000000e+00,5.601962280273437500e+02,0.000000000000000000e+00
3.560000000000000053e+00,-9.052276611328125000e-03,-5.831527709960937500e-02,-2.557390928268432617e-02,2.012059092521667480e-02,3.424173593521118164e-02,5.613436922430992126e-02,8.027420192956924438e-02,8.026684820652008057e-02,0.000000000000000000e+00,0.000000000000000000e+00,0.000000000000000000e+00,0.000000000000000000e+00,5.174489135742187500e+02,0.000000000000000000e+00
3.580000000000000071e+00,-8.224487304687500000e-03,-5.723571777343750000e-02,-2.399528026580810547e-02,1.916161365807056427e-02,3.254601359367370605e-02,5.505311116576194763e-02,7.686796039342880249e-02,8.023277670145034790e-02,0.000000000000000000e+00,0.000000000000000000e+00,0.000000000000000000e+00,0.000000000000000000e+00,5.504948120117187500e+02,3.906250000000000000e-03
3.600000000000000089e+00,-7.261276245117187500e-03,-5.583190917968750000e-02,-2.175968885421752930e-02,1.933502592146396637e-02,3.068872727453708649e-02,5.170765146613121033e-02,7.378510385751724243e-02,8.008547127246856689e-02,0.000000000000000000e+00,0.000000000000000000e+00,0.000000000000000000e+00,0.000000000000000000e+00,5.464649658203125000e+02,0.000000000000000000e+00
3.620000000000000107e+00,-6.214141845703125000e-03,-5.451965332031250000e-02,-1.990532875061035156e-02,1.896148547530174255e-02,2.839333750307559967e-02,4.847492650151252747e-02,7.187516242265701294e-02,7.988803833723068237e-02,0.000000000000000000e+00,0.000000000000000000e+00,0.000000000000000000e+00,0.000000000000000000e+00,5.718903198242187500e+02,0.000000000000000000e+00
3.640000000000000124e+00,-4.770278930664062500e-03,-5.346870422363281250e-02,-1.888996362686157227e-02,1.892372593283653259e-02,2.597875893115997314e-02,4.469575732946395874e-02,7.128847390413284302e-02,7.964724302291870117e-02,0.000000000000000000e+00,0.000000000000000000e+00,0.000000000000000000e+00,0.000000000000000000e+00,5.683521118164062500e+02,0.000000000000000000e+00
3.660000000000000142e+00,-2.506256103515625000e-03,-5.260848999023437500e-02,-1.882034540176391602e-02,2.076209709048271179e-02,2.373653464019298553e-02,3.965355455875396729e-02,7.251483201980590820e-02,7.933654636144638062e-02,0.000000000000000000e+00,0.000000000000000000e+00,0.000000000000000000e+00,0.000000000000000000e+00,5.285292358398437500e+02,0.000000000000000000e+00
3.680000000000000160e+00,7.896423339843750000e-04,-5.151176452636718750e-02,-1.937830448150634766e-02,2.356950752437114716e-02,2.198284864425659180e-02,3.449559584259986877e-02,7.536230236291885376e-02,7.842019200325012207e-02,0.000000000000000000e+00,0.000000000000000000e+00,0.000000000000000000e+00,0.000000000000000000e+00,5.262662963867187500e+02,0.000000000000000000e+00
3.700000000000000178e+00,4.560470581054687500e-03,-4.990005493164062500e-02,-2.049893140792846680e-02,3.066498413681983948e-02,2.054161205887794495e-02,3.085025027394294739e-02,8.153127133846282959e-02,7.793132215738296509e-02,0.000000000000000000e+00,0.000000000000000000e+00,0.000000000000000000e+00,0.000000000000000000e+00,5.699823608398437500e+02,7.812500000000000000e-03
3.720000000000000195e+00,6.830215454101562500e-03,-4.747390747070312500e-02,-2.269983291625976562e-02,4.270239546895027161e-02,1.955041289329528809e-02,2.909840084612369537e-02,9.344227612018585205e-02,7.745131105184555054e-02,0.000000000000000000e+00,1.000000000000000000e+00,0.000000000000000000e+00,0.000000000000000000e+00,5.373997192382812500e+02,1.171875000000000000e-02
3.740000000000000213e+00,5.922317504882812500e-03,-4.262733459472656250e-02,-2.430981397628784180e-02,5.479374527931213379e-02,1.844657026231288910e-02,2.892427705228328705e-02,9.996061772108078003e-02,7.715132832527160645e-02,0.000000000000000000e+00,0.000000000000000000e+00,0.000000000000000000e+00,0.000000000000000000e+00,5.468013305664062500e+02,3.125000000000000000e-02
3.760000000000000231e+00,4.621505737304687500e-03,-3.710556030273437500e-02,-2.397269010543823242e-02,6.052161380648612976e-02,1.723144389688968658e-02,2.447176352143287659e-02,9.905418008565902710e-02,7.693523168563842773e-02,0.000000000000000000e+00,0.000000000000000000e+00,0.000000000000000000e+00,0.000000000000000000e+00,5.575891113281250000e+02,7.812500000000000000e-03
3.780000000000000249e+00,1.848220825195312500e-03,-3.325843811035156250e-02,-2.199763059616088867e-02,6.312135607004165649e-02,1.597324386239051819e-02,1.954877190291881561e-02,9.674634784460067749e-02,7.624913752079010010e-02,0.000000000000000000e+00,0.000000000000000000e+00,0.000000000000000000e+00,0.000000000000000000e+00,5.366087036132812500e+02,3.906250000000000000e-03
3.800000000000000266e+00,-3.787994384765625000e-03,-3.186988830566406250e-02,-2.108168601989746094e-02,6.423726677894592285e-02,1.498661842197179794e-02,1.638416945934295654e-02,9.591468423604965210e-02,7.539388537406921387e-02,0.000000000000000000e+00,0.000000000000000000e+00,0.000000000000000000e+00,0.000000000000000000e+00,5.299998779296875000e+02,1.953125000000000000e-02
3.820000000000000284e+00,-8.747100830078125000e-03,-3.199195861816406250e-02,-2.048116922378540039e-02,6.822302937507629395e-02,2.216658927500247955e-02,1.634433865547180176e-02,9.600827842950820923e-02,8.875586837530136108e-02,0.000000000000000000e+00,0.000000000000000000e+00,0.000000000000000000e+00,0.000000000000000000e+00,5.805764770507812500e+02,0.000000000000000000e+00
3.839999999999999858e+00,-1.489067077636718750e-02,-3.219413757324218750e-02,-2.020859718322753906e-02,6.705964356660842896e-02,2.948958240449428558e-02,1.737166568636894226e-02,9.481315314769744873e-02,9.100738167762756348e-02,0.000000000000000000e+00,0.000000000000000000e+00,0.000000000000000000e+00,0.000000000000000000e+00,5.418096313476562500e+02,0.000000000000000000e+00
3.859999999999999876e+00,-1.969337463378906250e-02,-3.239059448242187500e-02,-1.971095800399780273e-02,6.371544301509857178e-02,3.405848890542984009e-02,1.853776350617408752e-02,9.426102787256240845e-02,8.782616257667541504e-02,0.000000000000000000e+00,0.000000000000000000e+00,0.000000000000000000e+00,0.000000000000000000e+00,5.419661254882812500e+02,0.000000000000000000e+00
3.879999999999999893e+00,-2.271461486816406250e-02,-3.259658813476562500e-02,-1.918756961822509766e-02,5.951644852757453918e-02,3.620040044188499451e-02,1.969769969582557678e-02,9.275299310684204102e-02,8.195549994707107544e-02,0.000000000000000000e+00,0.000000000000000000e+00,0.000000000000000000e+00,0.000000000000000000e+00,5.269923706054687500e+02,0.000000000000000000e+00
3.899999999999999911e+00,-2.423858642578125000e-02,-3.302955627441406250e-02,-1.880300045013427734e-02,5.838385224342346191e-02,3.689784929156303406e-02,1.991868950426578522e-02,9.243720769882202148e-02,7.739317417144775391e-02,0.000000000000000000e+00,0.000000000000000000e+00,0.000000000000000000e+00,0.000000000000000000e+00,5.347197875976562500e+02,0.000000000000000000e+00
3.919999999999999929e+00,-2.455329895019531250e-02,-3.363800048828125000e-02,-1.864326000213623047e-02,5.808493867516517639e-02,3.744153305888175964e-02,1.994002424180507660e-02,9.225827455520629883e-02,7.520840317010879517e-02,0.000000000000000000e+00,0.000000000000000000e+00,0.000000000000000000e+00,0.000000000000000000e+00,5.164122924804687500e+02,0.000000000000000000e+00
3.939999999999999947e+00,-2.401542663574218750e-02,-3.430366516113281250e-02,-1.876062154769897461e-02,5.690711364150047302e-02,3.896709531545639038e-02,1.968005485832691193e-02,9.182370454072952271e-02,7.489693164825439453e-02,0.000000000000000000e+00,0.000000000000000000e+00,0.000000000000000000e+00,0.000000000000000000e+00,5.489547119140625000e+02,0.000000000000000000e+00
3.959999999999999964e+00,-2.286338806152343750e-02,-3.499603271484375000e-02,-1.882362365722656250e-02,5.453201755881309509e-02,4.094971716403961182e-02,1.939895562827587128e-02,9.170271456241607666e-02,7.564487308263778687e-02,0.000000000000000000e+00,0.000000000000000000e+00,0.000000000000000000e+00,0.000000000000000000e+00,5.360339355468750000e+02,0.000000000000000000e+00
3.979999999999999982e+00,-2.130317687988281250e-02,-3.587341308593750000e-02,-1.866358518600463867e-02,5.257287621498107910e-02,4.036185890436172485e-02,1.896325126290321350e-02,9.129969030618667603e-02,7.704643905162811279e-02,0.000000000000000000e+00,0.000000000000000000e+00,0.000000000000000000e+00,0.000000000000000000e+00,5.196307983398437500e+02,0.000000000000000000e+00
4.000000000000000000e+00,-1.956939697265625000e-02,-3.688812255859375000e-02,-1.812827587127685547e-02,5.162548646330833435e-02,3.547475859522819519e-02,1.846816949546337128e-02,9.111084789037704468e-02,7.839403301477432251e-02,0.000000000000000000e+00,0.000000000000000000e+00,0.000000000000000000e+00,0.000000000000000000e+00,5.699453735351562500e+02,0.000000000000000000e+00
4.020000000000000462e+00,-1.750946044921875000e-02,-3.794860839843750000e-02,-1.734387874603271484e-02,5.034404993057250977e-02,2.968486212193965912e-02,1.786294393241405487e-02,9.058839082717895508e-02,7.922004163265228271e-02,0.000000000000000000e+00,0.000000000000000000e+00,0.000000000000000000e+00,0.000000000000000000e+00,5.360857543945312500e+02,0.000000000000000000e+00
4.040000000000000036e+00,-1.483726501464843750e-02,-3.903579711914062500e-02,-1.684266328811645508e-02,4.914086684584617615e-02,2.571500837802886963e-02,1.710831373929977417e-02,9.059700369834899902e-02,7.910536229610443115e-02,0.000000000000000000e+00,0.000000000000000000e+00,0.000000000000000000e+00,0.000000000000000000e+00,5.519801025390625000e+02,0.000000000000000000e+00
4.060000000000000497e+00,-1.112747192382812500e-02,-4.009628295898437500e-02,-1.708453893661499023e-02,4.805656522512435913e-02,2.317935042083263397e-02,1.647658646106719971e-02,8.977874368429183960e-02,7.745619863271713257e-02,0.000000000000000000e+00,0.000000000000000000e+00,0.000000000000000000e+00,0.000000000000000000e+00,5.330650024414062500e+02,7.812500000000000000e-03
4.080000000000000071e+00,-6.109237670898437500e-03,-4.065895080566406250e-02,-1.781582832336425781e-02,3.594143316149711609e-02,2.194998413324356079e-02,1.761944778263568878e-02,7.422281801700592041e-02,6.912389397621154785e-02,0.000000000000000000e+00,0.000000000000000000e+00,0.000000000000000000e+00,0.000000000000000000e+00,5.836866455078125000e+02,0.000000000000000000e+00
4.099999999999999645e+00,-2.555847167968750000e-04,-4.189491271972656250e-02,-1.999890804290771484e-02,3.074263967573642731e-02,2.152326330542564392e-02,1.909807138144969940e-02,6.850588321685791016e-02,6.470035761594772339e-02,0.000000000000000000e+00,0.000000000000000000e+00,0.000000000000000000e+00,0.000000000000000000e+00,5.491721191406250000e+02,3.906250000000000000e-03
4.120000000000000107e+00,5.187988281250000000e-03,-4.371833801269531250e-02,-2.315402030944824219e-02,2.971731312572956085e-02,2.431284449994564056e-02,2.093775384128093719e-02,6.883255392313003540e-02,6.401323527097702026e-02,0.000000000000000000e+00,0.000000000000000000e+00,0.000000000000000000e+00,0.000000000000000000e+00,5.745177612304687500e+02,1.562500000000000000e-02
4.139999999999999680e+00,8.361816406250000000e-03,-4.551696777343750000e-02,-2.595973014831542969e-02,2.915028110146522522e-02,2.842928655445575714e-02,2.189414575695991516e-02,6.943870335817337036e-02,6.614243984222412109e-02,0.000000000000000000e+00,0.000000000000000000e+00,0.000000000000000000e+00,0.000000000000000000e+00,5.248059082031250000e+02,3.515625000000000000e-02
4.160000000000000142e+00,8.390426635742187500e-03,-4.751968383789062500e-02,-2.641248703002929688e-02,2.128378674387931824e-02,2.605870924890041351e-02,2.307553961873054504e-02,4.318757727742195129e-02,6.225830316543579102e-02,0.000000000000000000e+00,1.000000000000000000e+00,1.000000000000000000e+00,0.000000000000000000e+00,5.675575561523437500e+02,7.421875000000000000e-02
4.179999999999999716e+00,9.128570556640625000e-03,-4.964637756347656250e-02,-2.614462375640869141e-02,3.343963623046875000e-02,2.724456414580345154e-02,2.332232147455215454e-02,6.658975034952163696e-02,6.162697821855545044e-02,0.000000000000000000e+00,0.000000000000000000e+00,1.000000000000000000e+00,0.000000000000000000e+00,5.298264160156250000e+02,3.906250000000000000e-03
4.200000000000000178e+00,6.813049316406250000e-03,-5.254745483398437500e-02,-2.434718608856201172e-02,5.799455195665359497e-02,2.962359040975570679e-02,2.390154823660850525e-02,9.230618923902511597e-02,6.179530918598175049e-02,0.000000000000000000e+00,1.000000000000000000e+00,0.000000000000000000e+00,0.000000000000000000e+00,5.128698730468750000e+02,0.000000000000000000e+00
4.219999999999999751e+00,8.621215820312500000e-04,-5.547142028808593750e-02,-2.168428897857666016e-02,7.074888795614242554e-02,3.364986926317214966e-02,2.562340348958969116e-02,9.594269096851348877e-02,6.167795509099960327e-02,1.000000000000000000e+00,0.000000000000000000e+00,0.000000000000000000e+00,0.000000000000000000e+00,5.418039550781250000e+02,0.000000000000000000e+00
4.240000000000000213e+00,-5.268096923828125000e-03,-5.789756774902343750e-02,-1.995319128036499023e-02,6.983630359172821045e-02,3.866435959935188293e-02,3.252542018890380859e-02,9.218218177556991577e-02,6.207708641886711121e-02,0.000000000000000000e+00,0.000000000000000000e+00,0.000000000000000000e+00,0.000000000000000000e+00,5.415825805664062500e+02,0.000000000000000000e+00
4.259999999999999787e+00,-1.081657409667968750e-02,-5.911254882812500000e-02,-1.992982625961303711e-02,5.995156988501548767e-02,4.334489256143569946e-02,4.417759925127029419e-02,8.915029466152191162e-02,6.287398189306259155e-02,0.000000000000000000e+00,0.000000000000000000e+00,0.000000000000000000e+00,0.000000000000000000e+00,5.463280639648437500e+02,0.000000000000000000e+00
4.280000000000000249e+00,-1.460838317871093750e-02,-5.898857116699218750e-02,-2.051717042922973633e-02,4.607055336236953735e-02,4.690812900662422180e-02,5.448857322335243225e-02,8.438526839017868042e-02,6.352482736110687256e-02,0.000000000000000000e+00,0.000000000000000000e+00,0.000000000000000000e+00,0.000000000000000000e+00,5.307851562500000000e+02,0.000000000000000000e+00
4.299999999999999822e+00,-1.677894592285156250e-02,-5.779457092285156250e-02,-2.114981412887573242e-02,3.767106682062149048e-02,4.882577806711196899e-02,6.367625296115875244e-02,7.956598699092864990e-02,6.383482366800308228e-02,0.000000000000000000e+00,0.000000000000000000e+00,0.000000000000000000e+00,0.000000000000000000e+00,5.764789428710937500e+02,0.000000000000000000e+00
4.320000000000000284e+00,-1.780509948730468750e-02,-5.602836608886718750e-02,-2.188867330551147461e-02,3.228604421019554138e-02,4.953352734446525574e-02,7.182555645704269409e-02,7.490705698728561401e-02,6.389422714710235596e-02,0.000000000000000000e+00,0.000000000000000000e+00,0.000000000000000000e+00,0.000000000000000000e+00,6.504174194335937500e+02,0.000000000000000000e+00
4.339999999999999858e+00,-1.803398132324218750e-02,-5.397796630859375000e-02,-2.270746231079101562e-02,2.380103431642055511e-02,4.956647381186485291e-02,7.842762768268585205e-02,7.043595612049102783e-02,6.397741287946701050e-02,0.000000000000000000e+00,0.000000000000000000e+00,0.000000000000000000e+00,0.000000000000000000e+00,5.535338134765625000e+02,0.000000000000000000e+00
4.360000000000000320e+00,-1.803970336914062500e-02,-5.186271667480468750e-02,-2.355843782424926758e-02,2.250347472727298737e-02,4.816744476556777954e-02,8.335006237030029297e-02,6.685986369848251343e-02,6.390015035867691040e-02,0.000000000000000000e+00,0.000000000000000000e+00,0.000000000000000000e+00,0.000000000000000000e+00,5.494453735351562500e+02,0.000000000000000000e+00
4.379999999999999893e+00,-1.834106445312500000e-02,-4.973793029785156250e-02,-2.402859926223754883e-02,2.878814563155174255e-02,4.534054547548294067e-02,8.613273501396179199e-02,6.509084999561309814e-02,6.370668113231658936e-02,0.000000000000000000e+00,0.000000000000000000e+00,0.000000000000000000e+00,0.000000000000000000e+00,5.429154052734375000e+02,3.906250000000000000e-03
4.400000000000000355e+00,-1.894569396972656250e-02,-4.736137390136718750e-02,-2.347058057785034180e-02,3.411726281046867371e-02,4.223562404513359070e-02,8.662872016429901123e-02,6.365360319614410400e-02,6.344077736139297485e-02,0.000000000000000000e+00,0.000000000000000000e+00,0.000000000000000000e+00,0.000000000000000000e+00,5.012637329101562500e+02,0.000000000000000000e+00
4.419999999999999929e+00,-1.946067810058593750e-02,-4.454994201660156250e-02,-2.205955982208251953e-02,3.521768748760223389e-02,3.975203260779380798e-02,8.620775490999221802e-02,6.186306849122047424e-02,6.319139897823333740e-02,0.000000000000000000e+00,0.000000000000000000e+00,0.000000000000000000e+00,0.000000000000000000e+00,5.298588256835937500e+02,0.000000000000000000e+00
4.440000000000000391e+00,-1.956748962402343750e-02,-4.150009155273437500e-02,-2.114021778106689453e-02,3.389289230108261108e-02,3.745270147919654846e-02,8.569788932800292969e-02,6.141981855034828186e-02,6.299343705177307129e-02,0.000000000000000000e+00,0.000000000000000000e+00,0.000000000000000000e+00,0.000000000000000000e+00,5.294133300781250000e+02,0.000000000000000000e+00
4.459999999999999964e+00,-1.907920837402343750e-02,-3.849792480468750000e-02,-2.136182785034179688e-02,3.165210410952568054e-02,3.474539518356323242e-02,8.380990475416183472e-02,6.351522356271743774e-02,6.277237832546234131e-02,0.000000000000000000e+00,0.000000000000000000e+00,0.000000000000000000e+00,0.000000000000000000e+00,5.383784790039062500e+02,0.000000000000000000e+00
4.480000000000000426e+00,-1.777267456054687500e-02,-3.570556640625000000e-02,-2.268326282501220703e-02,3.184735402464866638e-02,3.211199492216110229e-02,7.871484756469726562e-02,6.809692829847335815e-02,6.249870359897613525e-02,0.000000000000000000e+00,0.000000000000000000e+00,0.000000000000000000e+00,0.000000000000000000e+00,5.635566406250000000e+02,0.000000000000000000e+00
4.500000000000000000e+00,-1.528358459472656250e-02,-3.308296203613281250e-02,-2.505999803543090820e-02,3.363868594169616699e-02,2.975597046315670013e-02,7.023033499717712402e-02,7.505212724208831787e-02,6.218775361776351929e-02,0.000000000000000000e+00,0.000000000000000000e+00,0.000000000000000000e+00,0.000000000000000000e+00,5.494959716796875000e+02,3.906250000000000000e-03
4.520000000000000462e+00,-1.192283630371093750e-02,-3.038024902343750000e-02,-2.854937314987182617e-02,3.689727187156677246e-02,2.806963399052619934e-02,5.858340114355087280e-02,8.466529101133346558e-02,6.209433451294898987e-02,0.000000000000000000e+00,0.000000000000000000e+00,0.000000000000000000e+00,0.000000000000000000e+00,5.303302001953125000e+02,0.000000000000000000e+00
4.540000000000000036e+00,-8.821487426757812500e-03,-2.787208557128906250e-02,-3.188049793243408203e-02,4.265211150050163269e-02,2.694639936089515686e-02,4.470163583755493164e-02,9.304968267679214478e-02,6.147229298949241638e-02,1.000000000000000000e+00,0.000000000000000000e+00,1.000000000000000000e+00,0.000000000000000000e+00,5.597841186523437500e+02,0.000000000000000000e+00
4.560000000000000497e+00,-7.825851440429687500e-03,-2.499198913574218750e-02,-3.369051218032836914e-02,5.073093995451927185e-02,2.574586682021617889e-02,2.707905322313308716e-02,9.498963505029678345e-02,6.041714921593666077e-02,1.000000000000000000e+00,0.000000000000000000e+00,1.000000000000000000e+00,0.000000000000000000e+00,5.491783447265625000e+02,3.515625000000000000e-02
4.580000000000000071e+00,-8.895874023437500000e-03,-1.980781555175781250e-02,-3.442466259002685547e-02,5.872998386621475220e-02,2.415595576167106628e-02,1.448005158454179764e-02,9.546070545911788940e-02,6.083370372653007507e-02,1.000000000000000000e+00,1.000000000000000000e+00,0.000000000000000000e+00,0.000000000000000000e+00,5.534579467773437500e+02,0.000000000000000000e+00
4.600000000000000533e+00,-1.021766662597656250e-02,-1.599311828613281250e-02,-3.277498483657836914e-02,6.537427008152008057e-02,2.231226861476898193e-02,2.045207098126411438e-02,9.564539790153503418e-02,6.076386198401451111e-02,1.000000000000000000e+00,0.000000000000000000e+00,0.000000000000000000e+00,0.000000000000000000e+00,5.691515502929687500e+02,2.343750000000000000e-02
4.620000000000000107e+00,-1.388931274414062500e-02,-1.367378234863281250e-02,-3.034627437591552734e-02,6.840106099843978882e-02,2.042890526354312897e-02,2.424753084778785706e-02,9.495968371629714966e-02,6.064206734299659729e-02,1.000000000000000000e+00,1.000000000000000000e+00,0.000000000000000000e+00,0.000000000000000000e+00,5.325464477539062500e+02,2.734375000000000000e-02
4.639999999999999680e+00,-1.869964599609375000e-02,-1.403236389160156250e-02,-3.020435571670532227e-02,6.787610799074172974e-02,2.278623543679714203e-02,2.861195616424083710e-02,9.495171904563903809e-02,6.879667192697525024e-02,0.000000000000000000e+00,0.000000000000000000e+00,0.000000000000000000e+00,0.000000000000000000e+00,5.315176391601562500e+02,0.000000000000000000e+00
4.660000000000000142e+00,-2.379608154296875000e-02,-1.483917236328125000e-02,-3.002226352691650391e-02,7.099451124668121338e-02,3.158619627356529236e-02,3.043831139802932739e-02,9.464716911315917969e-02,7.968003302812576294e-02,0.000000000000000000e+00,0.000000000000000000e+00,0.000000000000000000e+00,0.000000000000000000e+00,5.493985595703125000e+02,0.000000000000000000e+00
4.679999999999999716e+00,-2.866744995117187500e-02,-1.569366455078125000e-02,-2.984255552291870117e-02,7.122925668954849243e-02,3.769341856241226196e-02,3.202350437641143799e-02,9.448906779289245605e-02,8.274916559457778931e-02,0.000000000000000000e+00,0.000000000000000000e+00,0.000000000000000000e+00,0.000000000000000000e+00,5.249899902343750000e+02,0.000000000000000000e+00
4.700000000000000178e+00,-3.184127807617187500e-02,-1.673889160156250000e-02,-2.921360731124877930e-02,6.988067924976348877e-02,4.040206968784332275e-02,3.350349143147468567e-02,9.459700435400009155e-02,8.232126384973526001e-02,0.000000000000000000e+00,0.000000000000000000e+00,0.000000000000000000e+00,0.000000000000000000e+00,5.372988891601562500e+02,0.000000000000000000e+00
4.719999999999999751e+00,-3.321266174316406250e-02,-1.793670654296875000e-02,-2.826577425003051758e-02,6.745320558547973633e-02,4.146352782845497131e-02,3.478104621171951294e-02,9.445043653249740601e-02,8.068802952766418457e-02,0.000000000000000000e+00,0.000000000000000000e+00,0.000000000000000000e+00,0.000000000000000000e+00,5.432186889648437500e+02,0.000000000000000000e+00
4.740000000000000213e+00,-3.322792053222656250e-02,-1.917266845703125000e-02,-2.729737758636474609e-02,6.448550522327423096e-02,4.205360263586044312e-02,3.541512787342071533e-02,9.457273036241531372e-02,7.930855453014373779e-02,0.000000000000000000e+00,0.000000000000000000e+00,0.000000000000000000e+00,0.000000000000000000e+00,5.411965332031250000e+02,0.000000000000000000e+00
4.759999999999999787e+00,-3.227043151855468750e-02,-2.050018310546875000e-02,-2.635854482650756836e-02,6.248728185892105103e-02,4.291171953082084656e-02,3.525391593575477600e-02,9.437200427055358887e-02,7.947334647178649902e-02,0.000000000000000000e+00,0.000000000000000000e+00,0.000000000000000000e+00,0.000000000000000000e+00,5.165755615234375000e+02,0.000000000000000000e+00
4.780000000000000249e+00,-3.069305419921875000e-02,-2.197837829589843750e-02,-2.577155828475952148e-02,6.069865450263023376e-02,4.448842629790306091e-02,3.458616510033607483e-02,9.425075352191925049e-02,8.057492226362228394e-02,0.000000000000000000e+00,0.000000000000000000e+00,0.000000000000000000e+00,0.000000000000000000e+00,5.584579467773437500e+02,0.000000000000000000e+00
4.799999999999999822e+00,-2.880096435546875000e-02,-2.347755432128906250e-02,-2.547633647918701172e-02,5.808083340525627136e-02,4.509681835770606995e-02,3.384379670023918152e-02,9.424475580453872681e-02,8.148478716611862183e-02,0.000000000000000000e+00,0.000000000000000000e+00,0.000000000000000000e+00,0.000000000000000000e+00,5.314395141601562500e+02,0.000000000000000000e+00
4.820000000000000284e+00,-2.673149108886718750e-02,-2.495574951171875000e-02,-2.492284774780273438e-02,5.555437505245208740e-02,4.105248302221298218e-02,3.232704848051071167e-02,9.433441609144210815e-02,8.150726556777954102e-02,0.000000000000000000e+00,0.000000000000000000e+00,0.000000000000000000e+00,0.000000000000000000e+00,5.437332153320312500e+02,0.000000000000000000e+00
4.839999999999999858e+00,-2.427864074707031250e-02,-2.642822265625000000e-02,-2.427804470062255859e-02,5.423825979232788086e-02,3.434888273477554321e-02,2.996584959328174591e-02,9.423398971557617188e-02,8.071270585060119629e-02,0.000000000000000000e+00,0.000000000000000000e+00,0.000000000000000000e+00,0.000000000000000000e+00,5.386904907226562500e+02,0.000000000000000000e+00
4.860000000000000320e+00,-2.134895324707031250e-02,-2.789115905761718750e-02,-2.398270368576049805e-02,5.319061502814292908e-02,2.873363345861434937e-02,2.697707898914813995e-02,9.425367414951324463e-02,7.909866422414779663e-02,0.000000000000000000e+00,0.000000000000000000e+00,0.000000000000000000e+00,0.000000000000000000e+00,5.394570922851562500e+02,0.000000000000000000e+00
4.879999999999999893e+00,-1.791763305664062500e-02,-2.930450439453125000e-02,-2.417761087417602539e-02,5.243663489818572998e-02,2.454569190740585327e-02,2.266957983374595642e-02,9.417288750410079956e-02,7.712828367948532104e-02,0.000000000000000000e+00,0.000000000000000000e+00,0.000000000000000000e+00,0.000000000000000000e+00,5.284644775390625000e+02,0.000000000000000000e+00
4.900000000000000355e+00,-1.366996765136718750e-02,-3.067398071289062500e-02,-2.513325214385986328e-02,5.156078189611434937e-02,1.977566815912723541e-02,1.803188212215900421e-02,9.417079389095306396e-02,7.504601031541824341e-02,0.000000000000000000e+00,0.000000000000000000e+00,0.000000000000000000e+00,0.000000000000000000e+00,5.532288818359375000e+02,0.000000000000000000e+00
4.919999999999999929e+00,-8.148193359375000000e-03,-3.219032287597656250e-02,-2.683109045028686523e-02,5.104954913258552551e-02,1.313884276896715164e-02,1.377575658261775970e-02,9.389214962720870972e-02,7.403002679347991943e-02,0.000000000000000000e+00,0.000000000000000000e+00,0.000000000000000000e+00,0.000000000000000000e+00,5.301933593750000000e+02,0.000000000000000000e+00
4.940000000000000391e+00,-1.787185668945312500e-03,-3.398513793945312500e-02,-2.929395437240600586e-02,5.033457651734352112e-02,6.587549112737178802e-03,1.112830545753240585e-02,9.382477402687072754e-02,7.510887831449508667e-02,0.000000000000000000e+00,0.000000000000000000e+00,0.000000000000000000e+00,0.000000000000000000e+00,5.457658691406250000e+02,0.000000000000000000e+00
4.959999999999999964e+00,3.313064575195312500e-03,-3.524780273437500000e-02,-3.092747926712036133e-02,4.843710735440254211e-02,9.788774885237216949e-03,1.106897369027137756e-02,9.411305189132690430e-02,7.472070306539535522e-02,0.000000000000000000e+00,0.000000000000000000e+00,0.000000000000000000e+00,0.000000000000000000e+00,5.368061523437500000e+02,0.000000000000000000e+00
4.980000000000000426e+00,4.333496093750000000e-03,-3.684806823730468750e-02,-3.276276588439941406e-02,4.512934759259223938e-02,1.423220802098512650e-02,1.135303452610969543e-02,9.419091045856475830e-02,7.513058930635452271e-02,0.000000000000000000e+00,0.000000000000000000e+00,0.000000000000000000e+00,0.000000000000000000e+00,5.385418090820312500e+02,7.812500000000000000e-03
5.000000000000000000e+00,4.566192626953125000e-03,-3.809928894042968750e-02,-3.267836570739746094e-02,2.958866395056247711e-02,1.561450213193893433e-02,1.241676136851310730e-02,6.855727732181549072e-02,7.125036418437957764e-02,0.000000000000000000e+00,0.000000000000000000e+00,1.000000000000000000e+00,0.000000000000000000e+00,5.431163330078125000e+02,0.000000000000000000e+00
5.020000000000000462e+00,3.038406372070312500e-03,-3.933334350585937500e-02,-3.240138292312622070e-02,2.413922362029552460e-02,1.713848672807216644e-02,1.311331707984209061e-02,5.647946894168853760e-02,7.185213267803192139e-02,0.000000000000000000e+00,1.000000000000000000e+00,0.000000000000000000e+00,0.000000000000000000e+00,5.392083740234375000e+02,0.000000000000000000e+00
5.040000000000000036e+00,-1.287460327148437500e-03,-4.077911376953125000e-02,-3.091943264007568359e-02,2.266184240579605103e-02,2.029660902917385101e-02,1.330876443535089493e-02,5.559336021542549133e-02,7.258168607950210571e-02,0.000000000000000000e+00,1.000000000000000000e+00,0.000000000000000000e+00,0.000000000000000000e+00,5.359500122070312500e+02,0.000000000000000000e+00
5.060000000000000497e+00,-6.929397583007812500e-03,-4.143905639648437500e-02,-3.039586544036865234e-02,2.075061015784740448e-02,2.516600489616394043e-02,1.641912385821342468e-02,5.893892422318458557e-02,7.221832126379013062e-02,0.000000000000000000e+00,0.000000000000000000e+00,1.000000000000000000e+00,0.000000000000000000e+00,5.493385009765625000e+02,0.000000000000000000e+00
5.080000000000000071e+00,-1.194000244140625000e-02,-4.236602783203125000e-02,-3.035360574722290039e-02,2.186944149434566498e-02,2.979955635964870453e-02,2.774212136864662170e-02,6.668343394994735718e-02,7.238698750734329224e-02,0.000000000000000000e+00,0.000000000000000000e+00,1.000000000000000000e+00,0.000000000000000000e+00,5.287506103515625000e+02,0.000000000000000000e+00
5.100000000000000533e+00,-1.542854309082031250e-02,-4.326438903808593750e-02,-3.109645843505859375e-02,2.072761766612529755e-02,3.325821086764335632e-02,3.725161775946617126e-02,7.300581783056259155e-02,7.242378592491149902e-02,0.000000000000000000e+00,0.000000000000000000e+00,1.000000000000000000e+00,0.000000000000000000e+00,5.316419067382812500e+02,0.000000000000000000e+00
5.120000000000000107e+00,-1.732635498046875000e-02,-4.431152343750000000e-02,-3.177326917648315430e-02,1.796721853315830231e-02,3.518550097942352295e-02,4.332811012864112854e-02,7.846754044294357300e-02,7.250603288412094116e-02,0.000000000000000000e+00,0.000000000000000000e+00,1.000000000000000000e+00,0.000000000000000000e+00,5.354746093750000000e+02,0.000000000000000000e+00
5.139999999999999680e+00,-1.803398132324218750e-02,-4.541397094726562500e-02,-3.240686655044555664e-02,1.545628067106008530e-02,3.540431335568428040e-02,4.734706133604049683e-02,8.365253359079360962e-02,7.268451899290084839e-02,0.000000000000000000e+00,0.000000000000000000e+00,1.000000000000000000e+00,0.000000000000000000e+00,5.471672973632812500e+02,0.000000000000000000e+00
5.160000000000000142e+00,-1.793289184570312500e-02,-4.630279541015625000e-02,-3.325682878494262695e-02,1.353167276829481125e-02,3.462438285350799561e-02,5.076219141483306885e-02,8.902739733457565308e-02,7.282523810863494873e-02,0.000000000000000000e+00,0.000000000000000000e+00,0.000000000000000000e+00,0.000000000000000000e+00,5.396113281250000000e+02,0.000000000000000000e+00
5.179999999999999716e+00,-1.746177673339843750e-02,-4.660606384277343750e-02,-3.429275751113891602e-02,1.430258806794881821e-02,3.390621021389961243e-02,5.419191345572471619e-02,9.305590391159057617e-02,7.289268821477890015e-02,0.000000000000000000e+00,0.000000000000000000e+00,0.000000000000000000e+00,0.000000000000000000e+00,5.549193115234375000e+02,0.000000000000000000e+00
5.200000000000000178e+00,-1.688003540039062500e-02,-4.624557495117187500e-02,-3.515148162841796875e-02,1.967726834118366241e-02,3.339838981628417969e-02,5.713373050093650818e-02,9.420082718133926392e-02,7.288676500320434570e-02,0.000000000000000000e+00,0.000000000000000000e+00,0.000000000000000000e+00,0.000000000000000000e+00,5.464262084960937500e+02,0.000000000000000000e+00
5.219999999999999751e+00,-1.625251770019531250e-02,-4.524421691894531250e-02,-3.521209955215454102e-02,2.585604414343833923e-02,3.271784260869026184e-02,5.793416127562522888e-02,9.291308373212814331e-02,7.281195372343063354e-02,0.000000000000000000e+00,0.000000000000000000e+00,0.000000000000000000e+00,0.000000000000000000e+00,5.238163452148437500e+02,0.000000000000000000e+00
5.240000000000000213e+00,-1.552391052246093750e-02,-4.358291625976562500e-02,-3.405648469924926758e-02,2.826999127864837646e-02,3.158510848879814148e-02,5.548940226435661316e-02,9.000445902347564697e-02,7.268325984477996826e-02,0.000000000000000000e+00,0.000000000000000000e+00,0.000000000000000000e+00,0.000000000000000000e+00,5.394559326171875000e+02,0.000000000000000000e+00
5.259999999999999787e+00,-1.458358764648437500e-02,-4.146385192871093750e-02,-3.223079442977905273e-02,2.873840928077697754e-02,3.008235432207584381e-02,5.235224962234497070e-02,8.799850195646286011e-02,7.246227562427520752e-02,0.000000000000000000e+00,0.000000000000000000e+00,0.000000000000000000e+00,0.000000000000000000e+00,5.277435913085937500e+02,0.000000000000000000e+00
5.280000000000000249e+00,-1.345634460449218750e-02,-3.927230834960937500e-02,-3.112530708312988281e-02,2.958060428500175476e-02,2.762362174689769745e-02,4.967926070094108582e-02,8.740293979644775391e-02,7.218391448259353638e-02,0.000000000000000000e+00,0.000000000000000000e+00,0.000000000000000000e+00,0.000000000000000000e+00,5.542017822265625000e+02,0.000000000000000000e+00
5.299999999999999822e+00,-1.202392578125000000e-02,-3.731155395507812500e-02,-3.156006336212158203e-02,3.184735402464866638e-02,2.444798685610294342e-02,4.611864313483238220e-02,8.724995702505111694e-02,7.143440097570419312e-02,0.000000000000000000e+00,0.000000000000000000e+00,0.000000000000000000e+00,0.000000000000000000e+00,5.362385253906250000e+02,0.000000000000000000e+00
5.320000000000000284e+00,-9.662628173828125000e-03,-3.558540344238281250e-02,-3.320306539535522461e-02,3.633728623390197754e-02,2.175914123654365540e-02,3.995524346828460693e-02,8.941595256328582764e-02,7.098754495382308960e-02,0.000000000000000000e+00,0.000000000000000000e+00,0.000000000000000000e+00,0.000000000000000000e+00,5.343273315429687500e+02,0.000000000000000000e+00
5.339999999999999858e+00,-6.065368652343750000e-03,-3.385734558105468750e-02,-3.552037477493286133e-02,4.102215543389320374e-02,1.946827583014965057e-02,3.101764619350433350e-02,9.453949332237243652e-02,7.049410045146942139e-02,0.000000000000000000e+00,0.000000000000000000e+00,0.000000000000000000e+00,0.000000000000000000e+00,5.232731933593750000e+02,0.000000000000000000e+00
5.360000000000000320e+00,-1.607894897460937500e-03,-3.242874145507812500e-02,-3.631615638732910156e-02,4.639032855629920959e-02,1.801093108952045441e-02,2.154390700161457062e-02,9.510078281164169312e-02,6.999617815017700195e-02,0.000000000000000000e+00,0.000000000000000000e+00,1.000000000000000000e+00,0.000000000000000000e+00,5.650538330078125000e+02,0.000000000000000000e+00
5.379999999999999893e+00,1.762390136718750000e-03,-3.105545043945312500e-02,-3.587692975997924805e-02,5.340089648962020874e-02,1.716764643788337708e-02,1.518320385366678238e-02,9.649707376956939697e-02,6.955237686634063721e-02,0.000000000000000000e+00,0.000000000000000000e+00,1.000000000000000000e+00,0.000000000000000000e+00,5.158012695312500000e+02,0.000000000000000000e+00
5.400000000000000355e+00,1.831054687500000000e-03,-2.758598327636718750e-02,-3.535783290863037109e-02,6.105900928378105164e-02,1.649034954607486725e-02,1.601448096334934235e-02,9.894530475139617920e-02,6.920270621776580811e-02,0.000000000000000000e+00,1.000000000000000000e+00,0.000000000000000000e+00,0.000000000000000000e+00,5.090909729003906250e+02,1.562500000000000000e-02
5.419999999999999929e+00,1.031875610351562500e-03,-2.332115173339843750e-02,-3.419804573059082031e-02,6.785853952169418335e-02,1.573392562568187714e-02,1.293295808136463165e-02,9.755959361791610718e-02,6.875361502170562744e-02,1.000000000000000000e+00,0.000000000000000000e+00,0.000000000000000000e+00,0.000000000000000000e+00,5.492698974609375000e+02,1.953125000000000000e-02
5.440000000000000391e+00,-1.514434814453125000e-03,-2.078056335449218750e-02,-3.182309865951538086e-02,7.356141507625579834e-02,1.492598745971918106e-02,1.248297374695539474e-02,9.608376771211624146e-02,6.832597404718399048e-02,1.000000000000000000e+00,0.000000000000000000e+00,0.000000000000000000e+00,0.000000000000000000e+00,5.311364746093750000e+02,2.343750000000000000e-02
5.459999999999999964e+00,-6.973266601562500000e-03,-2.012252807617187500e-02,-3.006339073181152344e-02,7.382353395223617554e-02,1.334510091692209244e-02,1.499696448445320129e-02,9.416098892688751221e-02,6.350619345903396606e-02,0.000000000000000000e+00,0.000000000000000000e+00,0.000000000000000000e+00,1.000000000000000000e+00,5.164373168945312500e+02,0.000000000000000000e+00
5.480000000000000426e+00,-1.139640808105468750e-02,-2.086830139160156250e-02,-2.886354923248291016e-02,7.755093276500701904e-02,2.288319170475006104e-02,1.844036579132080078e-02,9.301458299160003662e-02,7.535342127084732056e-02,0.000000000000000000e+00,0.000000000000000000e+00,0.000000000000000000e+00,0.000000000000000000e+00,5.320614013671875000e+02,0.000000000000000000e+00
5.500000000000000000e+00,-1.675033569335937500e-02,-2.193450927734375000e-02,-2.826893329620361328e-02,7.971934229135513306e-02,3.054307587444782257e-02,2.225898019969463348e-02,9.266848117113113403e-02,7.919996976852416992e-02,0.000000000000000000e+00,0.000000000000000000e+00,0.000000000000000000e+00,0.000000000000000000e+00,5.324348144531250000e+02,0.000000000000000000e+00
5.520000000000000462e+00,-2.084732055664062500e-02,-2.297401428222656250e-02,-2.776283025741577148e-02,8.062954992055892944e-02,3.399454802274703979e-02,2.465841360390186310e-02,9.229443222284317017e-02,7.856242358684539795e-02,0.000000000000000000e+00,0.000000000000000000e+00,0.000000000000000000e+00,0.000000000000000000e+00,5.201383666992187500e+02,0.000000000000000000e+00
5.540000000000000036e+00,-2.320480346679687500e-02,-2.385520935058593750e-02,-2.709138393402099609e-02,8.088941872119903564e-02,3.493925556540489197e-02,2.596271224319934845e-02,9.208937734365463257e-02,7.641798257827758789e-02,0.000000000000000000e+00,0.000000000000000000e+00,0.000000000000000000e+00,0.000000000000000000e+00,5.279826049804687500e+02,0.000000000000000000e+00
5.560000000000000497e+00,-2.401161193847656250e-02,-2.467536926269531250e-02,-2.647238969802856445e-02,8.173410594463348389e-02,3.530704230070114136e-02,2.654437161982059479e-02,9.236627817153930664e-02,7.446495443582534790e-02,0.000000000000000000e+00,0.000000000000000000e+00,0.000000000000000000e+00,0.000000000000000000e+00,5.264276123046875000e+02,0.000000000000000000e+00
5.580000000000000071e+00,-2.370071411132812500e-02,-2.554321289062500000e-02,-2.605319023132324219e-02,8.162900060415267944e-02,3.568136319518089294e-02,2.718915231525897980e-02,9.203414618968963623e-02,7.241954654455184937e-02,0.000000000000000000e+00,0.000000000000000000e+00,0.000000000000000000e+00,0.000000000000000000e+00,5.231838378906250000e+02,0.000000000000000000e+00
5.600000000000000533e+00,-2.287101745605468750e-02,-2.647018432617187500e-02,-2.585470676422119141e-02,8.204571902751922607e-02,3.634537756443023682e-02,2.721999213099479675e-02,9.193093329668045044e-02,7.153891026973724365e-02,0.000000000000000000e+00,0.000000000000000000e+00,0.000000000000000000e+00,0.000000000000000000e+00,5.527413330078125000e+02,0.000000000000000000e+00
5.620000000000000107e+00,-2.170372009277343750e-02,-2.749443054199218750e-02,-2.596193552017211914e-02,8.332632482051849365e-02,3.689326718449592590e-02,2.687083929777145386e-02,9.163095802068710327e-02,7.206077873706817627e-02,0.000000000000000000e+00,0.000000000000000000e+00,0.000000000000000000e+00,0.000000000000000000e+00,5.487775268554687500e+02,0.000000000000000000e+00
5.639999999999999680e+00,-2.024841308593750000e-02,-2.866363525390625000e-02,-2.601349353790283203e-02,8.343787491321563721e-02,3.495988994836807251e-02,2.647715806961059570e-02,9.142941981554031372e-02,7.322812825441360474e-02,0.000000000000000000e+00,0.000000000000000000e+00,0.000000000000000000e+00,0.000000000000000000e+00,5.229374389648437500e+02,0.000000000000000000e+00
5.660000000000000142e+00,-1.855850219726562500e-02,-2.999305725097656250e-02,-2.591061592102050781e-02,8.284121751785278320e-02,3.057709150016307831e-02,2.520419657230377197e-02,9.129913151264190674e-02,7.464877516031265259e-02,0.000000000000000000e+00,0.000000000000000000e+00,0.000000000000000000e+00,0.000000000000000000e+00,5.161693115234375000e+02,0.000000000000000000e+00
5.679999999999999716e+00,-1.681518554687500000e-02,-3.133392333984375000e-02,-2.594518661499023438e-02,8.031244575977325439e-02,2.702696993947029114e-02,2.238447032868862152e-02,9.110719710588455200e-02,7.582510262727737427e-02,0.000000000000000000e+00,0.000000000000000000e+00,0.000000000000000000e+00,0.000000000000000000e+00,5.377360229492187500e+02,0.000000000000000000e+00
5.700000000000000178e+00,-1.479148864746093750e-02,-3.274917602539062500e-02,-2.648800611495971680e-02,7.705733925104141235e-02,2.388750948011875153e-02,1.823796145617961884e-02,9.086222201585769653e-02,7.690823823213577271e-02,0.000000000000000000e+00,0.000000000000000000e+00,0.000000000000000000e+00,0.000000000000000000e+00,5.302088012695312500e+02,0.000000000000000000e+00
5.719999999999999751e+00,-1.189994812011718750e-02,-3.429603576660156250e-02,-2.754032611846923828e-02,7.428082078695297241e-02,2.005526050925254822e-02,1.454240921884775162e-02,9.089609235525131226e-02,7.791858911514282227e-02,0.000000000000000000e+00,0.000000000000000000e+00,0.000000000000000000e+00,0.000000000000000000e+00,5.430242919921875000e+02,0.000000000000000000e+00
5.740000000000000213e+00,-7.503509521484375000e-03,-3.609848022460937500e-02,-2.905064821243286133e-02,7.224975526332855225e-02,1.521281711757183075e-02,1.213076990097761154e-02,9.097009897232055664e-02,7.913822680711746216e-02,0.000000000000000000e+00,0.000000000000000000e+00,0.000000000000000000e+00,0.000000000000000000e+00,5.495881347656250000e+02,0.000000000000000000e+00
5.759999999999999787e+00,-1.470565795898437500e-03,-3.829574584960937500e-02,-3.120183944702148438e-02,6.823351979255676270e-02,1.308134105056524277e-02,1.236030086874961853e-02,8.959691971540451050e-02,8.018075674772262573e-02,0.000000000000000000e+00,1.000000000000000000e+00,0.000000000000000000e+00,0.000000000000000000e+00,5.267882080078125000e+02,0.000000000000000000e+00
5.780000000000000249e+00,4.764556884765625000e-03,-4.086875915527343750e-02,-3.385138511657714844e-02,6.761915236711502075e-02,1.924978569149971008e-02,1.422423869371414185e-02,9.033050388097763062e-02,8.437164127826690674e-02,0.000000000000000000e+00,0.000000000000000000e+00,0.000000000000000000e+00,0.000000000000000000e+00,5.306895751953125000e+02,3.906250000000000000e-03
5.799999999999999822e+00,8.775711059570312500e-03,-4.327201843261718750e-02,-3.625357151031494141e-02,6.467013061046600342e-02,1.863741874694824219e-02,1.590851880609989166e-02,9.054421633481979370e-02,8.761812001466751099e-02,0.000000000000000000e+00,0.000000000000000000e+00,0.000000000000000000e+00,0.000000000000000000e+00,5.196647949218750000e+02,0.000000000000000000e+00
5.820000000000000284e+00,8.796691894531250000e-03,-4.607391357421875000e-02,-3.762859106063842773e-02,5.995554849505424500e-02,1.906555518507957458e-02,1.547070592641830444e-02,9.074207395315170288e-02,8.858136087656021118e-02,0.000000000000000000e+00,0.000000000000000000e+00,0.000000000000000000e+00,0.000000000000000000e+00,5.289782714843750000e+02,1.171875000000000000e-02
5.839999999999999858e+00,8.392333984375000000e-03,-4.858398437500000000e-02,-3.784799575805664062e-02,5.597768723964691162e-02,2.030976861715316772e-02,1.458318065851926804e-02,9.093347936868667603e-02,8.883588016033172607e-02,0.000000000000000000e+00,0.000000000000000000e+00,0.000000000000000000e+00,0.000000000000000000e+00,5.358951416015625000e+02,1.562500000000000000e-02
5.860000000000000320e+00,5.422592163085937500e-03,-5.084800720214843750e-02,-3.743129968643188477e-02,5.230459570884704590e-02,2.333422563970088959e-02,1.448708772659301758e-02,9.033197164535522461e-02,8.900764584541320801e-02,0.000000000000000000e+00,0.000000000000000000e+00,0.000000000000000000e+00,0.000000000000000000e+00,5.427062988281250000e+02,2.734375000000000000e-02
5.879999999999999893e+00,7.896423339843750000e-04,-5.170631408691406250e-02,-3.650504350662231445e-02,4.299731180071830750e-02,3.026212565600872040e-02,1.516153849661350250e-02,7.079505920410156250e-02,8.487237244844436646e-02,0.000000000000000000e+00,0.000000000000000000e+00,1.000000000000000000e+00,0.000000000000000000e+00,5.503601074218750000e+02,0.000000000000000000e+00
5.900000000000000355e+00,-3.152847290039062500e-03,-5.267524719238281250e-02,-3.635722398757934570e-02,4.359757155179977417e-02,3.741673007607460022e-02,1.716752722859382629e-02,7.425688952207565308e-02,8.431493490934371948e-02,0.000000000000000000e+00,0.000000000000000000e+00,1.000000000000000000e+00,0.000000000000000000e+00,5.173118286132812500e+02,0.000000000000000000e+00
5.919999999999999929e+00,-7.095336914062500000e-03,-5.421066284179687500e-02,-3.579890727996826172e-02,4.427054151892662048e-02,4.328132793307304382e-02,2.534627541899681091e-02,7.913962006568908691e-02,8.480229973793029785e-02,0.000000000000000000e+00,0.000000000000000000e+00,1.000000000000000000e+00,0.000000000000000000e+00,5.472249755859375000e+02,0.000000000000000000e+00
5.940000000000000391e+00,-9.584426879882812500e-03,-5.552673339843750000e-02,-3.526282310485839844e-02,4.299176484346389771e-02,4.676226153969764709e-02,3.170951083302497864e-02,8.371602743864059448e-02,8.494243770837783813e-02,0.000000000000000000e+00,0.000000000000000000e+00,1.000000000000000000e+00,0.000000000000000000e+00,5.105891113281250000e+02,0.000000000000000000e+00
5.959999999999999964e+00,-1.058006286621093750e-02,-5.633544921875000000e-02,-3.494256734848022461e-02,3.946995735168457031e-02,4.850757867097854614e-02,3.699807077646255493e-02,8.787321299314498901e-02,8.507972210645675659e-02,0.000000000000000000e+00,0.000000000000000000e+00,0.000000000000000000e+00,0.000000000000000000e+00,5.370182495117187500e+02,0.000000000000000000e+00
5.980000000000000426e+00,-1.073455810546875000e-02,-5.654335021972656250e-02,-3.525418043136596680e-02,3.499355912208557129e-02,4.868559911847114563e-02,4.230543971061706543e-02,8.921413868665695190e-02,8.513414859771728516e-02,0.000000000000000000e+00,0.000000000000000000e+00,0.000000000000000000e+00,0.000000000000000000e+00,5.539578247070312500e+02,0.000000000000000000e+00
6.000000000000000000e+00,-1.054000854492187500e-02,-5.615806579589843750e-02,-3.593885898590087891e-02,3.144048154354095459e-02,4.728882759809494019e-02,4.779194295406341553e-02,8.773145824670791626e-02,8.506806939840316772e-02,0.000000000000000000e+00,0.000000000000000000e+00,0.000000000000000000e+00,0.000000000000000000e+00,5.557216796875000000e+02,0.000000000000000000e+00
