time_s,base_error_x_m,base_error_y_m,base_error_z_m,base_orientation_error_rad,wheel_error_fl_m,wheel_error_fr_m,wheel_error_rl_m,wheel_error_rr_m,contact_mismatch_fl,contact_mismatch_fr,contact_mismatch_rl,contact_mismatch_rr,solve_ms,rollout_termination_rate
2.000000000000000042e-02,0.000000000000000000e+00,0.000000000000000000e+00,0.000000000000000000e+00,0.000000000000000000e+00,1.907348632812500000e-06,5.960464477539062500e-08,4.991888999938964844e-07,1.921282091643661261e-06,0.000000000000000000e+00,1.000000000000000000e+00,1.000000000000000000e+00,0.000000000000000000e+00,5.515520629882812500e+02,0.000000000000000000e+00
4.000000000000000083e-02,-2.576828002929687500e-03,-5.493164062500000000e-04,-7.623434066772460938e-05,1.377613656222820282e-02,1.994492672383785248e-02,2.052590250968933105e-02,1.496031065471470356e-03,1.681252382695674896e-03,0.000000000000000000e+00,0.000000000000000000e+00,0.000000000000000000e+00,0.000000000000000000e+00,5.457288818359375000e+02,0.000000000000000000e+00
5.999999999999999778e-02,-9.180068969726562500e-03,-1.222610473632812500e-03,-8.998513221740722656e-04,2.345797047019004822e-02,3.971896320581436157e-02,3.603997826576232910e-02,1.510332105681300163e-03,3.459302941337227821e-03,0.000000000000000000e+00,1.000000000000000000e+00,0.000000000000000000e+00,0.000000000000000000e+00,5.488073120117187500e+02,0.000000000000000000e+00
8.000000000000000167e-02,-1.695060729980468750e-02,-1.001358032226562500e-03,-4.130542278289794922e-03,2.404025010764598846e-02,4.037700593471527100e-02,4.220128059387207031e-02,7.561103440821170807e-03,4.544385708868503571e-03,0.000000000000000000e+00,0.000000000000000000e+00,1.000000000000000000e+00,0.000000000000000000e+00,5.362312011718750000e+02,0.000000000000000000e+00
1.000000000000000056e-01,-2.477073669433593750e-02,-1.186370849609375000e-03,-8.346140384674072266e-03,2.804985269904136658e-02,4.147655516862869263e-02,4.881941154599189758e-02,1.558267232030630112e-02,4.180964548140764236e-03,0.000000000000000000e+00,0.000000000000000000e+00,1.000000000000000000e+00,0.000000000000000000e+00,5.275208129882812500e+02,0.000000000000000000e+00
1.199999999999999956e-01,-3.123283386230468750e-02,-1.274108886718750000e-03,-1.383948326110839844e-02,3.089736215770244598e-02,4.296833276748657227e-02,5.267817154526710510e-02,2.219339273869991302e-02,4.108618944883346558e-03,0.000000000000000000e+00,0.000000000000000000e+00,1.000000000000000000e+00,0.000000000000000000e+00,5.507302856445312500e+02,0.000000000000000000e+00
1.400000000000000133e-01,-3.573226928710937500e-02,-1.487731933593750000e-03,-1.933234930038452148e-02,3.389289230108261108e-02,4.513271152973175049e-02,5.420326441526412964e-02,2.743691764771938324e-02,3.942637704312801361e-03,0.000000000000000000e+00,0.000000000000000000e+00,0.000000000000000000e+00,0.000000000000000000e+00,5.603660888671875000e+02,0.000000000000000000e+00
1.600000000000000033e-01,-3.846549987792968750e-02,-2.059936523437500000e-03,-2.415311336517333984e-02,3.588167950510978699e-02,4.679176583886146545e-02,5.492872372269630432e-02,3.285318613052368164e-02,4.183758050203323364e-03,0.000000000000000000e+00,0.000000000000000000e+00,0.000000000000000000e+00,0.000000000000000000e+00,5.831312866210937500e+02,0.000000000000000000e+00
1.799999999999999933e-01,-3.999519348144531250e-02,-3.028869628906250000e-03,-2.776724100112915039e-02,3.730215877294540405e-02,4.817675426602363586e-02,5.589096620678901672e-02,3.769396618008613586e-02,4.100710153579711914e-03,1.000000000000000000e+00,0.000000000000000000e+00,0.000000000000000000e+00,0.000000000000000000e+00,5.815978393554687500e+02,0.000000000000000000e+00
2.000000000000000111e-01,-4.075813293457031250e-02,-4.232406616210937500e-03,-2.977156639099121094e-02,3.809277340769767761e-02,4.892993718385696411e-02,5.689189955592155457e-02,4.265527799725532532e-02,4.150375258177518845e-03,1.000000000000000000e+00,0.000000000000000000e+00,0.000000000000000000e+00,0.000000000000000000e+00,5.880367431640625000e+02,0.000000000000000000e+00
2.200000000000000011e-01,-4.105567932128906250e-02,-5.479812622070312500e-03,-3.033047914505004883e-02,3.919717296957969666e-02,4.936337098479270935e-02,5.798893794417381287e-02,4.721945524215698242e-02,4.292120225727558136e-03,0.000000000000000000e+00,0.000000000000000000e+00,0.000000000000000000e+00,0.000000000000000000e+00,5.339898071289062500e+02,0.000000000000000000e+00
2.399999999999999911e-01,-4.100990295410156250e-02,-6.488800048828125000e-03,-2.958369255065917969e-02,4.119037091732025146e-02,5.003997310996055603e-02,5.905381590127944946e-02,5.020038783550262451e-02,4.268466494977474213e-03,1.000000000000000000e+00,0.000000000000000000e+00,1.000000000000000000e+00,0.000000000000000000e+00,5.529541625976562500e+02,0.000000000000000000e+00
2.600000000000000089e-01,-4.091072082519531250e-02,-7.192611694335937500e-03,-2.702772617340087891e-02,4.285845160484313965e-02,5.023655667901039124e-02,6.026624143123626709e-02,4.972993209958076477e-02,4.385757725685834885e-03,1.000000000000000000e+00,0.000000000000000000e+00,0.000000000000000000e+00,0.000000000000000000e+00,5.651735229492187500e+02,0.000000000000000000e+00
2.800000000000000266e-01,-4.030609130859375000e-02,-7.734298706054687500e-03,-2.258533239364624023e-02,4.249529540538787842e-02,5.059646442532539368e-02,6.463384628295898438e-02,4.672663658857345581e-02,4.377809353172779083e-03,1.000000000000000000e+00,0.000000000000000000e+00,0.000000000000000000e+00,0.000000000000000000e+00,5.435644531250000000e+02,0.000000000000000000e+00
2.999999999999999889e-01,-3.855514526367187500e-02,-8.153915405273437500e-03,-1.776635646820068359e-02,4.389190673828125000e-02,5.140862241387367249e-02,7.066984474658966064e-02,4.301158711314201355e-02,4.136383067816495895e-03,1.000000000000000000e+00,0.000000000000000000e+00,0.000000000000000000e+00,0.000000000000000000e+00,5.493659057617187500e+02,0.000000000000000000e+00
3.200000000000000067e-01,-3.563690185546875000e-02,-8.743286132812500000e-03,-1.393288373947143555e-02,4.758788272738456726e-02,5.155342072248458862e-02,7.399569451808929443e-02,4.241769388318061829e-02,4.586027469485998154e-03,1.000000000000000000e+00,0.000000000000000000e+00,0.000000000000000000e+00,0.000000000000000000e+00,5.797815551757812500e+02,0.000000000000000000e+00
3.400000000000000244e-01,-3.107833862304687500e-02,-9.803771972656250000e-03,-1.113575696945190430e-02,5.147284269332885742e-02,5.127119645476341248e-02,7.518684864044189453e-02,4.682721570134162903e-02,4.859627690166234970e-03,1.000000000000000000e+00,0.000000000000000000e+00,0.000000000000000000e+00,0.000000000000000000e+00,5.503013305664062500e+02,3.906250000000000000e-03
3.599999999999999867e-01,-2.497482299804687500e-02,-1.121711730957031250e-02,-9.420633316040039062e-03,5.441820994019508362e-02,5.052736774086952209e-02,7.446914911270141602e-02,5.392595380544662476e-02,4.646052140742540359e-03,1.000000000000000000e+00,0.000000000000000000e+00,0.000000000000000000e+00,0.000000000000000000e+00,5.416795654296875000e+02,3.906250000000000000e-03
3.800000000000000044e-01,-1.825714111328125000e-02,-1.245117187500000000e-02,-9.122729301452636719e-03,5.626660212874412537e-02,5.087912455201148987e-02,7.072265446186065674e-02,6.225350126624107361e-02,4.899631720036268234e-03,1.000000000000000000e+00,0.000000000000000000e+00,0.000000000000000000e+00,0.000000000000000000e+00,5.407102661132812500e+02,0.000000000000000000e+00
4.000000000000000222e-01,-1.339721679687500000e-02,-1.244735717773437500e-02,-1.000660657882690430e-02,5.527468025684356689e-02,5.308972299098968506e-02,6.460910290479660034e-02,7.209566980600357056e-02,4.996312782168388367e-03,1.000000000000000000e+00,0.000000000000000000e+00,1.000000000000000000e+00,0.000000000000000000e+00,5.283699340820312500e+02,3.906250000000000000e-03
4.199999999999999845e-01,-1.257705688476562500e-02,-8.525848388671875000e-03,-9.978413581848144531e-03,5.440944433212280273e-02,5.576259270310401917e-02,4.888029769062995911e-02,8.205042779445648193e-02,5.501974374055862427e-03,1.000000000000000000e+00,1.000000000000000000e+00,0.000000000000000000e+00,0.000000000000000000e+00,5.370627441406250000e+02,0.000000000000000000e+00
4.400000000000000022e-01,-1.236915588378906250e-02,-3.946304321289062500e-03,-9.639382362365722656e-03,5.791638046503067017e-02,5.875826254487037659e-02,3.071750886738300323e-02,8.362022787332534790e-02,5.141053814440965652e-03,1.000000000000000000e+00,0.000000000000000000e+00,0.000000000000000000e+00,0.000000000000000000e+00,5.584145507812500000e+02,0.000000000000000000e+00
4.600000000000000200e-01,-1.442337036132812500e-02,-1.556396484375000000e-03,-8.140802383422851562e-03,6.318931281566619873e-02,6.175700202584266663e-02,3.282240778207778931e-02,8.269194513559341431e-02,4.393578041344881058e-03,1.000000000000000000e+00,1.000000000000000000e+00,0.000000000000000000e+00,0.000000000000000000e+00,5.468594360351562500e+02,0.000000000000000000e+00
4.799999999999999822e-01,-2.114868164062500000e-02,-7.629394531250000000e-04,-8.082330226898193359e-03,5.435682833194732666e-02,6.440003216266632080e-02,3.412428498268127441e-02,8.252607285976409912e-02,5.175950936973094940e-03,0.000000000000000000e+00,1.000000000000000000e+00,0.000000000000000000e+00,1.000000000000000000e+00,5.341951904296875000e+02,0.000000000000000000e+00
5.000000000000000000e-01,-2.366447448730468750e-02,-1.703262329101562500e-03,-9.796857833862304688e-03,7.341863214969635010e-02,6.563262641429901123e-02,3.672628849744796753e-02,8.230451494455337524e-02,3.243303298950195312e-02,0.000000000000000000e+00,0.000000000000000000e+00,0.000000000000000000e+00,0.000000000000000000e+00,5.713335571289062500e+02,0.000000000000000000e+00
5.200000000000000178e-01,-3.070640563964843750e-02,-1.951217651367187500e-03,-1.155930757522583008e-02,6.978506594896316528e-02,6.115410104393959045e-02,3.918009623885154724e-02,8.313114941120147705e-02,4.335757344961166382e-02,0.000000000000000000e+00,0.000000000000000000e+00,0.000000000000000000e+00,0.000000000000000000e+00,5.642796020507812500e+02,0.000000000000000000e+00
5.400000000000000355e-01,-3.490829467773437500e-02,-3.023147583007812500e-03,-1.087433099746704102e-02,7.601664960384368896e-02,6.033952906727790833e-02,4.195481538772583008e-02,8.337155729532241821e-02,5.232121050357818604e-02,0.000000000000000000e+00,0.000000000000000000e+00,0.000000000000000000e+00,0.000000000000000000e+00,5.391236572265625000e+02,0.000000000000000000e+00
5.600000000000000533e-01,-4.145812988281250000e-02,-2.483367919921875000e-03,-9.903490543365478516e-03,5.144967511296272278e-02,5.707128718495368958e-02,4.449220746755599976e-02,8.242148160934448242e-02,4.155889526009559631e-02,0.000000000000000000e+00,0.000000000000000000e+00,0.000000000000000000e+00,0.000000000000000000e+00,5.425979614257812500e+02,0.000000000000000000e+00
5.799999999999999600e-01,-3.500175476074218750e-02,-6.528854370117187500e-03,-1.023209095001220703e-02,8.885034173727035522e-02,6.253263354301452637e-02,4.578503966331481934e-02,8.313997089862823486e-02,6.593788415193557739e-02,0.000000000000000000e+00,0.000000000000000000e+00,0.000000000000000000e+00,0.000000000000000000e+00,5.398078002929687500e+02,0.000000000000000000e+00
5.999999999999999778e-01,-3.683090209960937500e-02,-7.549285888671875000e-03,-1.050764322280883789e-02,7.552251219749450684e-02,5.828376486897468567e-02,4.607010632753372192e-02,8.582391589879989624e-02,6.337992101907730103e-02,0.000000000000000000e+00,0.000000000000000000e+00,0.000000000000000000e+00,0.000000000000000000e+00,5.698471069335937500e+02,0.000000000000000000e+00
6.199999999999999956e-01,-4.080581665039062500e-02,-7.654190063476562500e-03,-8.634269237518310547e-03,5.207615718245506287e-02,5.021515116095542908e-02,4.621004685759544373e-02,8.631371706724166870e-02,5.007183179259300232e-02,0.000000000000000000e+00,0.000000000000000000e+00,0.000000000000000000e+00,0.000000000000000000e+00,5.436329956054687500e+02,0.000000000000000000e+00
6.400000000000000133e-01,-3.447532653808593750e-02,-1.158523559570312500e-02,-8.917212486267089844e-03,7.842244207859039307e-02,5.267419666051864624e-02,4.628032073378562927e-02,8.790314197540283203e-02,6.940046697854995728e-02,0.000000000000000000e+00,0.000000000000000000e+00,0.000000000000000000e+00,0.000000000000000000e+00,5.679751586914062500e+02,0.000000000000000000e+00
6.600000000000000311e-01,-3.209304809570312500e-02,-1.460647583007812500e-02,-7.370591163635253906e-03,8.345787972211837769e-02,5.299466848373413086e-02,4.485293105244636536e-02,8.920226246118545532e-02,7.492659986019134521e-02,0.000000000000000000e+00,0.000000000000000000e+00,0.000000000000000000e+00,0.000000000000000000e+00,5.445043334960937500e+02,0.000000000000000000e+00
6.800000000000000488e-01,-3.470802307128906250e-02,-1.423454284667968750e-02,-6.022632122039794922e-03,5.688615888357162476e-02,4.982078820466995239e-02,4.209634661674499512e-02,8.804333209991455078e-02,6.084986403584480286e-02,0.000000000000000000e+00,0.000000000000000000e+00,0.000000000000000000e+00,0.000000000000000000e+00,5.361178588867187500e+02,0.000000000000000000e+00
7.000000000000000666e-01,-3.179931640625000000e-02,-1.620101928710937500e-02,-5.625307559967041016e-03,5.290293321013450623e-02,5.390587076544761658e-02,3.892368450760841370e-02,8.716976642608642578e-02,6.277281045913696289e-02,0.000000000000000000e+00,0.000000000000000000e+00,0.000000000000000000e+00,0.000000000000000000e+00,5.336966552734375000e+02,0.000000000000000000e+00
7.199999999999999734e-01,-2.623939514160156250e-02,-2.077484130859375000e-02,-6.342589855194091797e-03,6.478434056043624878e-02,5.765347182750701904e-02,3.697924315929412842e-02,9.098177403211593628e-02,7.264982163906097412e-02,0.000000000000000000e+00,0.000000000000000000e+00,0.000000000000000000e+00,0.000000000000000000e+00,5.265081787109375000e+02,0.000000000000000000e+00
7.399999999999999911e-01,-2.501296997070312500e-02,-2.276039123535156250e-02,-6.478488445281982422e-03,5.480244755744934082e-02,5.563696846365928650e-02,3.510214760899543762e-02,9.219716489315032959e-02,6.523453444242477417e-02,0.000000000000000000e+00,0.000000000000000000e+00,0.000000000000000000e+00,0.000000000000000000e+00,5.346526489257812500e+02,0.000000000000000000e+00
7.600000000000000089e-01,-2.206420898437500000e-02,-2.526664733886718750e-02,-6.663739681243896484e-03,5.113821849226951599e-02,5.431812629103660583e-02,3.377294912934303284e-02,9.268007427453994751e-02,6.027570366859436035e-02,0.000000000000000000e+00,0.000000000000000000e+00,0.000000000000000000e+00,0.000000000000000000e+00,5.319955444335937500e+02,0.000000000000000000e+00
7.800000000000000266e-01,-1.483917236328125000e-02,-3.014373779296875000e-02,-8.416891098022460938e-03,6.197381392121315002e-02,5.298564210534095764e-02,3.369057551026344299e-02,9.333188831806182861e-02,6.743539124727249146e-02,0.000000000000000000e+00,0.000000000000000000e+00,0.000000000000000000e+00,0.000000000000000000e+00,5.411041259765625000e+02,0.000000000000000000e+00
8.000000000000000444e-01,-9.027481079101562500e-03,-3.443336486816406250e-02,-1.037102937698364258e-02,6.713427603244781494e-02,5.393046513199806213e-02,3.444413840770721436e-02,9.418433904647827148e-02,7.258332520723342896e-02,0.000000000000000000e+00,0.000000000000000000e+00,0.000000000000000000e+00,0.000000000000000000e+00,5.417828979492187500e+02,0.000000000000000000e+00
8.200000000000000622e-01,-5.790710449218750000e-03,-3.705024719238281250e-02,-1.212900876998901367e-02,7.032629847526550293e-02,5.352059006690979004e-02,3.505610674619674683e-02,9.515488147735595703e-02,8.366624265909194946e-02,0.000000000000000000e+00,0.000000000000000000e+00,0.000000000000000000e+00,1.000000000000000000e+00,5.368119506835937500e+02,0.000000000000000000e+00
8.399999999999999689e-01,-6.692886352539062500e-03,-3.804969787597656250e-02,-1.407963037490844727e-02,6.945967674255371094e-02,4.513386636972427368e-02,3.524153679609298706e-02,9.571138024330139160e-02,8.374741673469543457e-02,0.000000000000000000e+00,0.000000000000000000e+00,0.000000000000000000e+00,0.000000000000000000e+00,5.751004028320312500e+02,0.000000000000000000e+00
8.599999999999999867e-01,-8.090972900390625000e-03,-3.894424438476562500e-02,-1.513934135437011719e-02,6.843940168619155884e-02,4.508860781788825989e-02,3.514602780342102051e-02,9.583918750286102295e-02,8.387267589569091797e-02,0.000000000000000000e+00,0.000000000000000000e+00,0.000000000000000000e+00,0.000000000000000000e+00,5.392868652343750000e+02,0.000000000000000000e+00
8.800000000000000044e-01,-1.180458068847656250e-02,-4.007148742675781250e-02,-1.553893089294433594e-02,6.638056784868240356e-02,4.513318464159965515e-02,3.510176390409469604e-02,9.598799794912338257e-02,8.404164016246795654e-02,0.000000000000000000e+00,1.000000000000000000e+00,0.000000000000000000e+00,0.000000000000000000e+00,5.390815429687500000e+02,0.000000000000000000e+00
9.000000000000000222e-01,-1.753616333007812500e-02,-4.158973693847656250e-02,-1.597124338150024414e-02,6.052949279546737671e-02,4.557229578495025635e-02,3.662934526801109314e-02,9.597855806350708008e-02,8.426097035408020020e-02,0.000000000000000000e+00,0.000000000000000000e+00,1.000000000000000000e+00,0.000000000000000000e+00,5.543076171875000000e+02,0.000000000000000000e+00
9.200000000000000400e-01,-2.343177795410156250e-02,-4.457092285156250000e-02,-1.683080196380615234e-02,6.282979249954223633e-02,4.658332094550132751e-02,3.930001705884933472e-02,1.108098402619361877e-01,8.513284474611282349e-02,0.000000000000000000e+00,0.000000000000000000e+00,1.000000000000000000e+00,0.000000000000000000e+00,6.107117919921875000e+02,0.000000000000000000e+00
9.400000000000000577e-01,-2.805709838867187500e-02,-4.684829711914062500e-02,-1.742637157440185547e-02,5.814648419618606567e-02,4.795888811349868774e-02,4.413297027349472046e-02,1.164693608880043030e-01,8.620340377092361450e-02,0.000000000000000000e+00,0.000000000000000000e+00,1.000000000000000000e+00,0.000000000000000000e+00,5.793859863281250000e+02,0.000000000000000000e+00
9.599999999999999645e-01,-3.081703186035156250e-02,-4.869079589843750000e-02,-1.761639118194580078e-02,5.641473457217216492e-02,4.937424510717391968e-02,4.979304596781730652e-02,1.198694035410881042e-01,8.606113493442535400e-02,0.000000000000000000e+00,0.000000000000000000e+00,1.000000000000000000e+00,0.000000000000000000e+00,5.334316406250000000e+02,0.000000000000000000e+00
9.799999999999999822e-01,-3.189659118652343750e-02,-5.025482177734375000e-02,-1.801764965057373047e-02,5.785046517848968506e-02,5.017938092350959778e-02,5.453374981880187988e-02,1.228403002023696899e-01,8.598326891660690308e-02,0.000000000000000000e+00,0.000000000000000000e+00,1.000000000000000000e+00,0.000000000000000000e+00,5.440288696289062500e+02,8.593750000000000000e-02
1.000000000000000000e+00,-3.208732604980468750e-02,-5.165863037109375000e-02,-1.809102296829223633e-02,5.956050381064414978e-02,5.053422227501869202e-02,5.825257301330566406e-02,1.262357831001281738e-01,8.609277009963989258e-02,0.000000000000000000e+00,0.000000000000000000e+00,0.000000000000000000e+00,0.000000000000000000e+00,5.254694213867187500e+02,0.000000000000000000e+00
1.020000000000000018e+00,-3.177642822265625000e-02,-5.281448364257812500e-02,-1.748412847518920898e-02,5.878679826855659485e-02,5.052816122770309448e-02,6.013892963528633118e-02,1.297739744186401367e-01,8.614932000637054443e-02,0.000000000000000000e+00,0.000000000000000000e+00,0.000000000000000000e+00,0.000000000000000000e+00,5.709938964843750000e+02,0.000000000000000000e+00
1.040000000000000036e+00,-3.142547607421875000e-02,-5.349731445312500000e-02,-1.671850681304931641e-02,5.642318725585937500e-02,5.040011554956436157e-02,6.029082834720611572e-02,1.317025423049926758e-01,8.618614077568054199e-02,0.000000000000000000e+00,0.000000000000000000e+00,0.000000000000000000e+00,0.000000000000000000e+00,5.274562988281250000e+02,0.000000000000000000e+00
1.060000000000000053e+00,-3.104400634765625000e-02,-5.365371704101562500e-02,-1.607418060302734375e-02,5.594786256551742554e-02,5.037681758403778076e-02,6.006031483411788940e-02,1.297955513000488281e-01,8.615795522928237915e-02,0.000000000000000000e+00,0.000000000000000000e+00,0.000000000000000000e+00,0.000000000000000000e+00,5.460283813476562500e+02,3.906250000000000000e-03
1.080000000000000071e+00,-3.059768676757812500e-02,-5.345153808593750000e-02,-1.523268222808837891e-02,5.813417956233024597e-02,5.029990896582603455e-02,6.093622371554374695e-02,1.250533759593963623e-01,8.613848686218261719e-02,0.000000000000000000e+00,0.000000000000000000e+00,0.000000000000000000e+00,0.000000000000000000e+00,5.404959106445312500e+02,0.000000000000000000e+00
1.100000000000000089e+00,-2.982330322265625000e-02,-5.304145812988281250e-02,-1.371306180953979492e-02,6.039540097117424011e-02,5.032318457961082458e-02,6.540200114250183105e-02,1.197068467736244202e-01,8.611515164375305176e-02,0.000000000000000000e+00,0.000000000000000000e+00,0.000000000000000000e+00,0.000000000000000000e+00,5.386454467773437500e+02,0.000000000000000000e+00
1.120000000000000107e+00,-2.821540832519531250e-02,-5.269432067871093750e-02,-1.168560981750488281e-02,6.042303517460823059e-02,5.064944550395011902e-02,7.299173623323440552e-02,1.152555942535400391e-01,8.553853631019592285e-02,0.000000000000000000e+00,0.000000000000000000e+00,0.000000000000000000e+00,0.000000000000000000e+00,4.964708557128906250e+02,0.000000000000000000e+00
1.140000000000000124e+00,-2.534866333007812500e-02,-5.275917053222656250e-02,-9.754121303558349609e-03,5.964052304625511169e-02,5.069249495863914490e-02,8.006948232650756836e-02,1.136883646249771118e-01,8.574690669775009155e-02,0.000000000000000000e+00,0.000000000000000000e+00,0.000000000000000000e+00,0.000000000000000000e+00,5.155825195312500000e+02,0.000000000000000000e+00
1.159999999999999920e+00,-2.102470397949218750e-02,-5.336570739746093750e-02,-8.571326732635498047e-03,5.885571241378784180e-02,5.044349655508995056e-02,8.469633758068084717e-02,1.154512315988540649e-01,8.727586269378662109e-02,0.000000000000000000e+00,0.000000000000000000e+00,0.000000000000000000e+00,0.000000000000000000e+00,5.224193725585937500e+02,0.000000000000000000e+00
1.179999999999999938e+00,-1.562881469726562500e-02,-5.423164367675781250e-02,-8.908510208129882812e-03,5.551573261618614197e-02,4.910554364323616028e-02,8.672524243593215942e-02,1.172702163457870483e-01,8.847004920244216919e-02,1.000000000000000000e+00,0.000000000000000000e+00,0.000000000000000000e+00,0.000000000000000000e+00,5.651929931640625000e+02,0.000000000000000000e+00
1.199999999999999956e+00,-9.304046630859375000e-03,-5.469131469726562500e-02,-1.110327243804931641e-02,5.079669877886772156e-02,4.653815180063247681e-02,8.650543540716171265e-02,1.181584447622299194e-01,8.921408653259277344e-02,1.000000000000000000e+00,0.000000000000000000e+00,0.000000000000000000e+00,0.000000000000000000e+00,5.283181762695312500e+02,0.000000000000000000e+00
1.219999999999999973e+00,-3.726959228515625000e-03,-5.406761169433593750e-02,-1.445490121841430664e-02,5.203951522707939148e-02,4.463686794042587280e-02,8.350869268178939819e-02,1.210688874125480652e-01,8.939649164676666260e-02,1.000000000000000000e+00,0.000000000000000000e+00,0.000000000000000000e+00,0.000000000000000000e+00,5.643619384765625000e+02,0.000000000000000000e+00
1.239999999999999991e+00,-1.340866088867187500e-03,-5.054092407226562500e-02,-1.557481288909912109e-02,6.611059606075286865e-02,4.388102144002914429e-02,7.075624167919158936e-02,1.347639858722686768e-01,8.981952816247940063e-02,1.000000000000000000e+00,0.000000000000000000e+00,1.000000000000000000e+00,0.000000000000000000e+00,5.505488281250000000e+02,0.000000000000000000e+00
1.260000000000000009e+00,-1.335144042968750000e-03,-4.305267333984375000e-02,-1.713216304779052734e-02,7.652318477630615234e-02,4.469493776559829712e-02,4.148676618933677673e-02,1.316094100475311279e-01,8.908149600028991699e-02,1.000000000000000000e+00,0.000000000000000000e+00,0.000000000000000000e+00,0.000000000000000000e+00,5.457567138671875000e+02,0.000000000000000000e+00
1.280000000000000027e+00,-1.316070556640625000e-03,-3.812408447265625000e-02,-1.634085178375244141e-02,8.645871281623840332e-02,4.334473237395286560e-02,3.758709877729415894e-02,1.313618868589401245e-01,8.832215517759323120e-02,1.000000000000000000e+00,0.000000000000000000e+00,0.000000000000000000e+00,0.000000000000000000e+00,5.682513427734375000e+02,0.000000000000000000e+00
1.300000000000000044e+00,-4.306793212890625000e-03,-3.556251525878906250e-02,-1.381999254226684570e-02,9.404306113719940186e-02,4.172196984291076660e-02,3.568904101848602295e-02,1.305833756923675537e-01,8.745761960744857788e-02,1.000000000000000000e+00,0.000000000000000000e+00,0.000000000000000000e+00,1.000000000000000000e+00,5.438515014648437500e+02,0.000000000000000000e+00
1.320000000000000062e+00,-8.420944213867187500e-03,-3.662872314453125000e-02,-1.485860347747802734e-02,1.001497954130172729e-01,4.220432043075561523e-02,3.418171405792236328e-02,1.301889121532440186e-01,9.985667467117309570e-02,0.000000000000000000e+00,0.000000000000000000e+00,0.000000000000000000e+00,0.000000000000000000e+00,5.426969604492187500e+02,0.000000000000000000e+00
1.340000000000000080e+00,-1.334571838378906250e-02,-3.821945190429687500e-02,-1.464664936065673828e-02,1.044401451945304871e-01,4.157263040542602539e-02,3.322897851467132568e-02,1.302616298198699951e-01,1.138850077986717224e-01,0.000000000000000000e+00,0.000000000000000000e+00,0.000000000000000000e+00,0.000000000000000000e+00,5.292175292968750000e+02,0.000000000000000000e+00
1.360000000000000098e+00,-1.876258850097656250e-02,-3.945922851562500000e-02,-1.335263252258300781e-02,1.006155088543891907e-01,4.187974333763122559e-02,3.232469409704208374e-02,1.289630979299545288e-01,1.119163110852241516e-01,0.000000000000000000e+00,0.000000000000000000e+00,0.000000000000000000e+00,0.000000000000000000e+00,5.186517944335937500e+02,0.000000000000000000e+00
1.380000000000000115e+00,-2.266883850097656250e-02,-4.047775268554687500e-02,-1.116567850112915039e-02,9.176855534315109253e-02,4.225918278098106384e-02,3.095841407775878906e-02,1.258116364479064941e-01,1.034546718001365662e-01,0.000000000000000000e+00,0.000000000000000000e+00,0.000000000000000000e+00,0.000000000000000000e+00,5.367009277343750000e+02,0.000000000000000000e+00
1.400000000000000133e+00,-2.477264404296875000e-02,-4.132461547851562500e-02,-8.743762969970703125e-03,8.624328672885894775e-02,4.250187799334526062e-02,3.081311844289302826e-02,1.225335597991943359e-01,9.479811787605285645e-02,0.000000000000000000e+00,0.000000000000000000e+00,0.000000000000000000e+00,0.000000000000000000e+00,5.348876342773437500e+02,0.000000000000000000e+00
1.419999999999999929e+00,-2.549934387207031250e-02,-4.182052612304687500e-02,-6.823003292083740234e-03,8.389679342508316040e-02,4.240286350250244141e-02,3.120336681604385376e-02,1.197776868939399719e-01,8.747780323028564453e-02,0.000000000000000000e+00,0.000000000000000000e+00,0.000000000000000000e+00,0.000000000000000000e+00,5.405600585937500000e+02,0.000000000000000000e+00
1.439999999999999947e+00,-2.532005310058593750e-02,-4.207420349121093750e-02,-5.619585514068603516e-03,8.334063738584518433e-02,4.148047789931297302e-02,3.175843507051467896e-02,1.178065538406372070e-01,8.224704116582870483e-02,0.000000000000000000e+00,0.000000000000000000e+00,0.000000000000000000e+00,0.000000000000000000e+00,5.284905395507812500e+02,0.000000000000000000e+00
1.459999999999999964e+00,-2.450942993164062500e-02,-4.237556457519531250e-02,-5.061805248260498047e-03,8.146522939205169678e-02,3.882547840476036072e-02,3.182409703731536865e-02,1.169646754860877991e-01,8.025971800088882446e-02,0.000000000000000000e+00,0.000000000000000000e+00,0.000000000000000000e+00,0.000000000000000000e+00,5.245536499023437500e+02,0.000000000000000000e+00
1.479999999999999982e+00,-2.324295043945312500e-02,-4.235267639160156250e-02,-5.074143409729003906e-03,7.834333926439285278e-02,3.607595339417457581e-02,3.209999948740005493e-02,1.165116503834724426e-01,8.062415570020675659e-02,0.000000000000000000e+00,0.000000000000000000e+00,0.000000000000000000e+00,0.000000000000000000e+00,5.327002563476562500e+02,0.000000000000000000e+00
1.500000000000000000e+00,-2.176856994628906250e-02,-4.198455810546875000e-02,-5.151689052581787109e-03,7.632972300052642822e-02,3.622539713978767395e-02,3.266241773962974548e-02,1.160044819116592407e-01,8.242399990558624268e-02,0.000000000000000000e+00,0.000000000000000000e+00,0.000000000000000000e+00,0.000000000000000000e+00,5.624063110351562500e+02,0.000000000000000000e+00
1.520000000000000018e+00,-2.020454406738281250e-02,-4.199409484863281250e-02,-5.079030990600585938e-03,8.082158118486404419e-02,3.798131644725799561e-02,3.349753096699714661e-02,1.154790446162223816e-01,8.759395033121109009e-02,0.000000000000000000e+00,0.000000000000000000e+00,0.000000000000000000e+00,0.000000000000000000e+00,5.278275146484375000e+02,0.000000000000000000e+00
1.540000000000000036e+00,-1.798629760742187500e-02,-4.106903076171875000e-02,-5.406618118286132812e-03,8.022628724575042725e-02,3.998647257685661316e-02,3.458688780665397644e-02,1.148108616471290588e-01,8.863578736782073975e-02,0.000000000000000000e+00,0.000000000000000000e+00,0.000000000000000000e+00,0.000000000000000000e+00,5.241168212890625000e+02,0.000000000000000000e+00
1.560000000000000053e+00,-1.527786254882812500e-02,-4.108810424804687500e-02,-5.689918994903564453e-03,8.531466871500015259e-02,3.856221586465835571e-02,3.612309694290161133e-02,1.145275160670280457e-01,9.205272793769836426e-02,0.000000000000000000e+00,0.000000000000000000e+00,0.000000000000000000e+00,0.000000000000000000e+00,5.306688232421875000e+02,0.000000000000000000e+00
1.580000000000000071e+00,-1.113510131835937500e-02,-4.133605957031250000e-02,-6.273150444030761719e-03,8.807118237018585205e-02,3.566028177738189697e-02,3.819524869322776794e-02,1.142548397183418274e-01,9.424196183681488037e-02,0.000000000000000000e+00,0.000000000000000000e+00,0.000000000000000000e+00,0.000000000000000000e+00,5.218948974609375000e+02,0.000000000000000000e+00
1.600000000000000089e+00,-5.144119262695312500e-03,-4.193115234375000000e-02,-7.372260093688964844e-03,8.910498768091201782e-02,3.231909871101379395e-02,4.133723303675651550e-02,1.134344711899757385e-01,9.564498811960220337e-02,0.000000000000000000e+00,0.000000000000000000e+00,0.000000000000000000e+00,0.000000000000000000e+00,5.424829101562500000e+02,0.000000000000000000e+00
1.620000000000000107e+00,1.506805419921875000e-03,-4.342842102050781250e-02,-8.229970932006835938e-03,9.353701025247573853e-02,2.925885841250419617e-02,4.445726051926612854e-02,1.129551529884338379e-01,1.000280231237411499e-01,0.000000000000000000e+00,0.000000000000000000e+00,0.000000000000000000e+00,0.000000000000000000e+00,5.482172851562500000e+02,0.000000000000000000e+00
1.640000000000000124e+00,6.225585937500000000e-03,-4.422760009765625000e-02,-9.153485298156738281e-03,9.597852826118469238e-02,3.581243380904197693e-02,4.681726545095443726e-02,1.124783083796501160e-01,1.045098602771759033e-01,0.000000000000000000e+00,0.000000000000000000e+00,0.000000000000000000e+00,0.000000000000000000e+00,5.422205810546875000e+02,0.000000000000000000e+00
1.660000000000000142e+00,6.582260131835937500e-03,-4.447364807128906250e-02,-1.128375530242919922e-02,9.687147289514541626e-02,3.870386257767677307e-02,4.779265448451042175e-02,1.127610951662063599e-01,1.069160997867584229e-01,0.000000000000000000e+00,0.000000000000000000e+00,0.000000000000000000e+00,0.000000000000000000e+00,5.602863159179687500e+02,0.000000000000000000e+00
1.679999999999999938e+00,5.861282348632812500e-03,-4.431915283203125000e-02,-1.257175207138061523e-02,9.762198477983474731e-02,3.792026638984680176e-02,4.683277755975723267e-02,1.127896457910537720e-01,1.068215295672416687e-01,0.000000000000000000e+00,0.000000000000000000e+00,0.000000000000000000e+00,0.000000000000000000e+00,5.226657104492187500e+02,0.000000000000000000e+00
1.699999999999999956e+00,3.263473510742187500e-03,-4.447746276855468750e-02,-1.345759630203247070e-02,9.775871038436889648e-02,3.702678158879280090e-02,4.544047266244888306e-02,1.128326207399368286e-01,1.065767779946327209e-01,0.000000000000000000e+00,0.000000000000000000e+00,0.000000000000000000e+00,0.000000000000000000e+00,5.389364624023437500e+02,0.000000000000000000e+00
1.719999999999999973e+00,-1.625061035156250000e-03,-4.505538940429687500e-02,-1.376831531524658203e-02,9.513487666845321655e-02,3.630827739834785461e-02,4.418312013149261475e-02,1.124544292688369751e-01,1.062786355614662170e-01,0.000000000000000000e+00,0.000000000000000000e+00,0.000000000000000000e+00,0.000000000000000000e+00,5.466746826171875000e+02,0.000000000000000000e+00
1.739999999999999991e+00,-7.669448852539062500e-03,-4.698944091796875000e-02,-1.438587903976440430e-02,9.678526222705841064e-02,3.617825731635093689e-02,3.909100219607353210e-02,1.213888600468635559e-01,1.061145439743995667e-01,0.000000000000000000e+00,0.000000000000000000e+00,1.000000000000000000e+00,0.000000000000000000e+00,5.408418579101562500e+02,0.000000000000000000e+00
1.760000000000000009e+00,-1.280975341796875000e-02,-4.965782165527343750e-02,-1.489967107772827148e-02,9.720575064420700073e-02,3.723186627030372620e-02,3.094884753227233887e-02,1.324542015790939331e-01,1.058083921670913696e-01,0.000000000000000000e+00,0.000000000000000000e+00,1.000000000000000000e+00,0.000000000000000000e+00,5.363508300781250000e+02,0.000000000000000000e+00
1.780000000000000027e+00,-1.654243469238281250e-02,-5.198478698730468750e-02,-1.519727706909179688e-02,9.685669839382171631e-02,3.793262690305709839e-02,2.898843772709369659e-02,1.391764283180236816e-01,1.061813756823539734e-01,0.000000000000000000e+00,0.000000000000000000e+00,1.000000000000000000e+00,0.000000000000000000e+00,5.352953491210937500e+02,3.906250000000000000e-03
1.800000000000000044e+00,-1.865386962890625000e-02,-5.415725708007812500e-02,-1.505661010742187500e-02,9.637530893087387085e-02,3.878839313983917236e-02,3.081372939050197601e-02,1.437690556049346924e-01,1.063281446695327759e-01,0.000000000000000000e+00,0.000000000000000000e+00,1.000000000000000000e+00,0.000000000000000000e+00,5.266594238281250000e+02,0.000000000000000000e+00
1.820000000000000062e+00,-1.975059509277343750e-02,-5.621910095214843750e-02,-1.489150524139404297e-02,9.542525559663772583e-02,3.957366570830345154e-02,3.398264572024345398e-02,1.476998031139373779e-01,1.066087186336517334e-01,0.000000000000000000e+00,0.000000000000000000e+00,1.000000000000000000e+00,0.000000000000000000e+00,5.535939331054687500e+02,3.906250000000000000e-03
1.840000000000000080e+00,-2.042770385742187500e-02,-5.810356140136718750e-02,-1.551687717437744141e-02,9.445807337760925293e-02,4.044307023286819458e-02,3.705132380127906799e-02,1.493062824010848999e-01,1.068885698914527893e-01,0.000000000000000000e+00,0.000000000000000000e+00,0.000000000000000000e+00,0.000000000000000000e+00,5.531525878906250000e+02,0.000000000000000000e+00
1.860000000000000098e+00,-2.096748352050781250e-02,-5.957221984863281250e-02,-1.707005500793457031e-02,9.491148591041564941e-02,4.168675467371940613e-02,3.792274743318557739e-02,1.471158117055892944e-01,1.070022955536842346e-01,0.000000000000000000e+00,0.000000000000000000e+00,0.000000000000000000e+00,0.000000000000000000e+00,5.306066284179687500e+02,0.000000000000000000e+00
1.880000000000000115e+00,-2.129745483398437500e-02,-6.055831909179687500e-02,-1.867997646331787109e-02,9.562001377344131470e-02,4.374677687883377075e-02,3.572687134146690369e-02,1.425297856330871582e-01,1.070573180913925171e-01,0.000000000000000000e+00,0.000000000000000000e+00,0.000000000000000000e+00,0.000000000000000000e+00,5.528446655273437500e+02,0.000000000000000000e+00
1.900000000000000133e+00,-2.115440368652343750e-02,-6.104660034179687500e-02,-1.897066831588745117e-02,9.589399397373199463e-02,4.522387310862541199e-02,3.221213072538375854e-02,1.383147239685058594e-01,1.071471646428108215e-01,0.000000000000000000e+00,0.000000000000000000e+00,0.000000000000000000e+00,0.000000000000000000e+00,5.385164184570312500e+02,0.000000000000000000e+00
1.919999999999999929e+00,-2.065467834472656250e-02,-6.106948852539062500e-02,-1.732283830642700195e-02,9.756822139024734497e-02,4.522971808910369873e-02,3.196209669113159180e-02,1.343847215175628662e-01,1.073287278413772583e-01,0.000000000000000000e+00,0.000000000000000000e+00,0.000000000000000000e+00,0.000000000000000000e+00,5.340808715820312500e+02,3.906250000000000000e-03
1.939999999999999947e+00,-1.976776123046875000e-02,-6.104087829589843750e-02,-1.473522186279296875e-02,9.718856960535049438e-02,4.452244192361831665e-02,3.763781115412712097e-02,1.301560848951339722e-01,1.083258017897605896e-01,0.000000000000000000e+00,0.000000000000000000e+00,0.000000000000000000e+00,0.000000000000000000e+00,5.408619384765625000e+02,0.000000000000000000e+00
1.959999999999999964e+00,-1.820755004882812500e-02,-6.122207641601562500e-02,-1.255899667739868164e-02,9.325610846281051636e-02,4.366151243448257446e-02,4.610494151711463928e-02,1.257795244455337524e-01,1.100009307265281677e-01,0.000000000000000000e+00,0.000000000000000000e+00,0.000000000000000000e+00,0.000000000000000000e+00,5.471292114257812500e+02,0.000000000000000000e+00
1.979999999999999982e+00,-1.541900634765625000e-02,-6.164550781250000000e-02,-1.149439811706542969e-02,8.786784857511520386e-02,4.343938082456588745e-02,5.379226058721542358e-02,1.215872317552566528e-01,1.121640726923942566e-01,1.000000000000000000e+00,0.000000000000000000e+00,0.000000000000000000e+00,0.000000000000000000e+00,5.683265991210937500e+02,0.000000000000000000e+00
2.000000000000000000e+00,-1.132583618164062500e-02,-6.211662292480468750e-02,-1.156872510910034180e-02,8.320889621973037720e-02,4.307929798960685730e-02,5.938670411705970764e-02,1.174558848142623901e-01,1.139256432652473450e-01,0.000000000000000000e+00,0.000000000000000000e+00,0.000000000000000000e+00,0.000000000000000000e+00,5.368834838867187500e+02,0.000000000000000000e+00
2.020000000000000018e+00,-5.966186523437500000e-03,-6.247711181640625000e-02,-1.281553506851196289e-02,8.187695592641830444e-02,4.204525798559188843e-02,6.130307167768478394e-02,1.153993085026741028e-01,1.146069988608360291e-01,1.000000000000000000e+00,0.000000000000000000e+00,0.000000000000000000e+00,0.000000000000000000e+00,5.304637451171875000e+02,0.000000000000000000e+00
2.040000000000000036e+00,7.247924804687500000e-05,-6.210136413574218750e-02,-1.494598388671875000e-02,8.349215984344482422e-02,4.059546068310737610e-02,5.888818949460983276e-02,1.192355304956436157e-01,1.147750690579414368e-01,0.000000000000000000e+00,0.000000000000000000e+00,0.000000000000000000e+00,0.000000000000000000e+00,5.041641235351562500e+02,0.000000000000000000e+00
2.060000000000000053e+00,4.083633422851562500e-03,-5.979728698730468750e-02,-1.682102680206298828e-02,8.514397591352462769e-02,3.963530808687210083e-02,5.186976492404937744e-02,1.359909921884536743e-01,1.136117801070213318e-01,0.000000000000000000e+00,1.000000000000000000e+00,1.000000000000000000e+00,0.000000000000000000e+00,5.140218505859375000e+02,0.000000000000000000e+00
2.080000000000000071e+00,4.083633422851562500e-03,-5.304908752441406250e-02,-1.731121540069580078e-02,9.382215887308120728e-02,3.947333991527557373e-02,5.215402692556381226e-02,1.474470198154449463e-01,1.140194535255432129e-01,0.000000000000000000e+00,0.000000000000000000e+00,1.000000000000000000e+00,0.000000000000000000e+00,5.309084472656250000e+02,1.171875000000000000e-02
2.100000000000000089e+00,3.271102905273437500e-03,-4.572105407714843750e-02,-1.729273796081542969e-02,1.016274094581604004e-01,3.892267495393753052e-02,4.822124540805816650e-02,1.461059898138046265e-01,1.131360158324241638e-01,1.000000000000000000e+00,0.000000000000000000e+00,0.000000000000000000e+00,0.000000000000000000e+00,5.225441894531250000e+02,1.562500000000000000e-02
2.120000000000000107e+00,4.863739013671875000e-04,-4.175567626953125000e-02,-1.514387130737304688e-02,1.098195537924766541e-01,3.800531849265098572e-02,4.521619156002998352e-02,1.444819271564483643e-01,1.126177236437797546e-01,0.000000000000000000e+00,0.000000000000000000e+00,0.000000000000000000e+00,0.000000000000000000e+00,5.606139526367187500e+02,0.000000000000000000e+00
2.140000000000000124e+00,-5.825042724609375000e-03,-4.144668579101562500e-02,-1.535308361053466797e-02,1.124531701207160950e-01,3.795361891388893127e-02,4.196313768625259399e-02,1.420763432979583740e-01,1.110008656978607178e-01,0.000000000000000000e+00,0.000000000000000000e+00,0.000000000000000000e+00,0.000000000000000000e+00,5.511417236328125000e+02,7.812500000000000000e-03
2.160000000000000142e+00,-1.069641113281250000e-02,-4.323768615722656250e-02,-1.724803447723388672e-02,1.162108704447746277e-01,4.209329187870025635e-02,3.898748755455017090e-02,1.388756036758422852e-01,1.347322613000869751e-01,0.000000000000000000e+00,0.000000000000000000e+00,0.000000000000000000e+00,0.000000000000000000e+00,5.295111694335937500e+02,0.000000000000000000e+00
2.180000000000000160e+00,-1.764869689941406250e-02,-4.510307312011718750e-02,-1.783299446105957031e-02,1.148979067802429199e-01,4.244764894247055054e-02,3.703613951802253723e-02,1.352690905332565308e-01,1.402547508478164673e-01,0.000000000000000000e+00,0.000000000000000000e+00,0.000000000000000000e+00,0.000000000000000000e+00,5.181586303710937500e+02,0.000000000000000000e+00
2.200000000000000178e+00,-2.343559265136718750e-02,-4.667854309082031250e-02,-1.697468757629394531e-02,1.070700511336326599e-01,4.417031630873680115e-02,3.529462963342666626e-02,1.335840523242950439e-01,1.342405378818511963e-01,0.000000000000000000e+00,0.000000000000000000e+00,0.000000000000000000e+00,0.000000000000000000e+00,5.277940063476562500e+02,0.000000000000000000e+00
2.220000000000000195e+00,-2.731323242187500000e-02,-4.793167114257812500e-02,-1.518279314041137695e-02,9.705349802970886230e-02,4.710753634572029114e-02,3.436170518398284912e-02,1.310720741748809814e-01,1.248744502663612366e-01,0.000000000000000000e+00,0.000000000000000000e+00,0.000000000000000000e+00,0.000000000000000000e+00,5.409827880859375000e+02,0.000000000000000000e+00
2.240000000000000213e+00,-2.970886230468750000e-02,-4.880905151367187500e-02,-1.325696706771850586e-02,8.623775839805603027e-02,4.920028895139694214e-02,3.393745794892311096e-02,1.281672716140747070e-01,1.139687150716781616e-01,0.000000000000000000e+00,0.000000000000000000e+00,0.000000000000000000e+00,0.000000000000000000e+00,5.377745361328125000e+02,0.000000000000000000e+00
2.260000000000000231e+00,-3.105163574218750000e-02,-4.942893981933593750e-02,-1.155513525009155273e-02,7.844372838735580444e-02,4.977545514702796936e-02,3.388810530304908752e-02,1.259334981441497803e-01,1.037389636039733887e-01,0.000000000000000000e+00,0.000000000000000000e+00,0.000000000000000000e+00,0.000000000000000000e+00,5.709863281250000000e+02,0.000000000000000000e+00
2.280000000000000249e+00,-3.162193298339843750e-02,-4.999923706054687500e-02,-1.054811477661132812e-02,7.477997243404388428e-02,4.848479107022285461e-02,3.414434194564819336e-02,1.247406378388404846e-01,9.563665837049484253e-02,0.000000000000000000e+00,0.000000000000000000e+00,0.000000000000000000e+00,0.000000000000000000e+00,5.364121093750000000e+02,0.000000000000000000e+00
2.300000000000000266e+00,-3.163719177246093750e-02,-5.076408386230468750e-02,-9.965240955352783203e-03,7.437065988779067993e-02,4.624662920832633972e-02,3.437263891100883484e-02,1.243317499756813049e-01,9.095257520675659180e-02,0.000000000000000000e+00,0.000000000000000000e+00,0.000000000000000000e+00,0.000000000000000000e+00,5.780566406250000000e+02,0.000000000000000000e+00
2.319999999999999840e+00,-3.121376037597656250e-02,-5.158424377441406250e-02,-9.181022644042968750e-03,7.459158450365066528e-02,4.446515440940856934e-02,3.485521674156188965e-02,1.238896995782852173e-01,9.013366699218750000e-02,0.000000000000000000e+00,0.000000000000000000e+00,0.000000000000000000e+00,0.000000000000000000e+00,5.227830200195312500e+02,0.000000000000000000e+00
2.339999999999999858e+00,-3.034210205078125000e-02,-5.227470397949218750e-02,-8.394598960876464844e-03,7.501876354217529297e-02,4.376821964979171753e-02,3.551362827420234680e-02,1.234832182526588440e-01,9.169680625200271606e-02,0.000000000000000000e+00,0.000000000000000000e+00,0.000000000000000000e+00,0.000000000000000000e+00,5.590369262695312500e+02,0.000000000000000000e+00
2.359999999999999876e+00,-2.873420715332031250e-02,-5.286407470703125000e-02,-7.831633090972900391e-03,7.589106261730194092e-02,4.474207013845443726e-02,3.621961548924446106e-02,1.231466159224510193e-01,9.410300850868225098e-02,0.000000000000000000e+00,0.000000000000000000e+00,0.000000000000000000e+00,0.000000000000000000e+00,5.351862792968750000e+02,0.000000000000000000e+00
2.379999999999999893e+00,-2.626037597656250000e-02,-5.353355407714843750e-02,-7.754802703857421875e-03,7.654811441898345947e-02,4.595607891678810120e-02,3.718511015176773071e-02,1.229216158390045166e-01,9.643970429897308350e-02,0.000000000000000000e+00,0.000000000000000000e+00,0.000000000000000000e+00,0.000000000000000000e+00,5.327813110351562500e+02,0.000000000000000000e+00
2.399999999999999911e+00,-2.263832092285156250e-02,-5.459785461425781250e-02,-8.134305477142333984e-03,7.748017460107803345e-02,4.656459391117095947e-02,3.879025578498840332e-02,1.230077296495437622e-01,9.877809137105941772e-02,0.000000000000000000e+00,0.000000000000000000e+00,0.000000000000000000e+00,0.000000000000000000e+00,5.539201049804687500e+02,0.000000000000000000e+00
2.419999999999999929e+00,-1.753807067871093750e-02,-5.643653869628906250e-02,-8.753776550292968750e-03,7.883190363645553589e-02,4.658870771527290344e-02,4.093047976493835449e-02,1.230291649699211121e-01,1.005311906337738037e-01,0.000000000000000000e+00,0.000000000000000000e+00,0.000000000000000000e+00,0.000000000000000000e+00,5.403300170898437500e+02,0.000000000000000000e+00
2.439999999999999947e+00,-1.099205017089843750e-02,-5.914688110351562500e-02,-9.716689586639404297e-03,8.163776248693466187e-02,4.520548135042190552e-02,4.352484643459320068e-02,1.230892315506935120e-01,1.025746986269950867e-01,0.000000000000000000e+00,0.000000000000000000e+00,0.000000000000000000e+00,0.000000000000000000e+00,5.451441040039062500e+02,0.000000000000000000e+00
2.459999999999999964e+00,-4.486083984375000000e-03,-6.193733215332031250e-02,-1.056385040283203125e-02,8.396214991807937622e-02,4.271442443132400513e-02,4.630859568715095520e-02,1.233291104435920715e-01,1.053635105490684509e-01,0.000000000000000000e+00,0.000000000000000000e+00,0.000000000000000000e+00,0.000000000000000000e+00,5.525064086914062500e+02,0.000000000000000000e+00
2.479999999999999982e+00,-3.490447998046875000e-04,-6.425476074218750000e-02,-1.164066791534423828e-02,8.298503607511520386e-02,4.270488023757934570e-02,4.887982457876205444e-02,1.236357167363166809e-01,1.094316765666007996e-01,1.000000000000000000e+00,0.000000000000000000e+00,0.000000000000000000e+00,1.000000000000000000e+00,5.358673095703125000e+02,3.906250000000000000e-03
2.500000000000000000e+00,-1.468658447265625000e-04,-6.630897521972656250e-02,-1.224923133850097656e-02,7.898604124784469604e-02,4.541976004838943481e-02,4.888448864221572876e-02,1.240023747086524963e-01,1.096096038818359375e-01,0.000000000000000000e+00,0.000000000000000000e+00,0.000000000000000000e+00,0.000000000000000000e+00,5.384932861328125000e+02,1.562500000000000000e-02
2.520000000000000018e+00,-4.024505615234375000e-04,-6.839752197265625000e-02,-1.156538724899291992e-02,7.609504461288452148e-02,4.573440551757812500e-02,4.784157127141952515e-02,1.242400407791137695e-01,1.098487302660942078e-01,0.000000000000000000e+00,0.000000000000000000e+00,0.000000000000000000e+00,0.000000000000000000e+00,5.276286010742187500e+02,3.906250000000000000e-03
2.540000000000000036e+00,-3.253936767578125000e-03,-7.066917419433593750e-02,-1.044958829879760742e-02,7.550356537103652954e-02,4.659286141395568848e-02,4.693364351987838745e-02,1.244505047798156738e-01,1.101148948073387146e-01,0.000000000000000000e+00,1.000000000000000000e+00,0.000000000000000000e+00,0.000000000000000000e+00,5.613591918945312500e+02,3.906250000000000000e-03
2.560000000000000053e+00,-8.152008056640625000e-03,-7.278633117675781250e-02,-9.387850761413574219e-03,7.463952153921127319e-02,4.798510298132896423e-02,4.611374065279960632e-02,1.244827881455421448e-01,1.097177043557167053e-01,0.000000000000000000e+00,0.000000000000000000e+00,1.000000000000000000e+00,0.000000000000000000e+00,5.742243041992187500e+02,3.906250000000000000e-03
2.580000000000000071e+00,-1.279258728027343750e-02,-7.591819763183593750e-02,-8.424043655395507812e-03,8.028868585824966431e-02,4.973243549466133118e-02,3.717156499624252319e-02,1.379945427179336548e-01,1.099648103117942810e-01,0.000000000000000000e+00,0.000000000000000000e+00,0.000000000000000000e+00,0.000000000000000000e+00,5.512976074218750000e+02,0.000000000000000000e+00
2.600000000000000089e+00,-1.661300659179687500e-02,-7.761573791503906250e-02,-8.459687232971191406e-03,7.862289249897003174e-02,5.159210786223411560e-02,3.189413994550704956e-02,1.405530422925949097e-01,1.100425496697425842e-01,0.000000000000000000e+00,0.000000000000000000e+00,0.000000000000000000e+00,0.000000000000000000e+00,5.381660156250000000e+02,0.000000000000000000e+00
2.620000000000000107e+00,-1.884651184082031250e-02,-7.838439941406250000e-02,-8.882522583007812500e-03,7.519339770078659058e-02,5.272582173347473145e-02,3.118136525154113770e-02,1.380334645509719849e-01,1.098494157195091248e-01,0.000000000000000000e+00,0.000000000000000000e+00,0.000000000000000000e+00,0.000000000000000000e+00,5.554699707031250000e+02,0.000000000000000000e+00
2.640000000000000124e+00,-1.968383789062500000e-02,-7.847976684570312500e-02,-9.662270545959472656e-03,7.132962346076965332e-02,5.322259664535522461e-02,3.290867060422897339e-02,1.342260688543319702e-01,1.095957085490226746e-01,0.000000000000000000e+00,0.000000000000000000e+00,0.000000000000000000e+00,0.000000000000000000e+00,5.391112670898437500e+02,0.000000000000000000e+00
2.660000000000000142e+00,-1.972579956054687500e-02,-7.799530029296875000e-02,-1.100230216979980469e-02,6.785502284765243530e-02,5.287277698516845703e-02,3.449399769306182861e-02,1.309800446033477783e-01,1.091977134346961975e-01,0.000000000000000000e+00,0.000000000000000000e+00,0.000000000000000000e+00,0.000000000000000000e+00,5.415464477539062500e+02,0.000000000000000000e+00
2.680000000000000160e+00,-1.949882507324218750e-02,-7.708740234375000000e-02,-1.295286417007446289e-02,6.725493818521499634e-02,5.170319229364395142e-02,3.498711064457893372e-02,1.291904002428054810e-01,1.088860332965850830e-01,0.000000000000000000e+00,0.000000000000000000e+00,0.000000000000000000e+00,0.000000000000000000e+00,5.381083374023437500e+02,0.000000000000000000e+00
2.700000000000000178e+00,-1.913070678710937500e-02,-7.581138610839843750e-02,-1.485008001327514648e-02,6.920170783996582031e-02,5.039393529295921326e-02,3.390476480126380920e-02,1.289792060852050781e-01,1.086979955434799194e-01,0.000000000000000000e+00,0.000000000000000000e+00,0.000000000000000000e+00,0.000000000000000000e+00,5.341860351562500000e+02,0.000000000000000000e+00
2.720000000000000195e+00,-1.882743835449218750e-02,-7.398796081542968750e-02,-1.583158969879150391e-02,7.174630463123321533e-02,4.919540137052536011e-02,3.124231100082397461e-02,1.289726048707962036e-01,1.084721982479095459e-01,0.000000000000000000e+00,0.000000000000000000e+00,0.000000000000000000e+00,0.000000000000000000e+00,5.290065917968750000e+02,0.000000000000000000e+00
2.740000000000000213e+00,-1.867675781250000000e-02,-7.169532775878906250e-02,-1.545697450637817383e-02,7.456919550895690918e-02,4.795824363827705383e-02,2.774171158671379089e-02,1.273615509271621704e-01,1.084535494446754456e-01,0.000000000000000000e+00,0.000000000000000000e+00,0.000000000000000000e+00,0.000000000000000000e+00,5.394743652343750000e+02,0.000000000000000000e+00
2.760000000000000231e+00,-1.810264587402343750e-02,-6.923675537109375000e-02,-1.449346542358398438e-02,7.566762715578079224e-02,4.674579575657844543e-02,2.820772118866443634e-02,1.243518739938735962e-01,1.086168214678764343e-01,0.000000000000000000e+00,0.000000000000000000e+00,0.000000000000000000e+00,0.000000000000000000e+00,5.651165771484375000e+02,0.000000000000000000e+00
2.780000000000000249e+00,-1.683807373046875000e-02,-6.690216064453125000e-02,-1.381874084472656250e-02,7.271693646907806396e-02,4.518615081906318665e-02,3.494650125503540039e-02,1.223200187087059021e-01,1.092077270150184631e-01,1.000000000000000000e+00,0.000000000000000000e+00,0.000000000000000000e+00,0.000000000000000000e+00,5.557633666992187500e+02,0.000000000000000000e+00
2.800000000000000266e+00,-1.491546630859375000e-02,-6.508636474609375000e-02,-1.426082849502563477e-02,6.571625173091888428e-02,4.279017075896263123e-02,4.283171892166137695e-02,1.225128173828125000e-01,1.105674505233764648e-01,0.000000000000000000e+00,0.000000000000000000e+00,0.000000000000000000e+00,0.000000000000000000e+00,5.460896606445312500e+02,0.000000000000000000e+00
2.819999999999999840e+00,-1.194190979003906250e-02,-6.393623352050781250e-02,-1.598674058914184570e-02,5.625388771295547485e-02,4.108294844627380371e-02,4.838833585381507874e-02,1.240479871630668640e-01,1.114604175090789795e-01,0.000000000000000000e+00,0.000000000000000000e+00,0.000000000000000000e+00,0.000000000000000000e+00,5.791200561523437500e+02,0.000000000000000000e+00
2.839999999999999858e+00,-7.919311523437500000e-03,-6.307029724121093750e-02,-1.843428611755371094e-02,4.949381202459335327e-02,4.079504683613777161e-02,5.139398947358131409e-02,1.268511414527893066e-01,1.118661686778068542e-01,0.000000000000000000e+00,0.000000000000000000e+00,0.000000000000000000e+00,0.000000000000000000e+00,5.363945312500000000e+02,0.000000000000000000e+00
2.859999999999999876e+00,-2.767562866210937500e-03,-6.187438964843750000e-02,-2.142262458801269531e-02,4.711959883570671082e-02,4.138877242803573608e-02,5.310018360614776611e-02,1.314185261726379395e-01,1.121229007840156555e-01,0.000000000000000000e+00,0.000000000000000000e+00,0.000000000000000000e+00,0.000000000000000000e+00,5.354474487304687500e+02,0.000000000000000000e+00
2.879999999999999893e+00,1.995086669921875000e-03,-6.008148193359375000e-02,-2.354335784912109375e-02,5.311883985996246338e-02,4.133725538849830627e-02,5.241857841610908508e-02,1.404292136430740356e-01,1.122719570994377136e-01,1.000000000000000000e+00,0.000000000000000000e+00,1.000000000000000000e+00,0.000000000000000000e+00,5.777063598632812500e+02,7.812500000000000000e-03
2.899999999999999911e+00,3.986358642578125000e-03,-5.557823181152343750e-02,-2.189660072326660156e-02,6.802000105381011963e-02,4.004934057593345642e-02,4.616690799593925476e-02,1.575138270854949951e-01,1.115735620260238647e-01,0.000000000000000000e+00,1.000000000000000000e+00,1.000000000000000000e+00,0.000000000000000000e+00,5.460924072265625000e+02,0.000000000000000000e+00
2.919999999999999929e+00,3.379821777343750000e-03,-4.701995849609375000e-02,-2.149194478988647461e-02,8.014301210641860962e-02,3.837784379720687866e-02,4.180894419550895691e-02,1.567262858152389526e-01,1.107595488429069519e-01,0.000000000000000000e+00,0.000000000000000000e+00,0.000000000000000000e+00,0.000000000000000000e+00,5.421961669921875000e+02,1.953125000000000000e-02
2.939999999999999947e+00,2.059936523437500000e-03,-4.153823852539062500e-02,-1.903784275054931641e-02,9.124206006526947021e-02,3.687787055969238281e-02,3.812829777598381042e-02,1.560944616794586182e-01,1.098116636276245117e-01,0.000000000000000000e+00,0.000000000000000000e+00,0.000000000000000000e+00,0.000000000000000000e+00,5.458970336914062500e+02,1.171875000000000000e-02
2.959999999999999964e+00,-2.275466918945312500e-03,-3.919410705566406250e-02,-1.624095439910888672e-02,9.857992082834243774e-02,3.597529232501983643e-02,3.509698063135147095e-02,1.554941087961196899e-01,1.062159761786460876e-01,0.000000000000000000e+00,0.000000000000000000e+00,0.000000000000000000e+00,0.000000000000000000e+00,5.457683105468750000e+02,1.562500000000000000e-02
2.979999999999999982e+00,-8.043289184570312500e-03,-4.116439819335937500e-02,-1.800107955932617188e-02,1.046135798096656799e-01,3.671519830822944641e-02,3.276593610644340515e-02,1.549932360649108887e-01,1.138888075947761536e-01,0.000000000000000000e+00,0.000000000000000000e+00,0.000000000000000000e+00,0.000000000000000000e+00,5.355695800781250000e+02,3.906250000000000000e-03
3.000000000000000000e+00,-1.458168029785156250e-02,-4.394149780273437500e-02,-1.846849918365478516e-02,1.095716580748558044e-01,3.868736699223518372e-02,3.076457418501377106e-02,1.546803563833236694e-01,1.260208934545516968e-01,0.000000000000000000e+00,0.000000000000000000e+00,0.000000000000000000e+00,0.000000000000000000e+00,5.296756591796875000e+02,0.000000000000000000e+00
3.020000000000000018e+00,-2.134132385253906250e-02,-4.664421081542968750e-02,-1.811134815216064453e-02,1.102812364697456360e-01,4.241580143570899963e-02,2.970675565302371979e-02,1.547022461891174316e-01,1.259663850069046021e-01,0.000000000000000000e+00,0.000000000000000000e+00,0.000000000000000000e+00,0.000000000000000000e+00,5.517935180664062500e+02,0.000000000000000000e+00
3.040000000000000036e+00,-2.665138244628906250e-02,-4.900360107421875000e-02,-1.733654737472534180e-02,1.077296808362007141e-01,4.521961510181427002e-02,2.964313142001628876e-02,1.540016233921051025e-01,1.228321418166160583e-01,0.000000000000000000e+00,0.000000000000000000e+00,0.000000000000000000e+00,0.000000000000000000e+00,5.585659790039062500e+02,0.000000000000000000e+00
3.060000000000000053e+00,-3.037643432617187500e-02,-5.073165893554687500e-02,-1.615548133850097656e-02,1.026293486356735229e-01,4.606923460960388184e-02,2.991504408419132233e-02,1.523886173963546753e-01,1.185878962278366089e-01,0.000000000000000000e+00,0.000000000000000000e+00,0.000000000000000000e+00,0.000000000000000000e+00,5.512257080078125000e+02,0.000000000000000000e+00
3.080000000000000071e+00,-3.257179260253906250e-02,-5.202484130859375000e-02,-1.459443569183349609e-02,9.679757803678512573e-02,4.548105597496032715e-02,2.995565161108970642e-02,1.499351561069488525e-01,1.140240281820297241e-01,0.000000000000000000e+00,0.000000000000000000e+00,0.000000000000000000e+00,0.000000000000000000e+00,5.558145141601562500e+02,0.000000000000000000e+00
3.100000000000000089e+00,-3.367805480957031250e-02,-5.298614501953125000e-02,-1.324445009231567383e-02,9.240310639142990112e-02,4.438921436667442322e-02,2.993777580559253693e-02,1.477875262498855591e-01,1.103551015257835388e-01,0.000000000000000000e+00,0.000000000000000000e+00,0.000000000000000000e+00,0.000000000000000000e+00,5.982238769531250000e+02,0.000000000000000000e+00
3.120000000000000107e+00,-3.402900695800781250e-02,-5.384063720703125000e-02,-1.222240924835205078e-02,9.134133160114288330e-02,4.353742301464080811e-02,2.992130257189273834e-02,1.462732106447219849e-01,1.082830280065536499e-01,0.000000000000000000e+00,0.000000000000000000e+00,0.000000000000000000e+00,0.000000000000000000e+00,5.399763793945312500e+02,0.000000000000000000e+00
3.140000000000000124e+00,-3.382682800292968750e-02,-5.463409423828125000e-02,-1.136058568954467773e-02,9.106151759624481201e-02,4.223254323005676270e-02,3.006079047918319702e-02,1.452151238918304443e-01,1.080577224493026733e-01,0.000000000000000000e+00,0.000000000000000000e+00,0.000000000000000000e+00,0.000000000000000000e+00,5.373206176757812500e+02,0.000000000000000000e+00
3.160000000000000142e+00,-3.312873840332031250e-02,-5.542564392089843750e-02,-1.031911373138427734e-02,9.100387990474700928e-02,4.053254425525665283e-02,3.032300993800163269e-02,1.450794488191604614e-01,1.103090867400169373e-01,0.000000000000000000e+00,0.000000000000000000e+00,0.000000000000000000e+00,0.000000000000000000e+00,5.212357177734375000e+02,0.000000000000000000e+00
3.180000000000000160e+00,-3.172683715820312500e-02,-5.598449707031250000e-02,-9.310483932495117188e-03,8.972912281751632690e-02,4.058082029223442078e-02,3.062480688095092773e-02,1.449285149574279785e-01,1.133628040552139282e-01,0.000000000000000000e+00,0.000000000000000000e+00,0.000000000000000000e+00,0.000000000000000000e+00,5.481945190429687500e+02,0.000000000000000000e+00
3.200000000000000178e+00,-2.954864501953125000e-02,-5.639076232910156250e-02,-8.734047412872314453e-03,8.879395574331283569e-02,4.223131760954856873e-02,3.099782764911651611e-02,1.447917520999908447e-01,1.162105202674865723e-01,0.000000000000000000e+00,0.000000000000000000e+00,0.000000000000000000e+00,0.000000000000000000e+00,5.492652587890625000e+02,0.000000000000000000e+00
3.220000000000000195e+00,-2.650451660156250000e-02,-5.680274963378906250e-02,-8.891940116882324219e-03,8.908892422914505005e-02,4.339405149221420288e-02,3.162746131420135498e-02,1.446446776390075684e-01,1.181158348917961121e-01,0.000000000000000000e+00,0.000000000000000000e+00,0.000000000000000000e+00,0.000000000000000000e+00,5.296887207031250000e+02,0.000000000000000000e+00
3.240000000000000213e+00,-2.231407165527343750e-02,-5.747985839843750000e-02,-9.908676147460937500e-03,8.984865248203277588e-02,4.250494018197059631e-02,3.290485590696334839e-02,1.442682594060897827e-01,1.189503148198127747e-01,0.000000000000000000e+00,0.000000000000000000e+00,0.000000000000000000e+00,0.000000000000000000e+00,5.859926147460937500e+02,0.000000000000000000e+00
3.260000000000000231e+00,-1.679420471191406250e-02,-5.875205993652343750e-02,-1.140636205673217773e-02,9.163071215152740479e-02,3.863890469074249268e-02,3.537564724683761597e-02,1.442656368017196655e-01,1.198704317212104797e-01,0.000000000000000000e+00,0.000000000000000000e+00,0.000000000000000000e+00,0.000000000000000000e+00,5.381897583007812500e+02,0.000000000000000000e+00
3.280000000000000249e+00,-1.041221618652343750e-02,-6.054496765136718750e-02,-1.296836137771606445e-02,9.398471564054489136e-02,3.390242159366607666e-02,3.841202706098556519e-02,1.443345248699188232e-01,1.209611669182777405e-01,0.000000000000000000e+00,0.000000000000000000e+00,0.000000000000000000e+00,0.000000000000000000e+00,5.135891113281250000e+02,0.000000000000000000e+00
3.300000000000000266e+00,-5.220413208007812500e-03,-6.214904785156250000e-02,-1.474022865295410156e-02,9.593378752470016479e-02,2.963800728321075439e-02,4.140324518084526062e-02,1.444705277681350708e-01,1.218313649296760559e-01,0.000000000000000000e+00,0.000000000000000000e+00,0.000000000000000000e+00,0.000000000000000000e+00,5.416283569335937500e+02,0.000000000000000000e+00
3.320000000000000284e+00,-4.220962524414062500e-03,-6.368637084960937500e-02,-1.761651039123535156e-02,9.577453881502151489e-02,3.129627555608749390e-02,4.287043213844299316e-02,1.445551961660385132e-01,1.196078583598136902e-01,0.000000000000000000e+00,0.000000000000000000e+00,0.000000000000000000e+00,1.000000000000000000e+00,5.526383056640625000e+02,0.000000000000000000e+00
3.339999999999999858e+00,-4.089355468750000000e-03,-6.539344787597656250e-02,-1.945143938064575195e-02,9.569730609655380249e-02,3.147791326045989990e-02,4.186769202351570129e-02,1.448145806789398193e-01,1.182281151413917542e-01,0.000000000000000000e+00,0.000000000000000000e+00,0.000000000000000000e+00,0.000000000000000000e+00,5.464620361328125000e+02,0.000000000000000000e+00
3.359999999999999876e+00,-5.958557128906250000e-03,-6.668472290039062500e-02,-2.005761861801147461e-02,9.647425264120101929e-02,3.230071812868118286e-02,4.081505164504051208e-02,1.449419856071472168e-01,1.178578361868858337e-01,0.000000000000000000e+00,0.000000000000000000e+00,0.000000000000000000e+00,0.000000000000000000e+00,5.360469970703125000e+02,0.000000000000000000e+00
3.379999999999999893e+00,-1.036071777343750000e-02,-6.794166564941406250e-02,-1.995038986206054688e-02,9.472786635160446167e-02,3.377098590135574341e-02,4.040672630071640015e-02,1.450306922197341919e-01,1.174717098474502563e-01,0.000000000000000000e+00,0.000000000000000000e+00,0.000000000000000000e+00,0.000000000000000000e+00,5.510653686523437500e+02,5.468750000000000000e-02
3.399999999999999911e+00,-1.514625549316406250e-02,-7.138442993164062500e-02,-1.999634504318237305e-02,9.966515749692916870e-02,3.544840216636657715e-02,3.618871793150901794e-02,1.556821018457412720e-01,1.163672283291816711e-01,0.000000000000000000e+00,0.000000000000000000e+00,1.000000000000000000e+00,0.000000000000000000e+00,5.653533325195312500e+02,3.906250000000000000e-03
3.419999999999999929e+00,-1.887512207031250000e-02,-7.423782348632812500e-02,-1.961594820022583008e-02,9.844433516263961792e-02,3.762608021497726440e-02,3.017348423600196838e-02,1.635261923074722290e-01,1.189150735735893250e-01,0.000000000000000000e+00,0.000000000000000000e+00,1.000000000000000000e+00,0.000000000000000000e+00,5.271564331054687500e+02,3.125000000000000000e-02
3.439999999999999947e+00,-2.120399475097656250e-02,-7.612609863281250000e-02,-1.919358968734741211e-02,9.612999111413955688e-02,3.922466933727264404e-02,2.719782106578350067e-02,1.676311343908309937e-01,1.191696524620056152e-01,0.000000000000000000e+00,0.000000000000000000e+00,0.000000000000000000e+00,0.000000000000000000e+00,5.451190185546875000e+02,7.812500000000000000e-03
3.459999999999999964e+00,-2.216911315917968750e-02,-7.723999023437500000e-02,-1.974564790725708008e-02,9.623166918754577637e-02,4.029050096869468689e-02,2.745542488992214203e-02,1.684862971305847168e-01,1.193519160151481628e-01,0.000000000000000000e+00,0.000000000000000000e+00,0.000000000000000000e+00,0.000000000000000000e+00,5.462023925781250000e+02,0.000000000000000000e+00
3.479999999999999982e+00,-2.225875854492187500e-02,-7.767105102539062500e-02,-2.096331119537353516e-02,9.731364995241165161e-02,4.078491777181625366e-02,2.834427170455455780e-02,1.657773107290267944e-01,1.193810924887657166e-01,0.000000000000000000e+00,0.000000000000000000e+00,0.000000000000000000e+00,0.000000000000000000e+00,5.307935791015625000e+02,0.000000000000000000e+00
3.500000000000000000e+00,-2.192687988281250000e-02,-7.765960693359375000e-02,-2.244138717651367188e-02,9.825032204389572144e-02,4.067078605294227600e-02,2.880229800939559937e-02,1.613380759954452515e-01,1.192808002233505249e-01,0.000000000000000000e+00,0.000000000000000000e+00,0.000000000000000000e+00,0.000000000000000000e+00,5.389287719726562500e+02,0.000000000000000000e+00
3.520000000000000018e+00,-2.136802673339843750e-02,-7.728767395019531250e-02,-2.339810132980346680e-02,9.858234226703643799e-02,3.979637101292610168e-02,2.782075852155685425e-02,1.565502732992172241e-01,1.190939471125602722e-01,0.000000000000000000e+00,0.000000000000000000e+00,0.000000000000000000e+00,0.000000000000000000e+00,5.589046020507812500e+02,0.000000000000000000e+00
3.540000000000000036e+00,-2.076721191406250000e-02,-7.661628723144531250e-02,-2.343881130218505859e-02,9.673596173524856567e-02,3.838492929935455322e-02,2.467867173254489899e-02,1.517995595932006836e-01,1.188728213310241699e-01,0.000000000000000000e+00,0.000000000000000000e+00,0.000000000000000000e+00,0.000000000000000000e+00,5.395941162109375000e+02,0.000000000000000000e+00
3.560000000000000053e+00,-2.027320861816406250e-02,-7.567214965820312500e-02,-2.259337902069091797e-02,9.378147870302200317e-02,3.676846250891685486e-02,2.134116739034652710e-02,1.462194919586181641e-01,1.188249066472053528e-01,0.000000000000000000e+00,0.000000000000000000e+00,0.000000000000000000e+00,0.000000000000000000e+00,5.286751098632812500e+02,0.000000000000000000e+00
3.580000000000000071e+00,-1.946640014648437500e-02,-7.427215576171875000e-02,-2.079647779464721680e-02,9.104318171739578247e-02,3.577853366732597351e-02,2.405013889074325562e-02,1.393248736858367920e-01,1.190689280629158020e-01,0.000000000000000000e+00,0.000000000000000000e+00,0.000000000000000000e+00,0.000000000000000000e+00,5.667381591796875000e+02,0.000000000000000000e+00
3.600000000000000089e+00,-1.795387268066406250e-02,-7.278633117675781250e-02,-1.934045553207397461e-02,8.803055435419082642e-02,3.538575023412704468e-02,3.388040140271186829e-02,1.320034712553024292e-01,1.198106929659843445e-01,0.000000000000000000e+00,0.000000000000000000e+00,0.000000000000000000e+00,0.000000000000000000e+00,5.557863159179687500e+02,0.000000000000000000e+00
3.620000000000000107e+00,-1.569175720214843750e-02,-7.173728942871093750e-02,-1.935774087905883789e-02,8.457063883543014526e-02,3.521442040801048279e-02,4.430038854479789734e-02,1.247702986001968384e-01,1.207151487469673157e-01,0.000000000000000000e+00,0.000000000000000000e+00,0.000000000000000000e+00,0.000000000000000000e+00,5.045706176757812500e+02,3.906250000000000000e-03
3.640000000000000124e+00,-1.256942749023437500e-02,-7.131958007812500000e-02,-2.063018083572387695e-02,8.135977387428283691e-02,3.477854654192924500e-02,5.158437043428421021e-02,1.191101670265197754e-01,1.215402036905288696e-01,0.000000000000000000e+00,0.000000000000000000e+00,0.000000000000000000e+00,0.000000000000000000e+00,5.377339477539062500e+02,0.000000000000000000e+00
3.660000000000000142e+00,-8.213043212890625000e-03,-7.138252258300781250e-02,-2.228367328643798828e-02,7.773215323686599731e-02,3.396081924438476562e-02,5.577028170228004456e-02,1.172046139836311340e-01,1.218720450997352600e-01,0.000000000000000000e+00,0.000000000000000000e+00,0.000000000000000000e+00,0.000000000000000000e+00,5.458775634765625000e+02,0.000000000000000000e+00
3.680000000000000160e+00,-2.552032470703125000e-03,-7.142448425292968750e-02,-2.412110567092895508e-02,7.290362566709518433e-02,3.339410573244094849e-02,5.787916108965873718e-02,1.193151175975799561e-01,1.214997023344039917e-01,0.000000000000000000e+00,0.000000000000000000e+00,0.000000000000000000e+00,0.000000000000000000e+00,5.338535156250000000e+02,0.000000000000000000e+00
3.700000000000000178e+00,3.526687622070312500e-03,-7.069015502929687500e-02,-2.633404731750488281e-02,6.927748024463653564e-02,3.261850029230117798e-02,5.876484140753746033e-02,1.284128576517105103e-01,1.213853135704994202e-01,0.000000000000000000e+00,0.000000000000000000e+00,0.000000000000000000e+00,0.000000000000000000e+00,5.393377685546875000e+02,1.953125000000000000e-02
3.720000000000000195e+00,7.516860961914062500e-03,-6.855392456054687500e-02,-2.625173330307006836e-02,7.420372962951660156e-02,3.211958333849906921e-02,5.659572035074234009e-02,1.457742452621459961e-01,1.209999173879623413e-01,0.000000000000000000e+00,1.000000000000000000e+00,1.000000000000000000e+00,0.000000000000000000e+00,5.358444824218750000e+02,3.125000000000000000e-02
3.740000000000000213e+00,7.648468017578125000e-03,-6.163978576660156250e-02,-2.500700950622558594e-02,8.373175561428070068e-02,3.185974806547164917e-02,5.492038652300834656e-02,1.560550034046173096e-01,1.204990595579147339e-01,0.000000000000000000e+00,0.000000000000000000e+00,1.000000000000000000e+00,0.000000000000000000e+00,5.373040161132812500e+02,5.859375000000000000e-02
3.760000000000000231e+00,6.793975830078125000e-03,-5.401420593261718750e-02,-2.343726158142089844e-02,9.486875683069229126e-02,3.119836561381816864e-02,5.040543153882026672e-02,1.536873281002044678e-01,1.195836216211318970e-01,0.000000000000000000e+00,0.000000000000000000e+00,0.000000000000000000e+00,0.000000000000000000e+00,5.359332885742187500e+02,4.687500000000000000e-02
3.780000000000000249e+00,3.988265991210937500e-03,-4.972457885742187500e-02,-2.008861303329467773e-02,1.073614954948425293e-01,3.067605011165142059e-02,4.669045656919479370e-02,1.506330221891403198e-01,1.189268007874488831e-01,0.000000000000000000e+00,0.000000000000000000e+00,0.000000000000000000e+00,0.000000000000000000e+00,5.253468017578125000e+02,3.125000000000000000e-02
3.800000000000000266e+00,-2.613067626953125000e-03,-4.944419860839843750e-02,-1.949870586395263672e-02,1.132311075925827026e-01,3.043070435523986816e-02,4.336951673030853271e-02,1.488960683345794678e-01,1.152508109807968140e-01,0.000000000000000000e+00,0.000000000000000000e+00,0.000000000000000000e+00,0.000000000000000000e+00,5.498204345703125000e+02,1.953125000000000000e-02
3.820000000000000284e+00,-8.678436279296875000e-03,-5.129814147949218750e-02,-2.054870128631591797e-02,1.193942576646804810e-01,3.593363985419273376e-02,4.067528992891311646e-02,1.484234631061553955e-01,1.361521631479263306e-01,0.000000000000000000e+00,0.000000000000000000e+00,0.000000000000000000e+00,0.000000000000000000e+00,5.635781250000000000e+02,0.000000000000000000e+00
3.839999999999999858e+00,-1.726722717285156250e-02,-5.326652526855468750e-02,-2.045005559921264648e-02,1.189277917146682739e-01,4.032013937830924988e-02,3.913443163037300110e-02,1.478351801633834839e-01,1.411762386560440063e-01,0.000000000000000000e+00,0.000000000000000000e+00,0.000000000000000000e+00,0.000000000000000000e+00,5.373352050781250000e+02,7.812500000000000000e-03
3.859999999999999876e+00,-2.508926391601562500e-02,-5.491256713867187500e-02,-1.925402879714965820e-02,1.129759103059768677e-01,4.490522295236587524e-02,3.787738084793090820e-02,1.471711546182632446e-01,1.362028270959854126e-01,0.000000000000000000e+00,0.000000000000000000e+00,0.000000000000000000e+00,0.000000000000000000e+00,5.365745239257812500e+02,0.000000000000000000e+00
3.879999999999999893e+00,-3.103256225585937500e-02,-5.617332458496093750e-02,-1.706099510192871094e-02,1.017564162611961365e-01,4.831680282950401306e-02,3.635547682642936707e-02,1.448309272527694702e-01,1.263814717531204224e-01,0.000000000000000000e+00,0.000000000000000000e+00,0.000000000000000000e+00,0.000000000000000000e+00,5.378073120117187500e+02,0.000000000000000000e+00
3.899999999999999911e+00,-3.526496887207031250e-02,-5.691528320312500000e-02,-1.455432176589965820e-02,9.060201048851013184e-02,4.962230101227760315e-02,3.507171198725700378e-02,1.420197635889053345e-01,1.155604049563407898e-01,0.000000000000000000e+00,0.000000000000000000e+00,0.000000000000000000e+00,0.000000000000000000e+00,5.555116577148437500e+02,0.000000000000000000e+00
3.919999999999999929e+00,-3.837203979492187500e-02,-5.711364746093750000e-02,-1.286262273788452148e-02,8.611875772476196289e-02,4.957757890224456787e-02,3.441587463021278381e-02,1.388945281505584717e-01,1.057957261800765991e-01,0.000000000000000000e+00,0.000000000000000000e+00,0.000000000000000000e+00,0.000000000000000000e+00,5.208277587890625000e+02,7.812500000000000000e-03
3.939999999999999947e+00,-4.066276550292968750e-02,-5.696487426757812500e-02,-1.214367151260375977e-02,8.938024938106536865e-02,4.974209517240524292e-02,3.410417959094047546e-02,1.355590075254440308e-01,9.857512265443801880e-02,0.000000000000000000e+00,0.000000000000000000e+00,0.000000000000000000e+00,0.000000000000000000e+00,5.324705200195312500e+02,0.000000000000000000e+00
3.959999999999999964e+00,-4.217529296875000000e-02,-5.685424804687500000e-02,-1.174736022949218750e-02,9.162550419569015503e-02,5.142256245017051697e-02,3.395696356892585754e-02,1.333733201026916504e-01,9.540853649377822876e-02,0.000000000000000000e+00,0.000000000000000000e+00,0.000000000000000000e+00,0.000000000000000000e+00,5.436010742187500000e+02,0.000000000000000000e+00
3.979999999999999982e+00,-4.314041137695312500e-02,-5.686569213867187500e-02,-1.137268543243408203e-02,8.615475147962570190e-02,5.249820649623870850e-02,3.406235948204994202e-02,1.329612731933593750e-01,9.635534882545471191e-02,0.000000000000000000e+00,0.000000000000000000e+00,0.000000000000000000e+00,0.000000000000000000e+00,5.368129882812500000e+02,0.000000000000000000e+00
4.000000000000000000e+00,-4.349899291992187500e-02,-5.667877197265625000e-02,-1.096796989440917969e-02,7.680625468492507935e-02,5.136903747916221619e-02,3.428572043776512146e-02,1.324017941951751709e-01,9.952145814895629883e-02,0.000000000000000000e+00,0.000000000000000000e+00,0.000000000000000000e+00,0.000000000000000000e+00,5.223081665039062500e+02,0.000000000000000000e+00
4.020000000000000462e+00,-4.311752319335937500e-02,-5.646705627441406250e-02,-1.089191436767578125e-02,7.323976606130599976e-02,5.017629265785217285e-02,3.488188236951828003e-02,1.311649382114410400e-01,1.044555380940437317e-01,0.000000000000000000e+00,0.000000000000000000e+00,0.000000000000000000e+00,0.000000000000000000e+00,5.521574707031250000e+02,0.000000000000000000e+00
4.040000000000000036e+00,-4.178428649902343750e-02,-5.632209777832031250e-02,-1.114410161972045898e-02,7.601037621498107910e-02,4.910034686326980591e-02,3.549761697649955750e-02,1.303951889276504517e-01,1.093398183584213257e-01,0.000000000000000000e+00,1.000000000000000000e+00,0.000000000000000000e+00,0.000000000000000000e+00,5.194620971679687500e+02,0.000000000000000000e+00
4.060000000000000497e+00,-3.884696960449218750e-02,-5.657768249511718750e-02,-1.143908500671386719e-02,7.783026248216629028e-02,4.680488631129264832e-02,3.571950271725654602e-02,1.301358491182327271e-01,1.124781817197799683e-01,0.000000000000000000e+00,1.000000000000000000e+00,0.000000000000000000e+00,0.000000000000000000e+00,5.476411132812500000e+02,0.000000000000000000e+00
4.080000000000000071e+00,-3.411483764648437500e-02,-5.769538879394531250e-02,-1.197922229766845703e-02,8.015193790197372437e-02,4.275012761354446411e-02,3.608750924468040466e-02,1.299452334642410278e-01,1.141329631209373474e-01,0.000000000000000000e+00,1.000000000000000000e+00,0.000000000000000000e+00,0.000000000000000000e+00,5.516547241210937500e+02,0.000000000000000000e+00
4.099999999999999645e+00,-2.762985229492187500e-02,-5.964851379394531250e-02,-1.271504163742065430e-02,8.369187265634536743e-02,3.789798542857170105e-02,3.726321086287498474e-02,1.304677575826644897e-01,1.157750636339187622e-01,0.000000000000000000e+00,1.000000000000000000e+00,0.000000000000000000e+00,0.000000000000000000e+00,5.557824096679687500e+02,0.000000000000000000e+00
4.120000000000000107e+00,-2.056312561035156250e-02,-6.175231933593750000e-02,-1.371163129806518555e-02,8.446623384952545166e-02,3.426728025078773499e-02,3.778076171875000000e-02,1.306309103965759277e-01,1.171847656369209290e-01,0.000000000000000000e+00,1.000000000000000000e+00,0.000000000000000000e+00,0.000000000000000000e+00,5.267597045898437500e+02,0.000000000000000000e+00
4.139999999999999680e+00,-1.567459106445312500e-02,-6.348419189453125000e-02,-1.609855890274047852e-02,8.175452798604965210e-02,3.316140919923782349e-02,3.825012594461441040e-02,1.301999688148498535e-01,1.189585700631141663e-01,1.000000000000000000e+00,0.000000000000000000e+00,0.000000000000000000e+00,1.000000000000000000e+00,5.637937622070312500e+02,0.000000000000000000e+00
4.160000000000000142e+00,-1.476669311523437500e-02,-6.494522094726562500e-02,-1.833993196487426758e-02,8.012813329696655273e-02,3.433958068490028381e-02,3.840795531868934631e-02,1.311263591051101685e-01,1.194469034671783447e-01,0.000000000000000000e+00,0.000000000000000000e+00,0.000000000000000000e+00,0.000000000000000000e+00,5.378015747070312500e+02,0.000000000000000000e+00
4.179999999999999716e+00,-1.436996459960937500e-02,-6.613922119140625000e-02,-1.880389451980590820e-02,7.784251868724822998e-02,3.634922206401824951e-02,3.687313199043273926e-02,1.308422833681106567e-01,1.184625327587127686e-01,0.000000000000000000e+00,0.000000000000000000e+00,0.000000000000000000e+00,0.000000000000000000e+00,5.445851440429687500e+02,0.000000000000000000e+00
4.200000000000000178e+00,-1.700782775878906250e-02,-6.722450256347656250e-02,-1.861894130706787109e-02,7.607623189687728882e-02,3.881797567009925842e-02,3.516354784369468689e-02,1.313158273696899414e-01,1.181959956884384155e-01,0.000000000000000000e+00,0.000000000000000000e+00,0.000000000000000000e+00,0.000000000000000000e+00,5.533923339843750000e+02,0.000000000000000000e+00
4.219999999999999751e+00,-2.192687988281250000e-02,-6.856536865234375000e-02,-1.899313926696777344e-02,7.097099721431732178e-02,4.211710393428802490e-02,3.503544628620147705e-02,1.313909292221069336e-01,1.174777373671531677e-01,0.000000000000000000e+00,0.000000000000000000e+00,1.000000000000000000e+00,0.000000000000000000e+00,5.460895385742187500e+02,1.171875000000000000e-02
4.240000000000000213e+00,-2.559852600097656250e-02,-7.202720642089843750e-02,-1.863873004913330078e-02,7.647953927516937256e-02,4.611617699265480042e-02,2.927634678781032562e-02,1.452119201421737671e-01,1.168330609798431396e-01,0.000000000000000000e+00,0.000000000000000000e+00,1.000000000000000000e+00,0.000000000000000000e+00,5.485214233398437500e+02,1.171875000000000000e-02
4.259999999999999787e+00,-2.871704101562500000e-02,-7.373237609863281250e-02,-1.863062381744384766e-02,7.485327869653701782e-02,4.902913793921470642e-02,2.751845493912696838e-02,1.506171971559524536e-01,1.179245188832283020e-01,0.000000000000000000e+00,0.000000000000000000e+00,1.000000000000000000e+00,0.000000000000000000e+00,5.287094116210937500e+02,0.000000000000000000e+00
4.280000000000000249e+00,-3.046035766601562500e-02,-7.512092590332031250e-02,-1.945000886917114258e-02,7.371038198471069336e-02,5.020749196410179138e-02,2.948113717138767242e-02,1.528876572847366333e-01,1.182308271527290344e-01,0.000000000000000000e+00,0.000000000000000000e+00,0.000000000000000000e+00,0.000000000000000000e+00,5.440524291992187500e+02,0.000000000000000000e+00
4.299999999999999822e+00,-3.089904785156250000e-02,-7.595252990722656250e-02,-2.088254690170288086e-02,7.281852513551712036e-02,4.994635656476020813e-02,3.211317211389541626e-02,1.514872610569000244e-01,1.185724511742591858e-01,0.000000000000000000e+00,0.000000000000000000e+00,0.000000000000000000e+00,0.000000000000000000e+00,5.525932006835937500e+02,0.000000000000000000e+00
4.320000000000000284e+00,-3.052139282226562500e-02,-7.595062255859375000e-02,-2.233564853668212891e-02,7.231243699789047241e-02,4.905885830521583557e-02,3.386923298239707947e-02,1.466987133026123047e-01,1.187722384929656982e-01,0.000000000000000000e+00,0.000000000000000000e+00,0.000000000000000000e+00,0.000000000000000000e+00,5.131165161132812500e+02,0.000000000000000000e+00
4.339999999999999858e+00,-2.968978881835937500e-02,-7.516670227050781250e-02,-2.365905046463012695e-02,7.224975526332855225e-02,4.767922684550285339e-02,3.439523652195930481e-02,1.402112543582916260e-01,1.190255656838417053e-01,0.000000000000000000e+00,0.000000000000000000e+00,0.000000000000000000e+00,0.000000000000000000e+00,5.622833251953125000e+02,0.000000000000000000e+00
4.360000000000000320e+00,-2.842330932617187500e-02,-7.370567321777343750e-02,-2.478516101837158203e-02,7.282180339097976685e-02,4.593969881534576416e-02,3.380114585161209106e-02,1.332092583179473877e-01,1.192464232444763184e-01,0.000000000000000000e+00,0.000000000000000000e+00,0.000000000000000000e+00,0.000000000000000000e+00,5.269147338867187500e+02,0.000000000000000000e+00
4.379999999999999893e+00,-2.691650390625000000e-02,-7.186508178710937500e-02,-2.541333436965942383e-02,7.693655043840408325e-02,4.372463747859001160e-02,3.206259012222290039e-02,1.285464018583297729e-01,1.193596273660659790e-01,0.000000000000000000e+00,0.000000000000000000e+00,0.000000000000000000e+00,0.000000000000000000e+00,5.758118286132812500e+02,0.000000000000000000e+00
4.400000000000000355e+00,-2.548980712890625000e-02,-6.981277465820312500e-02,-2.499192953109741211e-02,8.385698497295379639e-02,4.116008803248405457e-02,3.024530783295631409e-02,1.259804815053939819e-01,1.192725375294685364e-01,0.000000000000000000e+00,0.000000000000000000e+00,0.000000000000000000e+00,0.000000000000000000e+00,5.377691650390625000e+02,0.000000000000000000e+00
4.419999999999999929e+00,-2.395629882812500000e-02,-6.771278381347656250e-02,-2.346378564834594727e-02,8.806034922599792480e-02,3.871984407305717468e-02,3.345593810081481934e-02,1.236153542995452881e-01,1.191481649875640869e-01,0.000000000000000000e+00,0.000000000000000000e+00,0.000000000000000000e+00,0.000000000000000000e+00,5.185102539062500000e+02,0.000000000000000000e+00
4.440000000000000391e+00,-2.219390869140625000e-02,-6.591606140136718750e-02,-2.185451984405517578e-02,8.667911589145660400e-02,3.602977469563484192e-02,4.151875525712966919e-02,1.209965199232101440e-01,1.191073283553123474e-01,0.000000000000000000e+00,0.000000000000000000e+00,0.000000000000000000e+00,0.000000000000000000e+00,5.390782470703125000e+02,0.000000000000000000e+00
4.459999999999999964e+00,-1.987266540527343750e-02,-6.474876403808593750e-02,-2.128964662551879883e-02,8.127178996801376343e-02,3.432419896125793457e-02,4.915213212370872498e-02,1.192610636353492737e-01,1.197220757603645325e-01,0.000000000000000000e+00,0.000000000000000000e+00,0.000000000000000000e+00,0.000000000000000000e+00,5.529487915039062500e+02,0.000000000000000000e+00
4.480000000000000426e+00,-1.658439636230468750e-02,-6.428337097167968750e-02,-2.206426858901977539e-02,7.479272782802581787e-02,3.273592516779899597e-02,5.372590199112892151e-02,1.195772811770439148e-01,1.205640286207199097e-01,0.000000000000000000e+00,0.000000000000000000e+00,0.000000000000000000e+00,0.000000000000000000e+00,5.253765258789062500e+02,0.000000000000000000e+00
4.500000000000000000e+00,-1.219558715820312500e-02,-6.426239013671875000e-02,-2.404105663299560547e-02,7.051254808902740479e-02,3.141802176833152771e-02,5.471920967102050781e-02,1.221442967653274536e-01,1.213217452168464661e-01,0.000000000000000000e+00,0.000000000000000000e+00,0.000000000000000000e+00,0.000000000000000000e+00,5.480681762695312500e+02,3.906250000000000000e-03
4.520000000000000462e+00,-6.599426269531250000e-03,-6.389617919921875000e-02,-2.723473310470581055e-02,7.007492333650588989e-02,2.992399595677852631e-02,5.297074839472770691e-02,1.278973668813705444e-01,1.219440400600433350e-01,0.000000000000000000e+00,0.000000000000000000e+00,0.000000000000000000e+00,0.000000000000000000e+00,5.566340942382812500e+02,0.000000000000000000e+00
4.540000000000000036e+00,-1.550674438476562500e-03,-6.233596801757812500e-02,-3.099346160888671875e-02,7.242447882890701294e-02,2.960808761417865753e-02,4.954674094915390015e-02,1.407706290483474731e-01,1.213019937276840210e-01,0.000000000000000000e+00,0.000000000000000000e+00,0.000000000000000000e+00,0.000000000000000000e+00,5.436130981445312500e+02,7.812500000000000000e-03
4.560000000000000497e+00,4.634857177734375000e-04,-5.786705017089843750e-02,-3.147757053375244141e-02,8.427967876195907593e-02,2.942430786788463593e-02,4.658881947398185730e-02,1.599854379892349243e-01,1.201022565364837646e-01,0.000000000000000000e+00,1.000000000000000000e+00,1.000000000000000000e+00,0.000000000000000000e+00,5.233073730468750000e+02,3.906250000000000000e-03
4.580000000000000071e+00,-3.204345703125000000e-04,-4.953575134277343750e-02,-3.203171491622924805e-02,9.723763912916183472e-02,2.826730720698833466e-02,4.437299817800521851e-02,1.605023443698883057e-01,1.204059794545173645e-01,0.000000000000000000e+00,0.000000000000000000e+00,0.000000000000000000e+00,0.000000000000000000e+00,5.181990966796875000e+02,3.515625000000000000e-02
4.600000000000000533e+00,-1.855850219726562500e-03,-4.400062561035156250e-02,-2.965629100799560547e-02,1.078867763280868530e-01,2.727224864065647125e-02,4.261542484164237976e-02,1.600489318370819092e-01,1.199305579066276550e-01,0.000000000000000000e+00,0.000000000000000000e+00,0.000000000000000000e+00,0.000000000000000000e+00,5.289729003906250000e+02,2.343750000000000000e-02
4.620000000000000107e+00,-6.155014038085937500e-03,-4.156684875488281250e-02,-2.629220485687255859e-02,1.155376732349395752e-01,2.706667967140674591e-02,4.123413562774658203e-02,1.595215201377868652e-01,1.186182647943496704e-01,0.000000000000000000e+00,0.000000000000000000e+00,0.000000000000000000e+00,0.000000000000000000e+00,5.418908081054687500e+02,1.171875000000000000e-02
4.639999999999999680e+00,-1.194000244140625000e-02,-4.358291625976562500e-02,-2.768176794052124023e-02,1.192363053560256958e-01,2.852027304470539093e-02,3.879577293992042542e-02,1.587826758623123169e-01,1.291126757860183716e-01,0.000000000000000000e+00,0.000000000000000000e+00,0.000000000000000000e+00,0.000000000000000000e+00,5.323909301757812500e+02,3.906250000000000000e-03
4.660000000000000142e+00,-1.857566833496093750e-02,-4.641342163085937500e-02,-2.786344289779663086e-02,1.226876899600028992e-01,3.248567879199981689e-02,3.711457923054695129e-02,1.586004793643951416e-01,1.445746123790740967e-01,0.000000000000000000e+00,0.000000000000000000e+00,0.000000000000000000e+00,0.000000000000000000e+00,5.597791748046875000e+02,3.906250000000000000e-03
4.679999999999999716e+00,-2.566337585449218750e-02,-4.898071289062500000e-02,-2.704942226409912109e-02,1.205456033349037170e-01,3.885545581579208374e-02,3.618441522121429443e-02,1.575112491846084595e-01,1.455660760402679443e-01,0.000000000000000000e+00,0.000000000000000000e+00,0.000000000000000000e+00,0.000000000000000000e+00,5.412214355468750000e+02,0.000000000000000000e+00
4.700000000000000178e+00,-3.123664855957031250e-02,-5.103683471679687500e-02,-2.504628896713256836e-02,1.131868585944175720e-01,4.504478722810745239e-02,3.521190583705902100e-02,1.551871001720428467e-01,1.399403214454650879e-01,0.000000000000000000e+00,0.000000000000000000e+00,0.000000000000000000e+00,0.000000000000000000e+00,5.198289184570312500e+02,0.000000000000000000e+00
4.719999999999999751e+00,-3.491592407226562500e-02,-5.261421203613281250e-02,-2.241355180740356445e-02,1.050663366913795471e-01,4.945306852459907532e-02,3.462044894695281982e-02,1.526045203208923340e-01,1.328784823417663574e-01,0.000000000000000000e+00,0.000000000000000000e+00,0.000000000000000000e+00,0.000000000000000000e+00,5.646688842773437500e+02,0.000000000000000000e+00
4.740000000000000213e+00,-3.740501403808593750e-02,-5.378913879394531250e-02,-2.021443843841552734e-02,9.889636933803558350e-02,5.148833990097045898e-02,3.439161181449890137e-02,1.501838117837905884e-01,1.261684894561767578e-01,0.000000000000000000e+00,0.000000000000000000e+00,0.000000000000000000e+00,0.000000000000000000e+00,5.409310913085937500e+02,0.000000000000000000e+00
4.759999999999999787e+00,-3.919792175292968750e-02,-5.465888977050781250e-02,-1.889920234680175781e-02,9.591389447450637817e-02,5.236006900668144226e-02,3.434592857956886292e-02,1.482337564229965210e-01,1.205797791481018066e-01,0.000000000000000000e+00,0.000000000000000000e+00,0.000000000000000000e+00,0.000000000000000000e+00,5.103927001953125000e+02,0.000000000000000000e+00
4.780000000000000249e+00,-4.028701782226562500e-02,-5.523490905761718750e-02,-1.834130287170410156e-02,9.373568743467330933e-02,5.391285941004753113e-02,3.461566939949989319e-02,1.468478888273239136e-01,1.167591065168380737e-01,0.000000000000000000e+00,0.000000000000000000e+00,0.000000000000000000e+00,0.000000000000000000e+00,5.095661926269531250e+02,0.000000000000000000e+00
4.799999999999999822e+00,-4.088973999023437500e-02,-5.581474304199218750e-02,-1.790428161621093750e-02,9.223518520593643188e-02,5.446696281433105469e-02,3.525951132178306580e-02,1.464796513319015503e-01,1.157658547163009644e-01,0.000000000000000000e+00,0.000000000000000000e+00,0.000000000000000000e+00,0.000000000000000000e+00,5.187711181640625000e+02,0.000000000000000000e+00
4.820000000000000284e+00,-4.110336303710937500e-02,-5.629539489746093750e-02,-1.729500293731689453e-02,9.156821668148040771e-02,5.204662308096885681e-02,3.580554574728012085e-02,1.460231989622116089e-01,1.161416172981262207e-01,0.000000000000000000e+00,0.000000000000000000e+00,0.000000000000000000e+00,0.000000000000000000e+00,5.180435791015625000e+02,0.000000000000000000e+00
4.839999999999999858e+00,-4.060173034667968750e-02,-5.676078796386718750e-02,-1.649820804595947266e-02,9.257072955369949341e-02,4.880866035819053650e-02,3.638039901852607727e-02,1.455595046281814575e-01,1.181280687451362610e-01,0.000000000000000000e+00,0.000000000000000000e+00,0.000000000000000000e+00,0.000000000000000000e+00,5.302911376953125000e+02,0.000000000000000000e+00
4.860000000000000320e+00,-3.915023803710937500e-02,-5.718040466308593750e-02,-1.575750112533569336e-02,9.397963434457778931e-02,4.621735587716102600e-02,3.689424693584442139e-02,1.453479975461959839e-01,1.203327849507331848e-01,0.000000000000000000e+00,0.000000000000000000e+00,0.000000000000000000e+00,0.000000000000000000e+00,5.188170166015625000e+02,0.000000000000000000e+00
4.879999999999999893e+00,-3.632545471191406250e-02,-5.768775939941406250e-02,-1.529872417449951172e-02,9.505964070558547974e-02,4.421578720211982727e-02,3.745164722204208374e-02,1.450618803501129150e-01,1.220768168568611145e-01,0.000000000000000000e+00,0.000000000000000000e+00,0.000000000000000000e+00,0.000000000000000000e+00,5.353746948242187500e+02,0.000000000000000000e+00
4.900000000000000355e+00,-3.169059753417968750e-02,-5.838012695312500000e-02,-1.508837938308715820e-02,9.477820992469787598e-02,4.247051104903221130e-02,3.803488612174987793e-02,1.450994014739990234e-01,1.225440576672554016e-01,0.000000000000000000e+00,1.000000000000000000e+00,0.000000000000000000e+00,0.000000000000000000e+00,5.785018310546875000e+02,0.000000000000000000e+00
4.919999999999999929e+00,-2.504158020019531250e-02,-5.969429016113281250e-02,-1.578217744827270508e-02,9.538775682449340820e-02,4.016885906457901001e-02,3.872741386294364929e-02,1.450911164283752441e-01,1.225426867604255676e-01,0.000000000000000000e+00,1.000000000000000000e+00,0.000000000000000000e+00,0.000000000000000000e+00,5.075373535156250000e+02,0.000000000000000000e+00
4.940000000000000391e+00,-1.741790771484375000e-02,-6.145858764648437500e-02,-1.752501726150512695e-02,9.842252731323242188e-02,3.683955222368240356e-02,4.065980389714241028e-02,1.451584696769714355e-01,1.221263781189918518e-01,0.000000000000000000e+00,1.000000000000000000e+00,0.000000000000000000e+00,0.000000000000000000e+00,5.787606811523437500e+02,0.000000000000000000e+00
4.959999999999999964e+00,-1.107788085937500000e-02,-6.311798095703125000e-02,-2.019858360290527344e-02,1.034096106886863708e-01,3.253635764122009277e-02,4.413325712084770203e-02,1.453206986188888550e-01,1.213703528046607971e-01,0.000000000000000000e+00,0.000000000000000000e+00,0.000000000000000000e+00,0.000000000000000000e+00,5.231476440429687500e+02,0.000000000000000000e+00
4.980000000000000426e+00,-8.785247802734375000e-03,-6.499481201171875000e-02,-2.389544248580932617e-02,1.073059365153312683e-01,3.043328784406185150e-02,4.779952764511108398e-02,1.455493420362472534e-01,1.200713738799095154e-01,0.000000000000000000e+00,0.000000000000000000e+00,0.000000000000000000e+00,1.000000000000000000e+00,5.311091918945312500e+02,0.000000000000000000e+00
5.000000000000000000e+00,-7.528305053710937500e-03,-6.709289550781250000e-02,-2.506875991821289062e-02,1.074725314974784851e-01,3.188676759600639343e-02,4.905036836862564087e-02,1.455632597208023071e-01,1.202305853366851807e-01,0.000000000000000000e+00,0.000000000000000000e+00,0.000000000000000000e+00,0.000000000000000000e+00,5.253189697265625000e+02,0.000000000000000000e+00
5.020000000000000462e+00,-8.516311645507812500e-03,-6.893539428710937500e-02,-2.434486150741577148e-02,1.045611202716827393e-01,3.366655483841896057e-02,4.814049601554870605e-02,1.456638425588607788e-01,1.195660904049873352e-01,0.000000000000000000e+00,0.000000000000000000e+00,0.000000000000000000e+00,0.000000000000000000e+00,5.545431518554687500e+02,0.000000000000000000e+00
5.040000000000000036e+00,-1.201248168945312500e-02,-7.055091857910156250e-02,-2.302467823028564453e-02,9.547023475170135498e-02,3.633721172809600830e-02,4.643163830041885376e-02,1.456532329320907593e-01,1.189315095543861389e-01,0.000000000000000000e+00,0.000000000000000000e+00,0.000000000000000000e+00,0.000000000000000000e+00,5.696678466796875000e+02,3.906250000000000000e-03
5.060000000000000497e+00,-1.592636108398437500e-02,-7.364273071289062500e-02,-2.182650566101074219e-02,9.451865404844284058e-02,3.981988504528999329e-02,3.772133961319923401e-02,1.552707552909851074e-01,1.178762987256050110e-01,0.000000000000000000e+00,0.000000000000000000e+00,1.000000000000000000e+00,0.000000000000000000e+00,5.451752929687500000e+02,3.906250000000000000e-03
5.080000000000000071e+00,-1.921844482421875000e-02,-7.541084289550781250e-02,-2.037501335144042969e-02,9.002897143363952637e-02,4.377550631761550903e-02,2.346725761890411377e-02,1.603746116161346436e-01,1.203863099217414856e-01,0.000000000000000000e+00,0.000000000000000000e+00,0.000000000000000000e+00,0.000000000000000000e+00,5.637714233398437500e+02,0.000000000000000000e+00
5.100000000000000533e+00,-2.174758911132812500e-02,-7.642936706542968750e-02,-1.969099044799804688e-02,8.597740530967712402e-02,4.603544622659683228e-02,1.435388904064893723e-02,1.594971418380737305e-01,1.205538883805274963e-01,0.000000000000000000e+00,0.000000000000000000e+00,0.000000000000000000e+00,0.000000000000000000e+00,5.464552612304687500e+02,0.000000000000000000e+00
5.120000000000000107e+00,-2.318000793457031250e-02,-7.713508605957031250e-02,-2.069652080535888672e-02,8.383707702159881592e-02,4.777259752154350281e-02,1.519679836928844452e-02,1.557420045137405396e-01,1.209414526820182800e-01,0.000000000000000000e+00,0.000000000000000000e+00,0.000000000000000000e+00,0.000000000000000000e+00,5.320708618164062500e+02,0.000000000000000000e+00
5.139999999999999680e+00,-2.355194091796875000e-02,-7.733726501464843750e-02,-2.262717485427856445e-02,8.141544461250305176e-02,4.892564564943313599e-02,1.916354708373546600e-02,1.502076983451843262e-01,1.212611198425292969e-01,0.000000000000000000e+00,0.000000000000000000e+00,0.000000000000000000e+00,0.000000000000000000e+00,5.544118041992187500e+02,0.000000000000000000e+00
5.160000000000000142e+00,-2.340126037597656250e-02,-7.716369628906250000e-02,-2.459144592285156250e-02,7.997620105743408203e-02,4.887875542044639587e-02,2.294840477406978607e-02,1.449800282716751099e-01,1.211248487234115601e-01,0.000000000000000000e+00,0.000000000000000000e+00,0.000000000000000000e+00,0.000000000000000000e+00,5.368352050781250000e+02,0.000000000000000000e+00
5.179999999999999716e+00,-2.294921875000000000e-02,-7.661437988281250000e-02,-2.606678009033203125e-02,8.006858080625534058e-02,4.850672185420989990e-02,2.653862163424491882e-02,1.412355005741119385e-01,1.209100782871246338e-01,0.000000000000000000e+00,0.000000000000000000e+00,0.000000000000000000e+00,0.000000000000000000e+00,5.321793823242187500e+02,0.000000000000000000e+00
5.200000000000000178e+00,-2.231407165527343750e-02,-7.576179504394531250e-02,-2.702736854553222656e-02,8.199629187583923340e-02,4.828436672687530518e-02,2.958904020488262177e-02,1.378219574689865112e-01,1.206901073455810547e-01,0.000000000000000000e+00,0.000000000000000000e+00,0.000000000000000000e+00,0.000000000000000000e+00,5.357348632812500000e+02,3.906250000000000000e-03
5.219999999999999751e+00,-2.180862426757812500e-02,-7.481384277343750000e-02,-2.779364585876464844e-02,8.648905158042907715e-02,4.777386412024497986e-02,3.041640855371952057e-02,1.324992924928665161e-01,1.205991730093955994e-01,0.000000000000000000e+00,0.000000000000000000e+00,0.000000000000000000e+00,0.000000000000000000e+00,5.177511596679687500e+02,0.000000000000000000e+00
5.240000000000000213e+00,-2.153205871582031250e-02,-7.365226745605468750e-02,-2.829128503799438477e-02,9.070987999439239502e-02,4.710258543491363525e-02,2.520174719393253326e-02,1.248396411538124084e-01,1.205827221274375916e-01,0.000000000000000000e+00,0.000000000000000000e+00,0.000000000000000000e+00,0.000000000000000000e+00,5.379599609375000000e+02,7.812500000000000000e-03
5.259999999999999787e+00,-2.114677429199218750e-02,-7.234573364257812500e-02,-2.860355377197265625e-02,9.319470077753067017e-02,4.550355672836303711e-02,1.427791267633438110e-02,1.168867498636245728e-01,1.203791648149490356e-01,1.000000000000000000e+00,0.000000000000000000e+00,0.000000000000000000e+00,0.000000000000000000e+00,5.485036621093750000e+02,3.906250000000000000e-03
5.280000000000000249e+00,-1.986694335937500000e-02,-7.099914550781250000e-02,-2.864772081375122070e-02,9.696745127439498901e-02,4.315000772476196289e-02,7.502005435526371002e-03,1.102809160947799683e-01,1.203514561057090759e-01,1.000000000000000000e+00,0.000000000000000000e+00,0.000000000000000000e+00,0.000000000000000000e+00,5.151535034179687500e+02,3.906250000000000000e-03
5.299999999999999822e+00,-1.728248596191406250e-02,-6.978988647460937500e-02,-2.892225980758666992e-02,1.002497747540473938e-01,4.078922793269157410e-02,1.715102978050708771e-02,1.042300164699554443e-01,1.196815893054008484e-01,1.000000000000000000e+00,0.000000000000000000e+00,0.000000000000000000e+00,0.000000000000000000e+00,5.750543823242187500e+02,0.000000000000000000e+00
5.320000000000000284e+00,-1.300048828125000000e-02,-6.883049011230468750e-02,-3.015804290771484375e-02,1.030514687299728394e-01,3.865869343280792236e-02,2.922566048800945282e-02,1.008657366037368774e-01,1.200512871146202087e-01,1.000000000000000000e+00,0.000000000000000000e+00,0.000000000000000000e+00,0.000000000000000000e+00,5.365115966796875000e+02,7.812500000000000000e-03
5.339999999999999858e+00,-6.660461425781250000e-03,-6.770324707031250000e-02,-3.221505880355834961e-02,1.030121147632598877e-01,3.864873573184013367e-02,3.963907063007354736e-02,1.015989556908607483e-01,1.205394491553306580e-01,0.000000000000000000e+00,0.000000000000000000e+00,0.000000000000000000e+00,0.000000000000000000e+00,5.240410156250000000e+02,7.812500000000000000e-03
5.360000000000000320e+00,9.021759033203125000e-04,-6.559753417968750000e-02,-3.443962335586547852e-02,9.721556305885314941e-02,3.929180279374122620e-02,4.753657430410385132e-02,1.103563606739044189e-01,1.210472062230110168e-01,0.000000000000000000e+00,0.000000000000000000e+00,0.000000000000000000e+00,0.000000000000000000e+00,5.391278076171875000e+02,2.734375000000000000e-02
5.379999999999999893e+00,6.799697875976562500e-03,-6.141471862792968750e-02,-3.609830141067504883e-02,8.980351686477661133e-02,3.982296958565711975e-02,5.085036158561706543e-02,1.320717781782150269e-01,1.216904446482658386e-01,0.000000000000000000e+00,1.000000000000000000e+00,1.000000000000000000e+00,0.000000000000000000e+00,5.217368774414062500e+02,1.171875000000000000e-02
5.400000000000000355e+00,8.232116699218750000e-03,-5.338478088378906250e-02,-3.615081310272216797e-02,9.051509946584701538e-02,4.090992361307144165e-02,5.027242004871368408e-02,1.423166245222091675e-01,1.209089085459709167e-01,0.000000000000000000e+00,0.000000000000000000e+00,1.000000000000000000e+00,0.000000000000000000e+00,5.403225097656250000e+02,3.125000000000000000e-02
5.419999999999999929e+00,8.779525756835937500e-03,-4.490661621093750000e-02,-3.547567129135131836e-02,9.863797575235366821e-02,4.210699722170829773e-02,4.723559319972991943e-02,1.406906545162200928e-01,1.195782050490379333e-01,0.000000000000000000e+00,0.000000000000000000e+00,0.000000000000000000e+00,0.000000000000000000e+00,5.197391357421875000e+02,3.125000000000000000e-02
5.440000000000000391e+00,6.353378295898437500e-03,-3.975486755371093750e-02,-3.274017572402954102e-02,1.083236634731292725e-01,4.303436726331710815e-02,4.452942684292793274e-02,1.390211582183837891e-01,1.173560395836830139e-01,0.000000000000000000e+00,0.000000000000000000e+00,0.000000000000000000e+00,0.000000000000000000e+00,5.173061523437500000e+02,3.906250000000000000e-03
5.459999999999999964e+00,2.727508544921875000e-04,-3.874588012695312500e-02,-3.270828723907470703e-02,1.125210300087928772e-01,4.388291761279106140e-02,4.269886016845703125e-02,1.369177103042602539e-01,1.123130992054939270e-01,0.000000000000000000e+00,0.000000000000000000e+00,0.000000000000000000e+00,0.000000000000000000e+00,5.283937377929687500e+02,1.171875000000000000e-02
5.480000000000000426e+00,-4.776000976562500000e-03,-3.991699218750000000e-02,-3.448671102523803711e-02,1.156573593616485596e-01,4.062596336007118225e-02,4.127212613821029663e-02,1.340769082307815552e-01,1.316907703876495361e-01,0.000000000000000000e+00,0.000000000000000000e+00,0.000000000000000000e+00,0.000000000000000000e+00,5.545374145507812500e+02,3.906250000000000000e-03
5.500000000000000000e+00,-1.204299926757812500e-02,-4.120826721191406250e-02,-3.538453578948974609e-02,1.117680296301841736e-01,3.710331022739410400e-02,3.971062973141670227e-02,1.307249963283538818e-01,1.336516141891479492e-01,0.000000000000000000e+00,0.000000000000000000e+00,0.000000000000000000e+00,0.000000000000000000e+00,5.240474243164062500e+02,3.906250000000000000e-03
5.520000000000000462e+00,-1.840972900390625000e-02,-4.231262207031250000e-02,-3.529947996139526367e-02,1.036169975996017456e-01,3.711557015776634216e-02,3.792496025562286377e-02,1.290790885686874390e-01,1.255990713834762573e-01,0.000000000000000000e+00,0.000000000000000000e+00,0.000000000000000000e+00,0.000000000000000000e+00,5.406307983398437500e+02,7.812500000000000000e-03
5.540000000000000036e+00,-2.314758300781250000e-02,-4.303359985351562500e-02,-3.415668010711669922e-02,9.119760990142822266e-02,3.887073695659637451e-02,3.670893236994743347e-02,1.264767199754714966e-01,1.139852106571197510e-01,0.000000000000000000e+00,0.000000000000000000e+00,0.000000000000000000e+00,0.000000000000000000e+00,5.879183959960937500e+02,0.000000000000000000e+00
5.560000000000000497e+00,-2.645111083984375000e-02,-4.331970214843750000e-02,-3.241860866546630859e-02,8.219093084335327148e-02,4.030472785234451294e-02,3.609199821949005127e-02,1.243598684668540955e-01,1.029577180743217468e-01,0.000000000000000000e+00,0.000000000000000000e+00,0.000000000000000000e+00,0.000000000000000000e+00,5.484369506835937500e+02,3.906250000000000000e-03
5.580000000000000071e+00,-2.853202819824218750e-02,-4.321861267089843750e-02,-3.090035915374755859e-02,8.007156103849411011e-02,4.191549122333526611e-02,3.538352623581886292e-02,1.218316406011581421e-01,9.404061734676361084e-02,0.000000000000000000e+00,0.000000000000000000e+00,0.000000000000000000e+00,0.000000000000000000e+00,5.533815307617187500e+02,0.000000000000000000e+00
5.600000000000000533e+00,-2.976226806640625000e-02,-4.305458068847656250e-02,-3.005576133728027344e-02,8.542361855506896973e-02,4.402418434619903564e-02,3.508306294679641724e-02,1.204748004674911499e-01,8.938322216272354126e-02,0.000000000000000000e+00,0.000000000000000000e+00,0.000000000000000000e+00,0.000000000000000000e+00,5.299569702148437500e+02,0.000000000000000000e+00
5.620000000000000107e+00,-3.052330017089843750e-02,-4.305267333984375000e-02,-2.937030792236328125e-02,8.748430013656616211e-02,4.557462781667709351e-02,3.526321426033973694e-02,1.200238391757011414e-01,8.853872865438461304e-02,0.000000000000000000e+00,0.000000000000000000e+00,0.000000000000000000e+00,0.000000000000000000e+00,5.458958740234375000e+02,0.000000000000000000e+00
5.639999999999999680e+00,-3.079605102539062500e-02,-4.308700561523437500e-02,-2.825301885604858398e-02,8.192937076091766357e-02,4.455624520778656006e-02,3.557208925485610962e-02,1.195472776889801025e-01,8.986096829175949097e-02,0.000000000000000000e+00,0.000000000000000000e+00,0.000000000000000000e+00,0.000000000000000000e+00,5.221927490234375000e+02,0.000000000000000000e+00
5.660000000000000142e+00,-3.058433532714843750e-02,-4.303359985351562500e-02,-2.666002511978149414e-02,7.548461109399795532e-02,4.101043939590454102e-02,3.588952869176864624e-02,1.190498620271682739e-01,9.114731848239898682e-02,0.000000000000000000e+00,0.000000000000000000e+00,0.000000000000000000e+00,0.000000000000000000e+00,5.403239746093750000e+02,0.000000000000000000e+00
5.679999999999999716e+00,-2.971649169921875000e-02,-4.303741455078125000e-02,-2.478718757629394531e-02,7.317461818456649780e-02,3.825005888938903809e-02,3.622123226523399353e-02,1.186805292963981628e-01,9.244079887866973877e-02,0.000000000000000000e+00,0.000000000000000000e+00,0.000000000000000000e+00,0.000000000000000000e+00,5.448873901367187500e+02,0.000000000000000000e+00
5.700000000000000178e+00,-2.801322937011718750e-02,-4.325103759765625000e-02,-2.255076169967651367e-02,7.383321970701217651e-02,3.676930442452430725e-02,3.660259395837783813e-02,1.183800995349884033e-01,9.386213123798370361e-02,0.000000000000000000e+00,0.000000000000000000e+00,0.000000000000000000e+00,0.000000000000000000e+00,5.423890380859375000e+02,0.000000000000000000e+00
5.719999999999999751e+00,-2.532958984375000000e-02,-4.370498657226562500e-02,-2.037245035171508789e-02,7.680004090070724487e-02,3.537843748927116394e-02,3.737717494368553162e-02,1.181529089808464050e-01,9.550399333238601685e-02,0.000000000000000000e+00,0.000000000000000000e+00,0.000000000000000000e+00,0.000000000000000000e+00,5.556241455078125000e+02,0.000000000000000000e+00
5.740000000000000213e+00,-2.120018005371093750e-02,-4.456329345703125000e-02,-1.822948455810546875e-02,8.064433932304382324e-02,3.313656523823738098e-02,3.840099647641181946e-02,1.179877072572708130e-01,9.674584120512008667e-02,0.000000000000000000e+00,0.000000000000000000e+00,0.000000000000000000e+00,0.000000000000000000e+00,5.247504882812500000e+02,0.000000000000000000e+00
5.759999999999999787e+00,-1.567649841308593750e-02,-4.604530334472656250e-02,-1.603287458419799805e-02,8.368047326803207397e-02,2.992747537791728973e-02,3.953232616186141968e-02,1.178078353404998779e-01,9.760580956935882568e-02,0.000000000000000000e+00,0.000000000000000000e+00,0.000000000000000000e+00,0.000000000000000000e+00,5.401286010742187500e+02,0.000000000000000000e+00
5.780000000000000249e+00,-1.026535034179687500e-02,-4.749870300292968750e-02,-1.411622762680053711e-02,8.650008589029312134e-02,2.885560318827629089e-02,4.145931825041770935e-02,1.186076253652572632e-01,9.965838491916656494e-02,0.000000000000000000e+00,0.000000000000000000e+00,0.000000000000000000e+00,0.000000000000000000e+00,5.447613525390625000e+02,0.000000000000000000e+00
5.799999999999999822e+00,-7.356643676757812500e-03,-4.855155944824218750e-02,-1.333212852478027344e-02,8.510194718837738037e-02,2.683727443218231201e-02,4.234253242611885071e-02,1.187729388475418091e-01,1.011035367846488953e-01,0.000000000000000000e+00,0.000000000000000000e+00,0.000000000000000000e+00,0.000000000000000000e+00,5.504944458007812500e+02,0.000000000000000000e+00
5.820000000000000284e+00,-8.642196655273437500e-03,-4.989051818847656250e-02,-1.383316516876220703e-02,8.034213632345199585e-02,2.598944678902626038e-02,4.218596220016479492e-02,1.189143210649490356e-01,9.650631994009017944e-02,0.000000000000000000e+00,0.000000000000000000e+00,0.000000000000000000e+00,0.000000000000000000e+00,5.105495910644531250e+02,0.000000000000000000e+00
5.839999999999999858e+00,-1.053237915039062500e-02,-5.163574218750000000e-02,-1.473796367645263672e-02,7.491697371006011963e-02,2.753534913063049316e-02,4.122017323970794678e-02,1.190912649035453796e-01,9.323849529027938843e-02,0.000000000000000000e+00,0.000000000000000000e+00,0.000000000000000000e+00,0.000000000000000000e+00,5.069123840332031250e+02,0.000000000000000000e+00
5.860000000000000320e+00,-1.508712768554687500e-02,-5.356216430664062500e-02,-1.669502258300781250e-02,6.933940947055816650e-02,2.919440157711505890e-02,3.969339653849601746e-02,1.192394644021987915e-01,9.234493970870971680e-02,0.000000000000000000e+00,1.000000000000000000e+00,0.000000000000000000e+00,0.000000000000000000e+00,5.527860717773437500e+02,0.000000000000000000e+00
5.879999999999999893e+00,-2.153396606445312500e-02,-5.603599548339843750e-02,-2.092671394348144531e-02,6.352053582668304443e-02,3.245613351464271545e-02,3.843452781438827515e-02,1.193830966949462891e-01,9.356167167425155640e-02,0.000000000000000000e+00,0.000000000000000000e+00,1.000000000000000000e+00,0.000000000000000000e+00,5.289039916992187500e+02,3.906250000000000000e-03
5.900000000000000355e+00,-2.615356445312500000e-02,-6.129455566406250000e-02,-2.548974752426147461e-02,6.784448027610778809e-02,3.716722503304481506e-02,2.949314564466476440e-02,1.333514600992202759e-01,9.976512938737869263e-02,0.000000000000000000e+00,0.000000000000000000e+00,1.000000000000000000e+00,1.000000000000000000e+00,5.491871948242187500e+02,0.000000000000000000e+00
5.919999999999999929e+00,-3.026580810546875000e-02,-6.403350830078125000e-02,-2.773195505142211914e-02,6.333255767822265625e-02,4.115350171923637390e-02,2.487685717642307281e-02,1.384828239679336548e-01,1.012836322188377380e-01,0.000000000000000000e+00,0.000000000000000000e+00,1.000000000000000000e+00,0.000000000000000000e+00,5.176949462890625000e+02,3.906250000000000000e-03
5.940000000000000391e+00,-3.282928466796875000e-02,-6.614303588867187500e-02,-2.990865707397460938e-02,6.071829423308372498e-02,4.380097612738609314e-02,2.567170560359954834e-02,1.415314525365829468e-01,1.017042174935340881e-01,0.000000000000000000e+00,0.000000000000000000e+00,0.000000000000000000e+00,0.000000000000000000e+00,5.332756347656250000e+02,0.000000000000000000e+00
5.959999999999999964e+00,-3.380203247070312500e-02,-6.740570068359375000e-02,-3.233706951141357422e-02,5.771428346633911133e-02,4.541610181331634521e-02,2.880838140845298767e-02,1.402090489864349365e-01,1.016503497958183289e-01,0.000000000000000000e+00,0.000000000000000000e+00,0.000000000000000000e+00,0.000000000000000000e+00,5.386609497070312500e+02,3.906250000000000000e-03
5.980000000000000426e+00,-3.339385986328125000e-02,-6.779861450195312500e-02,-3.437805175781250000e-02,5.549854785203933716e-02,4.619814455509185791e-02,3.424369543790817261e-02,1.361061483621597290e-01,1.015072986483573914e-01,0.000000000000000000e+00,0.000000000000000000e+00,0.000000000000000000e+00,0.000000000000000000e+00,5.409562377929687500e+02,0.000000000000000000e+00
6.000000000000000000e+00,-3.214645385742187500e-02,-6.737327575683593750e-02,-3.588122129440307617e-02,5.375692620873451233e-02,4.590072855353355408e-02,4.039121791720390320e-02,1.311754137277603149e-01,1.011714339256286621e-01,0.000000000000000000e+00,0.000000000000000000e+00,0.000000000000000000e+00,0.000000000000000000e+00,5.397302856445312500e+02,0.000000000000000000e+00
