root_pos_x,root_pos_y,root_pos_z,root_rot_x,root_rot_y,root_rot_z,root_rot_w,FL_hip_joint,FL_thigh_joint,FL_calf_joint,FR_hip_joint,FR_thigh_joint,FR_calf_joint,RL_hip_joint,RL_thigh_joint,RL_calf_joint,RR_hip_joint,RR_thigh_joint,RR_calf_joint,FL_foot_joint,FR_foot_joint,RL_foot_joint,RR_foot_joint
0.0,0.0,0.741806,-0.006758711164040804,-0.6597561136286221,-0.007681651322997147,0.7514101294140303,0.0,0.610812,-0.785317,0.0,0.610812,-0.785317,0.0,0.698123,1.0472,0.0,0.698123,1.0472,0.0,0.0,0.0,0.0
0.000933371459988999,-0.0001864860385788118,0.7419511081581496,-0.006883124498731535,-0.6599849884475535,-0.007453461522261336,0.7512102791711212,7.07711996277102e-05,0.616386803825873,-0.7930827824249411,7.077119962771122e-05,0.6170756927602512,-0.7934292927200318,0.004061645602985864,0.7000305516918053,1.046940450261547,0.004061645602985869,0.7023553887570251,1.0485592346160821,0.0,0.0,0.0,0.0
0.0027046110122848806,-0.00039086846236206725,0.7421584575263863,-0.006920124698684468,-0.6602497969882325,-0.007356647613430891,0.7509781602597003,0.0003223033101650532,0.6274049775980849,-0.8089612806587388,0.0003225851027433887,0.6288753529635653,-0.8103191782896724,0.006577561599737038,0.7043403023312004,1.0475292625501273,0.0066308174915356635,0.7079227724687521,1.0504640404877437,0.0,0.0,0.0,0.0
0.005253072257291406,-0.0006605021116462115,0.7424458114302045,-0.006859723370244317,-0.6605617932449245,-0.00739335636163767,0.7507039361706072,0.0008689367815126468,0.6430923048834848,-0.831461057092573,0.0008695117779227666,0.6456536012872058,-0.8348823305038743,0.007864149926649789,0.7111262295592697,1.0484743974270285,0.00796606099566693,0.7149430155572276,1.0527354781604241,0.0,0.0,0.0,0.0
0.008520563180372295,-0.0012054410320161966,0.7429914858188493,-0.006620996122661491,-0.6609687149854511,-0.007646601159843899,0.7503452869922803,0.0023146527679639194,0.6622738316992398,-0.8574061669183086,0.0023163912618603183,0.6672501625728321,-0.86602274208662,0.00837470938941753,0.7216795130207576,1.0474768984472431,0.008506894798950112,0.7243075662150597,1.0542800754712192,0.0,0.0,0.0,0.0
0.012509046697457983,-0.0023823587508385318,0.7446048656998571,-0.005903620500048651,-0.6619340124758613,-0.008414080117724728,0.7494916368101582,0.005849688815145898,0.6835043128504257,-0.878233850782025,0.005860417521632822,0.6940113193523114,-0.899533157658374,0.006164085362051403,0.7431727856111021,1.0372879453749249,0.006261097283682881,0.7406587827253587,1.0494857357417946,0.0,0.0,0.0,0.0
0.01575037998470824,-0.003457367979304237,0.7454575073012376,-0.005602379841722549,-0.6615695008073083,-0.008605231635776181,0.7498135494442418,0.00847550617462211,0.7016965755634647,-0.9042820274112991,0.0013487848049481069,0.6672468870794945,-0.8668028331469952,0.0019441016530286548,0.7308206432782574,1.0598316632318792,0.01175978059871394,0.7503433069498083,1.0479140212418137,0.0,0.0,0.0,0.0
0.019368225747996556,-0.0044534722268869745,0.746486658859644,-0.005205871978769351,-0.6613362485891977,-0.008911864439255353,0.750018562351042,0.011075276977801446,0.7217556988974839,-0.9314792017101812,-0.002146831788130034,0.6468924837406955,-0.8508218106465861,-0.0013793241789512418,0.7223891396358424,1.0785028852067586,0.014960858078763633,0.7615020220425905,1.0448757955655812,0.0,0.0,0.0,0.0
0.022794689985536826,-0.005466455778548974,0.7476941138739024,-0.0047413011301952685,-0.6613273364008034,-0.009292546644084715,0.7500248814335955,0.013840868059739943,0.7399498932534397,-0.9535667208002611,-0.004671043754605275,0.6325420094011122,-0.8458965862776333,-0.003579263597767403,0.7164366701118239,1.0953939423188643,0.017221515147617918,0.7737919947266617,1.0401099652167247,0.0,0.0,0.0,0.0
0.025820825358409488,-0.006495220241461984,0.7489880714763919,-0.00429084210292274,-0.6613945400984977,-0.009676806504193483,0.7499634727223884,0.016704118097146555,0.7554710471350496,-0.9706251825094017,-0.006736923375257414,0.622114448867444,-0.847027556338638,-0.005059860958710746,0.7117017523875927,1.1110867769880417,0.01993654829518506,0.7862758610248398,1.034075111585752,0.0,0.0,0.0,0.0
0.028350958252838475,-0.007535181011520796,0.750289421120675,-0.0038832435059638257,-0.6614660641733829,-0.010036329970088081,0.7498978853467843,0.019617541904183834,0.7679877344010272,-0.9829626042182882,-0.008504101327349778,0.6140325400887299,-0.8513731402110479,-0.006112897493639101,0.7073931253897596,1.1258726515734776,0.02369956380369935,0.7982589366036784,1.0273838931910855,0.0,0.0,0.0,0.0
0.030372870854221457,-0.008569347832319194,0.7515523624996457,-0.0035219207618859675,-0.6615162092258289,-0.010364169150882325,0.7498509751967042,0.02251872912074102,0.7775695354079858,-0.991088423173494,-0.010030684135055036,0.6071984547573924,-0.8573602185930675,-0.006923579930995075,0.7030496548863572,1.1399719776635513,0.028498415767177543,0.8093551236954161,1.0204531074056653,0.0,0.0,0.0,0.0
0.031927638565515636,-0.009574231401021779,0.7527562971696098,-0.003202596307438911,-0.6615422786164921,-0.010660473554235633,0.7498252538314448,0.02533488506372463,0.7845445168481187,-0.9956574271400065,-0.011367710875340846,0.600892502602414,-0.8641225750786625,-0.0076055219867232566,0.698432453280688,1.1535796497363775,0.03401398062833926,0.8194169003773129,1.0135019669004215,0.0,0.0,0.0,0.0
0.03308440185505053,-0.010527645422593922,0.753894896301742,-0.002922488433126457,-0.6615526702670845,-0.010923931617011884,0.7498134376242368,0.027996277916401156,0.7893631771671186,-0.9973807622962197,-0.012580281285518092,0.5946818014327787,-0.8711906611728539,-0.00821939236615737,0.6934516012677863,1.1668674556866545,0.03991109795406581,0.8284786992991838,1.0066334676868787,0.0,0.0,0.0,0.0
0.033921177081615225,-0.01141189455057232,0.7549687669011806,-0.0026792166495653836,-0.6615569992794832,-0.011154326010010417,0.7498071348778518,0.030449584095575414,0.7925020806399287,-0.9969547285514283,-0.013737527995290983,0.5883152133321015,-0.878315330645872,-0.008811446141960826,0.6881011010723678,1.1799753661981396,0.045878494318768524,0.8366488588205043,0.9998835971326526,0.0,0.0,0.0,0.0
0.03451205509150805,-0.012213822082007214,0.7559805264822055,-0.002466072841551877,-0.6615583657478789,-0.011359013425339891,0.7498035876199437,0.03266634258213278,0.7944052390901253,-0.9950190173806014,-0.014894869366734328,0.5816256450202946,-0.8853687180585462,-0.009454572643927244,0.6824082601036547,1.1930027875500349,0.05151247878967657,0.8439829842888655,0.9932488026071408,0.0,0.0,0.0,0.0
0.034921385454415414,-0.012927789936741102,0.7569323742228729,-0.002280159439300655,-0.6615609359062745,-0.011540684326219696,0.7497991341426234,0.03463399188811647,0.7954430847046564,-0.9921019322864568,-0.01609777709771055,0.5745273830600117,-0.8922989443924619,-0.010184595093532705,0.6764437588037551,1.2060087301904157,0.05661553971513257,0.8505830617894928,0.986745647994416,0.0,0.0,0.0,0.0
0.03520088395530102,-0.013554177168886386,0.7578236572838092,-0.0021214854737631483,-0.6615695093843706,-0.01169803327545929,0.7497895968668771,0.03635191306159462,0.795901212777353,-0.9886174438275006,-0.017379755798032234,0.5669996551974863,-0.8990877887857921,-0.011006756142486298,0.6703192984081966,1.218999717947079,0.061181995559470924,0.8565706922078729,0.9804298678780305,0.0,0.0,0.0,0.0
0.03538862707063227,-0.014095331980056575,0.7586479114821255,-0.0019871453511268815,-0.6615831877537447,-0.011834116194907018,0.7497757602302386,0.03783115696829312,0.7959886952145294,-0.9849018620987912,-0.01875541679097921,0.5590832914111438,-0.9056966918570739,-0.011941880297463806,0.6641742770933439,1.2318962321507094,0.06515630839126978,0.8619656570526494,0.9743963129636031,0.0,0.0,0.0,0.0
0.03551043786685368,-0.01455563079073758,0.7593896067529898,-0.0018757241959872844,-0.6615991941475527,-0.011950193778165306,0.7497600821801023,0.03908652473006084,0.7958419081333384,-0.9812298968748081,-0.020227397776176066,0.550982205885937,-0.9120057346185433,-0.013003676950473803,0.6582050516359069,1.2444751784735344,0.06855990060177769,0.8667283805403414,0.9688254638871887,0.0,0.0,0.0,0.0
0.03558116982975809,-0.014941386985969715,0.7600191842748982,-0.001787293873128991,-0.661614577581537,-0.012045396627678711,0.7497451998727951,0.04013558300721909,0.7955281248224376,-0.9778331928843065,-0.021783608115306153,0.5431928790517508,-0.9177291320414221,-0.01420596319098665,0.6526958764112989,1.2562660816455806,0.07149638356540135,0.8707428564888781,0.9640360164444008,0.0,0.0,0.0,0.0
0.03562988276631309,-0.01524789614893414,0.7604909605098142,-0.0017234044588521453,-0.6616238045551254,-0.012117129816667337,0.7497360510793638,0.040967738377491604,0.7952205182960219,-0.97518603981374,-0.023464384966231017,0.5366270521958862,-0.9222757175651798,-0.015625038262833294,0.6481835409618081,1.2663484843857653,0.07397506544141255,0.8738082523152428,0.9604769716785141,0.0,0.0,0.0,0.0
0.0356761102768569,-0.015472323330439915,0.7607491353405682,-0.0016869157554506226,-0.6616180549257287,-0.012162185276449373,0.7497404784062488,0.04157773586039621,0.7950377417271642,-0.9737372021190027,-0.025316583590897914,0.5325465360818523,-0.9247147254836787,-0.01743485317561285,0.6455260766256233,1.2729964186447154,0.07605431821317858,0.8756476131524366,0.9586952102691204,0.0,0.0,0.0,0.0
0.03570127153635698,-0.015629988122331014,0.7607535611667804,-0.0016797133854961207,-0.6615899439115165,-0.012180323108463084,0.7497650061233002,0.04200819826260496,0.7948419481560494,-0.973469575010776,-0.027328176238010114,0.5320644646216427,-0.9239388206198091,-0.01993270735869353,0.646048622701834,1.2733598547951053,0.07797013744472099,0.8760259196382436,0.9591200739175911,0.0,0.0,0.0,0.0
0.035652750969551825,-0.015743749116664693,0.7605051499807279,-0.0017004404514213126,-0.66153972915154,-0.012171044882633365,0.7498094164004898,0.042312300372691215,0.7942807551764594,-0.9738395227710991,-0.02937633265250441,0.5351324492265829,-0.919956865347953,-0.02303798863883248,0.6495868912379236,1.2673825203491371,0.07999513714507407,0.8748966944679862,0.9617853574289171,0.0,0.0,0.0,0.0
0.03551478093087639,-0.015815033247771913,0.7600462904301554,-0.0017464922102118864,-0.6614708132076049,-0.012135872908759822,0.7498706779359837,0.04249052867976283,0.7932665887698012,-0.9745249752215756,-0.031449760468905255,0.5406108579737582,-0.91385199938105,-0.026496183206064474,0.654780624498728,1.2578411023677132,0.08206458068296914,0.8724545615433227,0.9662644342761556,0.0,0.0,0.0,0.0
0.03526343633594825,-0.01585162108093369,0.759434611068483,-0.0018131417079734421,-0.6613915415964807,-0.012077763015426684,0.7499413769504392,0.04255851870880357,0.7916478032136277,-0.9750181141659058,-0.033490907782506005,0.5472429133666707,-0.9065207432874302,-0.03011307719579036,0.6608113175325415,1.246438666764043,0.08414854119513834,0.8689824502619279,0.9719985130318348,0.0,0.0,0.0,0.0
0.034865330082841144,-0.015867373723986236,0.7587193078812424,-0.0018970206532476265,-0.6613053411663968,-0.01199994532299221,0.7500184320199615,0.042549444056301254,0.7892101892190245,-0.9747698372095666,-0.03543916450526869,0.554122902421725,-0.8985305360903404,-0.033800219842438625,0.6671710524320824,1.2340793158213554,0.08630295546884274,0.8646949680424402,0.978521510840767,0.0,0.0,0.0,0.0
0.03427821329139507,-0.015881351903609012,0.757936244446662,-0.0019958480067547293,-0.6612111011327609,-0.011905319910164011,0.7501027660843361,0.0425106765076117,0.7856798188352004,-0.9732114619459252,-0.03723595940312886,0.5607447128300824,-0.8901761287831851,-0.03752723240360497,0.6735154126292683,1.2212033589993503,0.08866086755221254,0.8597128470216538,0.9855063699504905,0.0,0.0,0.0,0.0
0.03345253887370129,-0.015918034866413702,0.75711023879425,-0.0021080828762971267,-0.6611038376715349,-0.011796561658151607,0.7501987156317991,0.04250400144792127,0.7807284339792709,-0.9697482699575509,-0.038827151888943257,0.566891214964088,-0.8815874234715863,-0.04129736333886952,0.6795964683380008,1.208002325717558,0.09142420000066599,0.8540803210891577,0.9927410398103007,0.0,0.0,0.0,0.0
0.03233393113373217,-0.016007753121662884,0.7562589602184492,-0.0022329776288973996,-0.6609750835678965,-0.011676086684460204,0.750313682211019,0.042606231590646845,0.7739826253974624,-0.96375321402379,-0.040169136593458735,0.5725103675742768,-0.8728254288367376,-0.045143680259521944,0.6852276288422873,1.1945454588243036,0.09486141074687303,0.8477942480961483,1.0000886063786434,0.0,0.0,0.0,0.0
0.030867772226492746,-0.01618620228714112,0.7553962674941503,-0.0023712322317179313,-0.6608130636007253,-0.01154553346407184,0.7504579754319072,0.04290696064675082,0.7650455449342906,-0.9545834532245168,-0.04123980215002732,0.5776337961789896,-0.8639480075311222,-0.04914387395212131,0.6902656757966149,1.1808568169801865,0.09930174278207433,0.8408338418914817,1.007451321657562,0.0,0.0,0.0,0.0
0.029007693385548653,-0.016491658532610757,0.7545342525158044,-0.0025263710799505127,-0.6606028871151384,-0.011404459634756057,0.750644643812736,0.043499623813545905,0.7535442500789349,-0.9416431611099677,-0.04205243517298374,0.5823481690167551,-0.8550453597703241,-0.05345546685582387,0.6946149584277571,1.1669759835892843,0.10511455354583653,0.8331896042210059,1.0147434974205267,0.0,0.0,0.0,0.0
0.026730182658634177,-0.016958112171425038,0.7536836073348129,-0.002706930881146217,-0.6603270280233056,-0.01124799705412364,0.7508890538217905,0.0444613904209961,0.739221437875097,-0.9245247780521575,-0.04266847635802079,0.5868132143706216,-0.846249384641014,-0.05838321513101792,0.6982720693354143,1.1530325087420075,0.11266138455636358,0.8248928887138238,1.021875083473823,0.0,0.0,0.0,0.0
0.024057891112571055,-0.01760205021365759,0.7528514537795203,-0.002929643863520918,-0.6599658230383396,-0.011063469228735058,0.7512084459434576,0.0458175621800841,0.7221000870619345,-0.9032832143222844,-0.04320300656897663,0.5913131267056995,-0.8377205834190398,-0.06452695673110315,0.7014466671631643,1.1393663711843767,0.122210822414605,0.8160440933691172,1.0287530879296047,0.0,0.0,0.0,0.0
0.02109313717599766,-0.01839984062568924,0.7520340703032818,-0.0032253204704045324,-0.6594929031254962,-0.01082911847185288,0.7516258631979681,0.047493095642256594,0.7027643766552344,-0.8789515421149963,-0.043793243632888716,0.5963037402823363,-0.8296290510082349,-0.07318709773141097,0.7048319059303823,1.126702491987824,0.13378262652435902,0.8067982931515049,1.035315869485947,0.0,0.0,0.0,0.0
0.018076341192721793,-0.019217527474261715,0.7512094421756577,-0.0036667636831712613,-0.6588263333244905,-0.010448343779779917,0.7522135663989042,0.04905264450406002,0.683043886041256,-0.8550425213854649,-0.04439901599068594,0.6020365228871084,-0.8215941392956473,-0.08635268660247103,0.7100280159184,1.115722311680831,0.14737987782371462,0.7974496492371174,1.0414600205210927,0.0,0.0,0.0,0.0
0.015318914608444638,-0.019969665358465543,0.750451034845988,-0.004321371196549725,-0.6578974763000524,-0.009889111165237191,0.753030173306067,0.050314362949345506,0.665311133253624,-0.8354852151274287,-0.0457597112636444,0.6086307324675622,-0.8140928236504573,-0.10922480329735959,0.7182313049023026,1.1080273568162005,0.16296352014889232,0.7888233483049418,1.046486314041878,0.0,0.0,0.0,0.0
0.013006958699802963,-0.02060705443152896,0.7498796131705558,-0.005254679704837933,-0.6566682760614823,-0.009075300538790573,0.7541066254023837,0.051092242899991494,0.6512144868040843,-0.8228930834385301,-0.04762919808474305,0.6152837070904194,-0.8084433750442782,-0.14744578456518018,0.7292654735616508,1.105377715745891,0.18137439497126318,0.7820655697725613,1.0494304422726086,0.0,0.0,0.0,0.0
0.011465466961428734,-0.021031445180126427,0.7495922123986929,-0.006368865797363753,-0.6552915787089499,-0.008011823497787198,0.7553066894353759,0.05107916627333932,0.6430001772885171,-0.8197807391722651,-0.04940094961883948,0.6205480613714353,-0.807350095498341,-0.19909086673339826,0.739955409741188,1.109727037746062,0.20110458913442342,0.7784751207893645,1.049803436067246,0.0,0.0,0.0,0.0
0.011451323716585967,-0.021017977126078585,0.7495635046368272,-0.006461673641044678,-0.6553000464263057,-0.007974397813344017,0.755298950685722,0.05104328295045434,0.6428741393197287,-0.8197477403462461,-0.04943803826011939,0.6205709385351806,-0.8073508779664976,-0.19908288036271743,0.7399775200321569,1.1097358940780773,0.20112240444184698,0.7783617901462914,1.0497369141092388,0.0,0.0,0.0,0.0
0.011451323716585967,-0.021017977126078585,0.7495635046368272,-0.006461673641044678,-0.6553000464263057,-0.007974397813344017,0.755298950685722,0.05104328295045434,0.6428741393197287,-0.8197477403462461,-0.04943803826011939,0.6205709385351806,-0.8073508779664976,-0.19908288036271743,0.7399775200321569,1.1097358940780773,0.20112240444184698,0.7783617901462914,1.0497369141092388,0.0,0.0,0.0,0.0
0.011709243719806658,-0.021136156598322377,0.7497753486377231,-0.006503328728884213,-0.6558908132972592,-0.008022071992508692,0.7547851310860932,0.05143332693425522,0.6433001351336026,-0.8168278263659777,-0.04902351552441703,0.621578019152015,-0.8054820311050852,-0.20077872659003024,0.7444049515351046,1.1090075129704375,0.20474518930520502,0.7829824326193728,1.0494346104506307,0.0,0.0,0.0,0.0
0.01237657917407723,-0.021368843423631084,0.749892188073892,-0.006480731328864168,-0.6562852240655559,-0.008105178693018416,0.7544415225005981,0.052154778558237684,0.6463421504965415,-0.8192123984388225,-0.04840849166178093,0.6258822578407637,-0.81033840240099,-0.20256960192669637,0.748627685299756,1.108974930631132,0.20915243580996726,0.787312371320672,1.0504524286542438,0.0,0.0,0.0,0.0
0.013632129313294682,-0.021679231262014195,0.7499400098890975,-0.006355620043102293,-0.656615066148046,-0.008273565781094465,0.7541537039029449,0.05318415942606673,0.6529944719500623,-0.8276628255512812,-0.04763747346352732,0.6343010168400455,-0.8226207724724401,-0.20686884775281866,0.754333345095884,1.1100077969149222,0.21381676608048708,0.7921978357192163,1.0528079099965806,0.0,0.0,0.0,0.0
0.015581547339498816,-0.02201167433907777,0.7500825372333193,-0.006080027932416107,-0.6571158759562968,-0.008626623779417706,0.7537156892281717,0.054530532898765596,0.6636028686969598,-0.8407845908799156,-0.04669048460422044,0.6468809838500623,-0.8408116491055989,-0.21761705317074426,0.7646605620069626,1.1114364637814362,0.21767562591219722,0.7992929780984697,1.0552646082428883,0.0,0.0,0.0,0.0
0.018282914649822676,-0.02232423944690109,0.7509013384493544,-0.005632971384855511,-0.658326695420132,-0.009330004498674126,0.7526534280441702,0.05635778029090602,0.6778235345866083,-0.852973246769203,-0.04533372628774112,0.6630430761604511,-0.8593964787917616,-0.2417989950436045,0.7869692744867227,1.1094342819243745,0.22047300150327495,0.813612157428839,1.0532881062049073,0.0,0.0,0.0,0.0
0.02077843131374966,-0.02372862751138119,0.751771765085456,-0.0077381483875260055,-0.6581105678304083,-0.006844968693334098,0.7528504154033905,0.05299734168834465,0.6568193137002599,-0.8336994030864326,-0.04520566025904978,0.6814237700760275,-0.8801889239018179,-0.17225761086983238,0.774773559106892,1.0983324492398474,0.16147036887981014,0.7818271272796044,1.0680756816444699,0.0,0.0,0.0,0.0
0.0237131766473764,-0.02500445693769763,0.7528757183579193,-0.00899813642038756,-0.6584648542451355,-0.005515193257314672,0.7525374754178207,0.04877077671508029,0.6421144530870354,-0.8272629246244478,-0.0438871646773332,0.7015031438625976,-0.9025521273337972,-0.1361175606262484,0.7771909614885376,1.0873436533035636,0.11608158103701763,0.7592796484944833,1.0811131209786564,0.0,0.0,0.0,0.0
0.026647274683841232,-0.026031804909805594,0.7539023046369105,-0.009570315543643456,-0.659007397347637,-0.0050292261659510736,0.7520587518177423,0.04456411735110913,0.6318447755311816,-0.8285445069063305,-0.04212152103506894,0.7206609051093714,-0.924671210834896,-0.11873296041080829,0.7858751891568359,1.0784272562356825,0.08601902187424171,0.7449977586053361,1.0939152884718466,0.0,0.0,0.0,0.0
0.029343523199370614,-0.026813795279091078,0.7548283799992808,-0.009870900002560072,-0.6595237859873043,-0.004834037779938686,0.7516033349638983,0.0407233184689592,0.6241587519354047,-0.8339969917837832,-0.040594414773048364,0.7376663322630572,-0.9444443203832866,-0.10854674177966446,0.7956774853373856,1.070836106865958,0.06596835160722073,0.7352886391652556,1.1069825958926962,0.0,0.0,0.0,0.0
0.031697043492128166,-0.027369817603426043,0.7556758571228867,-0.010121243229695818,-0.6599291237125869,-0.004661001461734453,0.7512452243953343,0.03724028581979366,0.6178459603876183,-0.8415344342423758,-0.03957833140132421,0.7520965488979394,-0.9609424475348939,-0.10031125682337816,0.804396511279041,1.063954801818463,0.05183748673748528,0.7277356186255356,1.1201887746549273,0.0,0.0,0.0,0.0
0.03367385973513622,-0.02771235017279032,0.7564413764739767,-0.010421454271536892,-0.6602014155844108,-0.004395557666450423,0.7510034375580494,0.0338175442000935,0.6119927207261564,-0.8501294154244031,-0.03917802797548082,0.763871933774478,-0.9739478310522012,-0.09164821479928131,0.8110105627071147,1.0577073622419773,0.041301577774358875,0.7208987992173957,1.1333874363750183,0.0,0.0,0.0,0.0
0.035296370016517815,-0.027788413988308513,0.757155591278354,-0.010622005895223309,-0.6605636756085446,-0.004289361993638966,0.7506826259019045,0.030276122729036077,0.6069689028180326,-0.8594304040650986,-0.03917869332778205,0.7728591076776846,-0.9827408095159512,-0.08931335703677368,0.8187872242877177,1.052639706615866,0.032257913745771104,0.7147961462134717,1.14667531350339,0.0,0.0,0.0,0.0
0.03665009330855629,-0.027500814172412125,0.7580802764362392,-0.010177767342498919,-0.6616097011460278,-0.005162778884980963,0.7497615368339259,0.027320679466524073,0.6056419024847154,-0.8692609602702762,-0.038736378659290076,0.7789836432154686,-0.9854224922426128,-0.1149971660728752,0.8388833760985517,1.0484578627759231,0.021178843710941024,0.711241444826904,1.160182718226015,0.0,0.0,0.0,0.0
0.03774498042035084,-0.027194488247192148,0.7595129456449085,-0.009363050265227523,-0.6630544178587757,-0.006594788599117091,0.7484835876697791,0.025340692068760315,0.6070220383710295,-0.8782711750575952,-0.03756460200222495,0.7835600464850105,-0.9832341316544388,-0.1618017515532788,0.8699249987169537,1.0405327258488926,0.009285458482228792,0.7094622310945579,1.1729631396352702,0.0,0.0,0.0,0.0
0.038175315034965504,-0.028119260699038844,0.7603320903686615,-0.01122410564037312,-0.6607368620771285,-0.003647574817573497,0.7505248255341016,0.0181476059159394,0.591226237579603,-0.8865115626546923,-0.0392746930633112,0.7906342478810006,-0.9945549916591011,-0.05455787763320433,0.8301766902902384,1.0249452168360396,0.014421809104610116,0.6935983464976421,1.1820702946875639,0.0,0.0,0.0,0.0
0.038751900229770875,-0.028346561527310618,0.7612753127190759,-0.011448168863660407,-0.6613186922207194,-0.003666271309556375,0.7500087234184888,0.0156331778632027,0.5868883079729589,-0.894200722263292,-0.03845809001073449,0.7940034978599927,-0.9931131643271737,-0.0695250535032389,0.8438639706405536,1.0160872537954422,0.004806123912866668,0.6877115748388595,1.1958466319850782,0.0,0.0,0.0,0.0
0.039241399748105955,-0.028514642219402926,0.7617306115588087,-0.0117740687405798,-0.6616222083727251,-0.0034579568069823974,0.749736932015498,0.01211930298960533,0.5799680303888045,-0.9028188733278932,-0.03814825987228926,0.7968026349549926,-0.9935332026314448,-0.0715509195082322,0.84935235692181,1.0113991882978661,-0.0025828510425107924,0.6806166159359925,1.2096743959497616,0.0,0.0,0.0,0.0
0.03954294503598774,-0.028811669252213564,0.7617149575359007,-0.012884088064635904,-0.6609836540301691,-0.0020634708138651116,0.7502868461247796,0.00572798853039905,0.5670813900163916,-0.9116376837376783,-0.03906744867132189,0.799469590101538,-0.9971227028993488,-0.03694608544142465,0.8359890596565048,1.0082529991961857,-0.0026550809496533488,0.6701221138269907,1.222633263822764,0.0,0.0,0.0,0.0
0.03998840211111681,-0.027880173294048308,0.7626191755242964,-0.01051200143146311,-0.6636147257711477,-0.005702896770878641,0.7479789238568223,0.004005124506775114,0.5726135925019262,-0.9222933727332013,-0.03663045923765063,0.7978659742328353,-0.9874894814505846,-0.13308351424454654,0.8836431895944777,1.0103723238296414,-0.022103006850661484,0.6705633853004309,1.2348686400682067,0.0,0.0,0.0,0.0
0.04018492082284147,-0.027440771518452898,0.7637230916084363,-0.009178040932216795,-0.6661928508133266,-0.008304632394869081,0.745676794711117,0.003265917047284861,0.5786335295383431,-0.9309104410032935,-0.03395329157969622,0.7957143936503499,-0.9737593928180482,-0.24647006910552344,0.9390396471652982,1.0069210181924966,-0.03947871568501791,0.6721514631092641,1.245306657157093,0.0,0.0,0.0,0.0
0.03955580510572133,-0.02872515245757221,0.7639611941451793,-0.010394639994158477,-0.6634041716714937,-0.005651215499908056,0.7481677086266318,-0.004114591479991497,0.5618191228848747,-0.9347152891980357,-0.0346244844709961,0.7984177336064141,-0.984091182631885,-0.12018245213038314,0.8862128258637947,0.9947968977746497,-0.038789579577483496,0.6517287001065272,1.250544533404538,0.0,0.0,0.0,0.0
0.038618472887832336,-0.03061814920460336,0.7641404676227378,-0.013470762460644223,-0.65977659555014,-0.0010365415625912732,0.7513403410602848,-0.012844558900393658,0.5414608429627791,-0.9356222450954176,-0.035673397780872015,0.8009831854191386,-0.9932023887886083,0.005581126099926809,0.8312964415054982,0.9768863085621269,-0.012637739477841747,0.6393484909833926,1.2486627553308842,0.0,0.0,0.0,0.0
0.03844895413465154,-0.03143386413210873,0.7643267005724673,-0.013264024423508923,-0.6610071066321286,-0.0018312525316139055,0.7502601663103805,-0.012990181469293743,0.5454108494077995,-0.9341761685890898,-0.03219073704177866,0.8007030863944044,-0.9883143201304844,-0.03888927974429615,0.8531652264905272,0.9730328373354571,-0.02431809663476869,0.6412284403980373,1.252380521838484,0.0,0.0,0.0,0.0
0.038471646339132436,-0.03185492728694917,0.7641599296601873,-0.01185147270831427,-0.6630255369757954,-0.004244517146176047,0.7484909244518587,-0.012950699854445493,0.5568481613427047,-0.9323904665938995,-0.027816230891262568,0.799900261530705,-0.9842039876876761,-0.10945438233574398,0.8847629739284656,0.9773487725779559,-0.04163968317118075,0.6476809647405056,1.2500671905618506,0.0,0.0,0.0,0.0
0.03815058931643602,-0.03226645131045617,0.7637133001633295,-0.010560649894016873,-0.6649843460995591,-0.006522552327333279,0.7467541418884094,-0.013518907752069079,0.5700876395525178,-0.9274163340137617,-0.023588755324349356,0.797021982353454,-0.9778816440151644,-0.18892031516640329,0.9171442536510448,0.9839971693847299,-0.0521878373507937,0.6575908895866673,1.241003328957561,0.0,0.0,0.0,0.0
0.03678192704359794,-0.03417037351679479,0.7624780040222405,-0.011746157457839652,-0.6612120292133346,-0.0034847680679339793,0.7500990178636902,-0.022240869470035868,0.5606689018268671,-0.9201487281078407,-0.023435939191891048,0.7977290090700562,-0.9951254117646849,-0.062102220416292764,0.8523162587514747,0.9812432951364812,-0.037090690066523484,0.6466775336770191,1.2228781997057554,0.0,0.0,0.0,0.0
0.03573733622213731,-0.035018720915386194,0.7613777154100704,-0.01043376874055156,-0.6633197798514866,-0.005833454290885581,0.7482405876044683,-0.02210583894708621,0.5752449816216282,-0.9124032591716097,-0.01790454503905529,0.7913150975156864,-0.9856592964502918,-0.13899395715585688,0.8798283344242643,0.9915155991100567,-0.05044462701537686,0.6562734875730364,1.212436523786774,0.0,0.0,0.0,0.0
0.03433284302064296,-0.036065459323482554,0.7605162301545596,-0.008462867185249806,-0.6659006662947831,-0.009034992765011865,0.7459376994179239,-0.020590720727683313,0.5932278140602107,-0.9052588547773598,-0.010821202178376607,0.7830456479368268,-0.9720428794584886,-0.24323930275100691,0.9195515873411088,1.0004856649632792,-0.0636272378056259,0.6687109758626049,1.1998247271635791,0.0,0.0,0.0,0.0
0.03176771531355262,-0.03900960590345927,0.7590387421433273,-0.009104451156565135,-0.6629948906712207,-0.0069315044847773144,0.7485364641475866,-0.024882195056196328,0.5872474355517948,-0.8945812980749488,-0.00668109199217924,0.7782218386359719,-0.9803119038892112,-0.11700376898867917,0.8564511200103821,0.9973901700533125,-0.05558437548000094,0.6594944573370569,1.1819484877411799,0.0,0.0,0.0,0.0
0.028768187932061262,-0.04248990780797971,0.7577653852808514,-0.010738352513714867,-0.6610037458625939,-0.004420365216195644,0.7502927402769309,-0.02703933945474283,0.5816179632079613,-0.8816645155603481,-0.001040693013593507,0.7704509499831156,-0.9779113588358221,-0.04264373073449969,0.8167396548551621,0.9887842981989624,-0.03775777546057148,0.6583445693362022,1.1663748083185583,0.0,0.0,0.0,0.0
0.02575318199864647,-0.04539144978298268,0.7562151291234708,-0.0102080154141533,-0.6615522012677786,-0.005114185573133155,0.749812194169303,-0.025215034603770822,0.5866258849964727,-0.8710242153360822,0.007209287677236921,0.7585662062917407,-0.9657676224676466,-0.04973824025058017,0.8121485643907282,0.9906189058763823,-0.04316778760125908,0.6607443186929846,1.1553013241553634,0.0,0.0,0.0,0.0
0.022234288930429405,-0.04820336799077042,0.7540691434701763,-0.009624027003372343,-0.6617727762424047,-0.005700761212578489,0.7496210189490791,-0.02468661637750976,0.5890838378449657,-0.8615922932530207,0.01488424484165251,0.7433482596831286,-0.951996824215694,-0.04194328370937016,0.7969714774609263,0.9976105281162828,-0.043729775474044545,0.6623314414949826,1.1422767362879562,0.0,0.0,0.0,0.0
0.018204681310117564,-0.05108192204019891,0.751882077919909,-0.009191043521543745,-0.6616736317907799,-0.005998258160052152,0.7497116449748061,-0.024895371342362582,0.5899377888113,-0.8521314127981964,0.022220575850280096,0.7252179168720662,-0.9345350013372977,-0.022494425602049173,0.7757983547853762,1.003206269751261,-0.042333403341576495,0.6620350252771818,1.1279416746702684,0.0,0.0,0.0,0.0
0.01376096529445149,-0.053948717069316414,0.7498020639963435,-0.008818130366722028,-0.6615186765668796,-0.006220840227550932,0.7498510400585591,-0.02546071184844553,0.5908286222015181,-0.842711601352641,0.029324037645273276,0.7042051636555255,-0.9119572543338922,-0.0015888265798361147,0.7540490450756642,1.006553485558293,-0.04156589839358099,0.6607516468677008,1.113028526407662,0.0,0.0,0.0,0.0
0.009070511904303516,-0.056730269813818124,0.7478244219713192,-0.00851708337118975,-0.6613507094745027,-0.006392207088158697,0.750001225370307,-0.0266086293766228,0.5923904257611521,-0.8334738591975976,0.03604987202983999,0.6809115924445528,-0.8849361137711035,0.018129845619381885,0.7330179167657439,1.0080634583244272,-0.04230450963218974,0.6593551357039199,1.097893154599281,0.0,0.0,0.0,0.0
0.004615540813102453,-0.059452486282952424,0.7459703343677289,-0.00826118704584464,-0.6610922202018671,-0.006544813614781203,0.7502306276018778,-0.028236194415922934,0.5949278343039801,-0.8238407073842712,0.04251625565199525,0.6583389922567792,-0.8584950431480524,0.03611105519508841,0.7136339251198848,1.0080089514658257,-0.0457219816474438,0.6590835548744255,1.082622388278882,0.0,0.0,0.0,0.0
0.0006374211353625077,-0.06190735281572002,0.7443564646610454,-0.008028224276056343,-0.6608002439367798,-0.006706937338648114,0.7504889087918629,-0.030530586825040125,0.5987579021758059,-0.8145682839943863,0.04828874782545562,0.637665822332511,-0.8338958033786161,0.050575053514109014,0.697300536695983,1.0067079266267416,-0.0539657773900058,0.6592500997807406,1.0674996225828572,0.0,0.0,0.0,0.0
-0.002523254671687739,-0.0638591778618202,0.7431096363627474,-0.007775928747471637,-0.6604799183168026,-0.006904465409618168,0.7507716968491495,-0.03304427267965061,0.6032716373778556,-0.8064942613443793,0.05287622894339124,0.6208923114474996,-0.8139745388665255,0.06004823243333128,0.685204798861564,1.004749649249911,-0.06942164210428846,0.6586622379770259,1.0526223238389454,0.0,0.0,0.0,0.0
-0.0044061471420405625,-0.06503844588229302,0.7423064508716396,-0.00749627622740355,-0.6601850701037076,-0.00712237649407447,0.7510317908104568,-0.03474084239460585,0.6063526757767589,-0.8005854634558873,0.05568529573081089,0.6108053316274983,-0.8027872565962428,0.06360463542460887,0.6782572466462582,1.0036730703566166,-0.09067014161781471,0.6564151228335304,1.0393977664373897,0.0,0.0,0.0,0.0
-0.004445048443714294,-0.06520785198355311,0.7422097466077557,-0.007383660596837977,-0.6602014918214101,-0.007085446531704296,0.7510188201372996,-0.034726398266386564,0.6063787495028484,-0.8005996549238638,0.05586543800613225,0.6106033142114261,-0.802738536691693,0.06359056417771106,0.6781194436884834,1.0035834630642027,-0.090688590188719,0.6564556285283385,1.0394119993912834,0.0,0.0,0.0,0.0
-0.004445048443714294,-0.06520785198355311,0.7422097466077557,-0.007383660596837977,-0.6602014918214101,-0.007085446531704296,0.7510188201372996,-0.034726398266386564,0.6063787495028484,-0.8005996549238638,0.05586543800613225,0.6106033142114261,-0.802738536691693,0.06359056417771106,0.6781194436884834,1.0035834630642027,-0.090688590188719,0.6564556285283385,1.0394119993912834,0.0,0.0,0.0,0.0
-0.004445048443714294,-0.06520785198355311,0.7422097466077557,-0.007383660596837977,-0.6602014918214101,-0.007085446531704296,0.7510188201372996,-0.034726398266386564,0.6063787495028484,-0.8005996549238638,0.05586543800613225,0.6106033142114261,-0.802738536691693,0.06359056417771106,0.6781194436884834,1.0035834630642027,-0.090688590188719,0.6564556285283385,1.0394119993912834,0.0,0.0,0.0,0.0
-0.003519487049644823,-0.06567838743716055,0.7423022435384112,-0.007551064923006193,-0.6603913282042797,-0.006785991997384019,0.750852998504852,-0.03415190347306638,0.6114197138013624,-0.80795769596527,0.05659100200738093,0.6172532096460935,-0.8117594625493283,0.07025665572729586,0.6791149746725357,1.0025509254100355,-0.08520159815448097,0.6602322791731335,1.0424820319802774,0.0,0.0,0.0,0.0
-0.0016926211405219231,-0.0663067760956749,0.7424523453831138,-0.0075738640154891426,-0.6606616285908964,-0.006660037278511741,0.7506160756305104,-0.03309457743893168,0.6219380114720756,-0.8232131915317047,0.05800005462770801,0.6301798150910788,-0.8307122683183132,0.07656144356261492,0.6823484744718055,1.0024821324278836,-0.08126205728296351,0.6652059243015356,1.0468094153388523,0.0,0.0,0.0,0.0
0.0009879514958496282,-0.06713953530062153,0.7426833651430665,-0.007440618583507245,-0.6610320063369044,-0.0067104160532179165,0.7502908063609031,-0.03142799708654438,0.6372596597098353,-0.8449763966456357,0.06020461243587436,0.6487788919357168,-0.8583090228069994,0.08285430026220253,0.6880044950643868,1.0027805516067925,-0.07863460026317902,0.6715994356159308,1.0521787180304571,0.0,0.0,0.0,0.0
0.004472230132163162,-0.06836368195757885,0.743313237241291,-0.007065561009140803,-0.661593739863367,-0.0070054182131399426,0.7497964559378022,-0.028609798491524303,0.6563838262587784,-0.8696107308838403,0.06372562617549334,0.6727407423273402,-0.8923547715920748,0.08962346661534389,0.6983263105522628,0.9999106131677336,-0.07709174366246627,0.6812039820222102,1.0563273006452274,0.0,0.0,0.0,0.0
0.00877588799811978,-0.0704206723344692,0.7454301551778606,-0.006058554045195716,-0.6629607288390948,-0.007933552902038054,0.7485876199072278,-0.023090746987673456,0.6778948360702023,-0.8865654166936663,0.07004286330226067,0.7025613978356611,-0.9270648448590034,0.09546567728881943,0.7227193732071849,0.983971850922814,-0.07968187847637984,0.7000937938836744,1.0517792277368343,0.0,0.0,0.0,0.0
0.011950177720870463,-0.07243060023294295,0.7467437317705292,-0.0061825558424443,-0.662148738013394,-0.007816975799689261,0.7493061588161889,-0.018601325906357005,0.6951960694515436,-0.9122510578958571,0.06287447864036086,0.6706090671137517,-0.8850187537908291,0.06770728962829195,0.7101269680329408,1.0196528645210583,-0.062090289484016764,0.7131706361084905,1.0496153287363998,0.0,0.0,0.0,0.0
0.01571289718246062,-0.07432660097787269,0.7481947429935497,-0.005998791789503451,-0.6617276974497083,-0.007984021496563647,0.7496777469858072,-0.014077674194910758,0.7152154524350921,-0.938988723750075,0.05595570129223828,0.6478081945596149,-0.8634648956379453,0.04626477931062732,0.7035215933975537,1.0474167151856055,-0.04975718377049321,0.7276520872806422,1.0465877714779523,0.0,0.0,0.0,0.0
0.019404410015406017,-0.07617072577140097,0.7497777395086804,-0.0055957434334953085,-0.6616654799717893,-0.008324119753374597,0.7497320783449644,-0.00944614388395067,0.7339221634639297,-0.96074630476415,0.05041304408527854,0.6326113346984634,-0.8553257709249201,0.03262128423329192,0.6996095626249573,1.0698311187862688,-0.040559064355941005,0.7430674602488617,1.0421021688045498,0.0,0.0,0.0,0.0
0.022748549820493815,-0.07795708206089785,0.7514049349412085,-0.005128643515756643,-0.6617325260183516,-0.008719121308255355,0.7496717534685908,-0.004817992529934904,0.7502271098921675,-0.9776389977118569,0.04603273299689401,0.6220820005117119,-0.8545772074960181,0.02396770242878775,0.6966652563038607,1.0887933740908975,-0.03219293184032081,0.7584934864599668,1.0363919988678565,0.0,0.0,0.0,0.0
0.025608278479139497,-0.07968268316427905,0.7529908160505279,-0.004672339715792141,-0.6618139138049645,-0.009112110635436934,0.749598213828917,-0.00025876335007877886,0.763615245980047,-0.9899963112719935,0.042526740466923785,0.6141721403565736,-0.8578085982267941,0.018123292314837953,0.6938536719478037,1.1055017192407255,-0.023477065207847335,0.773177999036061,1.030065946579195,0.0,0.0,0.0,0.0
0.027947635952922444,-0.08133423022431713,0.7544870350639127,-0.004253550462527471,-0.6618681470865312,-0.009481222126834924,0.7495482436826105,0.004161692392326796,0.7740447768302994,-0.9982897137347341,0.039592294832175086,0.6075663984416654,-0.8631278570242618,0.013791056584906723,0.6907733986178283,1.1207443553364929,-0.01409724506733239,0.7867056167523134,1.0235790396131532,0.0,0.0,0.0,0.0
0.029794676169080478,-0.08289307314150926,0.7558770603022247,-0.0038783763890135148,-0.6618898044351429,-0.009819432983428284,0.7495267998659404,0.00836933912450226,0.7817819872255817,-1.0031059120866503,0.0369657384585723,0.6014613416616266,-0.8694791075016008,0.010253623160897542,0.6872526101553033,1.1350570315523505,-0.004214771061011549,0.7989370537045779,1.017159642193165,0.0,0.0,0.0,0.0
0.031212000355116575,-0.08434206282037222,0.7571625190544666,-0.003545933666646557,-0.6618871745007752,-0.010125290545132481,0.7495266993758053,0.012300174182369162,0.7872495696021294,-1.0050931947077717,0.034448246519495886,0.5953893649735625,-0.8762719632221428,0.007112677283922583,0.6832446166100664,1.148808154491438,0.005825895252887859,0.8099031204058627,1.0108822047524408,0.0,0.0,0.0,0.0
0.03227560596832124,-0.08566959834481214,0.7583524629111504,-0.0032534317803274903,-0.6618710887868201,-0.010399653627651896,0.7495384741387362,0.01591074525060859,0.7909154763849559,-1.0048997334368097,0.031907011243913944,0.5890885905051685,-0.8831817658050249,0.004135222398645255,0.6787707351819773,1.1622486043667706,0.015669092856269086,0.8197176353459572,1.0047493994783485,0.0,0.0,0.0,0.0
0.03306118506033781,-0.08687049520464024,0.7594574560902975,-0.00299751514321988,-0.6618504111075006,-0.010644667552987106,0.7495543604519187,0.01918021385723802,0.793223920330743,-1.003122756028899,0.02926282807913748,0.5824144562848154,-0.8900389980991045,0.001178656650970019,0.673889665677805,1.1755418016347297,0.02502411449067938,0.828521198909495,0.9987429144041998,0.0,0.0,0.0,0.0
0.03363630417423811,-0.08794516089841255,0.7604862479797467,-0.0027746489714315773,-0.6618309165595379,-0.010863100530983685,0.7495692978343637,0.022106859616047355,0.7945584433354871,-1.0002786155176515,0.026474659048963723,0.5752882455543111,-0.8967641177019824,-0.0018443946964391985,0.6686857504792945,1.1887799156459768,0.03368980046490474,0.8364474381949619,0.9928543524705568,0.0,0.0,0.0,0.0
0.03405683820538531,-0.08889823427577291,0.7614429923662487,-0.0025816288293854755,-0.6618156172520159,-0.01105752697773683,0.7495806527993215,0.024702589811475786,0.795226701892294,-0.9967955413209009,0.023526277758915897,0.567682609625516,-0.9033193770060838,-0.00498251709740684,0.6632714536361618,1.2019851495657978,0.04156027322347152,0.8436017645992361,0.987112381972898,0.0,0.0,0.0,0.0
0.03436611366736137,-0.08973705405800654,0.7623242514518512,-0.0024160231142113485,-0.6618052163684071,-0.011229694564180163,0.7495878283295911,0.026987349971623303,0.7954591083956187,-0.9930255398005086,0.020416451668645377,0.5596508251326194,-0.9096581486437175,-0.008259044184917528,0.6578003947315658,1.2150899204148684,0.048616954896931144,0.8500418205659993,0.9816112645307807,0.0,0.0,0.0,0.0
0.034595391095603896,-0.09047002933264772,0.7631160478254269,-0.0022764074159951314,-0.6617978857976252,-0.011380180692421395,0.7495924678186658,0.02898391237154452,0.7954151990453777,-0.9892688970129447,0.017151354390149663,0.5514067852462278,-0.9156548373994268,-0.011686321603670117,0.6524860324020244,1.2278811491546213,0.054908453463122245,0.8557552644097565,0.976537366411379,0.0,0.0,0.0,0.0
0.034764568714861686,-0.09110615051305138,0.7637898461722631,-0.002162514841812698,-0.6617887110535163,-0.011508520752085125,0.7495989457048235,0.030716720687352112,0.7951884225118225,-0.9858003444372252,0.013742433985780072,0.5434459476744665,-0.9210145875004813,-0.015292912983719858,0.6476332876201847,1.239888628392705,0.06053677285534132,0.8606318361396578,0.9722083055403553,0.0,0.0,0.0,0.0
0.03488274095742539,-0.09165584406979178,0.7642999678900102,-0.002074517889957326,-0.6617715589362092,-0.011613982141885516,0.7496127103894861,0.03221456985767115,0.7948043084206629,-0.9828664572389809,0.01020984193619906,0.5366637235129991,-0.9251775894378497,-0.01914709129845312,0.6437027881069698,1.2501967213687784,0.06564508970596013,0.8644509206500839,0.9691045986439727,0.0,0.0,0.0,0.0
0.03498139621885908,-0.09211522528073995,0.7645910731831482,-0.0020136189303641876,-0.661738582200483,-0.011694180184328766,0.74964074083251,0.03346888223139224,0.7944475836314716,-0.9810073468360789,0.006488296456047757,0.5323310932472749,-0.9272025310641268,-0.02344992484712542,0.641613963683002,1.2571060698664682,0.07023581934485576,0.8669532987448972,0.9677684930918413,0.0,0.0,0.0,0.0
0.035045503814662315,-0.0925027848693004,0.7646226919638714,-0.00198040117751569,-0.6616833517713832,-0.011749917803130139,0.749688708352596,0.034531672445970364,0.7939927311703627,-0.9802182906859184,0.0025984607049790885,0.5315639777986941,-0.9259946500171521,-0.028502340899509947,0.6426930783553291,1.2578094452971094,0.07455063910566787,0.867914518026933,0.9686406583444617,0.0,0.0,0.0,0.0
0.03503451557646213,-0.0928410541740218,0.7643963290880663,-0.0019738860358366893,-0.6616033568289188,-0.011781976108509725,0.7497588192516326,0.0354600300222765,0.7931645640633387,-0.9800805965366474,-0.001372985776824747,0.5343209476644328,-0.9215611809155353,-0.03426457637480698,0.6468038810182928,1.2522470111854178,0.07884276503712204,0.8673022009965448,0.9717496473984085,0.0,0.0,0.0,0.0
0.03492846059642461,-0.09313615703158735,0.7639564629152376,-0.0019903328827446474,-0.6615026744958188,-0.011790609370153724,0.7498474723172541,0.03626322273101875,0.7918435255230375,-0.9802115327579206,-0.005363907392055403,0.5394584050048157,-0.9149825023721503,-0.040404979240874106,0.6525487402542708,1.2431376257121796,0.08310602225781641,0.8653294887552244,0.9766656158746043,0.0,0.0,0.0,0.0
0.034700304409645166,-0.09340177868661573,0.7633638953552786,-0.0020240490747992926,-0.6613886551524932,-0.011779458795429987,0.7499481278137881,0.03697271395377018,0.7898528954830666,-0.9800529952586924,-0.009296894169012497,0.5457228401441588,-0.907156914795515,-0.046716404795480684,0.6590928170083517,1.2321406606498155,0.08735813605238775,0.8622914457921711,0.982819278054699,0.0,0.0,0.0,0.0
0.03431275156945208,-0.09365876977317597,0.7626714394887455,-0.0020707562018627817,-0.6612632326292919,-0.011752346375811953,0.7500590186752468,0.037639818059681064,0.7869465396843262,-0.9789951640649877,-0.013095171567562538,0.5522103012939149,-0.8986514814213795,-0.05309834996484546,0.6659135043446004,1.2201329928209075,0.0917141197761262,0.8584152914563316,0.98973185934104,0.0,0.0,0.0,0.0
0.03371865338124546,-0.09393448594292639,0.7619187548075732,-0.0021275232925693213,-0.6611228232147528,-0.011712774611488758,0.7501832424015448,0.038333198849924595,0.7828102044992922,-0.9763986865276382,-0.016686316997367757,0.5584138018773607,-0.889759935109389,-0.059514929074682504,0.6726540885028595,1.207537982784682,0.09637841582217307,0.8538315188252631,0.9970627777355857,0.0,0.0,0.0,0.0
0.032862538936002154,-0.0942630171920109,0.7611344201370209,-0.0021926554390742678,-0.6609587161385542,-0.011663768996984002,0.7503284109744109,0.03913863929109768,0.7770662516968324,-0.971589362093891,-0.020005187887277773,0.5641112871296449,-0.8806112626411332,-0.06597153993683928,0.6790542131367587,1.1945362869151561,0.1016389035322549,0.8485900589095791,1.0045867453867536,0.0,0.0,0.0,0.0
0.031683289469273145,-0.09468532071881154,0.7603397031307063,-0.0022662121490020877,-0.6607570895099039,-0.011607390603240827,0.7505066298363263,0.04015814789841821,0.7692838255214093,-0.9638559405779601,-0.023001743509721145,0.5692391145827185,-0.871266125077081,-0.07251307941221101,0.6849110714640385,1.1811898112010302,0.10786491398109445,0.8426885430863874,1.0121530873370501,0.0,0.0,0.0,0.0
0.030119278942254607,-0.0952479865533041,0.7595516343890708,-0.002351357793879843,-0.6604987741405572,-0.011543513587332705,0.7507346986581913,0.04150469438050424,0.7590037885548152,-0.9524754011787044,-0.025653630742219893,0.5738065901565106,-0.8617822956281466,-0.07924406692773645,0.6900585119129818,1.1675180693702718,0.11549859774565675,0.8361006585856466,1.0196485256029475,0.0,0.0,0.0,0.0
0.02811793996064816,-0.09599902902871241,0.7587844707080827,-0.0024566486691181074,-0.6601590822376863,-0.011467518258982644,0.7510342515767122,0.04328819538071544,0.7457930937242144,-0.9367923190182909,-0.027979584949734893,0.577862410311137,-0.8522471332252934,-0.08637560094911527,0.6943716395278546,1.1535599844445952,0.12502533501971438,0.8288023318171093,1.0269695249635968,0.0,0.0,0.0,0.0
0.02565219585760673,-0.09697856208246447,0.7580489232561082,-0.0025993084059650223,-0.6597079754053257,-0.011366616372329573,0.7514315875811058,0.045587676549700445,0.7293507625788713,-0.9163916071127891,-0.03004716059707985,0.5815081751236889,-0.8427776006481721,-0.0943209881095476,0.6978205871594492,1.1394524753833446,0.13690852327328765,0.8207960371776037,1.0340077933937342,0.0,0.0,0.0,0.0
0.022746672993985594,-0.09820155686842968,0.7573477087401606,-0.0028098098054557827,-0.6591095653045527,-0.01121561828191052,0.7519580412492808,0.048406448863727615,0.7097021968920139,-0.8914384646695275,-0.03196480515282363,0.5849483892019631,-0.833491951905477,-0.10392730994675443,0.7006226748205019,1.125561222072332,0.15146969850816674,0.8121231274135425,1.0406600574662657,0.0,0.0,0.0,0.0
0.019511027132479403,-0.09962712814633091,0.7566647501954836,-0.0031387959075048193,-0.6583223184981852,-0.010966421848167318,0.7526497263131589,0.05158927406369031,0.6875052737049241,-0.8632503488333033,-0.033765610693269554,0.588526236969843,-0.8244136441801386,-0.11683977016236309,0.703536131344161,1.1126681108699417,0.16876956747633587,0.8028758870864975,1.0468852183352684,0.0,0.0,0.0,0.0
0.016275179568998547,-0.10105828595960657,0.7559544189382239,-0.0037030711847489905,-0.6571985856350545,-0.010484921974738765,0.7536354375387799,0.054526770429887184,0.6654191386229595,-0.8371640853994206,-0.03570969040221861,0.5922542796744226,-0.8146402092548052,-0.13689640122750066,0.7088969559030165,1.1013574420158512,0.18862548802902337,0.7931828844465978,1.0525865423595704,0.0,0.0,0.0,0.0
0.013258190312545746,-0.10241667097898359,0.7552545673122361,-0.004607043770850603,-0.6556369101295875,-0.009693571719748408,0.7550000343647243,0.05700795062512455,0.6454239272228078,-0.8169554838753321,-0.03827959021220594,0.5958326608082452,-0.8044874503594799,-0.17076399504212333,0.7176815617924321,1.0931195967813163,0.21145758134767267,0.7835083803181189,1.0572690155062487,0.0,0.0,0.0,0.0
0.010655665033702933,-0.10359756550197775,0.7545783081915728,-0.005925786236889337,-0.6535741765358971,-0.008482653135937124,0.7567917318646352,0.05866504649300032,0.6294935421886392,-0.8064188057814408,-0.04140593115498892,0.5979357364818134,-0.7947734251636337,-0.22507923448787537,0.7297991547991021,1.089346472297785,0.2373480217657949,0.774206950538036,1.0606663105152005,0.0,0.0,0.0,0.0
0.008854652662645705,-0.10443549637147483,0.7536730098587097,-0.0073030346544860625,-0.6513281155654008,-0.0070387191321884274,0.7587284151735965,0.05913693462847912,0.6199695838908671,-0.8083587386862469,-0.04480160569601173,0.5969005574177767,-0.7881033714392457,-0.28861894576039004,0.7396147542607607,1.0924229489582082,0.26019471753488,0.7642204888916798,1.0653181957732791,0.0,0.0,0.0,0.0
0.008873132584538581,-0.10449238925169073,0.7536431352466301,-0.007387752640747676,-0.6513333060300628,-0.006963201937959527,0.7587238360468445,0.05916671612174914,0.6198210696845647,-0.808331747051112,-0.04484492343989466,0.5969198865341191,-0.7881026934477148,-0.288620313160878,0.7396348360787138,1.0924308052575744,0.26021845586065984,0.7640917206212589,1.0652287950791486,0.0,0.0,0.0,0.0
0.008873132584538581,-0.10449238925169073,0.7536431352466301,-0.0073877526407476815,-0.6513333060300631,-0.006963201937959531,0.7587238360468442,0.05916671612174914,0.6198210696845647,-0.808331747051112,-0.04484492343989466,0.5969198865341191,-0.7881026934477148,-0.288620313160878,0.7396348360787138,1.0924308052575744,0.26021845586065984,0.7640917206212589,1.0652287950791486,0.0,0.0,0.0,0.0
0.009003127738363615,-0.10484260263056625,0.7539856189887162,-0.007284773625463671,-0.6522958845298799,-0.007179906380358309,0.7578954149768796,0.06025562189019593,0.6181194750453336,-0.7993177101668433,-0.04363178252029131,0.5972068920524329,-0.783318036044747,-0.2935944208361868,0.7470223992564934,1.0908378454293413,0.2648003723232318,0.7703793402812115,1.0647764661296535,0.0,0.0,0.0,0.0
0.009491621114640424,-0.10539480514296976,0.7541805599190853,-0.00711953508921715,-0.6528849834994135,-0.0074303438626703655,0.7573871536613005,0.06190238188770615,0.618720280266448,-0.7961169981590237,-0.04201586108623399,0.601068043382539,-0.7867726092657987,-0.29688767426888163,0.7527805930588495,1.0898111304890783,0.2706376733862294,0.775420578508675,1.0660039836652593,0.0,0.0,0.0,0.0
0.010533235786330744,-0.10613581081274653,0.754223398547176,-0.006865218865916092,-0.653235995936068,-0.00773125186678498,0.7570837669161246,0.06409205118780396,0.6227609933097916,-0.7999036232581774,-0.04003128599231276,0.6095287235309242,-0.7995616552387987,-0.30031973338072765,0.7582354990358967,1.090006422712432,0.27815832832544024,0.780213280682312,1.069343290925509,0.0,0.0,0.0,0.0
0.012238954351843113,-0.10705537695164224,0.7542002406021645,-0.006499579207659203,-0.6535540990888941,-0.008116489685112065,0.7568083757658994,0.0668514489537616,0.6305946120824805,-0.8098660446611692,-0.03764373997451274,0.6227588973630505,-0.8206830081216637,-0.3062644452854056,0.7655002255818236,1.0912557596939774,0.2881856047716547,0.7864644890020283,1.0744227073374342,0.0,0.0,0.0,0.0
0.014677080119261015,-0.10816640534990919,0.7543427271382429,-0.006033861065313685,-0.6545100385007666,-0.008721578643414865,0.7559789256906148,0.07045933189022179,0.641413903680748,-0.8205183899070401,-0.034497323559752886,0.6398532135842663,-0.8447700707624891,-0.3209327472839427,0.780376744104941,1.0928820908782488,0.30431656505405014,0.7990715777049845,1.080340412602563,0.0,0.0,0.0,0.0
0.017304906135161086,-0.11019728888778936,0.755271423520728,-0.008151009517733607,-0.6554613712251481,-0.0063810278121323874,0.7551577546179017,0.06729625825351551,0.6299208477319661,-0.8110323347025254,-0.03249721733896951,0.6590425728044262,-0.8619265554736156,-0.2626936817502714,0.7785896261004439,1.083290268148798,0.2292549918577649,0.7736754592267475,1.085721363682953,0.0,0.0,0.0,0.0
0.020290072055730763,-0.11217387392585469,0.7562119112651831,-0.009586732834117696,-0.6565914674202846,-0.004888514889938656,0.7541696373407082,0.0632987865079915,0.6206991067394643,-0.811313167255328,-0.029521803200367642,0.6801802795371119,-0.8831402581781808,-0.22106458487111225,0.7827890931100339,1.0741679997666447,0.16889865698542383,0.7524439188337935,1.093544374579055,0.0,0.0,0.0,0.0
0.023370115745116545,-0.11402314485653223,0.7570427460184087,-0.010281595087115672,-0.6575058276857719,-0.004206956642040456,0.7533675576221242,0.060095985723102256,0.6130299455367691,-0.8162851613802589,-0.02590947197255414,0.7019128131536204,-0.9084575011470131,-0.19413987560172452,0.7901879327217829,1.0660697945843929,0.13099817472954906,0.738695477005064,1.1034155882816576,0.0,0.0,0.0,0.0
0.026157890932105615,-0.11559235046456756,0.7578146226172464,-0.01060868679080666,-0.6582749846283128,-0.003926265417650397,0.7526925566371965,0.05733238705794663,0.6066757203015045,-0.8236483985875263,-0.022464467440974537,0.72118228017293,-0.931466635493007,-0.17602359186398334,0.798708887171711,1.0586055954127835,0.10694413757393167,0.7294007763036983,1.1150684155829118,0.0,0.0,0.0,0.0
0.028542928873657235,-0.11685764042090688,0.7585727168644454,-0.010778587111109392,-0.6588992575663349,-0.0038047681101452896,0.7521443439779686,0.054952165041402934,0.601249841469332,-0.8320928192567321,-0.0195361676929513,0.7373651283231506,-0.9505255484750476,-0.1628731833938065,0.8071148173062138,1.0513374176631014,0.0909641961063155,0.7224556433303654,1.1277265784670154,0.0,0.0,0.0,0.0
0.03050004793651109,-0.11783548021250208,0.7593445819751459,-0.010895133284692465,-0.6594022408249084,-0.003731574451134949,0.7517021060353056,0.052737208347211656,0.596381326935759,-0.8409449516518286,-0.017222741813544044,0.7504516043839409,-0.96523589573616,-0.15273799991184753,0.8149379804523192,1.0440349906123727,0.07950333928853005,0.7165246388591067,1.1408283869936273,0.0,0.0,0.0,0.0
0.032050736136305796,-0.11856931959091283,0.7601402315276408,-0.011002567717395929,-0.6598102415318822,-0.0036640425421672744,0.7513427736163518,0.0504190778161171,0.5917273376980402,-0.8498782954389378,-0.015475205715585279,0.7607299561246486,-0.9758625619055347,-0.14454157084917338,0.822046604557071,1.0365993558123052,0.07050325996849396,0.7108372093654625,1.154027343321159,0.0,0.0,0.0,0.0
0.03324203472596147,-0.11911357031576915,0.7609578023550562,-0.011113234814501311,-0.6601480736316434,-0.0035939451252291477,0.7510446727397946,0.04780372796302169,0.5870236616737576,-0.8587437779125751,-0.014174780542497822,0.7686168788766298,-0.9829787648869802,-0.1377036940345762,0.8284861896636695,1.0290153021209556,0.06279255434623182,0.7049957527968367,1.1671452019160231,0.0,0.0,0.0,0.0
0.034133276322066926,-0.11952313551596604,0.7617863659801953,-0.011231558052393899,-0.6604277730521073,-0.003514900857068146,0.7507973455980749,0.04483613437215497,0.5820559893977807,-0.8674828311950878,-0.013201067945391151,0.7745777509884879,-0.9873128546863702,-0.13162147650272707,0.8342349896146053,1.0213127956275756,0.05580249625928716,0.6988035906808535,1.180116919685117,0.0,0.0,0.0,0.0
0.03478547342149658,-0.1198438264859883,0.762612952876125,-0.011351315730680659,-0.66066295768119,-0.003432195277484628,0.7505889847411178,0.04156608291727163,0.5767080793578523,-0.8760873368691198,-0.012440599986499259,0.7790469900473653,-0.9895570008410658,-0.12604813690617245,0.8393820172456306,1.0135656786662446,0.049245343378056035,0.6922176240457092,1.1929400949951534,0.0,0.0,0.0,0.0
0.03525032100626022,-0.12011399896830371,0.763423272651014,-0.011464508218798727,-0.6608662930469122,-0.00335504281798412,0.7504085896719354,0.038045823262132274,0.5709075345133523,-0.8845627491953307,-0.011790630968543294,0.7823820634241652,-0.9902922373157718,-0.12086235496109211,0.8440223573527139,1.00586723646893,0.042925865386590656,0.6852604504295237,1.2056207244282413,0.0,0.0,0.0,0.0
0.035568265000868,-0.12036483164397282,0.7642013937712537,-0.011565322685211462,-0.6610461270631585,-0.0032900373502232133,0.7502489166004971,0.03431948503221555,0.5646174040263617,-0.89290771259343,-0.011168475290685589,0.7848626365727454,-0.9899947825938894,-0.11592705318243275,0.848187914919536,0.9983261984174059,0.03672628872457767,0.6779969507063198,1.2181399337188301,0.0,0.0,0.0,0.0
0.03576981622914178,-0.12062008141648829,0.7649283286402785,-0.011649753000743975,-0.6612070593571063,-0.003241185603932775,0.7501059942616313,0.030434178897169355,0.5578824100491492,-0.9010796205881837,-0.010513027817058474,0.7866990648511157,-0.989055095935694,-0.11111241077973738,0.8518499358506976,0.9910867312469245,0.03059208783471335,0.670542067906181,1.2304157197727867,0.0,0.0,0.0,0.0
0.035876981926180086,-0.12089597692603317,0.7655805313677208,-0.011710438761324125,-0.6613559283276815,-0.0032179063657756767,0.7499738973914152,0.02644313880151554,0.5509408848953875,-0.9089336159559438,-0.00977472296245471,0.7880350234299028,-0.9877795229129263,-0.10649670779374314,0.855002918306028,0.9843629824934114,0.02446389754507615,0.6630884113292208,1.2422382526393196,0.0,0.0,0.0,0.0
0.03591152267676029,-0.12121061524978381,0.766123827215976,-0.01174559367677605,-0.6614870195114567,-0.0032191052021950076,0.7498577207768998,0.02242586895895573,0.544281195245039,-0.9161205060722796,-0.008915101175239562,0.7890277203553485,-0.986572039172022,-0.1018836998627544,0.8574436517257564,0.9784397882282668,0.01837907852854919,0.6559234799826078,1.2531482077732476,0.0,0.0,0.0,0.0
0.035887915845010165,-0.12158542644666202,0.7665057447457184,-0.01177008786991692,-0.6615724580246268,-0.0032186526699064417,0.7497819603656641,0.01843871546354593,0.5386718414061991,-0.9220141077809637,-0.00791977095676412,0.7898159370147638,-0.985926984713548,-0.096429065080673,0.8585573839148511,0.9737058462920488,0.012563020229406375,0.6494671291653605,1.262214556536665,0.0,0.0,0.0,0.0
0.03579175824681867,-0.12201582338011906,0.7666649900524838,-0.011774673346714096,-0.661621158176613,-0.003232586121933314,0.7497388548738685,0.014482818991494846,0.5353478044766794,-0.9257507192687071,-0.006779474735181415,0.7902764752291292,-0.9858943831908296,-0.09059201081099874,0.8581581298298633,0.9707868881840488,0.007093846769206947,0.6445353184792438,1.2677298834643287,0.0,0.0,0.0,0.0
0.035612087115303157,-0.1224794845290782,0.7665585164650264,-0.011706377609613315,-0.6616857414651407,-0.003333787116574373,0.7496824835411652,0.010687294006656956,0.5356446468203009,-0.926359627946252,-0.005462097370122228,0.7902342324946537,-0.986302948947674,-0.08643630036789775,0.8568339499370387,0.9703180841880339,0.0020522842982704697,0.642728044664643,1.2669678549336372,0.0,0.0,0.0,0.0
0.03532454009202863,-0.1229841407079012,0.7661806888821459,-0.011542493403038078,-0.6617867974406723,-0.0035528696737890963,0.7495948123462036,0.007088121937411598,0.5396087116810583,-0.9237930292275883,-0.003909209315466018,0.7895472104919121,-0.9869364737256712,-0.08447171366736976,0.8547629009037325,0.9723709653995382,-0.00268350765909065,0.6440821832770462,1.2599472582794993,0.0,0.0,0.0,0.0
0.034883704035944006,-0.12357839734919589,0.7655557590922816,-0.011338857254070347,-0.6618655856618371,-0.003807422643830103,0.7495271044902222,0.003590796038472525,0.545786627867313,-0.9189599711972019,-0.002098268331387328,0.788124327327242,-0.9876527913413548,-0.08205990756151273,0.850966640667743,0.976331464825661,-0.007014411524670882,0.6469354780413968,1.2494013992844553,0.0,0.0,0.0,0.0
0.034242362362991316,-0.12429248448883944,0.764733675549452,-0.01109656951696162,-0.6619217672520687,-0.004091715632963053,0.7494796181658525,0.00020511260805098144,0.5529010418582491,-0.9126717980313039,4.2100690752334014e-05,0.7857786965084801,-0.9879651508168619,-0.0786659302369544,0.8455003496912195,0.9815471611837501,-0.011053264537319026,0.6503993510265244,1.2370191471485352,0.0,0.0,0.0,0.0
0.03334656581047768,-0.12514748676287257,0.7637521072638438,-0.01080210171062162,-0.6619700940653072,-0.0044210429549737485,0.7494393661537884,-0.003034425039157429,0.5600758036154379,-0.9054901340416911,0.002584723290147547,0.7822432154167756,-0.987286131426327,-0.07438343838458147,0.8385928915207479,0.9875455882415194,-0.014864258125072806,0.6539989227372233,1.2237129282709724,0.0,0.0,0.0,0.0
0.032138188705649516,-0.12615931833395674,0.7626419621517612,-0.010423450537527306,-0.6620412414841957,-0.004835887177437656,0.7493793168003527,-0.006045435089937419,0.5669249051314673,-0.8977298491095389,0.005617996240557666,0.777194951906494,-0.9849446483324903,-0.06994514607773071,0.8306969086418372,0.993978412301399,-0.018615188035839125,0.6574921455374826,1.2099355138002175,0.0,0.0,0.0,0.0
0.03054673190661135,-0.12737092462884406,0.7614202832919537,-0.010007183308674446,-0.6620846169127339,-0.005265040205977335,0.7493437767015712,-0.008842292431580651,0.5729681855185262,-0.8894849885828685,0.009153673937118141,0.7703569637422252,-0.9805146186903385,-0.06328687768616813,0.8209638837786393,1.0002937422190044,-0.021962858661341678,0.6604954303301315,1.1958196817942504,0.0,0.0,0.0,0.0
0.028504516616969976,-0.12881779625641004,0.7601017911152445,-0.009605924894653088,-0.6620508467785402,-0.005633041492513408,0.749376188126017,-0.011428580600168617,0.5779179569187861,-0.8807904229469479,0.01317494558498011,0.7614309300038163,-0.9735226152560313,-0.052679508139913754,0.8086511660861033,1.0059616415496406,-0.024558072023929414,0.6627292044267383,1.1813541909522194,0.0,0.0,0.0,0.0
0.02596594600859598,-0.1304866174546988,0.7587059083193612,-0.009188053640271135,-0.661987404622845,-0.005990470541879244,0.7494347003266529,-0.013692197546809072,0.5820540924926539,-0.8717706218610801,0.017699020113340506,0.7500245714605106,-0.9631359117420689,-0.03996307383823597,0.7945966543677314,1.0108212923781885,-0.02673796562735001,0.6642570678303047,1.1665483573718205,0.0,0.0,0.0,0.0
0.022897065057715,-0.13236371597117774,0.7572463038737389,-0.008787259793315726,-0.661881945719162,-0.006300488684718455,0.7495301046913824,-0.01566030620558234,0.5854121254761856,-0.8625733319437837,0.022628364296989747,0.735828056399858,-0.9487296608533645,-0.025073216890160902,0.7787791269981564,1.0145813893399214,-0.028441189891516616,0.6650163145753295,1.1513450937472494,0.0,0.0,0.0,0.0
0.019298676880545408,-0.13441206241581657,0.7557493188040607,-0.008432493934806749,-0.6617357564673733,-0.006539669235266367,0.7496611997328432,-0.01741781914371843,0.5881790842068647,-0.8533980490839509,0.027823805597529543,0.7186344029104598,-0.929725763352221,-0.00856852254910092,0.7615560656465731,1.016948789878901,-0.029823075055224493,0.6650249804821642,1.1357264590612637,0.0,0.0,0.0,0.0
0.015228066527460737,-0.1365723823225072,0.7542497878650815,-0.00814813686204364,-0.6615577449343685,-0.006695545954831229,0.7498200635135053,-0.019182624791763987,0.5907223869815869,-0.8444847389413491,0.03310842730191704,0.6984749647403584,-0.9058460345253875,0.008678262930497338,0.7435464393265061,1.0177038380229015,-0.03123915547172764,0.6644345637532875,1.1197822563492859,0.0,0.0,0.0,0.0
0.010835785562660065,-0.1387681880301446,0.7527809453423274,-0.007935194891523759,-0.6613710454134178,-0.006787554213883532,0.7499862012587898,-0.02132547844434337,0.5937040843686995,-0.8360294307693809,0.03831304367326891,0.675863252418668,-0.8775655221977626,0.025415348249901944,0.7256736307713573,1.0169027509628246,-0.03350916072068027,0.6636659034546379,1.103820079623405,0.0,0.0,0.0,0.0
0.006605131061897562,-0.14102772658515317,0.751363008137662,-0.00776626636425589,-0.6610696921252152,-0.006845427855154734,0.750253082218069,-0.023688551958420057,0.5974931849962256,-0.827236462022578,0.04355297157268138,0.6538313801148825,-0.8500895231988242,0.041463399905921516,0.708663876880745,1.0147304244060646,-0.03749770178350291,0.66415194367946,1.0878429161008873,0.0,0.0,0.0,0.0
0.0027872394830080385,-0.14313453060128228,0.7501347515135923,-0.007590206035516548,-0.6607450535731193,-0.00693952000253152,0.7505399429831356,-0.02654044628108761,0.6027014564191318,-0.8190527105074488,0.04841603008807262,0.6335540085705597,-0.8244948137434926,0.05441338267112274,0.6944079522045601,1.0113984465458916,-0.04537383478817994,0.6651904756230396,1.0722902468113378,0.0,0.0,0.0,0.0
-0.0002677053591088178,-0.14484331386244118,0.7492056731970468,-0.007351138781989539,-0.6604197560090305,-0.007121935301910061,0.7508268673063957,-0.029583342048920314,0.6088997283401608,-0.8125837715657797,0.0524157653238522,0.6170209776696075,-0.8036177401341779,0.06247766802576812,0.684189741869262,1.0077135641360224,-0.059326028706249645,0.6656813136276118,1.0572375604353341,0.0,0.0,0.0,0.0
-0.002087355646494539,-0.1458466008462677,0.7485195939729804,-0.0070711681925987825,-0.6601543691682635,-0.007352903717449812,0.751060678144826,-0.031877416654638696,0.6139794225197862,-0.8093548630331102,0.054839846939371426,0.6069378188268852,-0.7918057400202144,0.06487014460329626,0.678133185814165,1.0064815171876544,-0.07819949587229788,0.6647240317247951,1.0438458212231803,0.0,0.0,0.0,0.0
-0.002126129758454829,-0.14600214864942818,0.74843229453113,-0.006959600906035768,-0.6601657836874925,-0.007323541355567842,0.7510519740640595,-0.031861321598064866,0.6140053183869564,-0.8093695175481757,0.05501041816991876,0.6067365090556418,-0.7917560550955169,0.06485513643824958,0.6780014949184423,1.0063935903710897,-0.07821645495461656,0.6647659396056145,1.0438618287275805,0.0,0.0,0.0,0.0
-0.002126129758454829,-0.14600214864942818,0.74843229453113,-0.006959600906035768,-0.6601657836874925,-0.007323541355567842,0.7510519740640595,-0.031861321598064866,0.6140053183869564,-0.8093695175481757,0.05501041816991876,0.6067365090556418,-0.7917560550955169,0.06485513643824958,0.6780014949184423,1.0063935903710897,-0.07821645495461656,0.6647659396056145,1.0438618287275805,0.0,0.0,0.0,0.0
-0.002126129758454829,-0.14600214864942818,0.74843229453113,-0.006959600906035768,-0.6601657836874925,-0.007323541355567842,0.7510519740640595,-0.031861321598064866,0.6140053183869564,-0.8093695175481757,0.05501041816991876,0.6067365090556418,-0.7917560550955169,0.06485513643824958,0.6780014949184423,1.0063935903710897,-0.07821645495461656,0.6647659396056145,1.0438618287275805,0.0,0.0,0.0,0.0
-0.0012274213396778306,-0.1464420130560364,0.7485001534944499,-0.0071490903642425566,-0.6603275429775268,-0.007023910123668226,0.7509108410316108,-0.03132979783352959,0.6189286629977542,-0.8167787661266986,0.055685472090797,0.6132363646270516,-0.8007518269561122,0.0715436150303444,0.6786864839521091,1.0055786460749512,-0.07242157927111917,0.6684740468464606,1.0468594368283635,0.0,0.0,0.0,0.0
0.0005564638418762843,-0.14697734173345353,0.7486546077706526,-0.007194626138660541,-0.6605866047698087,-0.006888292961108056,0.7506837725523999,-0.030474760842640482,0.6292784830491723,-0.8318026542511816,0.056866703576829346,0.6258129801129498,-0.8191476823921783,0.07744542281859412,0.6818435858790147,1.0056591567060327,-0.06854818311417334,0.673580905329718,1.0506113524050256,0.0,0.0,0.0,0.0
0.003178968269043696,-0.14766764166273894,0.7489007450923018,-0.007083402448793349,-0.6609595535042609,-0.006925630907523234,0.7503561352302845,-0.029131329467803925,0.644380575967263,-0.8531334013362883,0.05870551571588966,0.6439111605188921,-0.8458409823147105,0.08296166785896714,0.6875541337594657,1.0061721905342853,-0.0663237541947663,0.6801832430995925,1.0551058415229646,0.0,0.0,0.0,0.0
0.006589306596829473,-0.14873151212033192,0.7495164050629671,-0.006718155272085726,-0.6615371884053084,-0.00721978868841558,0.7498475107632445,-0.02666576778786256,0.6631721777731365,-0.877171287320564,0.06181235575751452,0.6672732705036979,-0.8789294565723964,0.08860832546087005,0.6978824206348767,1.0038620107216927,-0.06548967806125075,0.6898022208245408,1.058514615945961,0.0,0.0,0.0,0.0
0.010803632703160702,-0.15060598774370154,0.7515766828237072,-0.005693157114794892,-0.6629464851889998,-0.008161515538121193,0.7486006514836454,-0.021555747952539867,0.6842504319991771,-0.8933756392138761,0.06763335871305504,0.6963184808244549,-0.9125324856536603,0.09274881517086533,0.7222531632535886,0.9890386468622998,-0.06937286457205086,0.7084133801471543,1.0534402251312232,0.0,0.0,0.0,0.0
0.01393233951274897,-0.15245794176922217,0.7528468812854189,-0.005858477332931331,-0.6620986441204669,-0.0080485587012616,0.7493505750982054,-0.01738894752823597,0.7015235998104865,-0.9193467046735839,0.060690323642714754,0.6664414400340624,-0.8745367244920355,0.06509741335810224,0.7099535692387589,1.0235462844053649,-0.05212000090668542,0.7212303972120668,1.0508106972023954,0.0,0.0,0.0,0.0
0.017631216516069304,-0.15419067121302266,0.7542479132560976,-0.0056916482818203055,-0.6616733524020559,-0.00822112108873274,0.7497255451356216,-0.013223452518726166,0.7213477257091588,-0.9459487431419451,0.053779081696431245,0.6448922949441444,-0.8554203481918473,0.04378036523321413,0.7035309676282541,1.0505868663794475,-0.04056961884526992,0.7353821102430842,1.0473703911669427,0.0,0.0,0.0,0.0
0.021245120198029325,-0.1558819266827222,0.7557841575041855,-0.005294104441817292,-0.6616258154010967,-0.008567998180781676,0.7497665251664462,-0.008940271761233722,0.7397667336900273,-0.9673265622942777,0.04813147514514376,0.6304054261068672,-0.8486672267266775,0.03014091612063913,0.6997090670843551,1.0726286278847297,-0.032335465071102944,0.7504493421204462,1.042511109305856,0.0,0.0,0.0,0.0
0.024505760029109057,-0.15753210682519497,0.7573663716354944,-0.0048342415106636125,-0.661703888409713,-0.008966318706297284,0.7496960712857842,-0.004631393324958554,0.7557627060091903,-0.9838397606673913,0.04359744858944749,0.6202337484304922,-0.8486712329370555,0.021395494166394156,0.6967633315040547,1.0914028637583566,-0.024857626922651452,0.7654980899671516,1.0364957545954026,0.0,0.0,0.0,0.0
0.02728056613097277,-0.15914104611005633,0.7589104193117419,-0.004388706053233703,-0.6617879129715956,-0.009359387600587254,0.7496198365622537,-0.00035065156697227685,0.7688394578021264,-0.9958625178883402,0.03993442301045129,0.6124643829493397,-0.8522774618395101,0.015404549830753428,0.6938788156828353,1.108017643764126,-0.016867647230352542,0.7797947464069885,1.0299341038992451,0.0,0.0,0.0,0.0
0.029536835801495236,-0.16069553043956358,0.7603701584900237,-0.003982661250451173,-0.6618380298688459,-0.009726489731506877,0.7495731825687146,0.0038354545133480666,0.778963552757769,-1.0038562727644476,0.03686239349226529,0.6058748163718262,-0.8577475293918615,0.010910301427926974,0.6906784454334655,1.123212751424331,-0.008042463363065596,0.7929514734959872,1.0232642691825926,0.0,0.0,0.0,0.0
0.03130523376535111,-0.1621753931838249,0.7617304555065563,-0.0036203616278153742,-0.6618518561512875,-0.010061611022598704,0.7495583883023451,0.007850856897560881,0.7864083556467105,-1.0083926160274526,0.03412493635601592,0.5997222853828751,-0.8641180174466563,0.0072226020237967335,0.6870129326205209,1.1374987513508623,0.0014331476017016096,0.8048504423514774,1.0166952865608299,0.0,0.0,0.0,0.0
0.032650256627771816,-0.16356115556968784,0.7629928960918892,-0.003299278162576707,-0.6618398249616095,-0.010364784842182485,0.749566362701507,0.011627877122445115,0.7916030253995138,-1.0101136255051817,0.03152394118280207,0.5935744623080988,-0.8708556279327114,0.003948862523103368,0.6828536676749235,1.151232268945652,0.011169262728645084,0.8155258178873076,1.010288119890502,0.0,0.0,0.0,0.0
0.033649103630998024,-0.16483858029626877,0.7641656091439366,-0.0030154383345402293,-0.6618138683615298,-0.010638364758236447,0.7495866434050629,0.015118592048328081,0.7950209309304445,-1.0096688713878834,0.02892478786644819,0.5871895406526215,-0.8776728647596298,0.0008492375913310025,0.6782344585583195,1.1646599220157432,0.020758220095680915,0.8250826808702004,1.0040377047351248,0.0,0.0,0.0,0.0
0.03437813197393704,-0.16600004868486623,0.7652582419044647,-0.0027655612294669642,-0.6617839049703171,-0.010884243091817264,0.7496105309063118,0.018295729829982538,0.7971099184607711,-1.007658680841932,0.026242803414915562,0.5804371513166228,-0.884422181917155,-0.0022160303771955607,0.6732206217388282,1.1779435111137537,0.029889371449483663,0.8336621086885065,0.9979218510889051,0.0,0.0,0.0,0.0
0.03490507366282666,-0.1670439573395504,0.7662789088184311,-0.002547268234954932,-0.6617569364756293,-0.011103318797647694,0.7496318995097573,0.021150001169248273,0.798254842496778,-1.0046010481110637,0.023428856418595448,0.5732491619564716,-0.8910340733209743,-0.005320328960506717,0.6678996452212821,1.1911724523323481,0.03838065381252015,0.8414115937003149,0.9919304153336381,0.0,0.0,0.0,0.0
0.035285370893040464,-0.1679731993420662,0.7672308374557312,-0.002357972201771761,-0.6617363718034336,-0.011297438300077765,0.7496477720152175,0.023688117787434303,0.7987623605224481,-1.0009256341136366,0.02046215226575584,0.5656018218080416,-0.8974780021046217,-0.00851157472255307,0.6623855199805473,1.2043674145307859,0.04613222100341275,0.8484384981129669,0.9860925889931706,0.0,0.0,0.0,0.0
0.0355613711818805,-0.16879347027082828,0.7681093866854454,-0.0021948518873860837,-0.6617220894031787,-0.011469544354848916,0.7496582611919754,0.025927856625255284,0.7988603001456817,-0.996986632488269,0.017341777214514242,0.5575441428863411,-0.903714660683707,-0.011827651667149332,0.6568291304764865,1.217461907457577,0.053094645031201336,0.8547814011840342,0.9805034677340878,0.0,0.0,0.0,0.0
0.035763063388206326,-0.1695119932175051,0.7688994618369025,-0.0020562673159743488,-0.6617112212294483,-0.011621230497471267,0.749665911233452,0.027890801851471254,0.7987037965195836,-0.9930849023178093,0.01407537406705,0.549282301242944,-0.9096236738836208,-0.015293024955673891,0.6514378589789455,1.2302431138114647,0.05929089111144566,0.8604086929857847,0.9753519577107368,0.0,0.0,0.0,0.0
0.035909063769065434,-0.1701371256214815,0.7695719765571473,-0.0019423984052577678,-0.6616986438220536,-0.01175169033369789,0.74967528279035,0.02959962567742768,0.7983803817572284,-0.9894901701266329,0.010674924593749722,0.5413067301777597,-0.9149141426661621,-0.018935117521245146,0.6465096007675795,1.242239766471118,0.06482866024957445,0.8652068144208622,0.9709581712473886,0.0,0.0,0.0,0.0
0.036011107411655884,-0.17067711168154848,0.7700811225861762,-0.0018538069719562843,-0.6616789040585029,-0.011859361889573622,0.7496912343486626,0.03107649311122586,0.7979345539798216,-0.9864771605487082,0.007152093591085695,0.5345134152763101,-0.9190256934797465,-0.022819014595681083,0.6425160436021295,1.252537706141354,0.069844182292383,0.8689637902700305,0.9678006951951305,0.0,0.0,0.0,0.0
0.036103960828356055,-0.1711257822616761,0.7703715664907924,-0.0017915326997559983,-0.6616449848096805,-0.011941621680199178,0.7497200158448688,0.032306490443298135,0.7975733518611519,-0.9846163200207594,0.0034324296751476525,0.5301736650364829,-0.9210154792984295,-0.027147810707592354,0.6403956222581022,1.2594379883052,0.0743159467199375,0.8714262678180446,0.9664179723599033,0.0,0.0,0.0,0.0
0.0361688402044023,-0.171502992226347,0.7704027494043095,-0.0017563983245157122,-0.6615891842923479,-0.01199959795514188,0.7497684148730369,0.0333461760593738,0.7971489990886202,-0.9838749785605128,-0.000456727460619553,0.5293916446650296,-0.919792071817589,-0.03222551487417416,0.6414609866783146,1.2601258026238527,0.07850601055586905,0.8723608459986626,0.967253098485684,0.0,0.0,0.0,0.0
0.03615981630137232,-0.17183358817153593,0.7701763710075328,-0.001747599615979608,-0.6615078315346838,-0.01203400879441313,0.7498396610917553,0.03425869278907903,0.796352642145587,-0.9837881564731319,-0.004413468825213323,0.5321175783647849,-0.9153654315358666,-0.03800398573436914,0.6455532994480453,1.2545345412936333,0.08270191587440011,0.8717278893655926,0.970336554088249,0.0,0.0,0.0,0.0
0.0360576793027911,-0.17212431704972989,0.7697374836579431,-0.001761025852379131,-0.661405034450767,-0.012045742447278745,0.7499301162641895,0.035055756280819673,0.7950679983510178,-0.983974486546884,-0.008382298540879443,0.537216438474966,-0.9088146623058063,-0.044164109561400974,0.6512835590465357,1.2453864949232598,0.08689255360396858,0.8697423693930163,0.9752344712747685,0.0,0.0,0.0,0.0
0.035835856248386706,-0.1723898222136046,0.7691475898841611,-0.001790296480698378,-0.6612886389604193,-0.012038819889576462,0.7500327977069094,0.03577133374817637,0.7931187797450115,-0.9838704540587218,-0.01228481585302608,0.5434425540998137,-0.9010341640395749,-0.05049441223577972,0.6578206498334417,1.2343439587210905,0.09109533704021414,0.8667043851055894,0.9813736614257186,0.0,0.0,0.0,0.0
0.0354573425777842,-0.1726524348057555,0.7684603906390994,-0.0018305708259231618,-0.6611605074877316,-0.01201751172613851,0.7501459936311922,0.03646090775812915,0.7902582348795297,-0.9828610054363192,-0.016041764000331648,0.5498970298714004,-0.8925868980793328,-0.05689155317081363,0.6646435225763652,1.2222842507294767,0.09543350191099971,0.8628465254987392,0.9882710770328823,0.0,0.0,0.0,0.0
0.034875101777355665,-0.17294152821871006,0.7677165738154565,-0.0018783371589926544,-0.6610165650544335,-0.011985848932871154,0.750273224897779,0.03719885879459896,0.7861700650416199,-0.9803005244221392,-0.019576988463866855,0.5560749904015708,-0.8837623199098336,-0.0633180770314496,0.6713953466471343,1.20962985301199,0.10012602373241175,0.8583044902023476,0.9955822532689607,0.0,0.0,0.0,0.0
0.03403362173025073,-0.17329367657676098,0.7669459087286189,-0.0019312702912070705,-0.6608472510571591,-0.011947470529928624,0.7504228400796412,0.03807796762623017,0.780473333568519,-0.9755073861147006,-0.022820834579671847,0.5617537879451617,-0.8746842462920674,-0.06977881262016013,0.67781400327285,1.1965602373088284,0.10547941166258305,0.853133009060381,1.0030779378303174,0.0,0.0,0.0,0.0
0.032871630833701725,-0.17375269450062378,0.7661708859096712,-0.00198877857681056,-0.6606375630088716,-0.011905092484373223,0.7506079694983329,0.03920813342153395,0.7727328825262796,-0.9677625929006639,-0.025718658773971212,0.5668662430822833,-0.8654061442972321,-0.07631935773939397,0.6836932017894812,1.1831368540150278,0.11188430185072448,0.8473332883530955,1.0106041516601474,0.0,0.0,0.0,0.0
0.03132729510498775,-0.17436822754581782,0.7654095459725747,-0.002053440623655439,-0.6603668361773535,-0.01185917907637266,0.7508467120060872,0.04071041260922426,0.7624846481396532,-0.9563367142540053,-0.02824465857222455,0.571414376288504,-0.8559747994705057,-0.08304667186588152,0.6888614323072859,1.1693804885061105,0.11980518986429423,0.840880030686233,1.018046367533019,0.0,0.0,0.0,0.0
0.029347854365376142,-0.1751912234346387,0.7646765636253385,-0.002133407690504871,-0.6600086149787573,-0.011805499013583833,0.7511622374151198,0.042701888984736196,0.7492906001197177,-0.9405716500882072,-0.030417257788562337,0.5754343115551239,-0.8464602487769748,-0.09017737983483716,0.693186631628869,1.1553345171275353,0.12974714869662093,0.833745305634574,1.025303801885805,0.0,0.0,0.0,0.0
0.026906096833639166,-0.17626409166309415,0.7639819319448549,-0.0022458384381450927,-0.6595308563979851,-0.011731289739323374,0.7515825852890033,0.04526627071082197,0.732845469475216,-0.9200567874947982,-0.03230946167375256,0.579006755253181,-0.8369519286847595,-0.09813949979126758,0.6966310874531808,1.1411457496299398,0.14218448709953546,0.8259191595754948,1.032277441390053,0.0,0.0,0.0,0.0
0.024026472929466174,-0.17760265995447588,0.7633257253737822,-0.0024219439763552134,-0.6588947612781507,-0.011611759898604895,0.7521416055369102,0.04840904873050212,0.7131729628782011,-0.8949773831644968,-0.03404018221908577,0.5823029076959257,-0.8275323909300776,-0.10783812119372721,0.6994097557100099,1.1271988092806706,0.15742166780207664,0.8174096273064464,1.0388819047382776,0.0,0.0,0.0,0.0
0.02081214940461544,-0.17916188114398443,0.7626872221709656,-0.002713148268475106,-0.6580605376271956,-0.011392764599190355,0.7528739420109231,0.05195151755916343,0.6908939756062227,-0.8666123884814866,-0.035567300624697304,0.5856015551168791,-0.8181482273299773,-0.12080242395061197,0.7022256713987433,1.1142969038902764,0.17550744866174908,0.8082828415200826,1.0450984525767428,0.0,0.0,0.0,0.0
0.017613778094994734,-0.18073138598272478,0.7620147053662399,-0.0032394990768713043,-0.6568728084694008,-0.010939644501564216,0.753915076993047,0.05525502866399325,0.6688286107983767,-0.8406102234862015,-0.03729065742601327,0.5888368718169442,-0.8077467270986639,-0.14114382420149424,0.7075047054107014,1.1030709902422673,0.19610296160085144,0.7986161851430377,1.050843003672794,0.0,0.0,0.0,0.0
0.014626984330198921,-0.18223261401006818,0.761333994070657,-0.004106841740452635,-0.6552267228185352,-0.010171739275559954,0.7553526403445686,0.05810464981605241,0.6488214683780164,-0.8206047659024293,-0.03971512325667587,0.5915451848037475,-0.7964778907320677,-0.17559675251384474,0.7160859343730106,1.095068868019662,0.2196049202299099,0.7887466728637993,1.0556920255619129,0.0,0.0,0.0,0.0
0.012037659036885022,-0.1835415616713743,0.7606413803597125,-0.005389865758391956,-0.6530557638968782,-0.008974473543616693,0.7572374643483946,0.06007810997958803,0.6328286957120494,-0.8104525548003676,-0.04284811038496491,0.592156054232739,-0.7848133748083662,-0.23081535752337365,0.7277576673506173,1.0917619549826192,0.24582985536223975,0.7788609506677543,1.0594408863548193,0.0,0.0,0.0,0.0
0.01022003173635938,-0.1844621268582291,0.7596569741616316,-0.006714824797892046,-0.6506879579807712,-0.007543430431281233,0.7592780710148793,0.060741225888515,0.6231420964853355,-0.8129108019793748,-0.04648973506202813,0.5887514703075217,-0.7749283759479408,-0.2949964929354119,0.7365745877679696,1.0957248833980904,0.2680254866523913,0.7676444782457242,1.064762437155754,0.0,0.0,0.0,0.0
0.010245668769983464,-0.1845332139590682,0.7596277656089483,-0.006789811602080643,-0.6506905359879184,-0.007464396258166053,0.7592759759288218,0.06078815523430149,0.6229947626207905,-0.8128857368245338,-0.04653319482841273,0.5887698984054441,-0.7749261761931014,-0.2949981028111101,0.7365936654139605,1.0957327842383873,0.26804794408357063,0.7675200352361221,1.0646737049663382,0.0,0.0,0.0,0.0
0.010245668769983464,-0.1845332139590682,0.7596277656089483,-0.006789811602080643,-0.6506905359879184,-0.007464396258166053,0.7592759759288218,0.06078815523430149,0.6229947626207905,-0.8128857368245338,-0.04653319482841273,0.5887698984054441,-0.7749261761931014,-0.2949981028111101,0.7365936654139605,1.0957327842383873,0.26804794408357063,0.7675200352361221,1.0646737049663382,0.0,0.0,0.0,0.0
0.010399012266833886,-0.18488168798858445,0.7599730497957778,-0.006709979304358916,-0.6516800318957237,-0.00766879749448187,0.7584255413362028,0.06186524235482605,0.6214383473441883,-0.8040263420748642,-0.04533341168030929,0.5890985405914153,-0.7700209890934838,-0.29996298344092437,0.7441229223313827,1.0942222035701434,0.27333192891411334,0.7741939326964435,1.0642481823573688,0.0,0.0,0.0,0.0
0.010907809709878894,-0.18541467844354878,0.7601861824593208,-0.006562444263745296,-0.6522855204260992,-0.007911341345293534,0.7579036514266547,0.06346693422658163,0.6222103609481219,-0.8009871268031641,-0.043770896272674595,0.5930275452796029,-0.7734079992581978,-0.30345575112791434,0.7501022206719724,1.093161996185642,0.2795845397316584,0.7795989279595196,1.0652909643376696,0.0,0.0,0.0,0.0
0.011968319659937905,-0.1861302932772783,0.7602521021133831,-0.006321765110804768,-0.6526486089237561,-0.008213100304255865,0.7575898451927415,0.06561446848508343,0.6264112179256571,-0.8048866144562148,-0.04184452282184334,0.6016216796572977,-0.7862692967472196,-0.3072795047120965,0.7558412109939757,1.093289877601812,0.28737191989113425,0.7847325219427957,1.068361960197491,0.0,0.0,0.0,0.0
0.013696181358792045,-0.18702894079445187,0.7602449034773158,-0.005965946513324053,-0.6529808572823966,-0.008607164896600798,0.757302003310033,0.06835779805901436,0.6343826757869663,-0.8149126310506225,-0.03949787679481427,0.6150825297220799,-0.8076711802609825,-0.31379018438070244,0.7634322902116333,1.0945368773626378,0.297762281244932,0.7913396839277882,1.0732367102696,0.0,0.0,0.0,0.0
0.016166233754305103,-0.1881340829152991,0.7603697291294352,-0.005514204756314852,-0.6539717649570522,-0.009213064759771744,0.756442756342207,0.0719743522317224,0.645312284221765,-0.8256298451633723,-0.03637545090142759,0.6324719359451586,-0.8321750955071259,-0.32913606356823133,0.7786184016342109,1.096468880367907,0.3151828760708743,0.804532862335444,1.0793134277479264,0.0,0.0,0.0,0.0
0.0188244102278516,-0.19021418890933395,0.761365089317309,-0.007770106816840445,-0.6550095045768222,-0.006724438098757341,0.7555507635403043,0.06887614824249323,0.6328815163264533,-0.8142784966319492,-0.03443242820880451,0.6518897262541529,-0.8487128414342736,-0.26831370486972095,0.7768832336155866,1.0863719510122571,0.23764069322453582,0.7784077373711249,1.084929584171878,0.0,0.0,0.0,0.0
0.021861389258026658,-0.19223106264839904,0.7623438971699642,-0.009312420701670255,-0.6562446441714035,-0.005123584826132472,0.7544733227195992,0.06495339369731129,0.6232182244413689,-0.8135292965665778,-0.031485559114197294,0.6733802785212615,-0.8696418547642148,-0.22484523420045546,0.7812567120694178,1.0770095021067387,0.17495085661301682,0.756699447420505,1.0929979615615317,0.0,0.0,0.0,0.0
0.025018890906215247,-0.19411860400239397,0.763197677179927,-0.010067441569225863,-0.6572421047277234,-0.0043821522808687756,0.7535995349883847,0.061856964476266214,0.6153479109128097,-0.8178657298177823,-0.027861805203892066,0.6957024397135065,-0.8953398601444086,-0.19675485071203297,0.7889058644238136,1.0687816044341882,0.13568678757829766,0.7428625918096644,1.1030162093311833,0.0,0.0,0.0,0.0
0.027883492918154385,-0.19571608856014153,0.7639834459418461,-0.010428141472387915,-0.6580731746722769,-0.0040691301438905555,0.7528707676766677,0.05916618051323427,0.6089289789305237,-0.8248807671149911,-0.024401111487744286,0.715537396753847,-0.9188742736243732,-0.17791702331563997,0.797681497471846,1.061249737625654,0.11083505826590473,0.7336320581619595,1.1147800108757393,0.0,0.0,0.0,0.0
0.030340281209257185,-0.19700169632885944,0.7647495238513402,-0.010616888094363952,-0.6587402125088966,-0.003929873343378205,0.7522852984117332,0.05684941596303027,0.6035089149664795,-0.8331592368234789,-0.02145996880933144,0.7322232350236842,-0.9384883476209017,-0.16431742129609553,0.8063130952250877,1.0539523622084621,0.09440364893998199,0.7268246228096218,1.1275309765126917,0.0,0.0,0.0,0.0
0.03236338945849261,-0.19799474273766815,0.7655250887955177,-0.010744065965172613,-0.6592706975219049,-0.0038460141699972468,0.751819074385933,0.05470864980473392,0.5986824626042219,-0.841961840418734,-0.01913701702193448,0.745749927709831,-0.9537453303518627,-0.15388737818079332,0.814317156359714,1.0466481499858904,0.0827067528144736,0.7210666372593011,1.1407224200960486,0.0,0.0,0.0,0.0
0.03397308338422554,-0.19874179729272776,0.7663216676769408,-0.01085676450361142,-0.6596965944985289,-0.003773489450765958,0.7514441394068633,0.05245965861333766,0.5940882190923048,-0.8509149753997418,-0.01737533185682358,0.7564062882764905,-0.9648790742973952,-0.145505239902017,0.8215758125039117,1.0392278016361014,0.07356874485605021,0.715564741690516,1.1540102970134773,0.0,0.0,0.0,0.0
0.03521690795438994,-0.1992988112332059,0.7671381652010194,-0.010969520983934224,-0.6600452819903482,-0.0037010648473030897,0.7511366037217604,0.04990989345657614,0.589449593041187,-0.8598442083870903,-0.016056555353488065,0.7646203144619487,-0.9724629528399865,-0.1385265745309487,0.828127975682712,1.0316690388499157,0.06579226866913872,0.709911864657734,1.1672203714459366,0.0,0.0,0.0,0.0
0.03615458684008012,-0.1997214749727267,0.7679644462229581,-0.01108833030882359,-0.6603308708815954,-0.003620575012756032,0.75088419967948,0.04700046488177909,0.5845431938117491,-0.8686710351442033,-0.015060853561473644,0.7708659350353331,-0.977224592318214,-0.13230340968280896,0.8339496852655893,1.023994829675034,0.05878805298926469,0.7039037259539465,1.1802878144334679,0.0,0.0,0.0,0.0
0.036847669759254964,-0.20005531616033043,0.7687884228191972,-0.011207011242869856,-0.6605699935098805,-0.003538287833388833,0.7506724765785453,0.04377605024421209,0.5792534764826669,-0.8773742258069964,-0.014274117893192346,0.7755820987383908,-0.9798493270751083,-0.12661609356605502,0.839155892936939,1.0162771850687198,0.05223876321939024,0.6974955742795921,1.1932096266311225,0.0,0.0,0.0,0.0
0.037349768715010376,-0.20033775576053203,0.7695957528411854,-0.01131903184075774,-0.6607747464968031,-0.003460474728421619,0.7504909320071278,0.040305999044962425,0.5735041694605387,-0.8859552156027288,-0.013601028978357604,0.7791391641765186,-0.9809359230892731,-0.1213010022325751,0.8438273946287163,1.0086102143491975,0.045977962571356626,0.6907113788853984,1.2059958096680368,0.0,0.0,0.0,0.0
0.03770194142630453,-0.20059935741168222,0.7703709302263304,-0.011417817963707952,-0.6609556461902083,-0.0033955700895224733,0.7503304187529644,0.03663199913922759,0.5672629182987226,-0.8944062716237365,-0.012958018636617925,0.781819460305473,-0.9809573907758058,-0.1162717275504349,0.8480246263078337,1.0011050529840733,0.0398626732675043,0.6836187739417875,1.2186271500005386,0.0,0.0,0.0,0.0
0.037935346458378934,-0.20086368301568935,0.7710952467820575,-0.011498542522006184,-0.6611185062139674,-0.003348824930664372,0.7501859033818654,0.0328032793699554,0.560578752550569,-0.9026802172369712,-0.012283189343961358,0.7838377008118785,-0.9803074551411631,-0.11143235810978755,0.8517378354571237,0.99390654031027,0.033829083708820464,0.6763383291390875,1.2310225888451192,0.0,0.0,0.0,0.0
0.03807240533933333,-0.20114808218412883,0.7717451749512284,-0.011554923628623644,-0.6612682010258165,-0.003327546085413938,0.7500531831070822,0.028877088869465495,0.5536819336560099,-0.9106254424041831,-0.011527504196733391,0.7853463015171397,-0.9793107662206685,-0.10679787514431627,0.8549359596138896,0.9872198482024372,0.027834953734386658,0.6690640224876404,1.2429693835164202,0.0,0.0,0.0,0.0
0.03812659697059102,-0.20146738521236096,0.7722879247248032,-0.011584406402815276,-0.6614032505221702,-0.0033337027127737376,0.749933615830911,0.024905316641253037,0.5470706553384139,-0.9178946551117506,-0.010654931720730648,0.7864457312458295,-0.9782656393380009,-0.10226305671481895,0.8574494158492857,0.9813270719386152,0.02187179302389028,0.6620672443478751,1.2539987167919637,0.0,0.0,0.0,0.0
0.038109408159459054,-0.20184418514471533,0.7726708999937036,-0.011607536890318152,-0.6614912017681002,-0.0033340096975175747,0.749855679081029,0.020927417871339664,0.5414861185318355,-0.9238499824127882,-0.009656244575387399,0.7872662529288915,-0.977658359142524,-0.09677148108282456,0.8585710562183282,0.976596546676365,0.01618498288232663,0.6557372249592327,1.2631675873079555,0.0,0.0,0.0,0.0
0.03800888018027131,-0.20227510511640928,0.7728323132945778,-0.011618098550653221,-0.6615378984900071,-0.003340492474450996,0.7498142901795886,0.01694619789124905,0.538151402939582,-0.9276181372815673,-0.00852415826158203,0.7877047109385404,-0.9775761375007365,-0.09068118303448716,0.8580754831219721,0.9736465951228082,0.010861369828787137,0.6508711335188416,1.2687626296423808,0.0,0.0,0.0,0.0
0.03782266336357853,-0.2027372997334195,0.7727293778227656,-0.0115563163161925,-0.6616006554262047,-0.0034342583488563448,0.7497594481981603,0.013123041703974487,0.5384369792749898,-0.9282241025434843,-0.007219742956569658,0.7876309653637662,-0.9779130029524468,-0.08631465660380666,0.8566750883909477,0.9731324953778312,0.0059558609325244,0.6490989632463694,1.2680570220957217,0.0,0.0,0.0,0.0
0.03752719302527303,-0.2032353866413875,0.7723555979363697,-0.011395236041728655,-0.6617054999874659,-0.0036524299220700813,0.749668353098592,0.009491513260778232,0.5424115555347442,-0.9256322489879533,-0.005684324453763744,0.7868945220993325,-0.9784320936073977,-0.08437117351920057,0.8546241282892041,0.9751592375570604,0.0013086009729154462,0.650467551645026,1.261074704638078,0.0,0.0,0.0,0.0
0.03707840606088444,-0.2038163096708084,0.7717364268933943,-0.011184780446958836,-0.6617998040696272,-0.003921207815233642,0.7495869156735769,0.005966849112680678,0.5486531665663364,-0.9207620371840121,-0.00388819218125011,0.7854027439437364,-0.9789741874982635,-0.08240246813005146,0.8510345956844807,0.9791282612180827,-0.0030169192379922057,0.6533397583480341,1.2505610729815564,0.0,0.0,0.0,0.0
0.03642737788288467,-0.20451920682929525,0.7709185534049533,-0.01094764048719874,-0.661860207251436,-0.004203537832941504,0.7495355531891308,0.002527651821887644,0.5557677262511893,-0.9144173520472788,-0.0017768594836761065,0.7829964103174422,-0.9791439808870375,-0.07901950024537482,0.8455792291846791,0.9843259061928131,-0.0069855097579626605,0.6567601680651357,1.2382001640130769,0.0,0.0,0.0,0.0
0.035521789745649415,-0.20536526792595433,0.7699394097920238,-0.01066677133094105,-0.6619042124162191,-0.004518892905456151,0.7494989080592094,-0.0007825284186882601,0.5628944776713974,-0.9071706240675729,0.0007271460459223104,0.779413116175851,-0.9783599821467105,-0.07443882085133799,0.8385385461059647,0.9902926188466749,-0.01067435097131763,0.6602760751467697,1.2249117945791719,0.0,0.0,0.0,0.0
0.03430753377004488,-0.2063632601501588,0.7688305031171294,-0.010287338689655576,-0.661984811783897,-0.004939042382277523,0.7494303740111344,-0.0038482081558495924,0.5697610385904642,-0.8993676087854334,0.003732313322206828,0.7743145373690283,-0.9758921936912147,-0.07022382238614686,0.8307283626145469,0.9967656595736895,-0.014383513858529911,0.6637302219590118,1.211170682869284,0.0,0.0,0.0,0.0
0.032715855339197734,-0.2075563310276691,0.7676110060049706,-0.009846636840222123,-0.6620583764437817,-0.005404713663919815,0.7493680931249819,-0.0066671269992956235,0.5759307055021895,-0.8911055592289653,0.007266277852398719,0.767427628890801,-0.9713045234589639,-0.06450465436865555,0.8214050830839694,1.0032007370401692,-0.017838230576246415,0.666755602440549,1.1971173310110792,0.0,0.0,0.0,0.0
0.03067213754730223,-0.2090035957896171,0.7662900283592938,-0.009454800379145053,-0.6620157324176715,-0.005758119933185457,0.7494081803904461,-0.009322305190326112,0.580821342775445,-0.882375517223566,0.01126848440986419,0.758516530213744,-0.9643393947250017,-0.05341517505351892,0.8088675443083458,1.0088732008715315,-0.02027328469554477,0.6688988693019309,1.1826953549478199,0.0,0.0,0.0,0.0
0.028138031983594613,-0.21067790251996724,0.7648935246179677,-0.009030598033611125,-0.6619539550921422,-0.006118823010493521,0.7494651223652717,-0.011614861524154356,0.5849794980873717,-0.8733473360281067,0.015807154920989858,0.747154537290608,-0.9540093387866995,-0.04060538485943688,0.79478128812161,1.0137493929732293,-0.022393236857863767,0.6703798703919014,1.1679559732738285,0.0,0.0,0.0,0.0
0.025078016190763053,-0.21257125670980442,0.7634312772063964,-0.008621630503025139,-0.6618443468261334,-0.006429116277418808,0.7495641363656945,-0.013588476825530847,0.588367123454347,-0.8641796180161296,0.020772478625059855,0.7330457237693908,-0.939757817430449,-0.025472373337472178,0.7788643628213364,1.0175143078586952,-0.02400724014234831,0.6711024888440549,1.152831685217158,0.0,0.0,0.0,0.0
0.021491721465931035,-0.2146480461405097,0.7619297331639674,-0.008259584816225267,-0.6616846786074078,-0.006661269487356188,0.7497071380503801,-0.015318406931565122,0.591167873624907,-0.8550927470639637,0.026023259444601446,0.7159803761301702,-0.9210121109776024,-0.008535984429792757,0.7614485362571646,1.0198567069668614,-0.02525284252096041,0.6710792274717073,1.1373006778847998,0.0,0.0,0.0,0.0
0.017434037232866104,-0.21684473804847462,0.760423332316809,-0.007965041501388413,-0.6614882005137253,-0.006808433966941104,0.7498823667228831,-0.017012461940208928,0.5937822267727668,-0.8463734818323374,0.03137896293874953,0.6959608145852396,-0.8974442876636235,0.009131633599217013,0.7432253736876101,1.0205799300515173,-0.0264997478286527,0.6704675406717324,1.1214565867431658,0.0,0.0,0.0,0.0
0.013049399493781977,-0.21907793280293575,0.7589466253826427,-0.007738780105452198,-0.6612828510363299,-0.006891202248412747,0.7500650728698903,-0.019063841709881135,0.5969073299331286,-0.8382883875149577,0.03665415802916707,0.6734441675282378,-0.8694160577508668,0.026191008789195506,0.7251538066465283,1.0197478816963492,-0.028516019165537525,0.6696702082804386,1.105629697679333,0.0,0.0,0.0,0.0
0.008823484777405514,-0.22137374281563674,0.7575183263509065,-0.007551830947227986,-0.6609697411106975,-0.006946167288641264,0.7503424031369946,-0.021348172548279514,0.6009406412841272,-0.8299882962834414,0.04196791174804469,0.651480388412522,-0.8421444667371246,0.04240640325274149,0.708005535349212,1.0175794071690392,-0.03203758447328922,0.670237395190056,1.089813370532092,0.0,0.0,0.0,0.0
0.005006973006229496,-0.22350847902890458,0.7562795731469281,-0.007347939254823181,-0.660647159721889,-0.007052317078479328,0.7506274728278552,-0.024169025114857624,0.6065942089960953,-0.8225216261927664,0.046901917461886156,0.6312139803179101,-0.8166286417300563,0.055249481835569894,0.6937392868813995,1.0143125488730338,-0.039058804300769,0.6715365986685469,1.074497075372155,0.0,0.0,0.0,0.0
0.0019515970846605236,-0.22523285728488085,0.755348160622641,-0.007071344918478092,-0.6603430264661553,-0.007266665232146864,0.7508956512425454,-0.027271199826778714,0.6135536362445952,-0.8171149542990337,0.05096913378896961,0.614632407068689,-0.795644635671448,0.06293610043515177,0.6836993624361039,1.0107157251410135,-0.05153708515094314,0.6725699649024893,1.0597916094501263,0.0,0.0,0.0,0.0
0.0001354902260801913,-0.22624192851307837,0.7546825275559144,-0.006758869946267501,-0.6601115250108237,-0.0075391809710372935,0.7510993629175969,-0.029729762747321333,0.6198032676445138,-0.81547156822657,0.05345745141223999,0.6045085075315243,-0.7835934243484451,0.064903215035691,0.6780113201001021,1.009433525276652,-0.06846793810516089,0.6724116225374818,1.0467950851825887,0.0,0.0,0.0,0.0
9.596238863618493e-05,-0.22639908010919596,0.7545951171861442,-0.006644680493751686,-0.6601230083006882,-0.00751103906265509,0.7510905713862908,-0.029713429185972407,0.6198298309156983,-0.8154868855311729,0.05363077620327126,0.6043057806170623,-0.7835444668315897,0.0648878675185564,0.6778783752958363,1.0093458300220657,-0.06848385721490668,0.6724544747593505,1.0468113580466132,0.0,0.0,0.0,0.0
9.596238863618493e-05,-0.22639908010919596,0.7545951171861442,-0.006644680493751686,-0.6601230083006882,-0.00751103906265509,0.7510905713862908,-0.029713429185972407,0.6198298309156983,-0.8154868855311729,0.05363077620327126,0.6043057806170623,-0.7835444668315897,0.0648878675185564,0.6778783752958363,1.0093458300220657,-0.06848385721490668,0.6724544747593505,1.0468113580466132,0.0,0.0,0.0,0.0
9.596238863618493e-05,-0.22639908010919596,0.7545951171861442,-0.006644680493751686,-0.6601230083006882,-0.00751103906265509,0.7510905713862908,-0.029713429185972407,0.6198298309156983,-0.8154868855311729,0.05363077620327126,0.6043057806170623,-0.7835444668315897,0.0648878675185564,0.6778783752958363,1.0093458300220657,-0.06848385721490668,0.6724544747593505,1.0468113580466132,0.0,0.0,0.0,0.0
0.0009706126750827998,-0.22681496255968556,0.7546468942694199,-0.0068547074338993225,-0.6602574192289227,-0.007209709662206901,0.7509734838366431,-0.029215609786988037,0.6246587668532971,-0.8229504716871571,0.05426175063409969,0.6106635287051244,-0.7924801423764667,0.07158550663040199,0.6783259405138743,1.0086359812938586,-0.06238530878885395,0.6761251232726249,1.0497129204229165,0.0,0.0,0.0,0.0
0.002717959655475293,-0.22728535989331944,0.7547945433334062,-0.006916678235685263,-0.6605056542381934,-0.007069019074115709,0.75075593187859,-0.028497542809799423,0.6348525663021614,-0.8378008368527659,0.055283630308634035,0.6229490057992724,-0.8104611484966885,0.07717104572799433,0.6813756057758862,1.0088826595253018,-0.058528028633633745,0.681270577449001,1.05311600830849,0.0,0.0,0.0,0.0
0.005292715010913566,-0.22786988869796157,0.7550491970007955,-0.0068208608825438355,-0.6608816216363261,-0.007097539559458492,0.750425601223974,-0.027394147154867685,0.6497694177293258,-0.8587788891077772,0.05684752249311493,0.6406310340046232,-0.8364140929390267,0.08206634722335,0.687127843913778,1.009571444714439,-0.05661861715754315,0.6880130597016922,1.0569636903898758,0.0,0.0,0.0,0.0
0.008643052186359638,-0.22881335315878448,0.7556490505517143,-0.0064599825049936,-0.6614753147911133,-0.007393132461800507,0.7499026724451882,-0.02519372068213551,0.6682861374365212,-0.8823261908268859,0.05963986050687689,0.6634971254031086,-0.8687115578155135,0.0867962499639105,0.6974682258078259,1.0077309092177098,-0.05638126186395286,0.6976141523155438,1.0598366656959277,0.0,0.0,0.0,0.0
0.012785495864432369,-0.23054717298452918,0.757654851599344,-0.0054162903186284325,-0.6629245520190874,-0.008345987549560317,0.7486200949889732,-0.020405162335614915,0.689003984150567,-0.8979181338300312,0.06507138561869144,0.6919006905454496,-0.9014016111689237,0.08952207980535673,0.7218160322229907,0.9938807814492231,-0.06138596595630603,0.7159512108857501,1.0544227715486028,0.0,0.0,0.0,0.0
0.01587414764998675,-0.23227695991159328,0.7588783744550194,-0.005613193387967515,-0.6620436780887701,-0.008238327754000538,0.7493989527071012,-0.016484611278014937,0.7062388185176447,-0.9241595043675309,0.058299348690675046,0.663545605480796,-0.8665187877309024,0.06221034367048425,0.7097336537499052,1.0272301907842023,-0.04439258703440306,0.7284784975759581,1.0515188540988751,0.0,0.0,0.0,0.0
0.01952054944580701,-0.2338817872282606,0.7602305401083049,-0.005456680030104136,-0.661615963605877,-0.008416803400242976,0.7497757656562644,-0.012601512533306262,0.7259001433342726,-0.9506741233620105,0.051404246020533756,0.6429141831590789,-0.8492639149168173,0.04120126555716857,0.7034625400926776,1.0535527554988924,-0.03351772953560255,0.7423092343966766,1.047820372937272,0.0,0.0,0.0,0.0
0.023071992883086933,-0.23545228990405145,0.7617231403488405,-0.005060279918639356,-0.6615838036318389,-0.00877024642399977,0.7498028721716367,-0.008596613922375452,0.7440860425112966,-0.9717535244713179,0.04568620772767443,0.6289518336488572,-0.8435669299441224,0.027697132463329947,0.6997308535023855,1.0752243783510878,-0.026129749562833243,0.7570598901143927,1.042710404843251,0.0,0.0,0.0,0.0
0.026265225329068935,-0.236994550179694,0.7632645624440101,-0.004604478460017119,-0.6616733401315927,-0.009171656065125728,0.7497219954504709,-0.004543772631752335,0.7598313728175305,-0.987968729415537,0.04103878083686597,0.6190397537233597,-0.844143044995247,0.018954401621434004,0.6967948686937401,1.0938123824965202,-0.019420411750118223,0.7717777827521662,1.0364849916491345,0.0,0.0,0.0,0.0
0.028970792715048804,-0.238510938283054,0.7647712692933075,-0.0041671295739265455,-0.6617605262402438,-0.009564674130813933,0.7496426868516234,-0.00048652482545500676,0.7726524508958096,-0.9997294823109633,0.03725515044030324,0.6113634020648927,-0.848032537438814,0.012888297735503878,0.6938518113964383,1.1103338647049714,-0.012041654890146405,0.7857407273372018,1.029760724874493,0.0,0.0,0.0,0.0
0.03115866954828748,-0.23998827018561178,0.766198796682777,-0.0037715125777244033,-0.6618072896677065,-0.009929833298733141,0.7495987496295733,0.003511258767409044,0.7825226839674824,-1.0074864859728063,0.03407461636063466,0.6047711725383218,-0.8536135924109758,0.008287922121357337,0.6905468952343349,1.125481119949705,-0.0036694003687881734,0.7985821612208083,1.022963807972037,0.0,0.0,0.0,0.0
0.03286188848995436,-0.2414050928052341,0.7675329408329141,-0.0034197625119348554,-0.6618141579865999,-0.01026246616580725,0.7495898927420549,0.007372078247495776,0.789722464339042,-1.0117986085872206,0.031248578127837868,0.5985674336908362,-0.8599943143929444,0.004489380958215759,0.6867541453946104,1.1397408299477505,0.005478096256537845,0.8101979338113712,1.0162891363378912,0.0,0.0,0.0,0.0
0.03414677595429288,-0.24274006089452876,0.7687750139802979,-0.003107762137592694,-0.6617936091837129,-0.010564055594549357,0.7496052036822358,0.011025475806675681,0.7946876814472859,-1.0133042424574377,0.028580882686381783,0.5923473692477619,-0.8666860317329242,0.0011080310390191562,0.6824626757948804,1.1534588138522521,0.014963406247750239,0.8206219618172497,1.0097887483287376,0.0,0.0,0.0,0.0
0.03509177600531735,-0.2439769413563492,0.7699323474598486,-0.0028309036458314322,-0.6617589764783441,-0.010837477840457695,0.7496329715993953,0.014419157320794879,0.7978970980619219,-1.0126548735121879,0.02593467147673964,0.5858863297356214,-0.8734293519916939,-0.0020919106826115573,0.6777175431775185,1.166877052271876,0.02434431222485449,0.8299573818861443,1.0034532106881686,0.0,0.0,0.0,0.0
0.035773931136902186,-0.24510620038136025,0.7710140820007505,-0.0025863434349655554,-0.6617215023267489,-0.011083547617046417,0.7496633372109694,0.01751940312323015,0.7998021140740141,-1.0104529400393374,0.02321895658336053,0.5790666899021797,-0.8800914147294454,-0.005238314727930531,0.6725900109780358,1.1801539221824058,0.033308070010007074,0.8383542676260718,0.997256153562863,0.0,0.0,0.0,0.0
0.03626098339653311,-0.24612453375369517,0.7720276143273463,-0.0023722160740847252,-0.6616886019688771,-0.011302468630326535,0.7496898164029114,0.020311789462557885,0.8007887721088527,-1.0072199409641274,0.020379561308904916,0.571825413924948,-0.8866104545791552,-0.00840092860007291,0.6671694727298159,1.1933760455455875,0.041673575483617664,0.8459629545013457,0.9911853462517043,0.0,0.0,0.0,0.0
0.036607902442754234,-0.24703347504514261,0.7729747306538324,-0.0021855651961629045,-0.6616633705574908,-0.01149707229605758,0.7497096936120627,0.02280117089240013,0.8011624820273489,-1.0033886086330184,0.017396178140115598,0.5641386178202578,-0.8929668365598996,-0.011641816503892267,0.6615708697611569,1.2065661419365425,0.049314222392693154,0.8528749678348146,0.9852741336243568,0.0,0.0,0.0,0.0
0.03685622296083117,-0.2478376267643397,0.7738499263015303,-0.0020238340738607044,-0.6616451845850567,-0.011670483764716227,0.7497235181183427,0.025003181502368882,0.8011485672415268,-0.9993147820220913,0.014266841410208574,0.5560515847968555,-0.8991238569469716,-0.015001608105222788,0.6559407485601132,1.2196567293704605,0.0561715504803242,0.8591199880602711,0.9796191664573166,0.0,0.0,0.0,0.0
0.03703495159017193,-0.24854348761666412,0.774637769764692,-0.001886035350163065,-0.6616309985914078,-0.011823561547698909,0.7497339981392882,0.026936805104212484,0.8008982084446179,-0.9952970308026727,0.010997609105976008,0.5477683952066289,-0.9049632714945349,-0.018502597949337472,0.6504816845215474,1.2324321442955244,0.06228092382429391,0.8646678053668133,0.9744093379606481,0.0,0.0,0.0,0.0
0.037161656891236385,-0.24915899042846548,0.7753087019523743,-0.0017724841903635742,-0.6616158706385002,-0.01195541528827617,0.7497455342076663,0.028623645179618455,0.8004935313626153,-0.991598236244908,0.007602297329982322,0.5397774271174537,-0.9101996527681075,-0.022171337598606296,0.6454855343626741,1.2444231357359807,0.06775295211429326,0.8694026492888817,0.9699673688390409,0.0,0.0,0.0,0.0
0.03725479154512365,-0.24968815973019648,0.7758167347062632,-0.0016834420924233726,-0.6615948801549403,-0.012064548866634413,0.7497625138909895,0.030075110898666484,0.8000255607392658,-0.9885621857639454,0.004075582138034977,0.5329774716505465,-0.9142657983000577,-0.026081076225720323,0.6414546734663134,1.25471869826059,0.07266925445333533,0.8731160513476022,0.9667645612279766,0.0,0.0,0.0,0.0
0.037344751389616265,-0.250126345780976,0.7761062832943525,-0.0016197884791509718,-0.6615608639234862,-0.012148721215303518,0.7497913097542048,0.03128073368139963,0.7996734450554103,-0.9867175860460705,0.00035237054012605224,0.5286318465075875,-0.9162260805803716,-0.03043383751545532,0.6393126003538002,1.2616163597699193,0.07702281033525049,0.8755463971264276,0.9653437597208345,0.0,0.0,0.0,0.0
0.037410114742075395,-0.2504941764452345,0.7761368769047778,-0.001582807565514212,-0.6615047485621093,-0.012209018212779164,0.749839917731959,0.03229956144865203,0.7992748552239589,-0.9860159976135351,-0.0035375130871781774,0.5278348950480117,-0.9149887767984645,-0.035537907779546976,0.6403641168709762,1.262291785835267,0.08109528881325609,0.8764549426335048,0.9661479279231041,0.0,0.0,0.0,0.0
0.037402424015184135,-0.25081731776591454,0.775910501460683,-0.0015719846137178277,-0.6614222916157254,-0.01224568396240574,0.749912077674756,0.033196332320512396,0.7985059325857528,-0.9859723307939311,-0.0074827228005632865,0.5305327693874619,-0.9105630999136076,-0.04133369374724651,0.6444392369593828,1.2566738805636524,0.08519796389845455,0.8758022266351377,0.9692069480970587,0.0,0.0,0.0,0.0
0.0373032996075549,-0.2511030845120481,0.775472690667684,-0.001582861265866055,-0.6613178709239931,-0.0122601136973035,0.7500039051624325,0.03398484631416373,0.7972536439765006,-0.9862060022499208,-0.011435075236654255,0.535598874262958,-0.9040284944179076,-0.047514271377019995,0.6501568083040374,1.2474899154834536,0.08931682641214295,0.8738063381142744,0.9740842935341947,0.0,0.0,0.0,0.0
0.03708658632544231,-0.2513668700627101,0.7748854359321791,-0.0016084373594480869,-0.661199758962076,-0.012256725566462909,0.7501080351230361,0.034701151363183975,0.7953420429632794,-0.9861490856655324,-0.015314947011435105,0.5417934666745569,-0.8962771385175958,-0.05386438594241964,0.6566883212516326,1.2364054077923736,0.09346718855162098,0.870770462587164,0.9802044237498868,0.0,0.0,0.0,0.0
0.03671551655042653,-0.2516321698141547,0.7742030818757107,-0.0016433660474021664,-0.6610696671703944,-0.01224026659695219,0.7502228804621289,0.035404200501079036,0.7925237903415296,-0.9851826106235934,-0.019040777431724495,0.5482210203559228,-0.8878693597812765,-0.06027927091688999,0.6635137007244626,1.224298422887392,0.09777714505802935,0.8669300227960735,0.9870815063811668,0.0,0.0,0.0,0.0
0.036143116171092726,-0.25192993885322895,0.773467180738538,-0.0016836326326949288,-0.6609230465616621,-0.012215266184808907,0.7503523700081471,0.03617298997796065,0.7884807464617273,-0.9826556379547892,-0.022533330845556723,0.5543780775928041,-0.8790913738239757,-0.066720565506853,0.6702758711709482,1.2115907960516037,0.10247678695483192,0.8624244056751647,0.9943676899149727,0.0,0.0,0.0,0.0
0.03531376852499766,-0.25229874524100904,0.7727085244307982,-0.0017263949999117038,-0.6607495273676934,-0.012185894081976487,0.7505055533632624,0.037106003634793716,0.7828288717266247,-0.9778800584406273,-0.025719291719928247,0.5600412750346151,-0.8700629225136163,-0.07319307378711547,0.6767109480440372,1.198460918522457,0.10788885064080597,0.8573121296252582,1.0018301897402953,0.0,0.0,0.0,0.0
0.03416598367707413,-0.2527847386274041,0.7719506747602353,-0.001770522494924428,-0.6605330161976136,-0.012155438809928339,0.7506965066325513,0.03831968129893614,0.7751288786378313,-0.9701297424579884,-0.0285402864437806,0.565140445003728,-0.8608317767469861,-0.07974340944772297,0.6826093984875532,1.184969773583911,0.11442313362944592,0.8515974141672128,1.0093119834799846,0.0,0.0,0.0,0.0
0.03263764369419851,-0.25344010552311497,0.7712125930582518,-0.0018181140676199,-0.6602514537637805,-0.012124890894145566,0.7509445380884373,0.03994191766465426,0.7649118772494872,-0.9586690222633272,-0.030967807165025896,0.5696715846783136,-0.8514360345945707,-0.0864811424475771,0.6877946134302747,1.1711391991419198,0.1225648321120833,0.8452559723361921,1.01669705379872,0.0,0.0,0.0,0.0
0.030675706339819434,-0.25431828798559847,0.7705094067925047,-0.001877007850690494,-0.6598767186699142,-0.012090377609944991,0.7512742613508093,0.04209603609812064,0.7517348071247062,-0.9428365212752847,-0.033020303868781485,0.5736604801258794,-0.841932042010972,-0.09362838005424881,0.6921275265556271,1.1570164560787815,0.1328380578900544,0.8382569224881544,1.0238862768640002,0.0,0.0,0.0,0.0
0.02825273660775163,-0.25546372798478706,0.7698506331953452,-0.0019643767252401348,-0.6593748756692778,-0.01203915976032492,0.7517153538357927,0.04487007798409127,0.7352878962068562,-0.9222243632004204,-0.03477577482635001,0.5771707636923152,-0.832387436540417,-0.10162685591061742,0.6955624723393501,1.1427571349085313,0.14572944768905316,0.8305804295542604,1.0307875747532702,0.0,0.0,0.0,0.0
0.025392993360640166,-0.2568931582874424,0.7692342847942039,-0.0021122304436576606,-0.6587045247973615,-0.011946638551963967,0.7523039048957169,0.048271801506073374,0.7155928245386561,-0.8970340656018934,-0.03636255759114255,0.5803468544157354,-0.8228565825563183,-0.11143236963377054,0.6983110689285517,1.1287629499106362,0.16153362306286778,0.822208073782594,1.0373295738908652,0.0,0.0,0.0,0.0
0.022194388867545545,-0.25855826764581286,0.7686358280356426,-0.0023728780956616164,-0.6578270265737053,-0.011753609856812904,0.7530735855240672,0.052103727162982054,0.6932409678106196,-0.8685161013260496,-0.03767822953008471,0.5834158942148694,-0.8132245486898315,-0.12448407609150394,0.7010298310380465,1.115857878402859,0.18029040026685123,0.813183891320479,1.0435114366554734,0.0,0.0,0.0,0.0
0.019023634025810695,-0.26023820752118026,0.7679984694348172,-0.002869394274881103,-0.6565809408076455,-0.011324330531383906,0.7541650974969991,0.05570345149120014,0.6711789092188007,-0.8425661491701003,-0.039229787051986514,0.5862496835389098,-0.8023194685955942,-0.14511763479300982,0.7062133684316834,1.1047168532354446,0.20153869863484758,0.8035446226619899,1.0492587935179647,0.0,0.0,0.0,0.0
0.016058688311883108,-0.2618539415498977,0.7673375950078205,-0.003709488184949467,-0.6548580038326725,-0.010575222493177506,0.7556688422734612,0.05885225454700622,0.6511539159035806,-0.8227306062254972,-0.041545105256572866,0.5882538229618612,-0.7901568535905025,-0.1801486016972485,0.7145946897805213,1.0969461902529813,0.22565457395538346,0.7935205782036082,1.0542112623109605,0.0,0.0,0.0,0.0
0.013477672096163356,-0.26326588609526325,0.7666341255100151,-0.004967905398948525,-0.6525895375988413,-0.00938708877395351,0.7576371809097199,0.06108288184582363,0.6351104635663175,-0.8129274606924972,-0.044688668121665096,0.5876644861663628,-0.7769357448184145,-0.23624517332468808,0.7258589234837108,1.0941022041836417,0.2522360172421984,0.783154834945553,1.0582304075568807,0.0,0.0,0.0,0.0
0.011644613417457657,-0.26425349957909205,0.7655814676797459,-0.006255987427212486,-0.6501141726367117,-0.007962322276224976,0.7597690613483572,0.06190065458992191,0.6252975963437476,-0.8158806305915074,-0.0485241115909412,0.5823609302947396,-0.7644907603995994,-0.30103498738491796,0.7337875226362398,1.0989302002085364,0.27398170897688534,0.7709039289315538,1.0641400117468993,0.0,0.0,0.0,0.0
0.011676479994774717,-0.26433669874766735,0.765552589862385,-0.00632304057814493,-0.6501146291440852,-0.007880076831563665,0.7597689731226357,0.06196224692735963,0.6251508559893053,-0.8158573894550017,-0.04856781868288776,0.5823786077073185,-0.7644873204622675,-0.30103686989863826,0.7338056967583915,1.0989381466212687,0.2740031516375966,0.7707829322136331,1.0640515221052098,0.0,0.0,0.0,0.0
0.011676479994774717,-0.26433669874766735,0.765552589862385,-0.00632304057814493,-0.6501146291440852,-0.007880076831563665,0.7597689731226357,0.06196224692735963,0.6251508559893053,-0.8158573894550017,-0.04856781868288776,0.5823786077073185,-0.7644873204622675,-0.30103686989863826,0.7338056967583915,1.0989381466212687,0.2740031516375966,0.7707829322136331,1.0640515221052098,0.0,0.0,0.0,0.0
0.011842294886074018,-0.264685731103702,0.7659010942118959,-0.006258105580510035,-0.6511285910011021,-0.008074681687845132,0.7588986715043733,0.06303018951915364,0.6236539609525735,-0.8070083569586695,-0.047375657062422694,0.5827028102460171,-0.7594145711858833,-0.30603043047341016,0.7414630344872609,1.0974806801853378,0.27984550139796865,0.7777705434876865,1.063633516578898,0.0,0.0,0.0,0.0
0.01236111418925162,-0.26520666573297114,0.7661271727288798,-0.006120891061170027,-0.651747743511622,-0.008312875747393254,0.7583655514439818,0.06460271622894771,0.6245076678660023,-0.8040051052294088,-0.04584711533452149,0.5866558237379333,-0.7627122702325503,-0.30970807530445776,0.7476116540173355,1.096396015995073,0.28640894260939964,0.7834418076508906,1.0645367096355491,0.0,0.0,0.0,0.0
0.013430739741364345,-0.2659053751970784,0.7662125625567138,-0.005888035714259387,-0.6521179741806982,-0.008617024748041343,0.7580456619956224,0.06672357302562909,0.6287933884955568,-0.807926310096233,-0.04395945399773907,0.5953359418121481,-0.775613616507132,-0.31384037740234205,0.7535636321463781,1.096444408992929,0.2943790540292277,0.7888239001071761,1.067372776593993,0.0,0.0,0.0,0.0
0.015170630070234356,-0.26679418084240025,0.7662170571592685,-0.005537464846700319,-0.6524548292213569,-0.00901922110154886,0.7577537106207549,0.06946868983176055,0.6368365461108462,-0.8179707542653855,-0.041631691570449735,0.6089827918394903,-0.7972852023603447,-0.3207287957409569,0.7613594906301683,1.0976660831042364,0.3050627648738597,0.7956742885122092,1.0720820210305557,0.0,0.0,0.0,0.0
0.017662067015289114,-0.2679060477771468,0.7663271997983373,-0.005096763995718238,-0.6534679682917647,-0.009623263824975364,0.7568758353962426,0.07311322604857454,0.6478149457318401,-0.8287068451433331,-0.03850915361936505,0.6266297763047827,-0.8221871382291864,-0.33644617073224214,0.7767210070523678,1.0998084166547821,0.323697985426425,0.8093583237227704,1.0782934156204218,0.0,0.0,0.0,0.0
0.02034974768337414,-0.2700365562131888,0.7673843864927504,-0.007463456654354356,-0.6546004156874282,-0.00701769549511837,0.7559056452670216,0.07006656067092147,0.6348951457817495,-0.8161476123713123,-0.03658394343177381,0.64624561183258,-0.8380993121555587,-0.27381118950873834,0.7752764865044426,1.0892907978670014,0.24413727340632016,0.7827158117503691,1.0841992823254913,0.0,0.0,0.0,0.0
0.023432402539165998,-0.2720993899773334,0.7684009982376595,-0.009094439790552699,-0.6559364903209561,-0.0053256471695850675,0.7547425053039926,0.06621483526684394,0.6250361944284399,-0.8147589475798874,-0.033633593884033364,0.6680522126831613,-0.8587371377861892,-0.22876639704466994,0.7798859450510219,1.0796881681920156,0.17954045873384106,0.7606335635058152,1.092543023778847,0.0,0.0,0.0,0.0
0.02665842194792886,-0.274032994409119,0.769277685324624,-0.009900496384357417,-0.6570084139808594,-0.004531316157024974,0.7538046108266943,0.06323064555163958,0.6170840730155911,-0.8186800972085275,-0.02997288518046021,0.6909208685171231,-0.8847960182600194,-0.19952540196364493,0.7877527698225568,1.071299383892602,0.1391781089968231,0.7467281303543534,1.1027206683494157,0.0,0.0,0.0,0.0
0.02958971019372498,-0.2756663730921353,0.7700774127976749,-0.010289822730426577,-0.6578936950546882,-0.004189020971045915,0.7530288557942315,0.060620618910266565,0.6106559638192008,-0.8254644688777145,-0.02647474130279088,0.7112724977159783,-0.9088143001045622,-0.17991143433561457,0.7967276330897237,1.0636633639095627,0.11368069904263367,0.7375486612554493,1.1145956912797237,0.0,0.0,0.0,0.0
0.032107463751923485,-0.2769785108897716,0.770851740258702,-0.010494200609900401,-0.6585979857423883,-0.004033805955715554,0.752410986987258,0.058370392714587244,0.6052650643054998,-0.8336338144652575,-0.023503078582395424,0.728407609836641,-0.9289222090803841,-0.1658034473881737,0.8055325480826074,1.0563033516946287,0.09688268907286401,0.7308537862064513,1.1274316029887672,0.0,0.0,0.0,0.0
0.034185289247453815,-0.2779910365552864,0.7716316705301594,-0.01062970584639878,-0.6591527233111606,-0.003940909315544563,0.7519236436892153,0.05629800020428452,0.6004874784017928,-0.8424064427216729,-0.02115727787528109,0.7423160221967292,-0.9446460754269141,-0.1550403380957567,0.8136785657512173,1.0489680590211887,0.08499101792568105,0.7252391637954261,1.140698342945034,0.0,0.0,0.0,0.0
0.03584293263131874,-0.27875331997247,0.7724301585021279,-0.01074620963772788,-0.6595944352138366,-0.00386419682243138,0.7515349413009879,0.05411106965888321,0.5959512073718294,-0.8513780227458547,-0.019374838553097743,0.753291134086643,-0.9561990995691227,-0.14644965577806143,0.8210566850089771,1.0415380260548737,0.0757419956449259,0.7198925841917979,1.1540573214255776,0.0,0.0,0.0,0.0
0.03712863266884765,-0.279322996309824,0.7732470979446255,-0.010859706341727102,-0.6599534202301753,-0.003790627802884523,0.7512184642602476,0.05161935030932675,0.5913751369612358,-0.8603567657404858,-0.018035819212499513,0.761772500445711,-0.9641549063579155,-0.13934713083217648,0.8277109036506743,1.033983224335257,0.06791150526381533,0.7144006574589085,1.1673389832918855,0.0,0.0,0.0,0.0
0.03810244309985347,-0.2797573916221493,0.7740727482627485,-0.010978623636858276,-0.6602443863127503,-0.003708880615443322,0.7509614266858987,0.0487595878618569,0.586523482613365,-0.8692493333523246,-0.01702064392757288,0.7682444208497277,-0.9692482133609353,-0.13299404063923553,0.8335933874287583,1.0263171054697398,0.06089919897904426,0.7085476925616431,1.1804791529750387,0.0,0.0,0.0,0.0
0.03882654771923901,-0.28010210243040323,0.7748959647975421,-0.011096069988962134,-0.6604872763571877,-0.0036270797103169247,0.7507464813729324,0.04557326142049294,0.5812862164019459,-0.878025879759046,-0.016212615712382132,0.7731506193848959,-0.9721581199199497,-0.12721523386432607,0.8388529273420621,1.0186097056922518,0.054359217383835264,0.702290720809549,1.193475078019632,0.0,0.0,0.0,0.0
0.03935619161444419,-0.28039412515913026,0.7757024594212658,-0.01120651994000629,-0.6606940300411716,-0.003549391785048889,0.7505632647530426,0.04214434410384717,0.5755853080268946,-0.8866850544484289,-0.015521239530962945,0.7768729691221348,-0.9734982978589067,-0.12181477124493142,0.8435617305772083,1.0109546002737266,0.04814784157263347,0.6956557351640377,1.2063406336405273,0.0,0.0,0.0,0.0
0.03973283062137285,-0.28066396250611153,0.7764770418484244,-0.011303351684773593,-0.6608763538225516,-0.003484864604798684,0.7504015824327572,0.03851149588495044,0.5693893393138638,-0.8952143930356371,-0.014862328005035187,0.7796968654961917,-0.9737413694122335,-0.11672003632623978,0.8477923808898519,1.003461961118507,0.042104822463097324,0.6887099631099979,1.219056009170645,0.0,0.0,0.0,0.0
0.039987949383277765,-0.2809351681557995,0.777201194472536,-0.01138161641359944,-0.661040678340235,-0.0034390623046405763,0.7502558585161201,0.03472292811950575,0.5627484624308526,-0.9035639991374511,-0.014173798809701016,0.7818400142456617,-0.9732830750251602,-0.11184289916331089,0.8515422528699641,0.9962755332707456,0.03616014402926973,0.6815753636536667,1.2315402765044319,0.0,0.0,0.0,0.0
0.04014415316052981,-0.28122545680270383,0.7778514233856173,-0.01143565130835159,-0.6611913659093143,-0.0034183997098560263,0.7501223354024013,0.030836252333979117,0.5558896084128353,-0.9115780403571444,-0.01340704529908782,0.7834586330898295,-0.9724543633577593,-0.10717172761931439,0.8547710711603157,0.9895967560544069,0.03027283524763848,0.6744438626069021,1.2435799709820627,0.0,0.0,0.0,0.0
0.04021485959811769,-0.281550460463708,0.7783944158008386,-0.011464820263883367,-0.6613245283751902,-0.003421883926864629,0.7500044778373259,0.02690160050255696,0.5492987476159131,-0.9189050558882053,-0.012528000904529301,0.7846582622279442,-0.9715679889556333,-0.10251813043673957,0.8572710764581963,0.9837028034596818,0.024455374589799052,0.6675823171726615,1.2547011653393108,0.0,0.0,0.0,0.0
0.040202656896488546,-0.2819266233609194,0.7787789897730737,-0.011485152485645477,-0.6614176322636656,-0.0034258260599462666,0.7499220430944238,0.022928526331129247,0.5437504250522487,-0.9249154241077018,-0.011527844215706436,0.7854961219899146,-0.9709669080826087,-0.09710412996628161,0.8584475681621232,0.978982147720842,0.018859895298358055,0.6613654459434412,1.2639560536625198,0.0,0.0,0.0,0.0
0.040104429777464014,-0.28235582922345315,0.778942515731811,-0.011494287767439335,-0.6614681973682511,-0.0034341641284730143,0.7498772644478924,0.018950791454752265,0.5404425052330305,-0.9287167699501225,-0.01039881021354971,0.7859415206845494,-0.9708739566789146,-0.09104718474220211,0.85798448500158,0.9760319898578528,0.013648567995963663,0.6565921919958606,1.269625813766455,0.0,0.0,0.0,0.0
0.03991715992763795,-0.28281549064561684,0.7788428181019869,-0.011433082582176629,-0.661533924574328,-0.0035281314909101397,0.7498197807127652,0.015118388646768153,0.5407452895956993,-0.9293269260233394,-0.009100767531107463,0.785861046819602,-0.9711738929211288,-0.08667912503696476,0.8566038523593643,0.975499074805513,0.008838384823686807,0.6548710211067101,1.2689747235481519,0.0,0.0,0.0,0.0
0.03961739554444249,-0.28331107601580174,0.778472362617545,-0.011278347736337214,-0.6616371021276046,-0.003739423877781139,0.7497300585341274,0.011458708716142806,0.5447086977996762,-0.9267126179513215,-0.007579896333095947,0.7851093821303886,-0.9716470051916285,-0.08457046141656778,0.854498844684099,0.9774845626917147,0.004295101874590175,0.6562358554669447,1.262024871454294,0.0,0.0,0.0,0.0
0.03916272841036887,-0.2838872027036129,0.7778565304754909,-0.011074571481369321,-0.6617308316413957,-0.004001929157393396,0.7496490144625751,0.007896564276054048,0.5509381345622227,-0.9218052583328245,-0.005802562961254167,0.7835923554769397,-0.9721224227651666,-0.08247298790149005,0.8508668834007596,0.981417425451002,5.675058646186122e-05,0.659077847439331,1.2515337911577031,0.0,0.0,0.0,0.0
0.03850577551311221,-0.2845818143001322,0.7770407535330889,-0.010841927305746075,-0.661794205501148,-0.004282000090986286,0.749594921709467,0.004414773132782772,0.5580489081970621,-0.915421495121621,-0.0037130644084125627,0.7811526715813122,-0.9722087179274503,-0.07908699342545254,0.8454123769569662,0.9866101551450864,-0.003844531682208091,0.6624613155141523,1.2391964063861525,0.0,0.0,0.0,0.0
0.037595807039687346,-0.28541553380887097,0.7760623183444892,-0.010559371225673108,-0.6618479727073625,-0.004604149121804519,0.7495495730859546,0.0010648182820280428,0.5651983538806601,-0.9081441470069899,-0.0012295215295096058,0.7775311434474838,-0.9713263011355788,-0.07475423150050002,0.8384711125687024,0.9926189481383343,-0.007504664021665067,0.6659533190622686,1.2259408513330492,0.0,0.0,0.0,0.0
0.03637942082356771,-0.2863996319532401,0.7749539492293401,-0.010172148217636326,-0.6619430222588085,-0.005038633567861823,0.7494681946922642,-0.0020344032449396902,0.5721125993494651,-0.9003204630877796,0.0017599872862414162,0.7724000060104296,-0.9687637132148731,-0.07097111514153809,0.8308402728510107,0.9991593662468914,-0.011222786609547269,0.6693941667683903,1.2122418801422865,0.0,0.0,0.0,0.0
0.03478597020303735,-0.2875858356838346,0.7737328161150817,-0.009736494738623935,-0.6620158766681384,-0.005498881364501137,0.7494063930960689,-0.004906636656518125,0.5782570808131847,-0.8920326727150936,0.005270960325281202,0.765510554729312,-0.9641619652173614,-0.06513384567202693,0.821449521481862,1.005622874827437,-0.014588653956972607,0.672358193066841,1.198227997870104,0.0,0.0,0.0,0.0
0.03274405651702956,-0.28902794925750985,0.7724109779160826,-0.009341499736817676,-0.6619780932904881,-0.005856456875411515,0.7494420873550026,-0.007599195763440675,0.5831594855549201,-0.8832851427817374,0.009267022264235765,0.7566154345527427,-0.9572029744338627,-0.05409561221279547,0.8089294942025972,1.011338315106925,-0.016987333533856383,0.6744558637469723,1.1838588939570815,0.0,0.0,0.0,0.0
0.030214915934031437,-0.29070284260101686,0.7710122940652082,-0.008913710117898418,-0.6619169496199394,-0.006218426058295433,0.7494983847581836,-0.009923845248712806,0.5873261143268474,-0.8742568772155899,0.013809516289333044,0.7452997419114611,-0.9469457441640164,-0.04121254429797054,0.7948040309999707,1.0162533851391191,-0.01904741506668165,0.6758915207104812,1.1691797693688497,0.0,0.0,0.0,0.0
0.027163499769001818,-0.29260322014779194,0.7695465974939398,-0.008498633517872755,-0.6618049343039751,-0.006529504133630979,0.7495994715413085,-0.011912611302007171,0.5907337163757661,-0.8651157483731026,0.018793761485622083,0.7312691729505346,-0.9328369831365957,-0.025945937282136847,0.7788185350647601,1.0200555916241412,-0.020595888932390373,0.6765776508314427,1.1541253651598133,0.0,0.0,0.0,0.0
0.023588572171480526,-0.2946943154761184,0.7680400228771873,-0.008129433768322944,-0.6616373845714377,-0.00675934563896604,0.7497494214006484,-0.013633634479094658,0.5935645043700096,-0.8560982543882302,0.024077343385889495,0.7143113009504602,-0.9143086018217517,-0.008784293173358507,0.7612825696794584,1.022426852942865,-0.02175376540588152,0.6765256563434001,1.138671070790711,0.0,0.0,0.0,0.0
0.01954273111611341,-0.2969110077591127,0.7665268624675398,-0.007827123848404215,-0.6614271639382628,-0.006900536095589116,0.7499368143640113,-0.015289865613307314,0.5962266815687038,-0.8475206204903638,0.029474893906247777,0.6944107078881895,-0.8910081884313731,0.009156134733055696,0.742894777321229,1.023171043033111,-0.02287293194269305,0.6758909374930654,1.1229081828497662,0.0,0.0,0.0,0.0
0.015166125046529207,-0.29916438836662407,0.7650422249563631,-0.007590575669120838,-0.6612074186232877,-0.006976893732865767,0.7501322921141176,-0.017286707652186328,0.5994520335182524,-0.8397044790444161,0.034790845824243785,0.6719809480799077,-0.8632098816048985,0.0264122416531352,0.7246644430314275,1.0223673759921639,-0.024692736548000117,0.675071532140762,1.1071852907717834,0.0,0.0,0.0,0.0
0.010946299300835632,-0.30147958799203206,0.7636031753044872,-0.007389098486238687,-0.6608854706150349,-0.007031273880465778,0.7504174552481587,-0.019527587976435234,0.6036578475425853,-0.8317579633258083,0.04014943168549738,0.6500864453656154,-0.8361405267757305,0.042698643692180224,0.7074021090119618,1.0202652387701312,-0.02785610119392072,0.6757133047595667,1.0914843257517153,0.0,0.0,0.0,0.0
0.007133145733930058,-0.3036277224496063,0.762352198206152,-0.007163481671666367,-0.6605639772978216,-0.007147788039440923,0.750701555581821,-0.02233642742475216,0.6096251998032356,-0.8248028232158086,0.045125988368348115,0.6298456200402077,-0.8107385342184915,0.055415215387747935,0.6931058032617333,1.0171219225664692,-0.034201891694555064,0.6772447328753602,1.0763277840970762,0.0,0.0,0.0,0.0
0.0040791531443821185,-0.3053575723453029,0.7614145156797287,-0.006858491256364473,-0.6602749185229481,-0.0073868912495555165,0.7509563415438131,-0.02548752185893579,0.6171196110832253,-0.8201454774503459,0.049234787175062376,0.6132412658644024,-0.7897238941231455,0.06278685420872714,0.6831715116129217,1.013660617423665,-0.04549689037832015,0.678754711427895,1.0618455632979826,0.0,0.0,0.0,0.0
0.002266113172083184,-0.3063686670535922,0.7607653716187609,-0.006521731120315984,-0.6600676032775668,-0.007691255911370626,0.7511385163264555,-0.028063110172766338,0.6241944128678305,-0.8196005347680602,0.05176961394655451,0.603096395743419,-0.7775143017947428,0.06442497431800982,0.6777599504832424,1.0123410756714344,-0.06083491225721519,0.6793029217035619,1.0490760143097266,0.0,0.0,0.0,0.0
0.002225855726161515,-0.30652676878200474,0.7606780149910906,-0.006405646630606941,-0.6600791830751501,-0.007664165920118173,0.7511296161933937,-0.02804659857864341,0.6242214994341532,-0.8196162653016925,0.05194487082988791,0.6028928945134253,-0.7774660503933066,0.06440922872643103,0.677625993713658,1.012253709912594,-0.06084998495385643,0.6793465312800167,1.0490924670272705,0.0,0.0,0.0,0.0
0.002225855726161515,-0.30652676878200474,0.7606780149910906,-0.006405646630606941,-0.6600791830751501,-0.007664165920118173,0.7511296161933937,-0.02804659857864341,0.6242214994341532,-0.8196162653016925,0.05194487082988791,0.6028928945134253,-0.7774660503933066,0.06440922872643103,0.677625993713658,1.012253709912594,-0.06084998495385643,0.6793465312800167,1.0490924670272705,0.0,0.0,0.0,0.0
0.002225855726161515,-0.30652676878200474,0.7606780149910906,-0.006405646630606941,-0.6600791830751501,-0.007664165920118173,0.7511296161933937,-0.02804659857864341,0.6242214994341532,-0.8196162653016925,0.05194487082988791,0.6028928945134253,-0.7774660503933066,0.06440922872643103,0.677625993713658,1.012253709912594,-0.06084998495385643,0.6793465312800167,1.0490924670272705,0.0,0.0,0.0,0.0
0.003079823732659227,-0.30691897761251563,0.7607237355613247,-0.006635163144765292,-0.6601876799367051,-0.007359160400349917,0.7510353151670265,-0.027588338749209296,0.6289907085135714,-0.8271478212630902,0.05252775257952719,0.6091231307987527,-0.7863139767632537,0.07111484405248913,0.677897648513346,1.0115718978366448,-0.054482574482302086,0.6830249911410922,1.0518360582551354,0.0,0.0,0.0,0.0
0.0047965295404516686,-0.307338662637776,0.760865097029782,-0.006710398412233682,-0.6604254601381536,-0.007214710373741807,0.7508269641593062,-0.026976989895296056,0.6390606099471544,-0.8418741344937182,0.053424352461282305,0.6211633719449483,-0.8039514753354527,0.07644601131070279,0.6808522052779131,1.011950960956083,-0.05062921247899546,0.68819253992338,1.0549612215043285,0.0,0.0,0.0,0.0
0.007332131807712456,-0.3078423610761916,0.7611240964271282,-0.006625468856197306,-0.6608041017065504,-0.007237515240784933,0.750494277595355,-0.026056603973780623,0.6538267690847134,-0.8625740092683284,0.054776452287036016,0.6384994518297403,-0.8292983018801858,0.08083914970215128,0.6866327747604042,1.0127919428636283,-0.04898122642505162,0.6950291208761539,1.0583137999171424,0.0,0.0,0.0,0.0
0.010633975919191716,-0.30869160765798054,0.761710708065506,-0.006265979053031008,-0.6614134376898585,-0.007535287340328302,0.7499574797243436,-0.024064887632411155,0.6721250528018841,-0.8857208278382633,0.05731950927154622,0.6609513726380744,-0.860922439134368,0.08480917035083442,0.6970009536295131,1.0113337274644063,-0.04926757992386379,0.7046116629676007,1.0607576643162344,0.0,0.0,0.0,0.0
0.014718874900462548,-0.3103137343045241,0.7636687395680932,-0.005203854179262926,-0.6629008290506018,-0.008497161336168084,0.7486409079090809,-0.019537103736906838,0.6925491467035065,-0.9008036279403755,0.062435719461498,0.6888215857275701,-0.8928379861765288,0.08634721886603898,0.7213469362641433,0.998313438430336,-0.05527440283899789,0.7227068899579974,1.055093884837304,0.0,0.0,0.0,0.0
0.017772042716247036,-0.31194722896675814,0.764846977952727,-0.005426632980368061,-0.6619878408454288,-0.008394982204023594,0.7494479131341268,-0.015808226852214995,0.709745783467406,-0.9273093209179823,0.055796108229101554,0.6615759279983243,-0.8603453525154842,0.05943454832513758,0.7094336334552295,1.0305719167992413,-0.03846475678145237,0.7349467561038051,1.052022558466981,0.0,0.0,0.0,0.0
0.021375313949960582,-0.3134503031500892,0.7661537644095384,-0.005276462770277255,-0.6615585331915494,-0.008579300375277864,0.7498258875946803,-0.012150985014399195,0.7292749507346871,-0.9537753469699256,0.04892245561885631,0.6416162763202377,-0.8445120692232301,0.03878328959494741,0.7032994207732063,1.0562189477424369,-0.028174254785943854,0.7484807990388652,1.0481578486322374,0.0,0.0,0.0,0.0
0.024876795841963294,-0.3149240223080054,0.7676070096909801,-0.004878595248613898,-0.6615420309555078,-0.008938821526951517,0.7498389414116683,-0.008371673359002609,0.7472752451499239,-0.9746210013636262,0.04315648152004388,0.6280440613058679,-0.8396203196658852,0.025462814157329778,0.6996639997593571,1.0775444064257211,-0.021534446269750228,0.7629532773085868,1.0428729537370256,0.0,0.0,0.0,0.0
0.028015970852361453,-0.3163795940331213,0.7691124325465742,-0.0044249456319310956,-0.6616434237289356,-0.009342635409161677,0.7497473673551766,-0.004527480675661477,0.7628203591859685,-0.9906029036325651,0.03842195968093213,0.6183232814276859,-0.8406312722762529,0.01676987298319947,0.6967504575689237,1.0959594424158163,-0.015491905646470763,0.7773902428060252,1.036496381474782,0.0,0.0,0.0,0.0
0.030665310312938843,-0.31782166602885104,0.7705864350450051,-0.003993992036037589,-0.6617342444421562,-0.00973531044970156,0.7496646326795953,-0.0006519719754186784,0.7754337855101063,-1.002159665859565,0.0345424443070894,0.6107081493453118,-0.8447338414206592,0.010669704549868202,0.6937633128763977,1.1123943318847866,-0.00863038157957026,0.7910716877421399,1.0296551927107809,0.0,0.0,0.0,0.0
0.03279691517990676,-0.3192370803349741,0.7719855623892956,-0.003606724892389052,-0.6617780318516896,-0.010099203568257416,0.7496231280992747,0.003193999524601492,0.7850940182961327,-1.00973137739268,0.03127559691113016,0.6041003431053573,-0.850396664493059,0.005990410739206628,0.6903702484898754,1.127496958762737,-0.0006382875586434193,0.8036420311922533,1.022769034618718,0.0,0.0,0.0,0.0
0.034446011910818794,-0.3206031593033123,0.7732965323213873,-0.003263404854040074,-0.6617783299256355,-0.010430562243158007,0.7496199007502982,0.006930755109896316,0.7920886998147592,-1.0138654779537406,0.028378906334482156,0.5978420911064056,-0.8567809179807037,0.0021005896641845155,0.6864667507241754,1.141732517877949,0.00823355688619125,0.8150107276233837,1.0160203478680543,0.0,0.0,0.0,0.0
0.035680738466930755,-0.3218968221677345,0.774520778544297,-0.0029587336235107394,-0.6617498442028222,-0.01073168450355506,0.7496420616138089,0.010484332488148736,0.7968613481347286,-1.0151974629749123,0.025656769657456432,0.5915518940697537,-0.8634303085538307,-0.0013678633505387287,0.6820582117779301,1.1554367169562645,0.017506876200163883,0.825216026154472,1.0094508099506152,0.0,0.0,0.0,0.0
0.03658091176350937,-0.32310042443581655,0.775665296727194,-0.002688108661963861,-0.6617082224346401,-0.01100401604085543,0.7496758726711049,0.013796243099355607,0.7998957422040025,-1.0143779368595343,0.022968062696784995,0.5850269492020778,-0.8701117272931275,-0.004640025507193814,0.677204403154279,1.1688464073302691,0.02673868512352256,0.8343764716812561,1.0030479403615762,0.0,0.0,0.0,0.0
0.037224128626225546,-0.32420291221501857,0.7767378100643244,-0.0024480643146184535,-0.6616648811851815,-0.011249589896214602,0.7497113035792364,0.01683076595719209,0.8016465993035602,-1.0120160628942556,0.02022145264341937,0.5781533260377577,-0.8767065020148961,-0.007852147489535156,0.671981809079312,1.1821198410928448,0.03557994853058881,0.8426284459332002,0.9967870829094372,0.0,0.0,0.0,0.0
0.03767808773349744,-0.3251995720183806,0.7777443509133802,-0.0022365332668911977,-0.6616264881015018,-0.011469953445443904,0.749742508018172,0.0195723506738298,0.8025016708948398,-1.0086420370287141,0.017362230622848012,0.5708630070853776,-0.8831560240350991,-0.011078925124314649,0.6664777845824827,1.1953418224411465,0.04381524673908689,0.8501038271898069,0.9906579078447653,0.0,0.0,0.0,0.0
0.037997553170727734,-0.32609087353295574,0.7786866407354813,-0.0020516492882073356,-0.6615967527096627,-0.01166617804793924,0.749766248792903,0.022020768037806136,0.80276631705029,-1.0046892008885322,0.014363928624036095,0.5631355268354032,-0.8894397772950876,-0.014367446398298657,0.660806410652915,1.208530118650023,0.05134161743578483,0.8569071253697289,0.9846909104022802,0.0,0.0,0.0,0.0
0.03822354772360889,-0.3268807187893801,0.7795588304292463,-0.0018913229602250678,-0.6615755403266763,-0.011840337650192968,0.7497826576703783,0.02418829660729646,0.8026634997650054,-1.0005108138277852,0.011222401382304643,0.555021346889729,-0.8955290379607869,-0.01775939488591737,0.655114980906276,1.221617594053793,0.058115986498307015,0.8630744260801767,0.9789832522352424,0.0,0.0,0.0,0.0
0.03838419127355152,-0.3275750178344141,0.7803446429977948,-0.0017544086935334473,-0.661559071250418,-0.011994070454638957,0.7497950783849875,0.026093830470424826,0.8023410481039817,-0.9964057366081582,0.00794587082626968,0.5467204749088496,-0.901311860465994,-0.021288027976826322,0.6496013712538993,1.2343904618464934,0.06415873911218604,0.8685623376078326,0.9737267012804484,0.0,0.0,0.0,0.0
0.03849613358041719,-0.32818130317614397,0.7810138565447362,-0.001641057788063618,-0.6615420332727776,-0.012127186073503273,0.7498082264823412,0.027759190347751577,0.8018770064229275,-0.9926338424537179,0.004550793963314211,0.538715722785031,-0.9065056799872026,-0.024982482644327654,0.6445509280023249,1.2463811278740007,0.0695675243270842,0.873244431048903,0.9692471002139036,0.0,0.0,0.0,0.0
0.03858292747775679,-0.3287003569759677,0.7815205071696327,-0.0015513416631642778,-0.6615201416273504,-0.012238033760651228,0.7498259305265773,0.029187101924964653,0.8013976960314564,-0.989589908485375,0.001018085421661129,0.5319081782833026,-0.9105359544071396,-0.028919016151319796,0.6404909484549354,1.2566787318699735,0.07438356777774754,0.8769174474075383,0.9660087270273211,0.0,0.0,0.0,0.0
0.03867130842487906,-0.3291288496791,0.7818090555282746,-0.0014862634987768413,-0.661486309972494,-0.012324178756782952,0.7498544974578445,0.030370196902038592,0.8010589570785673,-0.9877669380502131,-0.0027105176179879824,0.5275560203720163,-0.9124714523897774,-0.033295478649219494,0.6383330943594046,1.2635764785774595,0.07862319685570146,0.8793189161760041,0.9645565630151253,0.0,0.0,0.0,0.0
0.03873730231931656,-0.3294882412738528,0.7818391778042532,-0.0014475798733371845,-0.6614302559556756,-0.012386569860976391,0.7499029896633289,0.031369959454179794,0.8006840425653153,-0.9871000714482117,-0.00660216916368258,0.5267457445178765,-0.9112206698906514,-0.038423226729881355,0.6393738428848402,1.264241619888856,0.08259102796004587,0.8802069220842289,0.9653334633319518,0.0,0.0,0.0,0.0
0.03873108709753183,-0.32980451877345096,0.7816130032452022,-0.0014348928596411572,-0.6613471011078232,-0.012425319974526505,0.7499757091814978,0.032251950542545586,0.7999415810889131,-0.987095607414704,-0.010539093867981516,0.5294200991473782,-0.9067921423128313,-0.04423640133499286,0.6434365018027738,1.2586002941645744,0.08660976373654061,0.879540096232436,0.968368960832963,0.0,0.0,0.0,0.0
0.03863496144751254,-0.3300854726388838,0.7811764052637983,-0.0014433488574005443,-0.6612414971137647,-0.0124423564881967,0.7500685215390948,0.03303182187292666,0.7987208960111573,-0.987372824212289,-0.014478313769274057,0.5344590496616596,-0.9002662828351247,-0.05043773752974768,0.6491459256459825,1.249384701921605,0.09066012898829919,0.8775378689909121,0.9732249728015373,0.0,0.0,0.0,0.0
0.0384231357965179,-0.33034711523172416,0.7805918265610344,-0.0014654576499418604,-0.661122122423086,-0.012442359659419627,0.7501736994608488,0.033747234323079675,0.796846194129285,-0.9873596188511491,-0.018339437995169426,0.540627817778932,-0.8925336375124978,-0.05680829571731293,0.6556759551592749,1.2382631176994117,0.09475728158462707,0.874506870206936,0.9793239181637148,0.0,0.0,0.0,0.0
0.038059027897757475,-0.3306138921090505,0.7799141942199481,-0.0014954674749136994,-0.6609905549457514,-0.012430441837853672,0.7502897666670223,0.03445993903145037,0.7940694496520608,-0.986433338142955,-0.02203915591628283,0.5470336537291476,-0.8841525531805725,-0.06324201390951283,0.6625073569557768,1.2261143280123652,0.09903470886741025,0.8706853798951055,0.9861774956440672,0.0,0.0,0.0,0.0
0.03749567337520857,-0.3309180494721996,0.7791857984108295,-0.0015289141498642546,-0.6608418082333559,-0.012411610111339087,0.7504210277216615,0.03525280307724854,0.7900706622282984,-0.9839380731567802,-0.025495632772063334,0.5531741588034929,-0.8754069223634374,-0.0697003079285022,0.669282697100141,1.2133599710854452,0.10373152434281956,0.8662154468782893,0.9934350799385203,0.0,0.0,0.0,0.0
0.03667728172221002,-0.3312997852472047,0.7784383194785341,-0.0015625099232099253,-0.6606647373272543,-0.012390541829418983,0.7505772031498315,0.03622909872612717,0.7844627195823757,-0.9791797232781202,-0.028632673284938025,0.5588250415593816,-0.866413199142849,-0.07618875751636463,0.675736007340697,1.2001775692955436,0.10918425321723674,0.8611582817668201,1.0008607941476344,0.0,0.0,0.0,0.0
0.03554206863669928,-0.3318071570113741,0.777696266126518,-0.001594672957761759,-0.6604422529180753,-0.012371051505070774,0.750773231184566,0.03751071703337661,0.7768022458859353,-0.9714252840120107,-0.03138946971075501,0.5639134580974866,-0.8572145800507611,-0.0827557890692261,0.681654072202081,1.1866277450288034,0.11581966274433539,0.8555205040167528,1.008294832123391,0.0,0.0,0.0,0.0
0.034027544505028075,-0.3324944139729681,0.7769794130406101,-0.0016271187311074952,-0.6601510352705443,-0.012354620811709254,0.7510295110449804,0.039231236523670866,0.7666155639705776,-0.9599328672638847,-0.03373679893311313,0.5684301958362008,-0.8478423045167162,-0.08951457427291437,0.6868543478703996,1.1727333175010672,0.12414131084329917,0.8492784946384841,1.0156197080770708,0.0,0.0,0.0,0.0
0.03208029057092933,-0.33341698627068367,0.7763032798656976,-0.001667476936976898,-0.6597614724961619,-0.012337717358549643,0.7513719449518604,0.04151909461306428,0.753454644761187,-0.9440375128081683,-0.035695978707793265,0.5723922170471819,-0.8383419766910217,-0.09669376534695906,0.6911894391140252,1.1585450106529038,0.13469013475584513,0.8423985933214027,1.0227375707121038,0.0,0.0,0.0,0.0
0.02967257924871074,-0.334620840068134,0.7756769445645983,-0.001733043778898107,-0.6592379806363258,-0.012307619537565534,0.7518316327124831,0.04446564646665023,0.7370054904323515,-0.923333459145939,-0.03735357745275885,0.5758488301201152,-0.8287640517593218,-0.1047488994710358,0.6946040199502093,1.1442263234643975,0.14796335418298287,0.8348523008638423,1.0295621893471858,0.0,0.0,0.0,0.0
0.026828517554604556,-0.3361231379774617,0.7750965774964164,-0.0018567118743649516,-0.6585370302130235,-0.012239720694312296,0.7524464909191564,0.04807966688136027,0.7172886108937364,-0.89803737413455,-0.03885148472124081,0.5789224262626895,-0.8191402181086535,-0.11467979205978575,0.697304308030574,1.1301946319727674,0.16424719336036697,0.8265991886268167,1.0360342095925823,0.0,0.0,0.0,0.0
0.02364205411622134,-0.3378722981115112,0.7745341480929123,-0.0020918564540262597,-0.6576208154015966,-0.012070519360692542,0.7532494871219482,0.05214699774195525,0.6948750365847044,-0.8693852193997056,-0.04004564787416303,0.5817982022268796,-0.809304948063481,-0.12785886875413993,0.6999093302605891,1.117294838211819,0.1835697447056828,0.8176631362812581,1.0421688518800176,0.0,0.0,0.0,0.0
0.020492341333914893,-0.3396383473099608,0.7739280895863347,-0.002564604008889047,-0.6563230043601386,-0.011662710087288024,0.7543855234211343,0.055983827590733955,0.6728141743301971,-0.8434781923462058,-0.04152610902761141,0.584296612590023,-0.7979889026258034,-0.14881017327418422,0.7049717494663761,1.1062443342184123,0.20536919178611793,0.8080450893846912,1.0479012424432101,0.0,0.0,0.0,0.0
0.01754310294658821,-0.34134034171464356,0.7732844696695369,-0.0033850768891259928,-0.6545321748427105,-0.010929317517001621,0.7559475665472696,0.059363853665352205,0.6527821318959972,-0.823812773413855,-0.043819776929448426,0.5857156612092128,-0.7850937603601581,-0.18442457717573407,0.7131475364870584,1.0987103649356866,0.23000224331036406,0.7978846619127403,1.0529257398136342,0.0,0.0,0.0,0.0
0.014964820320318097,-0.34282479538305655,0.7725700532817035,-0.004629141121997097,-0.6521777122276103,-0.009745760144675288,0.7579893290048584,0.061778230244664126,0.6367122381600753,-0.8143664720967562,-0.04698219978680349,0.5841334472562799,-0.7705919497274529,-0.24136871302634044,0.7240481371507929,1.096336232715445,0.25688870103988776,0.787098631864389,1.057167853819623,0.0,0.0,0.0,0.0
0.01311034950176675,-0.34385084351137785,0.771453905269411,-0.005898335565670063,-0.6496059768318257,-0.008309828254049292,0.7602027566750283,0.06266367627423765,0.6268045631653846,-0.8178459694173632,-0.05084604356979221,0.5772342055680929,-0.7559733300127005,-0.3066173553266673,0.7312297546714467,1.1019592184470794,0.27836188585710153,0.7739658452711102,1.0635937528896786,0.0,0.0,0.0,0.0
0.013148057163328408,-0.3439452145817432,0.771425347354893,-0.005958345774039666,-0.6496044840315167,-0.008224761160398145,0.7602044894274423,0.06273934104477967,0.6266583158584766,-0.8178241967358512,-0.0508905775872212,0.5772512480569425,-0.7559688815757928,-0.3066196028150654,0.7312469038873285,1.1019671458598947,0.2783824945836628,0.7738479495344931,1.0635053685556244,0.0,0.0,0.0,0.0
0.013148057163328408,-0.3439452145817432,0.771425347354893,-0.005958345774039666,-0.6496044840315167,-0.008224761160398145,0.7602044894274423,0.06273934104477967,0.6266583158584766,-0.8178241967358512,-0.0508905775872212,0.5772512480569425,-0.7559688815757928,-0.3066196028150654,0.7312469038873285,1.1019671458598947,0.2783824945836628,0.7738479495344931,1.0635053685556244,0.0,0.0,0.0,0.0
0.013319909380666628,-0.3442974899555562,0.77177815328543,-0.005901433898693084,-0.650640886888471,-0.00841336702065897,0.7593160242233131,0.0638057208722358,0.6251670714500789,-0.8088882827138352,-0.049696586657022666,0.5775509146646908,-0.7507181435477275,-0.311683287393386,0.7390340347577398,1.1005348978758545,0.28465542974218044,0.7810936442059471,1.0630773417928219,0.0,0.0,0.0,0.0
0.013842863336528025,-0.34481209789198064,0.772015884127043,-0.005768964517669615,-0.6512717486789273,-0.008650538850814795,0.7587733499528543,0.0653632888243327,0.6260477070659328,-0.8058349054594858,-0.04818564592266162,0.5815088590640483,-0.7539226723086316,-0.31553912727384525,0.7453320029834972,1.0994118313121641,0.2914442164583456,0.7869724193886705,1.0638549205448782,0.0,0.0,0.0,0.0
0.01491613198635533,-0.34550217106734726,0.7721166824036668,-0.0055388743210809,-0.6516461514481909,-0.008959489848338357,0.7584499599285863,0.06747561436707011,0.6303668587003542,-0.8097165948572483,-0.046316186096480895,0.5902566710585546,-0.7668731890925089,-0.3199234944378097,0.7514476745996674,1.099382769268211,0.29953673007055387,0.7925313639666327,1.0665007820674741,0.0,0.0,0.0,0.0
0.01666244782073987,-0.3463900575716064,0.7721294739653501,-0.005189246546039487,-0.6519824966551336,-0.009370861030294926,0.7581583493830125,0.0702397107764139,0.6384382720500299,-0.8197433902318585,-0.043987469129833305,0.6040681358804298,-0.7888208976944028,-0.32708053214485006,0.7593782906513447,1.1005690396222345,0.31044963974330986,0.7995464750260397,1.0710817379072983,0.0,0.0,0.0,0.0
0.019169190392428627,-0.34751724414442264,0.772227350286736,-0.004755511519669086,-0.6530109828702373,-0.009974174415049403,0.7572678239604341,0.07392893952519575,0.6494268105934744,-0.8304561370766598,-0.040844796303975396,0.6219504641787317,-0.8141098532100405,-0.34302253582291664,0.7748538568587374,1.1028594807867096,0.33018048579714915,0.8136469056563647,1.077408702276549,0.0,0.0,0.0,0.0
0.021884913432694983,-0.3496994619274893,0.7733402618785755,-0.00721348504504976,-0.654235857457555,-0.0072718668890904385,0.7562212165776824,0.07092619652279951,0.6362878892902752,-0.8171233532920212,-0.03891220278956125,0.6417507423237817,-0.8294484617896103,-0.27901365691215363,0.7737899820637977,1.0919825760050992,0.2490175991546672,0.7866390037492226,1.0836124461521248,0.0,0.0,0.0,0.0
0.02500830435155875,-0.35181193114081427,0.7743923933231167,-0.008919309780658519,-0.6556642698601283,-0.005501282323033515,0.7549798322038965,0.06714690692234893,0.6263791215115194,-0.8153480269619566,-0.035937146324000704,0.663850324222257,-0.8498295781740904,-0.23257527693854885,0.7786449912223845,1.0821453399255248,0.18289064187275023,0.7642684901911432,1.0922316705236161,0.0,0.0,0.0,0.0
0.028293630411452567,-0.35379503389100037,0.7752908632107431,-0.009768898086363786,-0.656802528403338,-0.004660336421308052,0.7539849392246512,0.0642757832220672,0.6184182053614399,-0.8190019467843244,-0.03222500976071852,0.6872123372365558,-0.8762142714168139,-0.20223777017241745,0.7866984222455706,1.0735829017360314,0.14164931395389127,0.7503115517797134,1.1025680789760681,0.0,0.0,0.0,0.0
0.031282099186899996,-0.35546791945323697,0.77610373615467,-0.010182452568690742,-0.6577353034874226,-0.00429210385821248,0.753168086186918,0.06174971380717774,0.6120138165033006,-0.8256347818280088,-0.02867716898838459,0.7080276164834222,-0.9006687874235171,-0.1818500287677758,0.7958301065977107,1.0658265361986095,0.11563225303008759,0.7411762822680932,1.1145485227084408,0.0,0.0,0.0,0.0
0.03385140482037251,-0.3568096328337892,0.7768857977240367,-0.01039966874082499,-0.6584721544704853,-0.004122958463759391,0.7525219398067968,0.05956554007729458,0.6066645022609508,-0.8337332555083161,-0.025665110608291925,0.7255597556193244,-0.9212122672401907,-0.16722184619053856,0.8047688259818985,1.0583888616824835,0.09853741791220073,0.7345766238353818,1.127460850932325,0.0,0.0,0.0,0.0
0.035974713341016776,-0.3578436604225577,0.7776700679111701,-0.010541455009639083,-0.6590485439787573,-0.004022875732860178,0.7520157650452535,0.0575544221795915,0.6019386900766871,-0.8424890696662858,-0.023288805394338398,0.7397979409038551,-0.93733455245851,-0.15612536281501221,0.8130301738866553,1.0510089521282824,0.08648381254338154,0.7290840888991096,1.1407915424495916,0.0,0.0,0.0,0.0
0.03767176474809765,-0.3586219023509128,0.7784709392401343,-0.010660398637141905,-0.6595045721782573,-0.003943154875644502,0.7516146131539072,0.05542298991266281,0.5974588747972683,-0.8514776052528457,-0.021482015364347087,0.7510432098049661,-0.9492363531975179,-0.14733255733540787,0.8205097547374635,1.0435561986682051,0.07714379398703239,0.7238708440603733,1.1542086596862162,0.0,0.0,0.0,0.0
0.038991253002765645,-0.3592043436799431,0.7792886706725547,-0.010775521836897077,-0.6598712304961143,-0.0038666242620665776,0.7512914857160985,0.052980922551437465,0.5929314584552838,-0.8604934057984837,-0.02012458381173524,0.7597478982798286,-0.9575005296905924,-0.1400506205586923,0.8272227477952306,1.0359905188266907,0.0692781170955356,0.7185095065157296,1.1675464610447457,0.0,0.0,0.0,0.0
0.039994261160525874,-0.3596485142834385,0.7801148561340416,-0.010893091285429451,-0.6601684848616637,-0.0037856342925771426,0.7510290148394437,0.05016813263045914,0.5881362261667774,-0.8694373245312217,-0.019091805550590348,0.7664025929699244,-0.9628522498249904,-0.13363591453541127,0.8331816631844845,1.028325616396817,0.06225781658825157,0.7127946142839249,1.1807447638310866,0.0,0.0,0.0,0.0
0.04074311484177841,-0.3600017131164512,0.780938337601492,-0.01100869139055922,-0.6604154342645897,-0.0037049205366796556,0.7508105862751254,0.04702100213149733,0.5829502285774775,-0.8782712270862093,-0.018267494943318703,0.7714597868731802,-0.965981963009953,-0.12781099859317055,0.8385005322769228,1.0206218714943838,0.05573667689354614,0.7066721848125458,1.1938003534096682,0.0,0.0,0.0,0.0
0.0412934057245378,-0.3603017686435444,0.781745204327988,-0.011117705204990629,-0.6606242728434735,-0.0036275892652958626,0.7506256106456327,0.043621449691525344,0.5772915785186487,-0.886987956873578,-0.01756065798316477,0.775307529267845,-0.967508567960731,-0.12234178446637717,0.843243776119419,1.0129659556980324,0.0495637040053213,0.7001639620989213,1.2067265600664936,0.0,0.0,0.0,0.0
0.04168778775745229,-0.36057874350485614,0.7825205299608559,-0.011213277180574388,-0.6608074020980108,-0.003562677875638688,0.7504632882917751,0.040019269072578,0.5711331049660676,-0.8955746089609256,-0.016888875177611708,0.7782382864455459,-0.9679119702737473,-0.11716937700447441,0.8474945543917192,1.0054683748384363,0.04358798796052572,0.6933425135169646,1.2195064186374869,0.0,0.0,0.0,0.0
0.04195782467346972,-0.3608562899613088,0.783245469500616,-0.011291329763305352,-0.6609710972603173,-0.003514923941472784,0.7503181723564705,0.036257905327527803,0.5645199687321977,-0.9039789777471822,-0.016190812369898517,0.7804716132155496,-0.9675908580623879,-0.11218118933394171,0.8512406319590741,0.9982737534246335,0.03773329483608394,0.6863257734268168,1.23205838383756,0.0,0.0,0.0,0.0
0.042126543521438076,-0.361150996908769,0.7838967457299117,-0.011344008291222675,-0.6611225287744065,-0.0034941444547278745,0.7501840483357082,0.03239642509604939,0.5576917115232147,-0.9120469160834799,-0.015416455441899799,0.7821621727141013,-0.9668677174945947,-0.10746656793799438,0.854487244402192,0.9915919426089556,0.03194301682532026,0.6793146802449055,1.2441702029507506,0.0,0.0,0.0,0.0
0.04220749304093783,-0.361477915180738,0.7844414386391081,-0.011369457400481566,-0.6612593491545954,-0.0035011579896296746,0.7500630310092553,0.02848686387809005,0.5511420182392817,-0.9194253889868388,-0.014531038743908854,0.7834148907274368,-0.9660498330900956,-0.10288786023141752,0.8570513223701762,0.9857017545309096,0.026219068454252665,0.6725777084015058,1.255367024094699,0.0,0.0,0.0,0.0
0.04220263127062283,-0.36185476552341284,0.7848283782520028,-0.011387007986782821,-0.6613557411324821,-0.0035076301657151537,0.7499777438369987,0.02453420077762733,0.5456284842567187,-0.9254752276450507,-0.013528166590861349,0.7842908064251743,-0.9654902910251053,-0.09752554213872967,0.858279062122411,0.9809770692850761,0.02072438961247083,0.6664685103191341,1.2646946070825777,0.0,0.0,0.0,0.0
0.04210770109563088,-0.3622855334369588,0.7849930485042375,-0.011401769333507577,-0.6614020242298542,-0.003507325247088366,0.749936704442667,0.020556437586056277,0.5423084325296966,-0.9292956636008861,-0.01240698796198705,0.7847644749892727,-0.965437120685604,-0.09121622407624315,0.8577247549553743,0.9780034757258604,0.01566015679924665,0.6617507345310885,1.2704247458378055,0.0,0.0,0.0,0.0
0.041921350045453575,-0.36274246590921627,0.7848954717238302,-0.011339719498802006,-0.6614716988517654,-0.0036032850490417697,0.7498757355166943,0.016719813339323906,0.5426323553186363,-0.9299131526963588,-0.011113429043153633,0.7846870342418262,-0.9657195556394765,-0.08691183387490779,0.8563876513138262,0.9774675187108128,0.010931348838264701,0.6600794889129403,1.2698226480953925,0.0,0.0,0.0,0.0
0.04162031300152663,-0.36323228665750523,0.7845275124433573,-0.011180740323577963,-0.6615832945783062,-0.0038223258248307095,0.7497785841206852,0.013050147134084481,0.5466334340978294,-0.9272942072401074,-0.009597067682624515,0.7839203955781544,-0.966137895087296,-0.08503937471550085,0.8543975754830231,0.9794625803988447,0.00642794527684633,0.6614764450020171,1.262908935257514,0.0,0.0,0.0,0.0
0.041161695382212315,-0.3638040006084974,0.7839144421151203,-0.010978911958899419,-0.6616796999184564,-0.004084353353954528,0.7496951088713998,0.009463181581736537,0.5528683515427512,-0.9223613671731972,-0.00783023186445798,0.7823866745529485,-0.9665618461132488,-0.0829516794332577,0.8507826986066757,0.9833771106464636,0.002247644795174689,0.6643019599540645,1.2524407557238086,0.0,0.0,0.0,0.0
0.04049858186448894,-0.3644974265933994,0.783100456201666,-0.010759777463617119,-0.6617344819309691,-0.004348062604537085,0.7496484489172723,0.005936095574969657,0.5599237011653689,-0.9159333093868969,-0.005761858386457021,0.7799388755542168,-0.966628977826422,-0.07914599096462002,0.845153380734109,0.9885156052379936,-0.0015355776094527636,0.6676113186393055,1.2401162520504407,0.0,0.0,0.0,0.0
0.03958335170002634,-0.3653271247866141,0.7821217772004765,-0.010488835905830959,-0.6617826416002275,-0.004657130090926921,0.7496079180059942,0.0025389352773090164,0.5670245911333859,-0.9086188579384296,-0.0033019300838840696,0.7763067300587853,-0.9657245874842347,-0.07451893544178016,0.8380763463294447,0.9945062648189372,-0.005088145438279141,0.6710335005457045,1.2268799097983227,0.0,0.0,0.0,0.0
0.03836612562452209,-0.36629733489997846,0.7810120493646883,-0.010091193096684886,-0.6618944487675672,-0.005109391068545493,0.7495117081376863,-0.0005822021564006402,0.5739975445260238,-0.9007926683826497,-0.0003227852480951693,0.7711482452386443,-0.9630840797548481,-0.0712870275679309,0.8306668649042394,1.001138006788267,-0.008830204946082313,0.6744797028231861,1.2132241582796672,0.0,0.0,0.0,0.0
0.0367746462210664,-0.3674677935819259,0.7797896202467094,-0.009636909113991883,-0.661990157145173,-0.005597610449181644,0.7494296688701996,-0.003468038186242727,0.5802342114862854,-0.892514411742311,0.003186150698486667,0.7642388816217678,-0.9584085207319379,-0.06620881757280754,0.8215914551653192,1.0077240434239183,-0.012272043396562026,0.6774628752671334,1.1992655504117182,0.0,0.0,0.0,0.0
0.03473248337301331,-0.3689091997323634,0.7784646145904561,-0.00925531611658684,-0.6619401010116815,-0.005936321204653852,0.7494760849331897,-0.006217588192729075,0.5850591851713622,-0.8837456400489884,0.007160786033995083,0.7553769948377411,-0.951523877715049,-0.05464404095213932,0.8088212183242866,1.013438856358351,-0.014523917508188672,0.6794662434262131,1.1849299975610934,0.0,0.0,0.0,0.0
0.032207574124121695,-0.3705840518526541,0.7770652364134915,-0.008828757588518232,-0.6618765184973703,-0.006294269078931621,0.7495344618348148,-0.008572296630598194,0.5892155996035416,-0.8747136551506163,0.011702178274005569,0.7441125233591082,-0.9413487541031819,-0.0416226551994301,0.7946327037453634,1.0183639822278965,-0.01652529000143877,0.6808428209879867,1.1703004135627377,0.0,0.0,0.0,0.0
0.02916482065123544,-0.37248598440726305,0.7755968204224644,-0.008407763934543695,-0.6617652285876657,-0.006608444604023503,0.7496348579127381,-0.010575835666042884,0.5926461334377672,-0.8655976628107039,0.016698682051316825,0.7301559409181434,-0.9273682010336896,-0.02635861666166684,0.778638239016792,1.0222130735103294,-0.018038853251548907,0.6814953984307346,1.1553102512591145,0.0,0.0,0.0,0.0
0.025602124657340065,-0.37458325019494615,0.774085333685291,-0.008031930317809362,-0.6615937652241164,-0.006838832263617432,0.7497882422959278,-0.012298611373448332,0.5955037360277181,-0.8566348807316306,0.02200338686922826,0.7133028817389618,-0.9090439705656435,-0.009109048526535563,0.7610404110097001,1.0246396691689945,-0.019136053768942847,0.6814180319549327,1.139926446158185,0.0,0.0,0.0,0.0
0.021571290144412725,-0.376810761100795,0.7725656684294743,-0.007722355377938037,-0.6613745166025257,-0.006977711786745262,0.7499836168573373,-0.013934589529814138,0.5982056125074712,-0.8481542029667867,0.02743045954466703,0.6935340377584528,-0.8860191079555626,0.008977970823325802,0.7425490074238601,1.0254387527257436,-0.020160423419601368,0.6807712114227819,1.124239642461251,0.0,0.0,0.0,0.0
0.01721056401928542,-0.3790774447201325,0.7710728645309411,-0.00747721721660973,-0.6611417096990954,-0.007049963494573244,0.7501906617211239,-0.015887158547232286,0.6014978979328837,-0.8405027209636916,0.03277961715809525,0.6712473947887787,-0.8585429018606815,0.026375274688876033,0.7241936342087166,1.0246950475819472,-0.021811652007716325,0.6799673643928087,1.1085989752669203,0.0,0.0,0.0,0.0
0.012992169932943836,-0.3813998235857112,0.7696240225006581,-0.0072646165665091475,-0.6608143145396084,-0.007104946999766217,0.7504806371744841,-0.018120405334411224,0.6058263118718176,-0.8328218684194879,0.03816187994192451,0.6493887873636288,-0.8316088163270949,0.042662464966463545,0.7068378837967633,1.0226855007779134,-0.02471058113269131,0.6806587305333968,1.092984744830419,0.0,0.0,0.0,0.0
0.009179535474420412,-0.38355188668405565,0.7683614927444059,-0.00702278089947017,-0.6604930455355478,-0.007229475987651417,0.7507645116976153,-0.020930809686686414,0.6120076406646442,-0.8262319149254015,0.043161633225587435,0.6291600627774996,-0.8062983384575367,0.05525289034882201,0.6924986653078469,1.0196765874954419,-0.030524033536282726,0.6823820346997765,1.0779349174470836,0.0,0.0,0.0,0.0
0.006125484739768311,-0.38528100619621847,0.7674163584981245,-0.006696545826009876,-0.6602145086202315,-0.007487465582464625,0.751009917870928,-0.024119586531284112,0.6198701426644995,-0.8220954370421955,0.047294993822906084,0.61253624661765,-0.7852762222422426,0.06236267010993417,0.6826229865809023,1.016357738709789,-0.04087441908905637,0.6842953793260145,1.0635957846712656,0.0,0.0,0.0,0.0
0.004313881033718521,-0.3862913894200224,0.7667794693004761,-0.006341613941045257,-0.6600244507861639,-0.007816228716204993,0.7511766868491736,-0.026775946496798927,0.6275164041986424,-0.8222975224437824,0.049862727529508113,0.6023751192932566,-0.7729554181355347,0.06374046365074204,0.6774137676850367,1.0150178119121973,-0.05491964889463284,0.6854471076642835,1.0509511979710602,0.0,0.0,0.0,0.0
0.004272934374522053,-0.3864500549508613,0.7666922088487593,-0.006224123492098156,-0.6600361350598709,-0.007790031901978139,0.751167675093217,-0.026759279593782888,0.6275439086655435,-0.8223135041940842,0.05003938191595763,0.6021711368051127,-0.7729078023809461,0.06372429346384474,0.6772789561232447,1.0149307577881153,-0.05493404349008504,0.6854913498791221,1.0509677870694236,0.0,0.0,0.0,0.0
0.004272934374522053,-0.3864500549508613,0.7666922088487593,-0.006224123492098156,-0.6600361350598709,-0.007790031901978139,0.751167675093217,-0.026759279593782888,0.6275439086655435,-0.8223135041940842,0.05003938191595763,0.6021711368051127,-0.7729078023809461,0.06372429346384474,0.6772789561232447,1.0149307577881153,-0.05493404349008504,0.6854913498791221,1.0509677870694236,0.0,0.0,0.0,0.0
0.004272934374522053,-0.3864500549508613,0.7666922088487593,-0.006224123492098156,-0.6600361350598709,-0.007790031901978139,0.751167675093217,-0.026759279593782888,0.6275439086655435,-0.8223135041940842,0.05003938191595763,0.6021711368051127,-0.7729078023809461,0.06372429346384474,0.6772789561232447,1.0149307577881153,-0.05493404349008504,0.6854913498791221,1.0509677870694236,0.0,0.0,0.0,0.0
0.0051098709137064,-0.38682632784450743,0.7667341014274023,-0.006470393573134765,-0.6601196534502817,-0.0074820403267491535,0.7510953309721993,-0.026324620075221638,0.6322680776406505,-0.8299208446744304,0.05059158864658114,0.608308445631697,-0.7817132637977822,0.07046485188378118,0.677396998505739,1.0142435152941924,-0.048296579799204445,0.6891819226150452,1.053577260009614,0.0,0.0,0.0,0.0
0.006803265347460463,-0.38721051923251093,0.7668699312835483,-0.006555668976125911,-0.6603467019083363,-0.007335841164306729,0.7508964255591247,-0.02578518338065112,0.6422469566609063,-0.8445723912407856,0.05140076667461338,0.6201697365433387,-0.799116706504255,0.07561188350690495,0.6802696737961815,1.0147151315580663,-0.044415342272516735,0.694365366967929,1.0564908727692492,0.0,0.0,0.0,0.0
0.009311255803806217,-0.3876566931717075,0.7671229213459253,-0.0064764962692038346,-0.6607273246108536,-0.0073579801332914,0.7505620011944494,-0.024990274509048067,0.6569057856173047,-0.8651027326993654,0.05260371957847391,0.6372560297344234,-0.8240651786461041,0.07960372554868664,0.6860396620352848,1.0157486074729252,-0.042984153073134246,0.7012260915788223,1.0595403889440411,0.0,0.0,0.0,0.0
0.012582229774075073,-0.3884226677231769,0.7677069696403518,-0.006117846260382484,-0.6613538655931277,-0.007655900266551826,0.7500100156753043,-0.023189762012037474,0.675099861602387,-0.8879930099350043,0.054922679313501616,0.6593918238805669,-0.8551129987379343,0.08290691818707348,0.6965064859038828,1.0145756662865786,-0.04378657343949781,0.7108573168362684,1.0615449921903384,0.0,0.0,0.0,0.0
0.016632764711155254,-0.3899453651044101,0.7696280994099942,-0.005038863772306584,-0.6628809553248126,-0.008623235245798451,0.7486581921901634,-0.018903601014042343,0.6953710900969736,-0.9027549171109462,0.059754327695228676,0.6868647430815155,-0.8864030077867738,0.0833962247375736,0.7209216923624183,1.0022787096270473,-0.05077838548429596,0.728788883564283,1.055634286602784,0.0,0.0,0.0,0.0
0.019667352738785837,-0.39149379482861923,0.7707647587030468,-0.005283196369502449,-0.6619382361140161,-0.008525231105900527,0.7494912806970987,-0.015349482633975793,0.7126216487642141,-0.929647020935966,0.05317712547150751,0.660399502687332,-0.8556595022698333,0.05689167655350501,0.7091838646899947,1.0335544762880349,-0.034177918548622274,0.7407758866852658,1.0524381635786528,0.0,0.0,0.0,0.0
0.023211702581340015,-0.39292462674658457,0.7720317882038972,-0.005138131800040009,-0.6615080742724434,-0.008714444515520737,0.7498698058534926,-0.01184911994378356,0.731879760318775,-0.9558234217138454,0.04636890070766587,0.6408786255757992,-0.840888980844884,0.036602220170062205,0.7030800824097604,1.05857141604032,-0.024274235532365785,0.7540350719176384,1.048459574366575,0.0,0.0,0.0,0.0
0.02665718387872383,-0.3943262757783929,0.7734498774333243,-0.0047390625292036085,-0.6615031213686268,-0.009078522936362271,0.7498724839112327,-0.008237845182372534,0.7496328916299049,-0.9763505412207973,0.040590502047233135,0.6275550810992232,-0.8365824315681198,0.023485481768622783,0.6994889145548545,1.0795566300288482,-0.018196149000412186,0.768246008340537,1.0430516519985542,0.0,0.0,0.0,0.0
0.029743396977447406,-0.3957148831085618,0.7749229334514881,-0.004286303325662651,-0.6616139779694156,-0.009484742743130983,0.7497723730669081,-0.004555149239901541,0.7649611456617202,-0.9920754145433409,0.03579914987507613,0.6179522549798663,-0.8378998612684073,0.014868406408831974,0.6965884913329056,1.0978033720161315,-0.01269433441705132,0.7824218255787047,1.0365706245075477,0.0,0.0,0.0,0.0
0.03234212420363842,-0.3970978705475635,0.7763675326724329,-0.0038595363610722075,-0.6617074245732215,-0.009878294864344434,0.7496871397685337,-0.0008236542978381036,0.7773786181682156,-1.0034393392064473,0.03184810085673037,0.6103642210489649,-0.842145142202348,0.008757019530151608,0.6935690391901004,1.1141578745859342,-0.006277281117099927,0.7958429316578015,1.0296494398437535,0.0,0.0,0.0,0.0
0.03442571898589601,-0.39846283219894346,0.7777414442237797,-0.0034783474410633453,-0.66174834853779,-0.010242307417212573,0.7496479970261763,0.002899197344694556,0.786857852263513,-1.010856777391971,0.028512650069180454,0.6037301844701415,-0.8478559039204691,0.004018860113382417,0.6901083247212143,1.1292228710137353,0.001375011542740964,0.8081680961642443,1.022700198699076,0.0,0.0,0.0,0.0
0.03603032043286004,-0.3997867759808088,0.7790324460292093,-0.0031418491217800357,-0.661743493370472,-0.010572461998066223,0.749649185161459,0.006531539120508275,0.793685536547254,-1.0148525869107536,0.025555777584669995,0.5974252170545489,-0.8542361946795679,5.723126499173215e-05,0.6861199165541559,1.1434403169768663,0.010010775009312283,0.8193293047691605,1.0158953330258549,0.0,0.0,0.0,0.0
0.03722498276318101,-0.40104570888453145,0.7802421242025733,-0.0028440952357582363,-0.6617100066216581,-0.01087051178187467,0.7496756700284831,0.009995825481005033,0.7983068531138835,-1.0160519817665798,0.02278039536123089,0.5910854219647331,-0.8608486763951628,-0.0034668371942480737,0.6816214738371063,1.1571342809012257,0.0191439959103422,0.8293787162323312,1.0092697955986158,0.0,0.0,0.0,0.0
0.03808976115807915,-0.4022207211440564,0.7813751242192355,-0.002578111695081765,-0.6616624126664228,-0.01114289717868925,0.7497146396109664,0.013238043647654444,0.8012074301486436,-1.0151127586252287,0.020053931026741204,0.584502826794082,-0.8674776529115935,-0.006806182567201653,0.6766802862357778,1.170540317446177,0.028231142686633414,0.8383870774305795,1.0028158226128332,0.0,0.0,0.0,0.0
0.03870251716812281,-0.40329966701266073,0.7824384648385654,-0.0023405885459409238,-0.6616127920501252,-0.011391337704862227,0.7497554751158475,0.01621927037654689,0.8028433885558985,-1.012645823877896,0.01728246759706619,0.577569012893548,-0.8740118564023416,-0.010088375717255014,0.6713764549546056,1.1838141921899616,0.036907563512576666,0.8464887318637876,0.9965086630952323,0.0,0.0,0.0,0.0
0.039131056919895726,-0.4042771399326848,0.7834388764505761,-0.0021314364116068406,-0.6615697029165212,-0.011612802237477947,0.7497907227926752,0.018915177084818026,0.8036022096294496,-1.0091775138998862,0.014401066347969971,0.5702332198523944,-0.8803997852777969,-0.013364608910112381,0.6658018622773978,1.1970358342770886,0.04503095837872288,0.8538559808599586,0.9903329213889529,0.0,0.0,0.0,0.0
0.039429978186385974,-0.40515266528419636,0.7843774914325433,-0.0019484965575952587,-0.6615374334178796,-0.011808771746439232,0.7498166312225207,0.021323637743689613,0.8037888672394978,-1.005139506932024,0.011382956665441585,0.5624793203647954,-0.8866283560041831,-0.016687690563558583,0.6600745760451524,1.2102263119276628,0.05248505667078551,0.8605899157409381,0.9843187960462247,0.0,0.0,0.0,0.0
0.03963960375532721,-0.4059293493313645,0.7852470074089395,-0.0017890649443502318,-0.6615142893449113,-0.011983638941929128,0.7498346728691807,0.02345884349058695,0.8036249948253567,-1.0008919501079796,0.008227525483464927,0.5543466251304023,-0.8926697848536089,-0.020113860486639407,0.654336119190155,1.22331930786919,0.05918118246738494,0.8666970258523693,0.9785682165453179,0.0,0.0,0.0,0.0
0.039787333821612626,-0.4066126430808605,0.7860304988003586,-0.0016522774916185741,-0.661495693484243,-0.012139176261324387,0.7498488900309098,0.02533907936128378,0.8032561746690585,-0.9967364739536174,0.004942844689142616,0.5460282977668742,-0.8984103025111797,-0.023677028348825468,0.6487790729952201,1.236097049118646,0.0651356970157773,0.8721256157354834,0.9732754509815932,0.0,0.0,0.0,0.0
0.03988926885601371,-0.4072097961052739,0.7866977418505132,-0.0015387205267954644,-0.6614767929494502,-0.01227423906814359,0.7498636061203054,0.026984030815405725,0.8027577273735931,-0.9929285989418368,0.0015441215143934374,0.5380081823570556,-0.9035690779752621,-0.02740033309027209,0.6436867657280527,1.2480909421784612,0.07046412841062676,0.8767569609612609,0.9687665016449074,0.0,0.0,0.0,0.0
0.03997196968124519,-0.40771956252577823,0.7872030052682893,-0.0014483341123227621,-0.6614543721222739,-0.012386671522094909,0.749881714870573,0.02839014108235684,0.8022764073235407,-0.9898892446806151,-0.0019965324085411493,0.5311922911007777,-0.9075688834111896,-0.03136079088836029,0.6396042777567938,1.2583916856028088,0.07518910678440101,0.880397120931891,0.9654998123174406,0.0,0.0,0.0,0.0
0.040059652016872074,-0.40813934993893736,0.7874906735036646,-0.0013820372560747194,-0.6614210498988891,-0.01247439497670998,0.7499097773690105,0.029552520939013095,0.8019528496085583,-0.9880892837201819,-0.005731865533412503,0.5268340730094256,-0.9094829396272894,-0.03575780922701219,0.637434978585301,1.2652901456439782,0.07933228432741923,0.8827777329063761,0.9640212797994685,0.0,0.0,0.0,0.0
0.04012618906417919,-0.4084912586306884,0.7875203965741082,-0.0013418605003893442,-0.6613652460405253,-0.012538654140220748,0.7499579940853386,0.030535229308715023,0.8015985366692038,-0.987451713570847,-0.009625297547017022,0.5260117918514896,-0.9082198601644573,-0.040907307795977274,0.6384669409386834,1.2659470735814957,0.08321023354659936,0.8836497448668029,0.9647744525082027,0.0,0.0,0.0,0.0
0.040121409206170085,-0.4088012015183837,0.7872944819036168,-0.001327487835712344,-0.6612816530972644,-0.012579325349371267,0.7500310484418294,0.03140339790959333,0.8008808238376585,-0.98748268582558,-0.013556486125558058,0.528666064921055,-0.9037860268886416,-0.04673931199819896,0.6425211533923721,1.2602863820180448,0.08715376460885343,0.8829725598150965,0.9677879754748385,0.0,0.0,0.0,0.0
0.04002814454407768,-0.4090773623178583,0.7868590933280517,-0.0013337783022835186,-0.6611752894816599,-0.01259870874515328,0.7501244764385696,0.032174116779100155,0.7996905637605696,-0.9878002094734603,-0.0174856779273732,0.5336823935783321,-0.8972632743470791,-0.052961718052689774,0.6482266399781051,1.2510443691356838,0.09114099306323101,0.8809677264713462,0.9726227573306159,0.0,0.0,0.0,0.0
0.03982091464229594,-0.40933626392121275,0.786276999788483,-0.0013527837149011023,-0.6610551166890504,-0.012601780640253683,0.7502302965091062,0.03288648450837044,0.7978519831301549,-0.98782879860086,-0.021331735317064955,0.5398296362451915,-0.8895414726151835,-0.059353302873602416,0.65475888609508,1.2398917020711882,0.09518525199896757,0.8779435446268815,0.9787000401488505,0.0,0.0,0.0,0.0
0.03946327862342886,-0.40960312942546406,0.7856036031358039,-0.0013783872238898494,-0.6609225656676465,-0.012594011359822818,0.7503471550674561,0.033604628980103426,0.7951162978505609,-0.9869425255763243,-0.025009871872056395,0.5462170944971974,-0.8811777217424148,-0.06580738181296684,0.6615991329301348,1.227707911079257,0.09942399388706039,0.874140108370717,0.9855297390511373,0.0,0.0,0.0,0.0
0.03890823725080667,-0.4099112597035881,0.7848818821653163,-0.001405780031659445,-0.660772241330359,-0.012580765961471167,0.7504797087180832,0.03441454589950367,0.7911616915552828,-0.9844809079670032,-0.028436399700186826,0.5523431775268474,-0.872453840943552,-0.07228524614485303,0.6683893587128953,1.2149141409822903,0.1041059810675297,0.8697023897521453,0.9927585376892072,0.0,0.0,0.0,0.0
0.03809980842255686,-0.41030218103052496,0.7841443433455118,-0.0014312944965306539,-0.6605923527214204,-0.012567154632400504,0.7506382361340834,0.035423436672440335,0.7855981747922527,-0.9797439960527657,-0.031533224096059166,0.5579830993184665,-0.863483629532917,-0.0787932941886795,0.6748615973148716,1.2016872655651532,0.10958065376459956,0.8646945251356244,1.0001475703212888,0.0,0.0,0.0,0.0
0.036975889625451105,-0.41082551251045923,0.783416344062846,-0.001452948270187736,-0.6603648981216995,-0.012557504828060765,0.7508384642135315,0.03675779564112981,0.7779785811213367,-0.9719924555382095,-0.03423854295786236,0.563061759806973,-0.8543065432022562,-0.08538228336699184,0.680798771089689,1.188087686032067,0.1162894971897206,0.8591249912476954,1.0075344683968879,0.0,0.0,0.0,0.0
0.03547360664239286,-0.41153719288473706,0.7827183761992139,-0.0014721178193890909,-0.6600653929346378,-0.012553797000651517,0.751101798759685,0.03855603902790257,0.7678248712730644,-0.960478836145991,-0.03652469214142451,0.56756547875988,-0.8449480635885174,-0.09216972168179034,0.6860124051134694,1.1741391118081759,0.12475201234057302,0.8529703814104838,1.0148004606337082,0.0,0.0,0.0,0.0
0.03353918429451741,-0.41249426177355525,0.7820662896818175,-0.0014962666682878422,-0.6596628712379629,-0.012552868085123021,0.7514553100477643,0.040950952443218724,0.7546847122429698,-0.9445353048472886,-0.03841904463998532,0.5715037795194257,-0.8354447462164796,-0.09939295520421432,0.6903477782158434,1.1598957190096366,0.13552392213793102,0.8461943759819627,1.0218489672415925,0.0,0.0,0.0,0.0
0.031144627038208993,-0.4137438708802283,0.7814686980308767,-0.0015430422965774207,-0.6591199043226879,-0.012542356511614311,0.7519316857529393,0.044037422218311494,0.7382412417479823,-0.9237611673328382,-0.04001898223027659,0.5749139509094121,-0.8258353072780781,-0.10753588850799518,0.6937444720609094,1.1455287662081046,0.1491094692616992,0.838758095490455,1.0285989372263158,0.0,0.0,0.0,0.0
0.028311664370838888,-0.415302399275105,0.7809202204196946,-0.00164629490626574,-0.6583921810907074,-0.012495584793802573,0.7525695223382113,0.047818323112008336,0.718502018681887,-0.8983664038440305,-0.04144600303384789,0.5778947047419544,-0.8161280369627981,-0.11757784404379062,0.696389007995824,1.1314637644246888,0.1658007827988332,0.8306086688766052,1.0349989676500675,0.0,0.0,0.0,0.0
0.025133323940970113,-0.4171163994667494,0.7803896539462866,-0.001860431522837793,-0.6574414256769224,-0.012347280681753038,0.753402186921574,0.052071702460598585,0.6960347006916967,-0.8695992288660588,-0.04255333352796783,0.5806017127735945,-0.806119549818148,-0.13089712005779902,0.6988850331037059,1.1185715149990054,0.1856033197600469,0.8217463132008461,1.0410809285500704,0.0,0.0,0.0,0.0
0.021998558941421546,-0.4189483703353219,0.7798111767437205,-0.0023142179585818106,-0.6560976648175935,-0.011958114108828233,0.7545776978702068,0.05609478525326157,0.6739720275739705,-0.8437290400696617,-0.04398970467143548,0.58281322269483,-0.7944574477505155,-0.15216080780841357,0.7038311394784688,1.1076080591823179,0.20787578134492535,0.8121440460110649,1.0467888456952128,0.0,0.0,0.0,0.0
0.01905932603724518,-0.42071527868832664,0.7791824729062776,-0.003120282386223796,-0.6542465679249594,-0.011237659751279657,0.7561913826535952,0.0596531431259836,0.6539347713607728,-0.8242226392188479,-0.0462637718785975,0.5837378231867164,-0.7809463435118081,-0.18832224278452303,0.7118244707113942,1.100295642943976,0.23296144637246016,0.8018636072819934,1.0518670360107207,0.0,0.0,0.0,0.0
0.01647888529035362,-0.4222521902095144,0.7784570223295204,-0.00435633798877921,-0.6518151156402459,-0.010053379574150707,0.7582987583409052,0.06219776650460814,0.6378445298119608,-0.8151192429939789,-0.049404856660293914,0.581311422582671,-0.7653481795222065,-0.24599650390775207,0.7224112832096719,1.0983363707607785,0.26016727703114845,0.7907168447791764,1.0563074748864045,0.0,0.0,0.0,0.0
0.014606000373075358,-0.4233103705051298,0.7772839808629968,-0.005612137547269721,-0.6491592470624272,-0.008610346331690716,0.7605830906623822,0.06314794526909381,0.6278639724388292,-0.8190788099181978,-0.05333839403712997,0.5730872422410044,-0.7489345784171999,-0.3117093547155016,0.728916097606996,1.1047171728213225,0.2814585681275519,0.7768219593645537,1.0632150575124708,0.0,0.0,0.0,0.0
0.01464887480784005,-0.42341455926531574,0.777255630693734,-0.005666126749489599,-0.6491560649792357,-0.008522762537586671,0.760586392743823,0.06323616040915561,0.6277179828863018,-0.8190583504159786,-0.05338383070639204,0.5731037271368198,-0.748929286710732,-0.31171195684720765,0.7289322668759175,1.1047250587341826,0.28147847332926496,0.7767067744480404,1.0631266383062141,0.0,0.0,0.0,0.0
0.01464887480784005,-0.42341455926531574,0.777255630693734,-0.005666126749489599,-0.6491560649792357,-0.008522762537586671,0.760586392743823,0.06323616040915561,0.6277179828863018,-0.8190583504159786,-0.05338383070639204,0.5731037271368198,-0.748929286710732,-0.31171195684720765,0.7289322668759175,1.1047250587341826,0.28147847332926496,0.7767067744480404,1.0631266383062141,0.0,0.0,0.0,0.0
0.014823193603059136,-0.4237696297844804,0.7776136276969496,-0.005613019730268435,-0.6502126634962306,-0.008706348197783037,0.7596816344625583,0.06429819726063192,0.6262085087340273,-0.8099964111678422,-0.052189845949124535,0.5733657404483976,-0.7434944365096735,-0.31687196672484963,0.7368452666584837,1.1033014587171541,0.28808458285729843,0.7841725881493388,1.0626702524511649,0.0,0.0,0.0,0.0
0.015347366461264302,-0.424279522649489,0.7778621619470093,-0.005482191533208131,-0.6508535233034104,-0.008943298337762246,0.7591308544607919,0.06584298367903557,0.6270932740957506,-0.8068626490514157,-0.05069313858940924,0.577316069944642,-0.7466019263734939,-0.32090266809275214,0.7432766229201284,1.1021355270087572,0.2950328255485724,0.7902209670628216,1.0633272882929568,0.0,0.0,0.0,0.0
0.01642216024755873,-0.42496476442054076,0.7779752030215474,-0.005251836130064159,-0.6512302814634333,-0.00925783870298762,0.758805529200249,0.06795367112660557,0.6314262762803886,-0.8106908574694702,-0.04883373554791795,0.5861227542533812,-0.7596119242503651,-0.32551101248308806,0.74952448234769,1.1020402666340552,0.30319875705664956,0.7959102399014333,1.065815019081039,0.0,0.0,0.0,0.0
0.01817345184691366,-0.42585613232299446,0.7779938748071175,-0.004900073437708058,-0.6515637137455967,-0.009679196705212724,0.7585163342746766,0.07074462768144037,0.639514263530918,-0.8206998363645761,-0.04649479519208301,0.6000914003016967,-0.7818465327297676,-0.33289470283596695,0.7575573320927425,1.1031946090832967,0.31427962791230457,0.8030419902820515,1.0702938822375538,0.0,0.0,0.0,0.0
0.020694524547164184,-0.42700292154450126,0.7780812046876138,-0.004469334898636381,-0.6526043481809944,-0.010284274419777282,0.7576158812224582,0.07448851646291528,0.6505077489625967,-0.8313836145464103,-0.043320286806094434,0.6182059421178596,-0.8075301050659398,-0.3490306547469483,0.7731363525155268,1.105601922366917,0.33497806391557156,0.8175091705819636,1.0767223321015267,0.0,0.0,0.0,0.0
0.023439271359758325,-0.42923788124815704,0.7792439494305193,-0.007005767422454227,-0.653912952987191,-0.007496836936442949,0.7565002092361526,0.07152541637628736,0.6372953132608509,-0.8175423544409657,-0.04136719095829807,0.6382045977621793,-0.8224024404175516,-0.2838563803625134,0.7724549062454964,1.0944076141704804,0.25257023263086825,0.790243841499806,1.083208383507151,0.0,0.0,0.0,0.0
0.026603385042441186,-0.4314028096071817,0.7803286742725987,-0.008775476392353977,-0.6554213023184579,-0.0056565487080825075,0.7551913075095456,0.06783484126531544,0.6274109277918182,-0.8155230754527333,-0.03835414898992437,0.6606120912980301,-0.8426344909449439,-0.23614151641648223,0.7775346031228598,1.0843414566379084,0.18525287280360822,0.7676663500765156,1.0920827034766951,0.0,0.0,0.0,0.0
0.029931278046054034,-0.4334312250953732,0.7812485077316714,-0.009663903790082229,-0.656621599602575,-0.004773667422311313,0.7541431535181055,0.0650551031028075,0.6194834074113117,-0.8190212423319471,-0.03459378036598722,0.6843406219974604,-0.8691658555821234,-0.20480328619634014,0.7857494852223268,1.0755992570555089,0.14327541157356027,0.7536384936037996,1.1025723784742858,0.0,0.0,0.0,0.0
0.03296343979652085,-0.4351427889646595,0.7820736204862413,-0.010098354598482937,-0.657596113655435,-0.004382392860763596,0.7532902290435508,0.06260616086090914,0.6131148058467357,-0.8255552403969673,-0.030994574326945818,0.7055332015174322,-0.8939520343975735,-0.18367857013925,0.7949958041114801,1.0677150883124817,0.11683912770912967,0.7445354462463994,1.1146413913485393,0.0,0.0,0.0,0.0
0.03557335142909784,-0.4365148052701709,0.7828624569704694,-0.01032608029317538,-0.6583613716199315,-0.004201286531260511,0.7526194427570839,0.06048341479857984,0.6078097775023655,-0.8336049076043094,-0.027937933935630085,0.723398021736477,-0.9148546809455206,-0.16854444294832138,0.8040307145179413,1.0601945220404465,0.0995040373965104,0.7380190268031408,1.1276180610605187,0.0,0.0,0.0,0.0
0.0377328786716258,-0.4375716143395941,0.7836502965349025,-0.010472691019933734,-0.6589566818811051,-0.0040953582369691694,0.7520968303270237,0.05852451663705996,0.6031322882684234,-0.8423479932282288,-0.025526161498495674,0.7379143019570088,-0.9313114557040647,-0.15711344294721266,0.8123749666551656,1.0527649299431054,0.08731392414215632,0.732632811430099,1.1410017930145038,0.0,0.0,0.0,0.0
0.03946178545326102,-0.438366660076845,0.784452873917244,-0.010593525363524621,-0.659424822188358,-0.004012732859545136,0.7516851595430248,0.0564416079119921,0.5987010935303284,-0.8513489491763684,-0.023692850750603654,0.7493886001144202,-0.9435099428909013,-0.1481009530004249,0.8199234155689493,1.0452856583595813,0.07790430715242554,0.7275348863364586,1.154467450262495,0.0,0.0,0.0,0.0
0.040809198748802844,-0.43896118465908307,0.7852718113713261,-0.010707718768428222,-0.659800481646212,-0.003936734611516043,0.751354224915786,0.05404646739183123,0.5942287101999911,-0.8603946411590948,-0.022314051709319518,0.7582801502554102,-0.952024990524006,-0.14072818244903773,0.8267187551442067,1.0377092697466732,0.07000516512054374,0.7222967479903731,1.1678530046153577,0.0,0.0,0.0,0.0
0.04183604129403321,-0.4394152966103901,0.7860985146333186,-0.010825392241692638,-0.6601017359708287,-0.003854196491627345,0.7510883131966012,0.05127383341712637,0.589474922666878,-0.8693753617120907,-0.021266141911119276,0.7650902577224638,-0.9575974186818277,-0.1341894156229591,0.8327138634616684,1.0300359098880891,0.06299050026987978,0.7166950799394953,1.1810980425481208,0.0,0.0,0.0,0.0
0.04260524952518724,-0.4397764589544895,0.7869225388638428,-0.010940382842106489,-0.6603511675796662,-0.003772721452741701,0.750867771363427,0.04816063653654812,0.5843284221873326,-0.8782519313090916,-0.02042907259975817,0.7702750980303729,-0.9609121191290894,-0.1282776169935785,0.8380645874524196,1.0223272334927973,0.056497458948458215,0.710684954615503,1.1942018064584639,0.0,0.0,0.0,0.0
0.04317284460962941,-0.440082644926682,0.7877304544572797,-0.011046844622870252,-0.6605634841974096,-0.0036976109656925394,0.7506798107329136,0.044788382776643876,0.5787150278488249,-0.8870149376332347,-0.01970883942958183,0.7742254258755059,-0.9625842574180237,-0.12281158826700685,0.8428666548827823,1.0146705981803754,0.050356605663402845,0.7042935425563008,1.2071786711768968,0.0,0.0,0.0,0.0
0.04358190213829207,-0.440365110399973,0.7885067729050698,-0.011141113659951435,-0.6607479379502705,-0.003632779367054865,0.750516382895771,0.0412110568077139,0.5725914002388205,-0.8956476787476072,-0.019027281231781247,0.7772431804411163,-0.9631142530886737,-0.11759388290796245,0.8471442860523222,1.0071685086369206,0.04444334360733555,0.697582952009389,1.2200122503445328,0.0,0.0,0.0,0.0
0.0438645741459927,-0.4406469943959019,0.7892337329467556,-0.011216598554677602,-0.6609138263787228,-0.003586750308468255,0.7503694005225182,0.03747718860650434,0.5660182744187563,-0.9040968161724621,-0.018319684972077737,0.7795489782874316,-0.96289297927461,-0.11261420048919092,0.850937672017206,0.9999651127737195,0.03865959165951305,0.6906806746680743,1.2326216918759059,0.0,0.0,0.0,0.0
0.04404329665065041,-0.4409464494565429,0.789887091650594,-0.011269869219301433,-0.6610639822947961,-0.0035630970880729724,0.7502364331992056,0.033636224355521264,0.5592101177492315,-0.912203198992474,-0.017540023182612607,0.7813021987105689,-0.9622598575854228,-0.10778186078287837,0.8541715192433235,0.9932608262991734,0.03296827326194225,0.6837679419046758,1.244791705576501,0.0,0.0,0.0,0.0
0.04413176659514718,-0.4412776658165838,0.7904334109891259,-0.011298374219322217,-0.6611973682759974,-0.0035640493795200366,0.7501184469648213,0.029738381599450046,0.5526641626976855,-0.9196148914620148,-0.016653722109276445,0.7826061243610496,-0.9615185941540358,-0.1030068797566128,0.8566807327833853,0.9873444721164933,0.027364615922671563,0.6771147464177676,1.2560472973605463,0.0,0.0,0.0,0.0
0.0441328929870388,-0.4416552021145506,0.7908218271330397,-0.011314855599227198,-0.6612956171484918,-0.00357104716840244,0.7500315516063873,0.025798072080259516,0.5471739799331272,-0.9256980495724018,-0.015649996667003608,0.7835145042691226,-0.9609972689432346,-0.0976540392977933,0.8579343707493416,0.982617403486364,0.02197167254536219,0.6710972443243287,1.265436897047493,0.0,0.0,0.0,0.0
0.0440429379100932,-0.44208189423792604,0.7909890656703996,-0.01132042258230486,-0.6613529243346041,-0.0035832480893817817,0.7499808783160776,0.021843548742062024,0.5439197510516615,-0.9295488334977657,-0.01452453456571576,0.784000677696967,-0.9609315901227093,-0.09170173496716492,0.8575549993697771,0.9796682602774711,0.016961023115486175,0.6664844930714547,1.2712293715749208,0.0,0.0,0.0,0.0
0.04385764611137838,-0.4425370978273583,0.790893399171129,-0.011257989178514276,-0.661425128381457,-0.0036800455003544452,0.7499176718082758,0.01800488142241066,0.544259012334267,-0.9301715515121304,-0.01323439072760958,0.7839311530705847,-0.9612093392798786,-0.08741717207069025,0.8562423417242938,0.9791254867786663,0.012311297515110653,0.6648525397749381,1.270668945542365,0.0,0.0,0.0,0.0
0.04355387116855322,-0.44302856763315446,0.7905261823168871,-0.01111048392024544,-0.6615278956242204,-0.0038839233411313875,0.7498281907193999,0.014306524970952023,0.5482113292695967,-0.9275318703321715,-0.011731888128609624,0.7831732413882587,-0.9616449850758404,-0.08513811124019213,0.854084736286161,0.981074805219859,0.007936470215861108,0.6662162127030035,1.2637751829409964,0.0,0.0,0.0,0.0
0.04309175679570564,-0.4435983230982842,0.7899138375651086,-0.01091444557816121,-0.6616222692968086,-0.004139620579810278,0.7497464312617419,0.010692955340596461,0.5544258485875551,-0.9225765050681586,-0.009976310992820155,0.781634220486476,-0.9620530611195417,-0.08290142426069644,0.8504087171422231,0.9849706690598659,0.0038382753439153523,0.669010304127673,1.2533244162814814,0.0,0.0,0.0,0.0
0.04242609592806609,-0.4442837958576461,0.789100818154363,-0.01068883804538511,-0.6616882326078177,-0.004414848166852746,0.7496898963473136,0.007152808652031311,0.5615218726744104,-0.9161356693012174,-0.007911464956949135,0.7791650428933802,-0.9620570768491958,-0.07943968926226341,0.8449283305519388,0.9901440194682863,5.5719626156815714e-05,0.6723198853894023,1.241025989102503,0.0,0.0,0.0,0.0
0.04150801350787216,-0.4451062532820927,0.7881224549160506,-0.010414543369857095,-0.661744129158328,-0.004730955371941135,0.7496424900391866,0.003735925506443427,0.568643522346755,-0.9088043118779103,-0.0054580711225357455,0.7755175603954079,-0.9611066100500844,-0.07502183707135712,0.8379388155405549,0.9961641538388722,-0.003482412224897929,0.6757203083937481,1.2278162205444845,0.0,0.0,0.0,0.0
0.040286659234625224,-0.44607522186493426,0.787010632289774,-0.010030503155289899,-0.6618462490366126,-0.005166053752749347,0.7495546968242154,0.0005691215606882859,0.5755478407527922,-0.9009509139149479,-0.002499933695609157,0.770366757030566,-0.9584923261046536,-0.07137078158864617,0.8303321604413623,1.0027788169410294,-0.0070955666228787705,0.6790860980895261,1.2141801615544858,0.0,0.0,0.0,0.0
0.03869499295476477,-0.44723882553363165,0.7857885486048041,-0.009571504914741699,-0.661949719081075,-0.005662000513976006,0.7494657413466828,-0.0023347320328160827,0.5818097476854344,-0.8926646999871041,0.0010050523411798302,0.7634619875272749,-0.9538043373271281,-0.06652667956009853,0.821356729651889,1.0093974800460106,-0.010536184050557854,0.6820423957727456,1.2002584571724155,0.0,0.0,0.0,0.0
0.03665387749321353,-0.44867609752722687,0.7844610316825353,-0.009192447200168334,-0.6618991383289737,-0.005997593636380024,0.7495125472361399,-0.005117001670852694,0.5866154240168688,-0.8838884369129345,0.004971050920609709,0.7546260377525886,-0.9469643015390264,-0.054885614691671566,0.8085366610242548,1.0151456023268783,-0.012727287406744659,0.6839928872968262,1.1859623121381628,0.0,0.0,0.0,0.0
0.03413385154621736,-0.4503455204607377,0.7830587174594966,-0.008760007332739983,-0.6618412840883637,-0.006362554894468271,0.749565804211352,-0.007492942307416583,0.5907929230450493,-0.8748682376181037,0.009513971200253409,0.7434008854558715,-0.9368507582901943,-0.042029088112113366,0.7944035755397036,1.0201386137455295,-0.014720404874337921,0.6853401644638237,1.1713848653868186,0.0,0.0,0.0,0.0
0.031098527716522818,-0.45224566557655166,0.7815862499533079,-0.008335559836006676,-0.6617297970044034,-0.006678015554082583,0.7496663246451656,-0.00951822735762898,0.5942293156796734,-0.8657741892989292,0.014515122873407369,0.7295113032110154,-0.9229958324524516,-0.026754031934690357,0.7783819620642809,1.0240488248122228,-0.016193329986736428,0.6859553141275332,1.156449133428699,0.0,0.0,0.0,0.0
0.027546101485923104,-0.45434494267085856,0.780070415249518,-0.007956329644057791,-0.6615541411599397,-0.006906981154586287,0.7498233850341424,-0.011251984535738859,0.5970959425369489,-0.8568489377367645,0.019831886199677868,0.7127529903302525,-0.9048574855155246,-0.009417668054992844,0.7607204175346448,1.02652737162494,-0.017235584572533602,0.6858441200716143,1.1411237567766672,0.0,0.0,0.0,0.0
0.023528135802671372,-0.4565774066255575,0.7785455308105742,-0.007641748091093785,-0.6613279213436162,-0.007043857072825891,0.7500249117295915,-0.012879944616379263,0.5998229420220569,-0.848433539124978,0.02527873418213418,0.6931017151593404,-0.8820739703806278,0.008761164820120619,0.7421527598485423,1.0273807305326577,-0.018187966535123355,0.6851804903185019,1.1255009261383806,0.0,0.0,0.0,0.0
0.019181497485880453,-0.45885082962488644,0.7770459225799107,-0.0073906098548039405,-0.6610845783592701,-0.007112621994738258,0.7502412743577095,-0.014803805302999842,0.6031577221626923,-0.8408900721128625,0.03065066107291156,0.6709464166519885,-0.8548867070923583,0.026249847173595374,0.7237004503488585,1.0266989919388474,-0.019704687440953047,0.684389750309943,1.109926263932828,0.0,0.0,0.0,0.0
0.014964640565382829,-0.46117419057837256,0.775588353221543,-0.007169799834948208,-0.6607527911826467,-0.00716806066875352,0.7505351169804897,-0.017037662888182703,0.607569400365434,-0.8333974276153444,0.036046187622328515,0.6491255912733611,-0.8280825464134866,0.04250829401859159,0.7062690091292172,1.0247858421005371,-0.022395947265305298,0.6851222496426095,1.0943791883109495,0.0,0.0,0.0,0.0
0.011153185853904126,-0.4633253327410096,0.7743152706358886,-0.006915525164938224,-0.6604316407108259,-0.007299431828761765,0.7508188474956371,-0.019857455789418617,0.6138950982853894,-0.8270585740913509,0.04106084340482791,0.6289189713634231,-0.8028749750062227,0.054973297205945224,0.6918921714663404,1.021909734573639,-0.02779530910911824,0.6870082046644705,1.0794052517605242,0.0,0.0,0.0,0.0
0.0080997031111823,-0.46505063093351745,0.7733624013448932,-0.00657334707990335,-0.660160658159195,-0.007572068503974233,0.7510574946737144,-0.02307680890317038,0.6220065135647882,-0.8232737783151021,0.04520999263776146,0.612291501783796,-0.781879847078173,0.06186587703309177,0.6820496794500734,1.0187293427401853,-0.037394994749472145,0.6892616770210903,1.065161950872066,0.0,0.0,0.0,0.0
0.0062891794087893286,-0.4660591451863607,0.7727351435962131,-0.00620471963995449,-0.6599830090361569,-0.007919752635512974,0.7512131566712352,-0.025788162392982046,0.630042253930163,-0.8239688282797658,0.04780270852644386,0.6021251978549497,-0.7694919406431993,0.06303792552317211,0.6769937541449238,1.017375060620825,-0.05039926436585354,0.6909204161763584,1.0525862709621936,0.0,0.0,0.0,0.0
0.006247549690047307,-0.4662181079999622,0.7726480075435305,-0.006086192498420271,-0.6599948267200969,-0.007894314162348995,0.7512040114159984,-0.02577137619957045,0.6300700965111443,-0.8239849396941478,0.047980367074391565,0.601920965762998,-0.769444955483298,0.06302133553537775,0.6768582250817482,1.017288302039949,-0.050413110865057856,0.6909651798721829,1.0526029613474952,0.0,0.0,0.0,0.0
0.006247549690047307,-0.4662181079999622,0.7726480075435305,-0.006086192498420271,-0.6599948267200969,-0.007894314162348995,0.7512040114159984,-0.02577137619957045,0.6300700965111443,-0.8239849396941478,0.047980367074391565,0.601920965762998,-0.769444955483298,0.06302133553537775,0.6768582250817482,1.017288302039949,-0.050413110865057856,0.6909651798721829,1.0526029613474952,0.0,0.0,0.0,0.0
0.006247549690047307,-0.4662181079999622,0.7726480075435305,-0.006086192498420271,-0.6599948267200969,-0.007894314162348995,0.7512040114159984,-0.02577137619957045,0.6300700965111443,-0.8239849396941478,0.047980367074391565,0.601920965762998,-0.769444955483298,0.06302133553537775,0.6768582250817482,1.017288302039949,-0.050413110865057856,0.6909651798721829,1.0526029613474952,0.0,0.0,0.0,0.0
0.007069550771770526,-0.46658299613147847,0.7726868064364573,-0.0063471659617119385,-0.6600544421487919,-0.007583711943122195,0.7511526703653959,-0.025351538078137007,0.6347570793953605,-0.8316710960499849,0.04851157153855961,0.6079836775633591,-0.7782313338599116,0.06980813054186256,0.6768350408128689,1.0165826974581162,-0.04351421024170145,0.6946654095709609,1.0550997972688232,0.0,0.0,0.0,0.0
0.008743417841466258,-0.466940304517703,0.7728182400888115,-0.00644072891418154,-0.6602710812717699,-0.0074362093809793245,0.7509629278714789,-0.024865860307632118,0.6446626310865085,-0.8462710230952114,0.049253287363979166,0.6196981651007439,-0.7954476784877192,0.07481514809565634,0.6796351301455995,1.0171191686216816,-0.039591512339256486,0.6998635089467004,1.057836584349376,0.0,0.0,0.0,0.0
0.011229295481959063,-0.4673412101983819,0.773066407753454,-0.006365671786365621,-0.6606535809529311,-0.007458096331927807,0.7506268720182356,-0.024170018558234502,0.6592399786914225,-0.8666716119567115,0.05033633598144318,0.6365789836836322,-0.8200650110261637,0.07848042632472567,0.6853999793441513,1.0183070671545413,-0.038344726229457525,0.7067478235138182,1.0606326678353406,0.0,0.0,0.0,0.0
0.014476707464688128,-0.4680398890653179,0.7736485622064849,-0.0060061727844362535,-0.6612971971674629,-0.0077565378978808296,0.7500598502964813,-0.022525747149232098,0.6773605039833155,-0.8893558585337538,0.052470520399346944,0.6584549457413221,-0.8506236335208535,0.08122452935449466,0.695965310756401,1.017375074499306,-0.03961374231046579,0.716426213818682,1.0622684547823966,0.0,0.0,0.0,0.0
0.018501879128900313,-0.4694813930768222,0.7755382169234037,-0.004910430055688807,-0.6628632864945756,-0.008728418613637315,0.748673470748619,-0.018441299401669473,0.6975164290381621,-0.9038452875031411,0.05706414772044119,0.6856038989232947,-0.881380560822052,0.08082415637164192,0.720465032930929,1.0057007720489337,-0.04751302561201211,0.7342231937826473,1.056154332116904,0.0,0.0,0.0,0.0
0.021520933897989016,-0.4709608410590565,0.7766375377651923,-0.005173159607295532,-0.6618914476689413,-0.00863467407393211,0.7495321156068148,-0.015027259843080494,0.7148215087509835,-0.9311065327885815,0.050537505806019456,0.6597018754013243,-0.851983083557973,0.05467707712285626,0.7088685673384911,1.0361131974048579,-0.03106612127129574,0.7459805079153857,1.052870048514967,0.0,0.0,0.0,0.0
0.025012734201238573,-0.47233534831322593,0.7778696150815816,-0.005031465937054575,-0.6614593413936822,-0.008829342105733178,0.7499121726919361,-0.011647094350299845,0.7338330050194222,-0.9570217957865216,0.04380271480149048,0.6404887658330958,-0.8380326097360161,0.03470683884828613,0.7027815828688689,1.0605769360085653,-0.02148240526194089,0.7589914832065339,1.0488090701567696,0.0,0.0,0.0,0.0
0.028410450990737544,-0.4736795904999366,0.7792573848154644,-0.004630159289810281,-0.6614649888318558,-0.009198121241866426,0.7499053438536384,-0.00816965804312058,0.7513719299193027,-0.9772708121003618,0.0380275499874433,0.6273447296576082,-0.8341755461065719,0.021774849854234134,0.699236746877837,1.0812648639251594,-0.01589665495975865,0.7729747561902128,1.0433043813863516,0.0,0.0,0.0,0.0
0.03145267463343295,-0.47501428327840445,0.7807031315102725,-0.004177897126565405,-0.661585740922665,-0.009605437745588603,0.7497963644544587,-0.00461980766957552,0.7665178117455608,-0.992774834716281,0.03319375214746283,0.61783237226464,-0.8357272865538128,0.013243761891948256,0.6963592915900043,1.0993655464889192,-0.010850064079266378,0.786940743827049,1.0367388490228888,0.0,0.0,0.0,0.0
0.03400974803295197,-0.47634945912672944,0.7821232926271948,-0.003755453700933606,-0.6616835651789238,-0.009996978688987818,0.7497071538652282,-0.0010101939142304552,0.778772279360163,-1.003975130112726,0.029180260271521697,0.6102686267294134,-0.8400783772288383,0.0071559470886234915,0.6933204447955329,1.1156485030582761,-0.004771770328380151,0.8001690534380714,1.029752844274932,0.0,0.0,0.0,0.0
0.036053628501672694,-0.47767325724685555,0.7834758995006834,-0.003379897562657726,-0.6617232136212184,-0.010359125564357046,0.7496690292154367,0.002608237922572086,0.7881006617909734,-1.0112653132458853,0.02578287334456932,0.603610610342766,-0.8458176810270605,0.0023940727015520375,0.6898045555050664,1.1306777271095056,0.0026279423480953835,0.812306821407595,1.02275399973929,0.0,0.0,0.0,0.0
0.0376208136522416,-0.47896210468507927,0.7847485323754797,-0.0030475265608415005,-0.6617121401846525,-0.010691654057052738,0.7496755595907019,0.0061581171413190505,0.7947889564560506,-1.0151567246954427,0.022779142393550285,0.5972462368925148,-0.8521838133967515,-0.0016426617052810412,0.685739105091206,1.144880510995057,0.011014892947290782,0.8232614701637291,1.0159079074866844,0.0,0.0,0.0,0.0
0.038781513352466025,-0.48019141620062533,0.7859435411141625,-0.0027521601713246936,-0.6616707369057577,-0.010994831021361558,0.749708860310317,0.00955750998898328,0.7992847772906782,-1.0162610061667299,0.019972181878932762,0.5908401663350574,-0.858768480061158,-0.005268175452788701,0.6811597671762918,1.1585726057705767,0.019896356477043277,0.8331056887660587,1.0092419320259918,0.0,0.0,0.0,0.0
0.03961689399080749,-0.4813424702085208,0.7870666919475033,-0.002490449456152173,-0.6616182541564993,-0.011266607915734054,0.749752056999169,0.01273992214524763,0.802073989322812,-1.015224905253802,0.017211713739057482,0.5842099020952253,-0.8653550850880368,-0.00866136172335578,0.6761427967059181,1.1719778869398154,0.02887369193805832,0.8419914846664394,1.0027484744982436,0.0,0.0,0.0,0.0
0.04020505395839812,-0.48240203298484274,0.7881243567716346,-0.0022584073428602272,-0.6615671373203795,-0.011509534853716984,0.7497942071138205,0.015664740036179604,0.8036144787073863,-1.0126611063005366,0.01440247808442298,0.5772499977104035,-0.8718389523179925,-0.011955137018858341,0.6707768959146142,1.1852475416721548,0.03756563445882011,0.8500492276673375,0.9963993677556925,0.0,0.0,0.0,0.0
0.040613177309459875,-0.48336272406203107,0.7891204420980094,-0.0020516789535422906,-0.6615219868407103,-0.011730205324076736,0.7498312168900717,0.018317258541348132,0.8042962352379641,-1.0091112256249746,0.011496305281387838,0.5698884298070926,-0.878181804669425,-0.015265565579441673,0.6651503350796342,1.1984723427408246,0.04563104515272362,0.857352925126961,0.9901801558954022,0.0,0.0,0.0,0.0
0.04089521575533934,-0.4842234982538629,0.7900545432984498,-0.0018682208982071103,-0.6614854007860403,-0.011931023389733668,0.7498608037352538,0.020695794069202512,0.8044228965663571,-1.0050169766664507,0.008467561079314725,0.5620978437889421,-0.8843690813943608,-0.018651111956156964,0.6593718684278166,1.2116725842955645,0.052922530919097294,0.8639789311178321,0.9841285266681989,0.0,0.0,0.0,0.0
0.04109153947337534,-0.484987782051888,0.7909202821025959,-0.0017081084777387486,-0.6614586041821188,-0.012110106905415844,0.7498819524629265,0.022805821610266952,0.8042133309017195,-1.0007288865147737,0.005303330684521962,0.5539323852727579,-0.8903682619285765,-0.022128073966648183,0.6535889180163099,1.2247719862160311,0.059473333373475004,0.8699939657548585,0.978347629307837,0.0,0.0,0.0,0.0
0.041229424033612384,-0.4856608337965466,0.7917015134291113,-0.001571646767725276,-0.6614385592925897,-0.012266562395827107,0.749897388750201,0.024661100310812808,0.8038117612252454,-0.9965415896588685,0.0020064225052228465,0.5455964026189172,-0.89606910326093,-0.025716889909006627,0.6479977350489975,1.2375513538285847,0.06535807437353656,0.8753773978361249,0.9730272918210263,0.0,0.0,0.0,0.0
0.041324394188278164,-0.4862492981155433,0.7923674938973405,-0.0014586156225143139,-0.6614194795194844,-0.012401378130780674,0.7499122284461678,0.02628315471574427,0.8032924765519373,-0.9927116764900343,-0.0014033611705243786,0.5375691488655552,-0.9011965324212085,-0.029455315900680817,0.6428769974916106,1.249547743247605,0.07065058064033192,0.8799891544102129,0.9684923970047187,0.0,0.0,0.0,0.0
0.041404419352886294,-0.4867504505561742,0.7928718031920116,-0.0013679950324435974,-0.6613972944239328,-0.012514448215098846,0.7499300874776023,0.027667690532440434,0.802814223846629,-0.9896811092510638,-0.004954435204592595,0.5307501197244016,-0.9051728799731478,-0.03343480189990751,0.6387776289485869,1.2598541482978511,0.07531106679145161,0.8836124597462189,0.9652001364154414,0.0,0.0,0.0,0.0
0.041491927104927405,-0.48716214795468843,0.7931586712374544,-0.0013006048470666153,-0.6613644848085074,-0.012603801473906379,0.7499576460370382,0.028811053832052916,0.8025070081514482,-0.9879055396956032,-0.008696580543574474,0.5263867694012092,-0.9070703517647558,-0.037854073210769286,0.6365990027218005,1.2667565887091465,0.07936348311813504,0.8859744307242872,0.9636979460682964,0.0,0.0,0.0,0.0
0.041559069714838796,-0.48750707788956615,0.7931879230035647,-0.0012589144001883697,-0.6613089953139878,-0.01267006757822941,0.7500055314722021,0.029778113802400644,0.8021721679228775,-0.9872952689688389,-0.012591763549436169,0.5255527435141093,-0.9057957916909886,-0.043026958874217286,0.6376242595837013,1.2674090530905817,0.08315199350503819,0.8868297786671592,0.964430142769858,0.0,0.0,0.0,0.0
0.041555826311509995,-0.4878109173660558,0.7929620836768105,-0.0012429220246787597,-0.6612251035547924,-0.0127128585312596,0.750078796395258,0.030633328940027956,0.8014790095906366,-0.9873612140960691,-0.016518846981789476,0.5281883366261078,-0.9013548514815527,-0.048880382975904434,0.6416736596550372,1.2617336116592852,0.0870180826540583,0.886141031669292,0.9674240855110648,0.0,0.0,0.0,0.0
0.041465428783364046,-0.48808215588319837,0.7925275852592287,-0.0012471305238297564,-0.6611182082092657,-0.01273463683041035,0.7501726391067752,0.0313945320109144,0.8003191754041438,-0.9877192300729918,-0.02044034015448012,0.53318388408501,-0.8948311275764157,-0.05512594636761962,0.6473788236364553,1.252470433488286,0.09093800216112324,0.8841320034806643,0.9722397590132053,0.0,0.0,0.0,0.0
0.04126266348177796,-0.4883377257886273,0.7919475436442859,-0.0012632973703901097,-0.6609975792206145,-0.01274058791546748,0.7502788026885803,0.03210198955668274,0.7985168288495036,-0.9877904248345241,-0.024274595023023905,0.5393118066580137,-0.8871142875258112,-0.061540111998818224,0.653916566787985,1.241292454290057,0.09492568715951394,0.8811136454287769,0.9782970082981965,0.0,0.0,0.0,0.0
0.040911190841638884,-0.48860346533885723,0.7912777985102967,-0.001285023782507554,-0.6608644950953154,-0.012736478119735436,0.7503960620641594,0.03282174511645804,0.7958224525374723,-0.9869459797779994,-0.02793577958263045,0.5456831113267804,-0.8787605727462935,-0.06801573186849164,0.6607682385660854,1.2290798775559006,0.09912271346501587,0.8773277803024288,0.9851040412824222,0.0,0.0,0.0,0.0
0.04036395695053732,-0.48891350248186194,0.7905619019733491,-0.001307125111354932,-0.6607132153687502,-0.012728122664204476,0.7505293687488025,0.033642477063540496,0.791912538351983,-0.9845210570558961,-0.03133851616892425,0.5517968029935842,-0.8700504444753074,-0.07451477504867278,0.6675753834237443,1.216253766675773,0.10378312390227923,0.8729206606940207,0.9923053933820989,0.0,0.0,0.0,0.0
0.039564745995601204,-0.48931042109056666,0.7898330509785626,-0.0013255779480671117,-0.6605312381784684,-0.012721111162904395,0.7506896159960548,0.034674741810625756,0.7863944722580181,-0.9798110353236351,-0.03440325615647997,0.5574269989791475,-0.8610955476906388,-0.08104530580286733,0.6740674711735828,1.2029904207847812,0.10926572146521563,0.867957418353126,0.9996596985228593,0.0,0.0,0.0,0.0
0.03845112621135314,-0.4898450991765324,0.7891173596436196,-0.0013380365834995342,-0.6602997450418088,-0.012720250209723824,0.7508932358134713,0.036048849062247354,0.7788176291586248,-0.9720708098333412,-0.037067928942517564,0.5624965087054926,-0.8519320329799382,-0.08766048204824711,0.6800238744897557,1.189349795549612,0.11602485077740898,0.8624480419038177,1.007002302117321,0.0,0.0,0.0,0.0
0.036959837145334754,-0.49057484983566324,0.7884359797830698,-0.0013455754043883298,-0.6599932430782388,-0.012727972957202932,0.7511625038713665,0.03790723582442129,0.7686999948522547,-0.9605476376723866,-0.03930721244703054,0.5669879423133418,-0.8425804821276563,-0.0944819105502657,0.6852507289971751,1.1753563132316982,0.12459482616534676,0.8563697228672685,1.0142132140868958,0.0,0.0,0.0,0.0
0.03503671908599573,-0.49155803893681543,0.7878050727003627,-0.0013555393320867802,-0.65957950458526,-0.01274145371827819,0.7515255784078989,0.040386385426536706,0.7555852696620798,-0.9445711456577179,-0.04115509298462194,0.5709042961897854,-0.8330697317882578,-0.10175597272376542,0.6895864654777286,1.161067031037654,0.13554585957109228,0.8496840190654251,1.0211969365025106,0.0,0.0,0.0,0.0
0.032653498592705506,-0.49284277972200474,0.7872328399411339,-0.0013859660092749998,-0.6590193443714073,-0.01274876550068916,0.7520166566112149,0.04358446833263796,0.739154218613987,-0.9237458900727026,-0.042719562228516646,0.5742726461114441,-0.8234295654583433,-0.10999674594756259,0.6929670156175924,1.1466602757606026,0.14938846386069335,0.8423423364645207,1.0278769887667556,0.0,0.0,0.0,0.0
0.029829103271617502,-0.4944443996085435,0.7867125418547954,-0.0014715988855471692,-0.6582680883082435,-0.012720784104423689,0.7526746574473591,0.04749714974701123,0.7193993084018773,-0.8982699040928084,-0.04409443899531777,0.5771698750948758,-0.8136469495977092,-0.12014615399885026,0.6955564434658957,1.132567165580703,0.16642493895607569,0.8342831414681605,1.0342085236200569,0.0,0.0,0.0,0.0
0.026656772509028304,-0.49630822018290943,0.7862101392808426,-0.0016678599853006926,-0.6572865361504175,-0.012591398057326616,0.753533731383949,0.051898333073320604,0.6968913268215872,-0.86941304373922,-0.04514336040358692,0.5797288372081487,-0.8034881206747113,-0.1336135631779504,0.6979525083420525,1.1196838050264601,0.18663708992938935,0.8254838795674714,1.040239064945498,0.0,0.0,0.0,0.0
0.02353269380900713,-0.49819075296077553,0.7856559392115785,-0.002105831220582461,-0.6559020024953184,-0.01221914736322791,0.75474420901072,0.05606933627671546,0.6748270944178246,-0.8435772186392482,-0.04655489729464995,0.5816924736664874,-0.7915314084383978,-0.15517523365622746,0.7027885041163602,1.1088012311349995,0.2093210632348776,0.8158939519404136,1.045921546176984,0.0,0.0,0.0,0.0
0.020599646195504168,-0.5000066936835877,0.7850400673187168,-0.002900611845255622,-0.6539973993493592,-0.011510351450879669,0.7564036620116769,0.05976742747583454,0.6547879002330705,-0.8242198590107858,-0.04881369885539603,0.5821945334348385,-0.7774967390997839,-0.19184234886836718,0.7106199057041314,1.1016907657313852,0.23480841488113,0.8055080151717697,1.0510457680983807,0.0,0.0,0.0,0.0
0.01801420222750181,-0.5015817171130905,0.7843037998817998,-0.004132097968474972,-0.651497138756104,-0.010323469947110954,0.7585695946498513,0.06240655173690967,0.6386833660792648,-0.8154396152541725,-0.05191435774956896,0.5790441403923543,-0.7609542468185903,-0.2501535909414612,0.7209356498837298,1.1000950017870939,0.2623366938686213,0.7940498717803615,1.0556689723097035,0.0,0.0,0.0,0.0
0.01612521182277288,-0.5026667495833073,0.7830801609511853,-0.005378108844175239,-0.6487675420879192,-0.008876850877267339,0.7609158651237092,0.06341814391035264,0.6286464127124687,-0.8198328225592062,-0.05593922494768976,0.5697058853353105,-0.7430380671307276,-0.3163260521420652,0.7268379900305536,1.1071752219055309,0.2835183476778475,0.7794965966687281,1.0630220818478002,0.0,0.0,0.0,0.0
0.016172635165492357,-0.5027795607593529,0.7830519408348788,-0.005426964507044885,-0.6487629068811293,-0.008787007849926627,0.7609205130658732,0.06351751014843983,0.6285005179144594,-0.8198135512571969,-0.055985571912723624,0.5697218805942708,-0.7430320586179817,-0.31632897815462824,0.7268532373082686,1.1071830482817566,0.28353762387995957,0.7793838228419969,1.0629335731962375,0.0,0.0,0.0,0.0
0.016172635165492357,-0.5027795607593529,0.7830519408348788,-0.005426964507044885,-0.6487629068811293,-0.008787007849926627,0.7609205130658732,0.06351751014843983,0.6285005179144594,-0.8198135512571969,-0.055985571912723624,0.5697218805942708,-0.7430320586179817,-0.31632897815462824,0.7268532373082686,1.1071830482817566,0.28353762387995957,0.7793838228419969,1.0629335731962375,0.0,0.0,0.0,0.0
0.016347114630260222,-0.5031364440380219,0.7834152135950971,-0.005374685363281305,-0.6498377521363992,-0.008966089762109358,0.760001064400528,0.06457141992090215,0.6269597603920789,-0.8106083111937235,-0.054794817965622716,0.5699373188054876,-0.7374128540223469,-0.3216048973140104,0.734885078622262,1.1057617245213305,0.29039824748790544,0.7870374118441502,1.0624389459212886,0.0,0.0,0.0,0.0
0.016870450354082796,-0.5036419073985314,0.783673331263977,-0.005243559914873547,-0.6504873971624285,-0.009202988278762593,0.7594431882761272,0.06610244383024819,0.627835050696103,-0.8073804593868652,-0.053312460816223275,0.5738680597962956,-0.7404168787207588,-0.3258084495342768,0.7414343659378957,1.1045565138254636,0.29745282492967773,0.7932246934890831,1.0629827208907154,0.0,0.0,0.0,0.0
0.01794480912064416,-0.5043237044675983,0.7837961922394454,-0.005011198601986263,-0.6508657526481689,-0.0095231971704355,0.7591165711759671,0.0682126238785993,0.632167885343675,-0.8111450010677885,-0.05146084221143347,0.5827182889803053,-0.7534755766801896,-0.33062491499252483,0.7477916435409269,1.1044074707360514,0.3056487137439746,0.7990105618769255,1.065334004318344,0.0,0.0,0.0,0.0
0.019698805094193056,-0.5052199950295329,0.7838190753631933,-0.004655401005992393,-0.6511958390642021,-0.009955009663837212,0.7588301550475811,0.07103177180761318,0.6402586010963813,-0.8211223300714618,-0.04910876843574049,0.5968222705520523,-0.7759708811083151,-0.3382197882246789,0.7559081641031123,1.1055363463933834,0.3168350058272131,0.8062236277194659,1.0697253611625654,0.0,0.0,0.0,0.0
0.022230990159303625,-0.5063872611743953,0.7838978773879052,-0.004224525211076983,-0.652247599514573,-0.010564583355383768,0.7579205841595446,0.07483318536145771,0.6512411828122711,-0.8317439846403031,-0.04589731861748272,0.6151422486521709,-0.8020074048053752,-0.3545600311425755,0.7715936817582694,1.1080360008707577,0.3383528273396359,0.821011225129628,1.0762307437368046,0.0,0.0,0.0,0.0
0.025000685938937076,-0.5086739077259124,0.7851047573331877,-0.006830928187568209,-0.6536288124113752,-0.0076986890770934634,0.7567452967757948,0.0718990433105263,0.6380363322122231,-0.8175869845126986,-0.043920780025340195,0.6353231769816491,-0.8164735107662352,-0.2882977516631883,0.7712360658183696,1.0965533947770403,0.25500056235904234,0.7935529982794484,1.0829714666089842,0.0,0.0,0.0,0.0
0.028199773725314223,-0.5108906351332555,0.7862193010712607,-0.008656766699297968,-0.6552070351238369,-0.00579545979798107,0.755377530881264,0.06829136159545725,0.6282204512348781,-0.8154320799544762,-0.04086527652657199,0.6580093526378272,-0.836578491428536,-0.23941201906788517,0.7765090479561761,1.0862661280152295,0.18675637045932175,0.7708175454095076,1.0920798202906619,0.0,0.0,0.0,0.0
0.03156431303204241,-0.5129640568260394,0.7871584875713056,-0.0095787030585793,-0.6564615847029056,-0.004875204734009499,0.7542828836954123,0.06560380385296549,0.6203513792541931,-0.818841806255678,-0.03705341941448735,0.6820681551968235,-0.8632486248215407,-0.2071533407864358,0.7848591948712583,1.077350132871988,0.14419887774608167,0.756738074531801,1.1027124967021915,0.0,0.0,0.0,0.0
0.034634121540800276,-0.5147140668013979,0.7879944063423865,-0.010030723010554637,-0.6574728474984349,-0.004463873589739859,0.7533982434481514,0.06323333539907133,0.6140309208226429,-0.8253148174206977,-0.033400514142236874,0.7035990121030936,-0.8883363410584029,-0.1853492515596923,0.7941998025971112,1.0693435936815756,0.11742866816611494,0.7476693010880957,1.1148634032146836,0.0,0.0,0.0,0.0
0.03727875028581819,-0.5161162611203363,0.7887889950495417,-0.010266998788094867,-0.6582632919516408,-0.004272588511363381,0.7527056344895304,0.06117088545746513,0.6087737519101325,-0.8333347675717587,-0.03029772560813485,0.7217589203970605,-0.9095589634089633,-0.1697439952906121,0.8033121896926306,1.0617438547107279,0.09989980144139203,0.7412283445633568,1.1278982541548388,0.0,0.0,0.0,0.0
0.03946887229764781,-0.5171956839668461,0.7895797970141915,-0.010417225484435074,-0.6588756949096957,-0.004162069678234565,0.7521681841493069,0.05925955212905111,0.6041436688498597,-0.8420722572133967,-0.027849356445816802,0.736517991729844,-0.9263063826450203,-0.15800340530132642,0.8117252962579397,1.0542663536477854,0.08759667279891291,0.7359361870480922,1.141328438155014,0.0,0.0,0.0,0.0
0.04122452078867294,-0.5180071539643835,0.7903838853388209,-0.010539199379354033,-0.659354990222339,-0.004077369195227327,0.7517468305259339,0.05722048196304193,0.5997585363438889,-0.8510853930532327,-0.02598936573602677,0.7481896970858918,-0.9387577332146532,-0.14879113247173203,0.8193332239460273,1.0467601576507821,0.07813153360378827,0.7309402800457321,1.1548358518001682,0.0,0.0,0.0,0.0
0.042595070822390786,-0.5186135618140388,0.7912037850245051,-0.010653234952592305,-0.6597379051623501,-0.004000653271890359,0.751409608569412,0.05486577349569724,0.595330564137158,-0.8601546524947088,-0.024591226493632913,0.757240930193987,-0.947486503127406,-0.14129508694989817,0.8261819644295777,1.0391691092415478,0.07021256446142658,0.7258061576524683,1.168261193156262,0.0,0.0,0.0,0.0
0.0436417803577343,-0.5190763878032251,0.7920313995465962,-0.010769948301506743,-0.6600440446673441,-0.003918255751766272,0.7511394774505064,0.0521294650719721,0.5906196965578892,-0.8691659637479451,-0.023528836733504872,0.7641803294961728,-0.9532363851302567,-0.13468667068078205,0.8322272456996027,1.0314874547493065,0.06320375110932215,0.7203085964492425,1.1815461707368742,0.0,0.0,0.0,0.0
0.044427777176502814,-0.5194445063657991,0.7928564143572231,-0.010884218464210648,-0.6602961192763847,-0.0038363599692157638,0.7509166738055271,0.04904622058342865,0.5855099936681911,-0.8780761269023379,-0.022680836720159928,0.7694708950298096,-0.9566996942404882,-0.12870737735451224,0.8376110632502693,1.0237703354666987,0.05673963649574171,0.71439839398323,1.1946903494827819,0.0,0.0,0.0,0.0
0.0450093418485708,-0.5197565801821821,0.7936654933671383,-0.010990264273974884,-0.66050971177009,-0.0037604343098359234,0.7507276429454175,0.0456957310426444,0.5799274055653438,-0.8868734208435206,-0.021951485547871886,0.7735074411799655,-0.9584943955335318,-0.12317023159968724,0.8424327163829384,1.0161033701846012,0.050642489126730056,0.7081024754265514,1.2077086432487343,0.0,0.0,0.0,0.0
0.04543042269261807,-0.5200435640597488,0.7944432842001914,-0.011083402353022067,-0.6606955369711451,-0.0036956729279146385,0.7505630603888664,0.04213992388646394,0.5738358164681944,-0.895542159548803,-0.021262262836600893,0.7765963078714829,-0.9591238209502333,-0.11791932070653686,0.8467381236426978,1.0085924003266615,0.04478875310667812,0.7014902332767142,1.2205874120504479,0.0,0.0,0.0,0.0
0.04572322761640587,-0.5203290708159413,0.7951717458009612,-0.011157869136636836,-0.6608624421311821,-0.00364955709178055,0.7504152285700055,0.03842530397820712,0.56729121887968,-0.9040271374038024,-0.02054873692672754,0.7789608075502978,-0.9589839604441426,-0.11291069971461412,0.8505540980231088,1.0013805930740216,0.03907898564077535,0.6946853276586532,1.233245509967385,0.0,0.0,0.0,0.0
0.04591051398231933,-0.5206309344628105,0.7958272274005131,-0.011208630928902601,-0.6610150704764204,-0.0036279434684213705,0.750280135164155,0.03460488257949066,0.5605177906314409,-0.9121688642293155,-0.01976302529301946,0.7807609941393506,-0.9584099749931264,-0.10811621376940604,0.8538368198489362,0.9946685469746097,0.0334646200515389,0.6878743598254967,1.245467864109419,0.0,0.0,0.0,0.0
0.046005337172906134,-0.5209648253367718,0.7963755096674201,-0.011237213543907021,-0.6611483278097304,-0.003627301055871901,0.7501622866775001,0.030721168202783082,0.5539900447836819,-0.9196099447038732,-0.01887402075621454,0.7821042106966337,-0.9577203880106794,-0.10327814764328393,0.85634643299707,0.9887352366025889,0.027959876895464884,0.6813073858393074,1.256776023605394,0.0,0.0,0.0,0.0
0.04601099862649214,-0.5213441748864697,0.7967663612956999,-0.011253563432121983,-0.6612469552162225,-0.0036331871131179737,0.7500750772281101,0.026793825076555016,0.5485178889273233,-0.9257159419142007,-0.017868559262195074,0.7830424177309677,-0.957232837266551,-0.09788018926955522,0.8576066485747171,0.9839877748651148,0.02266758206455092,0.6753663633021351,1.2662175452703062,0.0,0.0,0.0,0.0
0.04592382989805206,-0.5217713908381966,0.7969362656885504,-0.011258528357603558,-0.661305621997057,-0.0036453164640022993,0.7500232206553232,0.022850761429069538,0.5452826589019869,-0.9295803500459966,-0.01674263105286729,0.7835489042370795,-0.9571827366654455,-0.09191843416104925,0.857246495556401,0.9810189507775346,0.017751135220016527,0.6708138568316006,1.272057253299527,0.0,0.0,0.0,0.0
0.045738860338442086,-0.5222268771157125,0.7968420791973939,-0.011198785163644311,-0.6613767332084419,-0.003738387751709187,0.7499609512757354,0.019007015640280695,0.5456187305528623,-0.9302027766480807,-0.015456218667907045,0.7834912600998444,-0.9574704726903497,-0.08753024332920209,0.8559028119485391,0.9804561877636988,0.013193621761983874,0.6692029525498077,1.2715305503204566,0.0,0.0,0.0,0.0
0.04543380516871862,-0.5227169207251996,0.796475043966617,-0.011054045462379121,-0.661479288506745,-0.003939368734545015,0.7498716158980145,0.015293854872098982,0.54956296496604,-0.9275546658489099,-0.013959995683860128,0.7827354039537163,-0.9579040079186878,-0.0851881760480036,0.8537206936418571,0.9824009155246446,0.008894015436393187,0.6705627809738491,1.2646595603326782,0.0,0.0,0.0,0.0
0.0449694532433998,-0.5232829263807203,0.7958614308515323,-0.01085915072083039,-0.6615760370478944,-0.004195214213137125,0.7497877207765751,0.011660643778138469,0.5557738802200359,-0.922589630788658,-0.012211925046578287,0.7811892022405934,-0.9582961538068485,-0.08298521322050151,0.8500505516499506,0.9863170420139776,0.004853726521939804,0.6733427132873079,1.254228362330427,0.0,0.0,0.0,0.0
0.044301827257849626,-0.5239612521320494,0.7950481698143311,-0.010626245084592348,-0.6616530555720221,-0.004482594880833449,0.7497214304731745,0.00811163691455387,0.5629087555967583,-0.9161429284698235,-0.010147676779076228,0.778703376091217,-0.9582525768564975,-0.07987852866961521,0.8447184616985851,0.9915354557933213,0.0010702404887660485,0.6766546938500784,1.2419542801597778,0.0,0.0,0.0,0.0
0.043381085299159336,-0.5247788730365823,0.7940715396000834,-0.010347118052310658,-0.6617164422162378,-0.004806779704339534,0.7496673809881085,0.004685266232362284,0.5700562075555522,-0.908794338797659,-0.007693426954631345,0.7750485365475372,-0.9572683965642916,-0.07567205646496111,0.8378279889127556,0.9975654543654675,-0.0024674703350509503,0.680032563419097,1.2287665545888566,0.0,0.0,0.0,0.0
0.04215381684945041,-0.5257538466952559,0.7929581217571882,-0.009988016777462068,-0.6617959762910959,-0.005207992210946573,0.749599361060893,0.0014657809467930327,0.576831767303601,-0.9008981947128976,-0.004757912027120488,0.7699250446268517,-0.9547328449689451,-0.07112835011047693,0.8298250513942804,1.0040989036259533,-0.005884686948572984,0.6832744105035358,1.2151360127828732,0.0,0.0,0.0,0.0
0.040560914961619884,-0.5269144764087488,0.79173586726972,-0.009530282293761072,-0.6619009908345362,-0.00570312590846408,0.7495089902106129,-0.00145673205163626,0.5830882060277424,-0.8925994676805626,-0.0012567281727341615,0.7630347448500381,-0.9500627232365285,-0.06630780465310593,0.8208566070087461,1.0107224091457683,-0.00928767319400415,0.6861877684091033,1.201242206822952,0.0,0.0,0.0,0.0
0.03852251118333297,-0.5283422195843762,0.790405563517886,-0.009138611828583445,-0.6618655981089385,-0.00605716724722797,0.7495423447268891,-0.0042458562587425214,0.5879505951287799,-0.883835747142876,0.002715057620654612,0.7542098845492125,-0.943222933563514,-0.05517254345861762,0.8082396141428358,1.016565744273508,-0.011525470413180994,0.6881388418030281,1.1869954805777756,0.0,0.0,0.0,0.0
0.03600614710557062,-0.5300059976037809,0.7889986598596401,-0.008702361535147007,-0.6618114032964845,-0.006426673827319929,0.7495923113492873,-0.006645326244060967,0.5921326358214527,-0.8748282017486043,0.007257557553263884,0.7430215699865348,-0.9331799815144048,-0.04241651806658827,0.7941235820895282,1.0216340998777598,-0.01349288623883908,0.6894536589087968,1.1724627215853385,0.0,0.0,0.0,0.0
0.032976147980533096,-0.5319046090779558,0.7875227034520292,-0.00827795291632857,-0.6616971694977857,-0.0067395566084684526,0.7496952112364429,-0.008693906044172098,0.5955561858537842,-0.8657456604807355,0.012261400524741716,0.7291955437641349,-0.9194489396924597,-0.027053322027665135,0.7780422766404445,1.0255851330345545,-0.0149157868605529,0.6900209297072295,1.157570730043782,0.0,0.0,0.0,0.0
0.029431405932965695,-0.5340048263938124,0.7860038030074382,-0.007898002065700462,-0.6615168123258832,-0.006965131313104918,0.7498563965982844,-0.01044071923605245,0.598418635817204,-0.8568418374443824,0.017587806229102342,0.7125227623045215,-0.9014774305081089,-0.009618080256711584,0.7603166832226838,1.0280947871864594,-0.01590679217609208,0.6898688751418859,1.1422936151460625,0.0,0.0,0.0,0.0
0.025423454046286948,-0.5362392450725083,0.7844747871874366,-0.0075800772722765235,-0.6612852854500547,-0.0071002259310173855,0.7500625976993616,-0.012066814231180037,0.6011597603222625,-0.8484690137037136,0.02305043097912207,0.6929731653033544,-0.8789003651093694,0.008610102835014271,0.741696058609394,1.0289930315145175,-0.01680334271733063,0.6891850653236997,1.1267248496479214,0.0,0.0,0.0,0.0
0.02108796845348613,-0.5385149365844385,0.7829691940617322,-0.00732424353182244,-0.6610344437961577,-0.007166952377611188,0.750285581872268,-0.013974269477915987,0.6045219799922645,-0.8409983766427598,0.028439512074700198,0.6709289110921028,-0.8519561469154389,0.02613080728600189,0.7231779243791683,1.0283737965709152,-0.0182172286036493,0.6884029410981535,1.1112056013095695,0.0,0.0,0.0,0.0
0.01687327467088126,-0.540836140145959,0.7815037419337134,-0.00709727274728581,-0.660699203727474,-0.007222979730470484,0.7505824534834569,-0.016213571865917414,0.6089869267433262,-0.8336337807172706,0.03384432865845037,0.6491523953012176,-0.8252850796674868,0.04234195226667535,0.7056885971145516,1.0265536319761386,-0.020745112499916268,0.6891710676820573,1.0957127160106968,0.0,0.0,0.0,0.0
0.013063692326341188,-0.5429837100540108,0.7802210778338038,-0.006833722178922163,-0.660377946513788,-0.007359776855381919,0.7508662342148917,-0.019044847755481674,0.6154060438960013,-0.8274613856615595,0.03886913543825973,0.6289779623689588,-0.800191583246604,0.05469125793891661,0.691278781902139,1.023801387190177,-0.025819023807751213,0.691193586688693,1.080796829174953,0.0,0.0,0.0,0.0
0.010011379249972174,-0.5447036410685726,0.7792607600361452,-0.006479684790120359,-0.6601124434540344,-0.007643763464295762,0.7510999591014945,-0.02228798087401617,0.6236806966967225,-0.8239043535338015,0.043029088187625616,0.6123604517794625,-0.7792489841910377,0.06140384762437776,0.6814549002072428,1.0207480989500235,-0.03482477581373285,0.6937301488287398,1.0666225829350238,0.0,0.0,0.0,0.0
0.00820177275712337,-0.5457097329806572,0.778641107182627,-0.006100736197286936,-0.6599437667449228,-0.008006217151128665,0.7512475665446797,-0.02503546654055392,0.6319746411539677,-0.8249097474006977,0.045641473555381826,0.6021980690681591,-0.7668274493045439,0.06241245436398374,0.676516643424445,1.0193830395276617,-0.04699694111154845,0.6958075086241131,1.0540883061634307,0.0,0.0,0.0,0.0
0.008159463109839081,-0.5458688189141064,0.7785541013248304,-0.0059814423650029706,-0.6599557438515126,-0.007981423955076972,0.7512382680456849,-0.02501859120728879,0.6320027621899448,-0.8249259030745357,0.045819857206382424,0.601993731888241,-0.7667810941845333,0.06239546220308165,0.6763805004236801,1.0192965454985692,-0.04701034399239704,0.6958527063383071,1.0541050748079266,0.0,0.0,0.0,0.0
0.008159463109839081,-0.5458688189141064,0.7785541013248304,-0.0059814423650029706,-0.6599557438515126,-0.007981423955076972,0.7512382680456849,-0.02501859120728879,0.6320027621899448,-0.8249259030745357,0.045819857206382424,0.601993731888241,-0.7667810941845333,0.06239546220308165,0.6763805004236801,1.0192965454985692,-0.04701034399239704,0.6958527063383071,1.0541050748079266,0.0,0.0,0.0,0.0
0.008159463109839081,-0.5458688189141064,0.7785541013248304,-0.0059814423650029706,-0.6599557438515126,-0.007981423955076972,0.7512382680456849,-0.02501859120728879,0.6320027621899448,-0.8249259030745357,0.045819857206382424,0.601993731888241,-0.7667810941845333,0.06239546220308165,0.6763805004236801,1.0192965454985692,-0.04701034399239704,0.6958527063383071,1.0541050748079266,0.0,0.0,0.0,0.0
0.008967951116644751,-0.5462255802583427,0.7785901708138963,-0.006255407220820475,-0.6599925761511398,-0.007668448370946933,0.7512069383368778,-0.02460758969059103,0.6366568203031882,-0.8326896563092718,0.04633664097847523,0.6079938996049734,-0.7755626011166051,0.06923416256461831,0.6762255797697697,1.0185654085290867,-0.03985941576019182,0.699559977172204,1.056507020463663,0.0,0.0,0.0,0.0
0.010624599849312487,-0.5465625512046575,0.7787178468788775,-0.006355832693584423,-0.6601992280018855,-0.007519953599369499,0.7510259869234546,-0.02416190544901689,0.6464976371595227,-0.8472476161257596,0.04702587588283669,0.6195825302367218,-0.7926222852675943,0.07413482275261925,0.6789581293638475,1.0191473634187924,-0.03588543388973289,0.7047701450973827,1.0590948866031462,0.0,0.0,0.0,0.0
0.013091357681257104,-0.5469281120916615,0.7789618737607711,-0.006283643004273889,-0.660583300419401,-0.007541920215469469,0.7506885762265666,-0.02354336173292635,0.6610037026643363,-0.8675352169270948,0.04801266235744907,0.6362864078688609,-0.8169538044423003,0.07753619243581628,0.6847166330927824,1.0204588255718805,-0.03479263620762844,0.7116745661573582,1.0616773308758054,0.0,0.0,0.0,0.0
0.01631881024806225,-0.5475732710044852,0.7795425584867871,-0.005921940914546478,-0.66124339592159,-0.007841383932060936,0.7501070688001267,-0.022024100578209003,0.6790584210350524,-0.890029006227995,0.04999612053298234,0.6579384173025997,-0.8470823450267055,0.07981613687886409,0.6953728039332919,1.0197262053875609,-0.03647704577499413,0.7213950597520654,1.0630009277595447,0.0,0.0,0.0,0.0
0.020322700644912844,-0.5489502415223287,0.7814063358072891,-0.004809333326391764,-0.6628475768128006,-0.008817593620063397,0.7486869908507197,-0.01810291775069412,0.6991061951575511,-0.9042434947662392,0.05439440993950517,0.6848102433600077,-0.8773602787775304,0.07867063005540012,0.7199668228817574,1.0085719747276747,-0.0452019772145842,0.7390832075651925,1.056710208936787,0.0,0.0,0.0,0.0
0.023325239528824527,-0.5503760439096892,0.7824727953988795,-0.005089299169818994,-0.6618456105133168,-0.008727943154419092,0.7495720845165648,-0.014793850115070423,0.716444131255494,-0.931829424552468,0.04791243009502402,0.6593229453506161,-0.8490346090124816,0.052801498266245736,0.7084660198618665,1.0382434174633088,-0.02881542776141643,0.7506351419876934,1.053362431559617,0.0,0.0,0.0,0.0
0.02677623693621771,-0.5517031511484125,0.783674931642219,-0.0049499150733670096,-0.661412403065127,-0.008926357965423317,0.7499529662224514,-0.01151815383761844,0.7352742229996033,-0.9575694343604125,0.041253785746095416,0.6403414276548891,-0.8357280388366637,0.03312316237360441,0.7024085443693004,1.0622364024153155,-0.019513297311947737,0.7634453124133479,1.0492325893836574,0.0,0.0,0.0,0.0
0.030137186054119247,-0.5529992303251567,0.7850366366789034,-0.004545522549918473,-0.6614293882465179,-0.009299147009278653,0.7499360162397091,-0.008155143310655644,0.7526530665247174,-0.9776082626220802,0.03548883952029173,0.6273377590560627,-0.8322250452709687,0.02036039783138993,0.6989227566226103,1.0826792299110637,-0.014380381483247603,0.7772428876185044,1.0436464651582826,0.0,0.0,0.0,0.0
0.033144935435309136,-0.5542888232067015,0.7864586087557636,-0.0040924606303321545,-0.6615598141204423,-0.009708430472754104,0.7498183850004417,-0.004716494551776839,0.7676599187158673,-0.9929452140419284,0.030622434273181884,0.6178925224823723,-0.8339605438981899,0.011900678433741322,0.6960771959000138,1.1006634335898764,-0.009763464488700711,0.7910274445444998,1.0370093021145363,0.0,0.0,0.0,0.0
0.035668362772511654,-0.555584108619741,0.7878572563710085,-0.0036724952271139015,-0.6616610275260926,-0.010100457233430553,0.7497260687715198,-0.0012062038158839874,0.7797858651541916,-1.0040236877585127,0.026559289273209056,0.6103388715777494,-0.8383948772176845,0.005814909752711034,0.693026456426932,1.116891948751938,-0.004021062163879805,0.8040762522427005,1.0299679786325016,0.0,0.0,0.0,0.0
0.03767945774094117,-0.5568737578184058,0.7891913642439241,-0.0033011866384306575,-0.6616990456543362,-0.01046250352624931,0.7496892764118226,0.0023273776631121796,0.7889911045043732,-1.0112159860982934,0.023111502453916632,0.6036557596478253,-0.844158905493239,0.0010163343809134447,0.6894646043308226,1.1318949302081736,0.0031376491067683946,0.8160448250079687,1.0229267238717188,0.0,0.0,0.0,0.0
0.039215566181443805,-0.5581339172675007,0.7904489604152553,-0.002973544163673696,-0.6616840268870501,-0.010794441231938724,0.749699197435968,0.005805638722487499,0.7955618820291203,-1.015017186534517,0.02006284710793057,0.5972502175369047,-0.8505159084734453,-0.0030689031407210143,0.6853352482285585,1.1460841715875023,0.011363698823369378,0.8268521840528962,1.016046435138786,0.0,0.0,0.0,0.0
0.04034775690123776,-0.5593391999616333,0.7916322214739846,-0.0026823773809555936,-0.6616380112346971,-0.011097131957026607,0.7497364874429611,0.009145032517708204,0.7999487185906758,-1.0160340548373978,0.017218426050647884,0.5907974140995574,-0.8570722196280682,-0.0067454510639830476,0.6806873013945809,1.1597694119227038,0.020133483618361078,0.8365710032153381,1.0093499461041244,0.0,0.0,0.0,0.0
0.04115782868177234,-0.5604696315196637,0.7927467792611353,-0.0024234722694351377,-0.6615806856018078,-0.01136993091265386,0.7497838674523764,0.012277838873202154,0.8026419461132435,-1.014915427522747,0.01442883162265351,0.5841203171854442,-0.8636208344511586,-0.010193099112254522,0.6756040871588734,1.1731728989898678,0.02899998099390158,0.8453426173697152,1.0028210925538004,0.0,0.0,0.0,0.0
0.041724321337850034,-0.5615113921187731,0.7937983702322955,-0.002192958723657853,-0.6615250271038884,-0.011615103325159696,0.7498299265980133,0.015161508062567945,0.804101568393711,-1.012277397622701,0.011597390634867888,0.5771184221689255,-0.8700643862776661,-0.013541618939876633,0.6701783234057432,1.186445089917805,0.03757199740817978,0.8532965798045856,0.9964326002599421,0.0,0.0,0.0,0.0
0.04211468627879258,-0.5624572208942271,0.794789971445576,-0.001987577457696341,-0.6614768058783556,-0.011836935804808168,0.749869569839696,0.01777823526826704,0.8047168419005328,-1.0086629028710612,0.008671424073643363,0.5697245687337157,-0.8763672614470513,-0.016893978873727192,0.6645022286276447,1.1996737432802411,0.04555158342574348,0.8605239218879778,0.9901797224832628,0.0,0.0,0.0,0.0
0.04238278344478482,-0.5633055816253125,0.7957207924717412,-0.0018053759872957,-0.661438674284013,-0.012037803228764713,0.7499004681105201,0.020125130407310916,0.8047916073337219,-1.0045153867734036,0.0056242097208959495,0.5619122335072184,-0.8825170606356882,-0.020308880483006032,0.6586853880942006,1.212877597535625,0.052790277213955,0.8671002542328128,0.9840999221592803,0.0,0.0,0.0,0.0
0.04256851801296746,-0.5640589725492655,0.796584110974016,-0.0016457735068413687,-0.6614106827647482,-0.01221773120135303,0.7499226141399692,0.02220836455121227,0.8045452768527156,-1.0001895952860842,0.002445152926093062,0.5537305039961377,-0.8884830612557487,-0.023814224627392414,0.6528703234824065,1.225982712323019,0.05927625218602731,0.8730710110058398,0.9782915552892144,0.0,0.0,0.0,0.0
0.04269867480881005,-0.5647222729208172,0.7973633854574682,-0.001509092489564283,-0.6613893487610621,-0.012376100400951346,0.7499391202785342,0.02404128230205945,0.8041206857344233,-0.9959812673766862,-0.0008626127391418055,0.5453800850753764,-0.8941547889215083,-0.027433684122074375,0.6472505654022537,1.2387692736364806,0.06507548490443962,0.8784088241168978,0.9729451296071016,0.0,0.0,0.0,0.0
0.04278841139595654,-0.5653020933368567,0.7980277027293134,-0.0013956300742879737,-0.6613692396324492,-0.012512810740940811,0.749954805739688,0.025643736443008363,0.8035900328388853,-0.9921449820922607,-0.004281060840472349,0.5373404934864999,-0.8992572816558186,-0.03119976251497498,0.6421045437323801,1.2507722932907186,0.07028572810388242,0.8829822529061896,0.9683880617820841,0.0,0.0,0.0,0.0
0.042866629789334594,-0.5657949742021667,0.7985307200052898,-0.0013043810301423958,-0.661347027272966,-0.012627267989903636,0.7499726396412405,0.027008598137971393,0.8031184558442824,-0.9891296102645859,-0.007842194314527793,0.5305136413805441,-0.903211887401704,-0.035202200864867625,0.6379914484032306,1.2610843976081514,0.07486550685117566,0.8865811675453902,0.9650754767724173,0.0,0.0,0.0,0.0
0.04295438556975582,-0.5661990401647679,0.798816695613033,-0.0012360452662508405,-0.6613150316462506,-0.012717854631822251,0.7499994381893776,0.02813344026308109,0.8028282019146583,-0.9873790297288376,-0.011592582000108514,0.5261443071571502,-0.9050927897798625,-0.03964134981859031,0.6358072836234087,1.2679900765670036,0.07883682750302572,0.888928575266853,0.9635538721935202,0.0,0.0,0.0,0.0
0.043022126796134215,-0.5665374223049565,0.7988454484413264,-0.0011932416844132596,-0.6612601513699533,-0.012785544648946802,0.7500467440316628,0.029085143693359836,0.8025114159351671,-0.9867939037270657,-0.015490646877561305,0.5252997957656097,-0.9038067564636573,-0.04483478429434508,0.6368279545116722,1.268639134310179,0.08255212035265919,0.8897731439888492,0.964268040577715,0.0,0.0,0.0,0.0
0.04302044915648424,-0.5668353083646834,0.7986196038446068,-0.0011759407173133187,-0.661176318952886,-0.012829965607631142,0.7501199133484244,0.029927033024958746,0.8018422169719785,-0.9868936385300779,-0.019416166436133767,0.5279193352472652,-0.8993572011046265,-0.0507099575613415,0.6408756480450603,1.26295272595638,0.08635129016996394,0.8890774711893324,0.9672443355911626,0.0,0.0,0.0,0.0
0.04293288806522812,-0.5671013998593186,0.7981857721175406,-0.001178405543493268,-0.6610692932055532,-0.012853779792341192,0.7502138237103708,0.030677631984241952,0.8007127096941953,-0.9872919796555285,-0.023332730202979997,0.5328969652003159,-0.8928295401144812,-0.056979286287308334,0.6465833982281644,1.2536739151900216,0.09020819706359415,0.8870667289514037,0.9720424059755634,0.0,0.0,0.0,0.0
0.0427344455418731,-0.567352939464868,0.7976073325265411,-0.001192128433065089,-0.6609485930864964,-0.012862291457513489,0.7503199967915302,0.03137798095001482,0.7989468751083821,-0.9874071911672165,-0.027158600416287967,0.5390078700506103,-0.8851135526431911,-0.06341739349324779,0.6531289608093682,1.242477096351349,0.09413740662392826,0.8840538835401511,0.9780812890299074,0.0,0.0,0.0,0.0
0.042388851988469436,-0.5676162428891499,0.7969405055169604,-0.0012104777894985034,-0.660815426363734,-0.01286147212732597,0.7504372655711838,0.032095555284321654,0.796294386353846,-0.9866075040974703,-0.030807274457230988,0.5453646214673548,-0.8767648403070664,-0.0699166054148912,0.65999400025111,1.2302427392278155,0.09828500092699702,0.8802827348085289,0.9848678986123521,0.0,0.0,0.0,0.0
0.04184894587528869,-0.5679260955028069,0.7962293573538368,-0.0012280248022624707,-0.6606636354316129,-0.01285743818763336,0.7505709420545276,0.03292112674478884,0.792430128112955,-0.9842247590650435,-0.03419223653768437,0.5514664185027262,-0.8680626846251909,-0.07643947261977889,0.6668188504303497,1.2173915407403528,0.1029122587903787,0.8759010046954032,0.9920448304758857,0.0,0.0,0.0,0.0
0.04105828728412437,-0.5683259202316869,0.7955077308902004,-0.001240418333376579,-0.6604802129080576,-0.012856191333860645,0.7507323544803914,0.03396793931454743,0.7869590525704864,-0.9795493821820447,-0.03723271168979313,0.5570868916696917,-0.8591168937357682,-0.08299534020294339,0.6733313941885137,1.2040992561826793,0.10838674973346817,0.87097550413686,0.9993684068873991,0.0,0.0,0.0,0.0
0.039954103917823405,-0.5688676128193199,0.7948024314898955,-0.001244981911770016,-0.6602455907420216,-0.012862996386718785,0.7509385815429339,0.035369509309265704,0.7794273803586231,-0.971831022249518,-0.039866287790439076,0.5621470480666236,-0.8499608920252771,-0.08963972573436328,0.6793077224385348,1.1904255599909643,0.11517422375011525,0.8655174674150097,1.0066718271065394,0.0,0.0,0.0,0.0
0.03847273022283464,-0.5696096309056163,0.7941352176234179,-0.0012424987853320495,-0.6599333197147464,-0.012880745566228657,0.7512127236147567,0.03727177403983945,0.7693494155396541,-0.9603121166807925,-0.042069404236028465,0.5666261083773064,-0.8406110694439165,-0.09649824095906032,0.6845490201228053,1.1763954223502198,0.12382222090087527,0.8595043588332124,1.0138339512032455,0.0,0.0,0.0,0.0
0.0365596074293439,-0.5706114840653101,0.7935225664261175,-0.0012401648606895773,-0.6595100118243364,-0.012906984234096914,0.7515839381283786,0.0398145608076141,0.7562651271397713,-0.9443196181354242,-0.043881396263081726,0.5705213649389262,-0.831089673766239,-0.1038252370473895,0.6888875232626752,1.162068343880987,0.1349142273236364,0.8528958747401567,1.0207601600244811,0.0,0.0,0.0,0.0
0.03418615278723645,-0.5719221895655949,0.7929723780467164,-0.0012563195795275348,-0.6589348928180095,-0.012930186759775133,0.7520877867366212,0.04309913378846317,0.7398527871473256,-0.9234619652927475,-0.04541914060976675,0.5738509924423534,-0.8214186076769667,-0.11216002994802193,0.6922553035668392,1.1476285284593302,0.14896833492666361,0.8456354870689966,1.0273779783105785,0.0,0.0,0.0,0.0
0.031369001362967205,-0.5735564175733046,0.7924767434812952,-0.0013264616330832663,-0.6581627760914055,-0.012919320427518635,0.7527636360949441,0.047116027908632396,0.7200923555176394,-0.8979282134052942,-0.04675561457353981,0.5766734655878656,-0.8115668454940247,-0.12241708319752846,0.6947974310194232,1.1335123992306504,0.16629720076651722,0.8376538465667727,1.0336489410763239,0.0,0.0,0.0,0.0
0.0282015024911289,-0.5754586309422796,0.7919991628614085,-0.0015069698476121787,-0.6571535713781862,-0.012807508971917802,0.7536463894829641,0.05163612012812568,0.6975568658676963,-0.8690067893223613,-0.047763022277165904,0.5791019061199432,-0.8012748102202127,-0.13603291252439587,0.6971061120596004,1.1206374647835164,0.18686444913336286,0.8289088975087439,1.0396343668423493,0.0,0.0,0.0,0.0
0.02508500495255476,-0.5773808764947651,0.7914665220042594,-0.001930881481706559,-0.6557326660304147,-0.01245131111584105,0.7548880097397526,0.055928233817771636,0.6754903469044556,-0.8431997879220797,-0.049158431396026055,0.5808492383909211,-0.789063735049707,-0.15786663275226664,0.7018381614994906,1.109826063028186,0.20991690672564214,0.8193300744035105,1.0452955271563602,0.0,0.0,0.0,0.0
0.022155867794845803,-0.579235747774161,0.7908622442854005,-0.0027155800172462908,-0.6537802176130376,-0.011754425819484543,0.7565883201296946,0.059742712439276126,0.6554502418207613,-0.8239746610283052,-0.05141237975620891,0.5809859838185709,-0.774578924555315,-0.1949940947931355,0.7095215999863868,1.1028931989610504,0.235773029525665,0.8088540918224967,1.050463199686893,0.0,0.0,0.0,0.0
0.019564993233965225,-0.5808413486327958,0.790116897775485,-0.003942905737076737,-0.6512186820122509,-0.010567691704890976,0.7588063030738516,0.06246318500219974,0.639335657989693,-0.815480542123221,-0.05448905809915433,0.5772142904713677,-0.7572287823633017,-0.253893313300572,0.7195965844310839,1.1016210823930108,0.2636125975473486,0.7971288511749902,1.0552541606378907,0.0,0.0,0.0,0.0
0.017661180512030444,-0.5819484233515251,0.7888496084641816,-0.005181549951169523,-0.6484238813459879,-0.009119431879935056,0.7612072369614564,0.0635298174524534,0.6292530713847346,-0.8202588493160922,-0.05859677623524363,0.5669236045282391,-0.7380281341707822,-0.3205052700241273,0.7249778546357277,1.1093198062368854,0.2847467033319885,0.7820124113978077,1.063005657542978,0.0,0.0,0.0,0.0
0.017712530662624418,-0.5820686778494496,0.7888214275063196,-0.005226172213438691,-0.648418053529238,-0.00902752577336917,0.7612129917176669,0.0636388228463513,0.6291071096435746,-0.8202407072134708,-0.058643929804522675,0.56693917515734,-0.7380215023140271,-0.32050846183601983,0.7249922696213712,1.1093275645493519,0.2847653632122078,0.7819017867698136,1.0629170706839195,0.0,0.0,0.0,0.0
0.017712530662624418,-0.5820686778494496,0.7888214275063196,-0.005226172213438691,-0.648418053529238,-0.00902752577336917,0.7612129917176669,0.0636388228463513,0.6291071096435746,-0.8202407072134708,-0.058643929804522675,0.56693917515734,-0.7380215023140271,-0.32050846183601983,0.7249922696213712,1.1093275645493519,0.2847653632122078,0.7819017867698136,1.0629170706839195,0.0,0.0,0.0,0.0
0.017885941014095758,-0.5824256843895316,0.7891895789299971,-0.005172831068957266,-0.64950943060315,-0.009202087785777245,0.7602802529046027,0.06467911796750295,0.6275316081384513,-0.8108935697455292,-0.057461637943447184,0.5671020612803924,-0.732220674846295,-0.32591585538854123,0.7331342935560585,1.107909727934353,0.29181684773382705,0.7897165294527112,1.0623790772722417,0.0,0.0,0.0,0.0
0.01840739161533466,-0.5829258778602275,0.7894559124451992,-0.005040393635219838,-0.6501669361336041,-0.00943858177316595,0.759716040876297,0.06619269855171807,0.628393544170942,-0.807574869275809,-0.05599677117341501,0.5710038367244262,-0.735116095458099,-0.33029297713509453,0.7397877325855226,1.1066745453459628,0.2989348927826844,0.7960187529149803,1.0628173912253962,0.0,0.0,0.0,0.0
0.019480313493265494,-0.5836041682999267,0.7895864753484344,-0.00480512534332901,-0.650546629293552,-0.00976413465624956,0.75938834304962,0.06830029264942952,0.6327212886034028,-0.8112781850076966,-0.054154198847968064,0.5798846426674625,-0.7482113972763264,-0.3353116735581551,0.7462381014654023,1.106487175345577,0.30712468041998997,0.8018767751306215,1.065049781301922,0.0,0.0,0.0,0.0
0.021235722705197108,-0.5845052919592397,0.7896122032764313,-0.004444107011437952,-0.6508738274651543,-0.010206670256335931,0.7591042975217633,0.07114589555658012,0.6408086336257739,-0.821217943557269,-0.05178948009674248,0.5941046731010283,-0.7709391448890272,-0.3431204946074858,0.7544300662109381,1.1076012220297673,0.3183617788836249,0.8091468975398444,1.0693645006118344,0.0,0.0,0.0,0.0
0.02377681749261686,-0.5856923843285703,0.7896840721851698,-0.004010551048928686,-0.6519368047329972,-0.010823370229826367,0.7581854474808138,0.0750047074661544,0.6517713916112655,-0.8317523589752086,-0.04853937071627,0.6126058322783738,-0.7972871673163011,-0.3597010700408716,0.7702350230812887,1.1101795127021834,0.34056186800178306,0.8242182062538859,1.075925280485829,0.0,0.0,0.0,0.0
0.026567408428660528,-0.5880292237150636,0.7909298167885493,-0.006681074648416183,-0.6533789567010837,-0.007882840488503153,0.7569604765161643,0.0720903779985522,0.6386093247745075,-0.8174033593245185,-0.04654065376283082,0.6329545121536375,-0.8114048439551086,-0.2923612592020749,0.7701226324966176,1.0984311417876327,0.2565124668900719,0.7966092580149507,1.0828898273117753,0.0,0.0,0.0,0.0
0.029796254639947343,-0.590296286768179,0.7920713962930729,-0.00855705469531778,-0.6550173921798734,-0.005921721644288049,0.7555421404326742,0.06855976163841095,0.62888025810449,-0.8151807552799113,-0.043441884159287764,0.6558928092029447,-0.8314040441685839,-0.24238649714198243,0.7755512736144402,1.08793176303689,0.18755895218236113,0.7737528822061348,1.0922091815694617,0.0,0.0,0.0,0.0
0.03319226241597476,-0.5924134557603532,0.7930279553449457,-0.009508213179994346,-0.6563193208653941,-0.004967834198946749,0.7544069615030625,0.06596376546924165,0.6210814648549603,-0.8185455583614796,-0.039578280969758246,0.6802489208514316,-0.8582048344949215,-0.20928655968843127,0.7840136110723922,1.0788514083670577,0.1445504340198151,0.7596382634843215,1.1029734681269359,0.0,0.0,0.0,0.0
0.036294581755703936,-0.5942008426817247,0.7938732672172604,-0.009975115377438904,-0.6573630840633259,-0.004538962640255732,0.7534943069473782,0.06367181905438027,0.6148150186288366,-0.8249827992733061,-0.03587181456639494,0.7020833560858029,-0.8835669351928428,-0.1868649039415208,0.7934329668497205,1.0707315623198037,0.11751660464093958,0.7506064414953625,1.11519959600081,0.0,0.0,0.0,0.0
0.038969075722794067,-0.5956324479465319,0.7946726033598166,-0.010218363210901702,-0.6581760701761202,-0.004339047614204726,0.7527821852080524,0.061668166106119776,0.6096066873022168,-0.8329859749006018,-0.03272311734433824,0.7205059982722457,-0.9050759290763568,-0.1708297145259815,0.8026096765381713,1.0630596008062878,0.09983220723722079,0.7442356422252902,1.1282873330122876,0.0,0.0,0.0,0.0
0.04118528706746812,-0.5967339320121661,0.7954657454803286,-0.010371279753026475,-0.6588040641936171,-0.004224972833504153,0.7522312085807215,0.05980048397735865,0.6050222748546441,-0.8417226501975057,-0.030238263240835533,0.7354786443456878,-0.9220782436506798,-0.1588075986131986,0.811081556629452,1.055538460446235,0.08743570103136258,0.7390282955842756,1.141758831577007,0.0,0.0,0.0,0.0
0.042963657348130554,-0.597561339885951,0.7962710575078249,-0.010493930009061623,-0.6592936391076377,-0.004138737103394363,0.751800934902559,0.05780129757651248,0.6006800472264839,-0.8507474142125088,-0.02835209609235106,0.747322486849014,-0.934748254498127,-0.14941241200325842,0.8187405190336213,1.0480068423194109,0.07792704363400871,0.7341236386734611,1.1553028485821468,0.0,0.0,0.0,0.0
0.04435366881668802,-0.5981793653175798,0.7970916176389166,-0.010608408114777415,-0.6596824904205318,-0.00406038879399871,0.7514585728785564,0.055481759026780195,0.5962879141797174,-0.8598354411011511,-0.026936392496182654,0.7565121487059293,-0.943662070729695,-0.14177170963663824,0.8256209026019742,1.0403998057257606,0.06999943543882717,0.7290786318715972,1.168762361495769,0.0,0.0,0.0,0.0
0.04541714555304374,-0.5986502257589035,0.7979201272117574,-0.010724154587386167,-0.6599933332237441,-0.00397827375795912,0.7511843754675042,0.05277754933759031,0.5916159663708634,-0.8688718963594091,-0.025860873754504295,0.7635616579839823,-0.949560201740366,-0.1351038474601578,0.8317118388598151,1.03270982467648,0.06300068961209238,0.723674156492603,1.1820819088593453,0.0,0.0,0.0,0.0
0.04621731992321593,-0.599024346313539,0.7987461544189084,-0.010837461330927363,-0.6602484262628874,-0.0038965333089251678,0.7509589749629827,0.049720917865364124,0.5865411847975323,-0.8778100275444254,-0.025003378046784982,0.768940919366415,-0.953144670651083,-0.12908284989563756,0.8371327019352202,1.0249858696978147,0.05656642739752718,0.7178550888617853,1.1952615109523888,0.0,0.0,0.0,0.0
0.04681067728600752,-0.5993412960830227,0.7995565613226204,-0.01094267864101955,-0.6604639310527336,-0.00382058429614908,0.7507683109309858,0.04639066764549055,0.5809893784428253,-0.8866356094415911,-0.024266238113216168,0.7730491834639787,-0.9550372974401969,-0.12350795198191185,0.841983172561315,1.0173096915243371,0.050512167268098554,0.7116474790618253,1.2083162180508198,0.0,0.0,0.0,0.0
0.04724168835799401,-0.5996324031237801,0.8003359865308732,-0.011035290857286356,-0.6606506549508081,-0.00375516528587303,0.7506029797452439,0.04285334055897713,0.574924565827404,-0.8953324018062865,-0.023571053600952206,0.7761978232985871,-0.9557482205074886,-0.11821044881674238,0.8463068175202049,1.009785887781242,0.04471954056121394,0.7051217474782521,1.2212338848510687,0.0,0.0,0.0,0.0
0.04754275243431161,-0.599921492537531,0.8010662825677698,-0.011109572862206263,-0.66081776796817,-0.003707845317564228,0.7504549998577437,0.03915523952365745,0.5684025624272215,-0.9038443873820522,-0.022852888571110248,0.77861228162443,-0.9556759598445049,-0.11314549070227578,0.8501318170553245,1.0025582020290371,0.03908505712172175,0.6984011765684343,1.233933643439102,0.0,0.0,0.0,0.0
0.047736772460317836,-0.6002262803258702,0.8017236064046518,-0.011160228129287854,-0.6609704827837124,-0.003684987085014293,0.7503198591713748,0.035349152850370213,0.5616488725440048,-0.9120123177217623,-0.02206362504922706,0.7804533571497518,-0.9551561548619394,-0.1082993705392116,0.8534208014432778,0.9958303569060539,0.033556461863639406,0.6916728396214777,1.246200746718261,0.0,0.0,0.0,0.0
0.04783700320921517,-0.6005619372520643,0.802273846754897,-0.01118757337310955,-0.6611051657449188,-0.00368486566277933,0.7502007863182042,0.03147956174372241,0.555144771833574,-0.9194789334548925,-0.021171245652861163,0.7818279530740067,-0.9545035745130426,-0.10346624734206819,0.8559573741683837,0.9898855127049183,0.028138730003383804,0.6851891821647907,1.257556574278379,0.0,0.0,0.0,0.0
0.04784653650801646,-0.6009422143129381,0.8026665751570519,-0.011202568186939642,-0.6612056177199708,-0.003691627849373731,0.7501119952683002,0.027564406349104537,0.5496943580947102,-0.9256061546404603,-0.020163515659006415,0.7827893923832971,-0.9540395908615951,-0.0980873199671118,0.8572465361249716,0.9851283327017628,0.022935641702986048,0.6793224777925658,1.2670455914606746,0.0,0.0,0.0,0.0
0.04776153102724148,-0.6013698230832824,0.8028381345575911,-0.011207016998046264,-0.6612655308671119,-0.003703643570904329,0.7500590533293641,0.023630252761518165,0.5464737312869119,-0.9294834140072548,-0.01903729414847941,0.7833125884648726,-0.9540039843651008,-0.09212025005013766,0.8569004153752695,0.982148553796104,0.018111194441057372,0.6748242686121999,1.2729277827431518,0.0,0.0,0.0,0.0
0.04757678293221247,-0.6018252655897618,0.8027455048981451,-0.011147194189372269,-0.661337935369295,-0.003796704264098461,0.7499956402139372,0.019786788228974776,0.5468184000057085,-0.930106798639057,-0.017750801270594106,0.7832637899276925,-0.9542946486744855,-0.08772712984920665,0.8555678632452481,0.9815731713012181,0.013627424509941453,0.6732396489178103,1.27243177793897,0.0,0.0,0.0,0.0
0.047270116548540214,-0.6023154105207477,0.8023794094013781,-0.011004822464660202,-0.6614397442947849,-0.003994835797359095,0.7499069274494821,0.016063788355571415,0.5507549025230457,-0.9274475628860159,-0.016256925645924902,0.7825127491651928,-0.9547306965885343,-0.08530498190647251,0.8533590149696447,0.9835008116354084,0.009398189475331864,0.6745912795181773,1.2655789104572601,0.0,0.0,0.0,0.0
0.04680288188032669,-0.6028812359010212,0.8017657718004866,-0.010814229148530495,-0.6615343339756349,-0.004245599516270581,0.7498248810916344,0.012412904288611465,0.5569449513687649,-0.9224645779450542,-0.014513792374969268,0.7809688011164263,-0.9551266988704643,-0.0829684107146764,0.8496316769224184,0.9874025804164047,0.005428833955950312,0.6773383537814841,1.2551596435547856,0.0,0.0,0.0,0.0
0.046132257390486986,-0.6035573345443864,0.8009515655536935,-0.010583170703909253,-0.6616122401483793,-0.004531726806309042,0.749757763304821,0.008846243576125646,0.5640688370652065,-0.9160026886122338,-0.012454050326837378,0.7784806876521292,-0.9550783188975045,-0.07984494602961911,0.8442853647629281,0.9926286178342812,0.001697739706734397,0.6806171569987008,1.2428997126617687,0.0,0.0,0.0,0.0
0.04520943562754885,-0.6043697306650985,0.7999741888441332,-0.010299064936749125,-0.6616834819005332,-0.004864279947218094,0.7496967639132575,0.005410865288454308,0.5712386071168296,-0.9086465364466555,-0.009999186915353786,0.774819315657658,-0.9540719148071262,-0.07588388407950404,0.8374940043445934,0.998693690828181,-0.0018339088142999551,0.6839789664601857,1.2297337316040324,0.0,0.0,0.0,0.0
0.04397991435985884,-0.6053414258216105,0.7988597958088992,-0.009939598324879312,-0.6617656440095911,-0.0052670701427401136,0.7496263701110191,0.0021757984150039583,0.5780106811804745,-0.9007384400060711,-0.007065498230504235,0.7697007824767779,-0.9515422138225913,-0.0713907547498685,0.8295058566453046,1.005244057111226,-0.005220393126390685,0.6871820481929413,1.2161247339268828,0.0,0.0,0.0,0.0
0.042383985313901494,-0.6065034393939295,0.7976344475435595,-0.009494891714796234,-0.6618598291758852,-0.005744808933550037,0.7495454694179062,-0.0007824070727275785,0.5841937490542579,-0.8924203016178401,-0.003576528546288222,0.7628358452864733,-0.946939098658989,-0.06613900886787655,0.8203315748502598,1.011850341419555,-0.00849948840037254,0.6900146704312606,1.2022479148639353,0.0,0.0,0.0,0.0
0.04034697022291324,-0.6079248602177915,0.7963033331111006,-0.009092998284060528,-0.6618363282403592,-0.006113550263122511,0.7495682867535857,-0.0035732501169731595,0.5891015689878754,-0.8836606757279136,0.00040514861238517656,0.754027715286351,-0.9401099557306067,-0.05540059984353827,0.807882907468527,1.0177486559353062,-0.010780431794970537,0.6919538258733198,1.1880411132677338,0.0,0.0,0.0,0.0
0.03783198496580201,-0.609587044639895,0.7948934780911722,-0.00865892443141268,-0.661779804477763,-0.00647931010267054,0.7496202585000343,-0.005995567101721496,0.5932599871534353,-0.8746525463587386,0.0049482614214121316,0.7428815746189394,-0.9301515463731324,-0.042547525956554866,0.7937071183459056,1.0228416905045534,-0.01269046653788068,0.6932177048719239,1.1735414387834548,0.0,0.0,0.0,0.0
0.034805650731770214,-0.6114844956973516,0.7934149851243207,-0.00823418898375301,-0.6616643213366745,-0.006790923744343483,0.7497242208682845,-0.00806032645479763,0.5966745572475047,-0.865575724147596,0.009958940577938842,0.7291132398363465,-0.9165297534233084,-0.027156312702513227,0.7775986252836423,1.0268196911675789,-0.01407780358508364,0.6937416071917936,1.1586883359295452,0.0,0.0,0.0,0.0
0.031266856100454175,-0.6135838858650684,0.791892879010487,-0.00785189945107635,-0.6614825824193512,-0.0070166813224455445,0.7498865961024078,-0.009816863989237532,0.5995391665957845,-0.8566882513784275,0.01529694999629605,0.7125135122331021,-0.8986999363790421,-0.009727586327418599,0.7598555945167856,1.0293678886193949,-0.015039062253448404,0.6935572648832811,1.1434555841431433,0.0,0.0,0.0,0.0
0.0272665051731158,-0.6158184125138381,0.7903598188960643,-0.007531806139629514,-0.6612469026730321,-0.007150171129880633,0.7500964475681845,-0.011445901710693767,0.6022840057827451,-0.8483427266586887,0.02077321123551223,0.6930520580207018,-0.8763035987013701,0.008526067774936929,0.7411932714702131,1.0303086857173356,-0.01588636463792024,0.692851614092174,1.1279328746792938,0.0,0.0,0.0,0.0
0.022939599201672455,-0.6180940470680442,0.788848987750364,-0.007272932058314893,-0.6609901635820906,-0.007214983626552705,0.7503246311552518,-0.013345917506282341,0.6056589634531009,-0.8409180720228244,0.02617643267008947,0.6711036277101254,-0.8495683800235966,0.02605807872660766,0.7226244759558763,1.0297443242899498,-0.017217436510687432,0.692071245795256,1.1124606691975443,0.0,0.0,0.0,0.0
0.018727241682930173,-0.6204117300267333,0.7873766946413107,-0.007041708884999527,-0.6606520013876465,-0.0072712373201600355,0.750624058038583,-0.015593207171135177,0.6101541549762665,-0.8336360355917974,0.031589269336229076,0.6493763008152218,-0.8230307964962493,0.04221879294206418,0.7050905896016442,1.028004885040337,-0.019616080592285957,0.6928678335036291,1.0970134635280808,0.0,0.0,0.0,0.0
0.014919821385527186,-0.6225545304302772,0.7860856049257289,-0.006771405709767159,-0.660330522030387,-0.007412218700582237,0.750907989539148,-0.01843613468312675,0.6166298628964917,-0.8275678533266752,0.0366221996622978,0.6292412195702117,-0.7980566262702876,0.05446397457279062,0.6906542417429237,1.0253612815091482,-0.02443460128516991,0.6950033542908498,1.082145530939125,0.0,0.0,0.0,0.0
0.01186897538718001,-0.6242685403326051,0.785118449607231,-0.006408608953909204,-0.6600690577880679,-0.007705028633051315,0.7511380706739688,-0.02169724049879334,0.6250061518118099,-0.82414860272354,0.040790458673010226,0.6126435323345772,-0.7771827756599914,0.061026799723505665,0.6808414191198585,1.02241959298462,-0.032971824903092736,0.6977732063229147,1.0680262723236837,0.0,0.0,0.0,0.0
0.01006012075995747,-0.6252720240589484,0.7845047271209058,-0.006021890726928991,-0.6599069145691572,-0.008079084849994728,0.7512797943002824,-0.024467052324916288,0.6334634694547823,-0.8253336257516334,0.04341892263812058,0.6024915131051576,-0.7647518539062395,0.06190485092785585,0.6759941856251006,1.0210463650156427,-0.04448190983567743,0.7001915349751432,1.0555231244385357,0.0,0.0,0.0,0.0
0.010017135734726313,-0.6254311299194393,0.7844178371716141,-0.005902026596596945,-0.659919072896528,-0.008054837729881997,0.751270326113434,-0.02445011034951139,0.6334918245816729,-0.8253497671300295,0.04359784031770147,0.602287148152887,-0.7647061255974189,0.06188747841073338,0.6758575044721942,1.0209600947123914,-0.044494952747974985,0.7002370994020813,1.055539956888511,0.0,0.0,0.0,0.0
0.010017135734726313,-0.6254311299194393,0.7844178371716141,-0.005902026596596945,-0.659919072896528,-0.008054837729881997,0.751270326113434,-0.02445011034951139,0.6334918245816729,-0.8253497671300295,0.04359784031770147,0.602287148152887,-0.7647061255974189,0.06188747841073338,0.6758575044721942,1.0209600947123914,-0.044494952747974985,0.7002370994020813,1.055539956888511,0.0,0.0,0.0,0.0
