root_pos_x,root_pos_y,root_pos_z,root_rot_x,root_rot_y,root_rot_z,root_rot_w,FL_hip_joint,FL_thigh_joint,FL_calf_joint,FR_hip_joint,FR_thigh_joint,FR_calf_joint,RL_hip_joint,RL_thigh_joint,RL_calf_joint,RR_hip_joint,RR_thigh_joint,RR_calf_joint,FL_foot_joint,FR_foot_joint,RL_foot_joint,RR_foot_joint
0.0,0.0,0.741806,-0.006758711164040804,-0.6597561136286221,-0.007681651322997147,0.7514101294140303,0.0,0.610812,-0.785317,0.0,0.610812,-0.785317,0.0,0.698123,1.0472,0.0,0.698123,1.0472,0.0,0.0,0.0,0.0
0.000920826826109978,-0.00023636913163510204,0.7419096959445395,-0.006982104547829671,-0.6598826615192755,-0.007399522890062275,0.7512997872376377,0.00017660776449655966,0.6164322701375512,-0.7939668438478804,0.00017660776449656055,0.6172273830566617,-0.7941412031546468,0.005743662636839158,0.6989924294532709,1.0468392429756652,0.005743662636839163,0.7022468039209493,1.048973412583134,0.0,0.0,0.0,0.0
0.002697118859166828,-0.00048574994082266744,0.742096410532723,-0.007047609963063742,-0.6601157905446453,-0.007285999452290354,0.7510954589660408,0.0005296619850514763,0.6274387302213712,-0.8100984056472954,0.0005301684813492699,0.6291956613347124,-0.8114838378934766,0.009031495986201121,0.702909318772409,1.0473852629579508,0.009128664985675978,0.7078045976007811,1.0511897536482728,0.0,0.0,0.0,0.0
0.0052701496842901055,-0.0007803625945636074,0.7423844508665928,-0.0069644827157862845,-0.6604543349944832,-0.007335992275561949,0.7507980757732596,0.001141966307891713,0.6431511905508084,-0.832463331623239,0.0011428600709386199,0.6461431317030648,-0.8362351054390984,0.010302364402029668,0.709859990033432,1.0483545753731927,0.010475885723227359,0.7149269903863541,1.05360532195704,0.0,0.0,0.0,0.0
0.008583132022795587,-0.00133306243549333,0.7429571591714759,-0.006649955364378725,-0.660947932237767,-0.007634656605071299,0.7503634592534437,0.0026264636058286944,0.6624150480151316,-0.8578869645550918,0.0026286377008331143,0.6679357352702293,-0.8673203514734144,0.009945224240004784,0.7212110713008151,1.0473881514426215,0.010141163080879572,0.724513906405589,1.0550808236852358,0.0,0.0,0.0,0.0
0.012646644147982826,-0.0025198914436182357,0.744658421688844,-0.005730537546315607,-0.6621340327914038,-0.008513029587976412,0.749315161921909,0.006214890471565898,0.6836784576853002,-0.8770344184641412,0.0062276440701065396,0.6949842316838022,-0.9002915690855047,0.005125382930673661,0.7449168182777339,1.0370459085778634,0.005213567363467654,0.7413393015648774,1.0498221284937272,0.0,0.0,0.0,0.0
0.015892080479121055,-0.0036637513386798574,0.7455145780950373,-0.005546640392219851,-0.6615997216833926,-0.0086577791954808,0.7497866936057341,0.00902907659013727,0.7020868851663133,-0.9043634405961154,0.0005573751998528761,0.66734363562353,-0.8669061335949604,-0.0006424842268548548,0.7318468429261321,1.0599999453342022,0.012807460673467668,0.7510670044043029,1.048207624084684,0.0,0.0,0.0,0.0
0.019521228429695264,-0.004732527467751537,0.7465599320928845,-0.005159366397809676,-0.6613278798530745,-0.008970628895996643,0.7500255622874602,0.01183390615317339,0.7221015465389077,-0.9315776855769928,-0.0042646053241460384,0.6465202323342207,-0.8503232344129698,-0.005521908260090991,0.723565979266148,1.07892563116153,0.01680302903786031,0.7623588302630159,1.045188667047681,0.0,0.0,0.0,0.0
0.022982968564465914,-0.005809531524770839,0.7477981546212401,-0.004651858773556238,-0.6613480391335397,-0.009387545660434123,0.7500060035297359,0.014794816808250707,0.7403049623163523,-0.9533078233291157,-0.008130049868528038,0.6320221411744634,-0.8449298212632986,-0.009129778336716604,0.7182002770873291,1.0961154997250733,0.019036467198197987,0.774883610941898,1.0403720145564606,0.0,0.0,0.0,0.0
0.02604755814543831,-0.006906730066831844,0.7491234345226809,-0.004160179424672765,-0.6614408684295305,-0.009809222857597999,0.7499216289888384,0.017869086856861473,0.7558554215979209,-0.9700535701437848,-0.011459599503536384,0.6215002179127307,-0.8456712806613464,-0.0119333861746549,0.7140437319729018,1.112092467947954,0.021771755662193946,0.7876152883477083,1.0342799474210516,0.0,0.0,0.0,0.0
0.02860516532738054,-0.008028433089591313,0.750448820400107,-0.0037284084805080187,-0.6615091079800497,-0.010199127051622285,0.7498585045440415,0.021030499140824787,0.7683466638821724,-0.9821764136841866,-0.014372788659494734,0.6132540321357041,-0.8496648278366586,-0.01429411648939629,0.7101462574209845,1.1271003875822492,0.025971310319518964,0.7998050652916989,1.027593416736858,0.0,0.0,0.0,0.0
0.030639069648097057,-0.009159918153291709,0.751728004711734,-0.0033581498185402156,-0.6615291549152154,-0.010550237694145368,0.7498377107825094,0.024220947941320417,0.7778102987706468,-0.9901175408171127,-0.0169342456878964,0.6061754890005473,-0.855316864940449,-0.016405699507219842,0.7060464258806455,1.1413588790509215,0.03168176041890855,0.8110734455569679,1.0207519694386544,0.0,0.0,0.0,0.0
0.032192372154847305,-0.010275411816317236,0.752943308246806,-0.0030392834752024163,-0.6615094192148944,-0.010864319664603436,0.7498519971328714,0.027359033477756322,0.7845768035232289,-0.9944673281302919,-0.019226513816341606,0.5995786989717253,-0.8617505634298348,-0.018362864398155362,0.7015635269652801,1.1550830382388784,0.038500969031655854,0.8213049646326487,1.0139604415024317,0.0,0.0,0.0,0.0
0.03333888955356292,-0.011347695517924035,0.7540914480890929,-0.002761852542618048,-0.6614669063469084,-0.011144579458440176,0.7498864596237738,0.0303633196465278,0.7891236542722814,-0.995915633906861,-0.02134769423811294,0.5930565779248308,-0.8684875510710641,-0.020226051503046235,0.6966640110886683,1.1684654150550005,0.04589687119199553,0.8305304725004281,1.0072864155939387,0.0,0.0,0.0,0.0
0.03416179103660605,-0.012354248852144157,0.7551746446504742,-0.0025186666298670194,-0.6614169380389899,-0.011394144832692469,0.7499276390806423,0.03316927640197294,0.7919598874874727,-0.9951677874032313,-0.023392669486045677,0.5863742254009239,-0.8752740370229252,-0.022049629727252648,0.6913837296492756,1.1816617893420773,0.05338072045750207,0.8388457204690455,1.0007399665350873,0.0,0.0,0.0,0.0
0.03474000751197849,-0.01327975513444115,0.7561962320654908,-0.0023048364974352447,-0.6613700897294132,-0.011616048451218056,0.749966238945732,0.035735792260513384,0.7935540000091592,-0.9928732555297155,-0.025439235558367506,0.5793952097213964,-0.8819852901031805,-0.023885245790538967,0.6857890672092398,1.194784353988011,0.060579384018862446,0.8463640548598927,0.9943195193009796,0.0,0.0,0.0,0.0
0.035140917011930874,-0.014116113680364879,0.7571584103506137,-0.002116929359311373,-0.6613322513466897,-0.01181319179279848,0.7499970802866321,0.03804391696972694,0.7942970245067149,-0.9895837337496115,-0.027542843077970565,0.5720383490417461,-0.8885694515358168,-0.02577645873738718,0.6799634732545025,1.2078969064541176,0.06724979179393915,0.8531895429396411,0.9880362591085748,0.0,0.0,0.0,0.0
0.035417464295313596,-0.014861145538360829,0.7580603311821265,-0.001952527672244618,-0.6613055293964887,-0.011988040169928294,0.7500183139885338,0.04009173052559916,0.7944899175932871,-0.985741699562679,-0.029737424706004205,0.5642678554439339,-0.8950055372832741,-0.027754523174638796,0.6740097809352676,1.2210040691462645,0.07326656781678918,0.8593985533708206,0.9819324064823588,0.0,0.0,0.0,0.0
0.035608015256536237,-0.015516907105755911,0.7588954843084951,-0.0018102388038049764,-0.661288883187292,-0.012142181822647946,0.7500308683174067,0.04188848664240788,0.794345579845239,-0.9816939111956825,-0.03203860957618321,0.5561245355926354,-0.9012569920861955,-0.02983996155854644,0.6680618371163137,1.2340236404034388,0.07860238080735066,0.865021639625246,0.9761044255904606,0.0,0.0,0.0,0.0
0.035737554220153095,-0.01608826258309245,0.7596479791349697,-0.0016899163981202766,-0.6612782887379016,-0.012275985193970152,0.7500383118307739,0.043450141539466296,0.7939973765739454,-0.9777200953404003,-0.03444608358901157,0.547806536626727,-0.9072075568793285,-0.032050381716074716,0.6623021922017566,1.246727371614743,0.08331047540197282,0.8700214687749641,0.9707371181440225,0.0,0.0,0.0,0.0
0.03581946571659501,-0.016582196647141095,0.7602879630275144,-0.0015915443538309336,-0.6612693843260787,-0.012389332627845607,0.7500445138634206,0.044797664950808266,0.7935054207275454,-0.9740472211337425,-0.03693998487164618,0.5398019884887268,-0.9125770949113143,-0.03440170012271712,0.6569930403124641,1.2586436946415085,0.08749044393019668,0.8742701853995856,0.9661507503884088,0.0,0.0,0.0,0.0
0.035891147939461944,-0.016989600975150867,0.7607707635753345,-0.0015144891449315088,-0.6612591420665321,-0.012480511429265373,0.7500521916443733,0.04590968957416204,0.7930985541826606,-0.9712164446440347,-0.03957662548764352,0.5330310614667054,-0.9167596533557972,-0.03698366844702899,0.6527178330456052,1.268845424912979,0.09105916125618232,0.8775769880396862,0.9627772481992429,0.0,0.0,0.0,0.0
0.03596065964053479,-0.017313641400457557,0.7610414100926713,-0.0014610723407453975,-0.6612376983020637,-0.012546980723152999,0.7500700933156427,0.0467969959799439,0.7928195295302038,-0.969560245595266,-0.04237148034009631,0.528741263748233,-0.9188354667748782,-0.03996598075777494,0.6502838743162458,1.27558348621664,0.09413503414470728,0.8796541919224883,0.9611652400319676,0.0,0.0,0.0,0.0
0.03599767290921321,-0.01757661467815562,0.7610601606454178,-0.0014347086873224744,-0.6611926023957758,-0.012588365984787964,0.7501092035096736,0.04752084999882369,0.7924549070896683,-0.9689675897343578,-0.04528180942290573,0.52802252970571,-0.9177112959751992,-0.043633552955882476,0.650940741727904,1.2759796727663448,0.09705605700308893,0.8802496618145665,0.9617482502861231,0.0,0.0,0.0,0.0
0.0359577263930286,-0.01779975687727288,0.7608286806440692,-0.0014353455187511282,-0.6611206184211761,-0.012603323770325598,0.7501723961274394,0.048130098534736904,0.7917075020376568,-0.9689930218351521,-0.04819531243847028,0.5308248267720739,-0.9133864028563011,-0.047908373336081986,0.6545433247279774,1.2699726889528675,0.10009361157404054,0.8793272866657673,0.9645479579885273,0.0,0.0,0.0,0.0
0.03582556460278526,-0.017989731813986738,0.7603908348013771,-0.0014580883263306242,-0.6610274419580746,-0.012595125811167177,0.7502545952958887,0.04863902393445178,0.7904770400916791,-0.9692728043988035,-0.05109291558538093,0.5360231457792116,-0.9069521606154177,-0.052557818883893076,0.659762376408186,1.2603536918390383,0.10319823600111702,0.8770961933718865,0.9691419440872712,0.0,0.0,0.0,0.0
0.035577578802544904,-0.01816046534095637,0.7598064616548678,-0.001495748590038894,-0.6609224193683916,-0.012568472843858196,0.750347487370192,0.04907885920938844,0.7885968899438818,-0.9692559707734469,-0.05390642379947967,0.5423726662193699,-0.899309105049091,-0.05738413253380322,0.6658030513081205,1.2488340159343518,0.10636307351288989,0.8738532602954086,0.9749700135740186,0.0,0.0,0.0,0.0
0.03517950460714687,-0.01833391557365142,0.7591278706911874,-0.0015431852913540844,-0.6608075657228483,-0.012528155745742117,0.7504492154544574,0.0495034079619718,0.785829650873482,-0.9683448060952948,-0.056561956136235325,0.548975101131746,-0.8910242505140435,-0.06229285703198481,0.6721684293730981,1.236318774814686,0.10969766816094838,0.8698270831900099,0.9815587133292858,0.0,0.0,0.0,0.0
0.03458648725121709,-0.0185397046521615,0.7583950307650782,-0.0015967290864567637,-0.6606782927098844,-0.012478529484484349,0.7505637416636122,0.04998665707615934,0.781864897529605,-0.9659061498658609,-0.05898351106200294,0.5553270433364474,-0.8823876701132682,-0.06725007526202088,0.6785139427460513,1.2232440413996586,0.11341840037297699,0.8651522340174155,0.9885680601468873,0.0,0.0,0.0,0.0
0.03374451084905494,-0.01881551028777694,0.7576377813681052,-0.0016539086035992111,-0.6605240133030248,-0.012423509341438663,0.7507003056160558,0.05062301844228042,0.7763225684942697,-0.9612622148382491,-0.06109785724862686,0.5612074865364293,-0.8735206338865662,-0.07226154529531416,0.6845807819411165,1.2097951356943877,0.11784040805563888,0.8598855469680206,0.9957681114150404,0.0,0.0,0.0,0.0
0.03259300929745754,-0.019207279807217235,0.7568794640148906,-0.0017140044165535487,-0.6603280918774868,-0.012366087449862433,0.7508734601432385,0.05152664230711804,0.768762413997772,-0.953688202814579,-0.06284578225059798,0.5665497426451523,-0.8644705500383624,-0.07737316953188733,0.6901589310616721,1.1960365019826553,0.12337588143121768,0.8540330370512395,1.0029996118226097,0.0,0.0,0.0,0.0
0.031069927374807044,-0.01976789361663508,0.7561397194621363,-0.0017795904507757463,-0.6600674768174394,-0.01230697639464257,0.7511033866504051,0.05282582266901343,0.7587085971633986,-0.9424391721373923,-0.06419989224868572,0.5713536056172909,-0.8552736293297662,-0.08269326026809166,0.6950663953004724,1.181993258794444,0.13052522120954949,0.8475760887662939,1.0101384743604986,0.0,0.0,0.0,0.0
0.029121207388468205,-0.020552530941243576,0.7554355627232747,-0.001859156639440376,-0.659712504843307,-0.012242019156706464,0.7514160548304291,0.054647766058724345,0.7457044214325903,-0.9268323697067717,-0.0651859486502338,0.5756482670359023,-0.8459833349176158,-0.08844303894703966,0.6991524106957424,1.1677195900962902,0.13984400309569034,0.8404947714571848,1.0170695449610454,0.0,0.0,0.0,0.0
0.026717165310805605,-0.021608378471014336,0.7547800721016786,-0.001970907788681395,-0.6592272160085151,-0.012158084011731882,0.7518429185603298,0.057088272413052185,0.7294202725662422,-0.9064256990190863,-0.0659013581893314,0.5794999714604082,-0.8366645863020475,-0.09506565078034289,0.7023502788514768,1.1533885156591477,0.1518682049716768,0.8327879834357678,1.0236729040084898,0.0,0.0,0.0,0.0
0.023878612714240657,-0.02295544420022626,0.7541769871317757,-0.0021487909203232462,-0.6585675513109496,-0.012030544496118662,0.7524223741071283,0.06016764730696022,0.7098561670927894,-0.8813794914619963,-0.06651057153319417,0.5830564096381502,-0.8273768168119102,-0.10353974127906598,0.7048404389266516,1.13944302555308,0.16694886751382051,0.8244619604849445,1.0298314426926878,0.0,0.0,0.0,0.0
0.020694894029322005,-0.024545809579634554,0.7536104125638121,-0.002447977515055058,-0.6576951462109724,-0.011795749564983766,0.7531878665703621,0.06368786643422363,0.6875639652000328,-0.8528612869187745,-0.06689467872403022,0.5865447201031719,-0.8180112684782381,-0.11517784495282671,0.7071912305452299,1.1267744238831425,0.18519949999457097,0.8156100760519592,1.0354686275279097,0.0,0.0,0.0,0.0
0.017516256861741283,-0.026163990903354493,0.7530326099839973,-0.0029923988755908145,-0.6564568144008688,-0.011316162280533653,0.7542727894116777,0.06701016185998722,0.6654148138844402,-0.8265895718711973,-0.0675823901249676,0.5898788271579112,-0.807448044914192,-0.1340588579393627,0.7117211287951223,1.1162230201901613,0.20623649268939717,0.8063239435069891,1.0404497688590955,0.0,0.0,0.0,0.0
0.014552211812608438,-0.02771915928582583,0.7524644820357403,-0.0038950490791324387,-0.6547397736708286,-0.010506462810137847,0.7557713090646948,0.06989800529568035,0.6454197453107082,-0.8065405298908086,-0.06934505319886444,0.5925586135290064,-0.79564870481679,-0.1669742864926158,0.7191288063496629,1.1097141101213803,0.2303621160533311,0.7968954965703468,1.0443524116094114,0.0,0.0,0.0,0.0
0.011982297008843663,-0.029072535367499017,0.7518846958127583,-0.005235660348546491,-0.652479350097473,-0.009241485770042725,0.7577320637915859,0.07188634791991033,0.6295875594663168,-0.7967556896383089,-0.07231937041679073,0.5929323630934817,-0.7828397468384475,-0.22039344109265926,0.7287786303190861,1.1093558079551529,0.25731475653604097,0.7874094345231604,1.0470792433984226,0.0,0.0,0.0,0.0
0.010162338787288007,-0.030015575906391794,0.7509421332938399,-0.0066298661456535915,-0.650007741463127,-0.007718290121575911,0.7598594665531873,0.07250530565876667,0.6201389540833563,-0.8001281764977133,-0.07629902410959263,0.5887774319094061,-0.770852459775681,-0.28246535306423515,0.7341511497257441,1.1185058349912333,0.2801012654520751,0.7761150564822155,1.0519172916530093,0.0,0.0,0.0,0.0
0.01019274881178367,-0.030095932688001547,0.7509135995723566,-0.006702909070672802,-0.6500108501677664,-0.007634031900496163,0.759857017623125,0.07256321765871261,0.6199907810796127,-0.8001060587238882,-0.07634552328896073,0.5887952815390549,-0.7708492479080855,-0.28246528567149176,0.7341706188845372,1.1185156265930523,0.28012150424830295,0.7759912397446959,1.0518268235958965,0.0,0.0,0.0,0.0
0.01019274881178367,-0.030095932688001547,0.7509135995723566,-0.006702909070672802,-0.6500108501677664,-0.007634031900496163,0.759857017623125,0.07256321765871261,0.6199907810796127,-0.8001060587238882,-0.07634552328896073,0.5887952815390549,-0.7708492479080855,-0.28246528567149176,0.7341706188845372,1.1185156265930523,0.28012150424830295,0.7759912397446959,1.0518268235958965,0.0,0.0,0.0,0.0
0.01037240517822422,-0.030349795599167343,0.7513610694759878,-0.006672198124236583,-0.6512086831138618,-0.00785426846705709,0.7588287311878407,0.07346053354315371,0.618458608428813,-0.7900104516468591,-0.07525172877067733,0.5886734932302917,-0.7638852013907148,-0.2893272464402183,0.7435723568018701,1.1167306049650076,0.286044382273182,0.7842532741694529,1.0506582778058164,0.0,0.0,0.0,0.0
0.010917774099728552,-0.030829971189223863,0.7515536810994005,-0.006572335490007982,-0.6519154349478421,-0.008089085559608591,0.7582200450909894,0.07496204108482958,0.6193723114354787,-0.7869044251618262,-0.07380303236040715,0.5925330219246364,-0.7667637069624303,-0.29368979704185905,0.7502223489330114,1.1160684527102922,0.2932595422632107,0.7903234212404537,1.0519772806844578,0.0,0.0,0.0,0.0
0.012049368105048655,-0.031525954699928124,0.751562257833627,-0.0063360386173873864,-0.6523566893617783,-0.008422625990764173,0.7578388112461639,0.07714681106635426,0.6238919764536804,-0.7911439091013865,-0.07193853638539986,0.6014982621360893,-0.7801990062457461,-0.29895520647319795,0.7567205037700074,1.11676848551057,0.3016479271107634,0.795766477167233,1.0557235506150608,0.0,0.0,0.0,0.0
0.013902373619220037,-0.03242156655711917,0.7515365115583826,-0.00587793706833566,-0.6529364434854718,-0.00902620730668943,0.7573361064983107,0.08021693756774777,0.632135590076699,-0.8001137552998708,-0.0694156034493575,0.6155214991319637,-0.801971155687954,-0.3114626875667383,0.7675773865055129,1.1185946839854752,0.31110271568085723,0.8030880862219787,1.0612283794445427,0.0,0.0,0.0,0.0
0.016542434570747607,-0.03356913973065606,0.7518299329720134,-0.005210794863438443,-0.6544742739097995,-0.010119972611319512,0.7559985837033546,0.08467794536628588,0.6429113165065178,-0.8064461947689097,-0.06558427799028016,0.6335005908049821,-0.8254012960272786,-0.3410804737824014,0.7911769399488522,1.1199557219616072,0.3261560773517556,0.8186047606879502,1.0667642475150896,0.0,0.0,0.0,0.0
0.01920928491840766,-0.03608584437124535,0.7530449655389361,-0.007825211459884804,-0.6546103817809114,-0.006731514536132346,0.7558959590064676,0.0778250093273519,0.631471341386829,-0.8019544912194838,-0.06421575182513212,0.6556721027774226,-0.8475827625528295,-0.24233849989770045,0.7751960915605367,1.104147184775484,0.2435011152775524,0.784294878721661,1.0744541825650917,0.0,0.0,0.0,0.0
0.02239552940043998,-0.03833858141124187,0.7541785246774962,-0.00942661895579015,-0.6558294822307955,-0.004990988184565366,0.754833702963037,0.07094073121140049,0.6245546135300586,-0.8054570389722379,-0.061082847575216884,0.6787963252604474,-0.8701025734912141,-0.19497331263509887,0.7793651511525946,1.091927216616608,0.17595907251016657,0.7606715373925049,1.0844099677267134,0.0,0.0,0.0,0.0
0.025816485233922902,-0.04034899908792851,0.7549777408156474,-0.010129691588116024,-0.6569633704432687,-0.00430189848332489,0.7538421671103237,0.06558112684786405,0.6191301411223817,-0.8135483057450256,-0.05731588169103029,0.7028534463030545,-0.898164160627728,-0.16763431837203788,0.7881784531022282,1.0835797930351974,0.1319656837434709,0.7460700540761693,1.0961724639500354,0.0,0.0,0.0,0.0
0.029018135297063576,-0.04199669082007558,0.7555171273902718,-0.010387921731254328,-0.6579974845523362,-0.004165752184263781,0.7529369481660749,0.060662214647096833,0.6145847942371393,-0.8236180894631647,-0.053702227124269926,0.7244371622012491,-0.924794119352271,-0.15209418999542634,0.7984658277868609,1.0781594708340094,0.10254848507645234,0.7369811209649799,1.1091776200878232,0.0,0.0,0.0,0.0
0.03190320505190181,-0.04316468112746803,0.7560758642488843,-0.01017221102603533,-0.6593320167696811,-0.004719602436404046,0.7517682775550648,0.056611618312536874,0.6127556720248082,-0.8346135592265904,-0.050269617063117736,0.7424176531779916,-0.945677035845838,-0.15635513766824746,0.8155448146560433,1.0744327298398366,0.08042759136947367,0.7324235810373678,1.1233317203705697,0.0,0.0,0.0,0.0
0.03443584739822256,-0.043982152366164394,0.7569691209803822,-0.009587344825168405,-0.6609984520558395,-0.005828927398980928,0.7503033738457828,0.053903448815250506,0.6139911759357467,-0.8452991873717124,-0.046880590346778404,0.7572406650323944,-0.9599502505927385,-0.18103651376402902,0.8415879083693437,1.0692114710001037,0.06223076026046855,0.7313622452254404,1.1376397577238657,0.0,0.0,0.0,0.0
0.03623262821809363,-0.045409395611313505,0.7574227167433479,-0.010862440935887242,-0.6599323328446919,-0.0039328357075901835,0.7512362186731775,0.048101488724461475,0.6035591258831267,-0.8551144703982418,-0.0460722246760954,0.7718393705808366,-0.981065875914996,-0.10802007127570334,0.8208047340257615,1.0588383819679759,0.055396842687845706,0.7193843463270362,1.1499952559969335,0.0,0.0,0.0,0.0
0.03768567789904382,-0.04653876553612684,0.7577826327484357,-0.012329325312775431,-0.6589638796628801,-0.0019325773034880136,0.7520710459670303,0.042011286498765656,0.5927323941510689,-0.8646475397561018,-0.045945788307209905,0.7833118861414501,-0.9967532264252535,-0.05022838694129634,0.8037328524671556,1.0496349252284445,0.051406917836612616,0.7085340345655377,1.1626484925223675,0.0,0.0,0.0,0.0
0.039061468812825406,-0.046566946932825835,0.758141714572277,-0.012202901552596596,-0.6600716562369127,-0.0024918172739080004,0.7510993866813033,0.037190109527412994,0.5902133335160029,-0.8752663260836655,-0.04501284677536982,0.7897565448441872,-1.0011215682137222,-0.06712086531771616,0.8185757246830574,1.0489694632395732,0.03759863970844657,0.704411880000578,1.1779183825656276,0.0,0.0,0.0,0.0
0.04028740455786926,-0.04571820204506499,0.7590604698782716,-0.010471815931259702,-0.6628228685406657,-0.005492515129001911,0.7486828556125635,0.033348042699168655,0.596364734527504,-0.8876203139309852,-0.042987120114916226,0.7922458086271749,-0.995436876186221,-0.15204853902973353,0.864873693942312,1.0505661982189782,0.01781908278792716,0.7064432990070743,1.1923758369857602,0.0,0.0,0.0,0.0
0.04116391175532789,-0.045195425827099706,0.7607786097689156,-0.009426168992833725,-0.6658281257484385,-0.007965532765003926,0.7460030861787433,0.030145819059958882,0.6039019768661977,-0.8979834811320934,-0.0404760979594068,0.793414553329874,-0.9819293049285891,-0.2667073846726243,0.9273370241230228,1.0427946858044657,0.0018788018623926948,0.7114426703722055,1.204431779196842,0.0,0.0,0.0,0.0
0.04102682853911231,-0.046243102253703726,0.7613667517714261,-0.010523939275488895,-0.6629881165459864,-0.0052460479451540394,0.7485375628529862,0.02003440013173543,0.5857776407033632,-0.9056584844544946,-0.04212102236591615,0.7985071353997826,-0.9946301447368959,-0.1398597505834971,0.875892152327078,1.0286444717602856,0.0001414110406079451,0.6887058934355831,1.2134298376484376,0.0,0.0,0.0,0.0
0.04052893470754928,-0.047898494297844985,0.7619486980031024,-0.013442675146035801,-0.6594194527193976,-0.0006919628776926701,0.7516547086578678,0.009061256402391272,0.5622218804135326,-0.9123704064475122,-0.04394432663177073,0.8030817205050035,-1.004916743306216,-0.01355340737566274,0.8231020227865403,1.008818350486971,0.017105973064506917,0.669149071224075,1.219852717841815,0.0,0.0,0.0,0.0
0.0408140518901698,-0.047756670258154846,0.763461094580776,-0.011124037843672836,-0.6630693129596216,-0.004915191161010728,0.7484592058951234,0.009319358085288158,0.5729041074311007,-0.9211817131972441,-0.038182338377900533,0.8016281219721815,-0.9897594615946665,-0.13937101634623078,0.889385118600694,1.003356085375715,-0.014750143420981306,0.671523619031386,1.234275506769283,0.0,0.0,0.0,0.0
0.04086167355838241,-0.04819056889265564,0.7647418536826587,-0.010647845127830537,-0.666344981242577,-0.007178259032591831,0.7455330052816067,0.008434698518652958,0.579552467209194,-0.9285862421869042,-0.03304820544558637,0.7995893641995444,-0.9711638506702596,-0.26548378174702214,0.9543369342559576,0.9948161497158606,-0.025575737359383247,0.6807621069578971,1.2455821063074601,0.0,0.0,0.0,0.0
0.0399502972353156,-0.05017320906737342,0.7645986675042122,-0.011741321358257976,-0.6631384875519287,-0.004278842279347331,0.7483923965466585,-0.0006079919809637794,0.5598261453309309,-0.9330157543241693,-0.032538501604344794,0.8028298418299737,-0.9855583371810022,-0.13817129264600603,0.8981105088312786,0.9829380520106582,-0.026796085921010973,0.6563305783018525,1.252302106719856,0.0,0.0,0.0,0.0
0.03870956064757085,-0.05260990248324126,0.7642174946408854,-0.014666713306778198,-0.6590677476874349,0.00047103275858480996,0.7519404029623151,-0.011223962782784048,0.5367859372953079,-0.9347203374418542,-0.032614160026529795,0.805332392877417,-0.9988625125182745,-0.011481432224293514,0.8390123646519395,0.9676188666870318,-0.0028241729342510895,0.6395186948245101,1.2507436919572639,0.0,0.0,0.0,0.0
0.03872608843390686,-0.053671711618795165,0.7643183972346497,-0.013417870480458578,-0.6618038840472267,-0.002183453296477366,0.7495537421315944,-0.010186093574884604,0.5474174892010382,-0.9339094332124149,-0.02592488699181958,0.8051932937389306,-0.9919874485485687,-0.09540845787865704,0.8806712817091603,0.9677740936056878,-0.02687926739397992,0.6440000275931981,1.2563274498052164,0.0,0.0,0.0,0.0
0.03861157577488567,-0.054368787598586786,0.7640830939693789,-0.011749281038825044,-0.6649774496012972,-0.005473445499771324,0.7467509540075499,-0.009699978468910742,0.563977009261775,-0.9319381208897344,-0.019388303195283573,0.8028627794156094,-0.982322438822194,-0.21020601015659557,0.9317529873341839,0.9737168699381549,-0.04656754589438612,0.6558932092881424,1.2512535694404507,0.0,0.0,0.0,0.0
0.03718437787889678,-0.05673197090544829,0.7628373758476168,-0.012814654595307411,-0.6605309301379464,-0.002025303577078184,0.7506867343333856,-0.021580864662527333,0.5497489258372467,-0.9267923766688491,-0.019019040727910892,0.8051629288820882,-1.0046194582051102,-0.08214344279919611,0.8646941925563268,0.9684248276854054,-0.030490274371142122,0.6398282332790138,1.2356991771600432,0.0,0.0,0.0,0.0
0.03642114545800766,-0.05767956786830343,0.762195035515101,-0.010868968395930913,-0.6639415535186386,-0.005740776523332701,0.7476834373731801,-0.021644867433739452,0.5697074318374843,-0.920763298719419,-0.011217559616594715,0.7993480794393586,-0.9911864697538336,-0.20395598469822712,0.9158949762775284,0.9773299274052037,-0.05035814719795217,0.6540300917346942,1.2258496298168942,0.0,0.0,0.0,0.0
0.0351920676160209,-0.05927109388877521,0.7615561156487856,-0.009953494050360764,-0.6670506975725699,-0.008277442385964015,0.7448998447923615,-0.021630201605610917,0.5883826902049726,-0.9135684421656053,-0.0030659822524337615,0.7922429958670709,-0.9740468974820976,-0.3297489868593069,0.9687146962336347,0.9823883378619319,-0.0590791241085815,0.6716261847755499,1.2137354516685772,0.0,0.0,0.0,0.0
0.032722812334422605,-0.062380678361204964,0.7598273826431454,-0.009653874391291062,-0.6639801819268611,-0.006763183291179787,0.747657261095871,-0.027588620804097873,0.5826119074107761,-0.9035922428132378,0.0016650453221266539,0.7887573174069272,-0.9880001532794997,-0.2023185636449234,0.9034254221980393,0.9822899720708467,-0.059960400238089184,0.6564247239194553,1.1970868845204463,0.0,0.0,0.0,0.0
0.02962907645608602,-0.06644814237757515,0.7583733072881972,-0.01132576854825083,-0.6604111283271981,-0.0035400885396456826,0.7508104529916457,-0.03293311776686375,0.5727402809497203,-0.8916270614749239,0.007444474956222696,0.7834281198079438,-0.9962248326676899,-0.0760059035832722,0.8406152604012571,0.9721915128347781,-0.04063799380761324,0.6475497222803108,1.1769912433748222,0.0,0.0,0.0,0.0
0.026731422845839764,-0.06990231073724355,0.7563876450526013,-0.011493710187022327,-0.6610530526974632,-0.003650620090541717,0.7502422469565788,-0.03259320282469703,0.576513559395814,-0.8801984068926321,0.01658140145259317,0.7726693564390696,-0.9858693889067742,-0.08302727288555828,0.8353796206604759,0.975643053314155,-0.0432375245002829,0.6512083809852387,1.1673676796623451,0.0,0.0,0.0,0.0
0.02369477904382505,-0.07281791965583896,0.7544425637960683,-0.009296412446834714,-0.6631424264812509,-0.006696347730494801,0.7484055437015745,-0.030379469339010364,0.5879252756704221,-0.8716151265308498,0.027709387646579618,0.7586101864282649,-0.9697779430327749,-0.1336820271125905,0.8488902121470148,0.9862992943637761,-0.05806020638528863,0.6574493076451976,1.1565545415660021,0.0,0.0,0.0,0.0
0.01975592760381447,-0.07676265038366223,0.7520139034875221,-0.00959311696258977,-0.6620617203394457,-0.005879280782088437,0.7493648541435615,-0.03257554218702124,0.5841292170557006,-0.8617429390292961,0.03618271650642829,0.7439817266724342,-0.9611415715731697,-0.07235521219498228,0.8103906518960116,0.9893244982994487,-0.05148681822318053,0.654027891249202,1.1416274815493703,0.0,0.0,0.0,0.0
0.015403265730983303,-0.0807055883438673,0.7497549364602745,-0.00961460510099443,-0.6615241992279146,-0.005547237115280396,0.749841664196519,-0.03373210195623958,0.582608273189038,-0.8513668039351119,0.0451714467293365,0.7259586455499146,-0.9450016854622757,-0.0331028840131667,0.7818282225265125,0.9901840953224302,-0.04940320107988201,0.6510384603952057,1.1267678851729654,0.0,0.0,0.0,0.0
0.010729051482552428,-0.0844501768961031,0.7474993806641065,-0.009310051472522547,-0.6613942815601616,-0.005706212343976755,0.7499589098089189,-0.034744397618967096,0.5830855444169475,-0.8416397659832473,0.05412455760126139,0.7045846910395693,-0.9224374193978178,-0.006912040118125434,0.7586953513115837,0.9914884686316411,-0.050573248658099756,0.6486461479439507,1.1119532133094006,0.0,0.0,0.0,0.0
0.005834734732219866,-0.08800767862384633,0.7452780831417661,-0.008985383335987748,-0.6613073974046896,-0.005946551376849244,0.7500376174238621,-0.036809663401982017,0.5843432358585735,-0.8322749948173663,0.06256317274564849,0.6807015934985757,-0.8952822469618434,0.01625423026689725,0.736675307481705,0.9921713529894316,-0.053880926216304255,0.6463778039637775,1.0966823187626322,0.0,0.0,0.0,0.0
0.0012058633211645131,-0.09140849169767266,0.7431960664308848,-0.008720187153198876,-0.6611053840590136,-0.006148322106501267,0.7502171869795253,-0.03975761925921254,0.5864365355689493,-0.822584855097537,0.07046169314794944,0.6574836186884782,-0.8685721023872776,0.037726566096575445,0.7161990957310794,0.9914068553005978,-0.060596548361959414,0.6447357741840003,1.0811303387387088,0.0,0.0,0.0,0.0
-0.0029076736171036255,-0.09443565086653069,0.7413897470427716,-0.008512214112108778,-0.6608421801447651,-0.006323177497550966,0.7504499800644663,-0.04369225018590471,0.5896489046974477,-0.8131312843188088,0.07737862801959611,0.6362326184608953,-0.8436779816573462,0.055501457869263984,0.6988254942910608,0.9893337212824005,-0.0738251384459073,0.6427242811187889,1.0656249648985863,0.0,0.0,0.0,0.0
-0.006154081305988884,-0.09682007204782855,0.7399694091159187,-0.008306490805822506,-0.6605341102617,-0.0065066286330327195,0.7507218893672335,-0.047924520720854735,0.5933586954830218,-0.8046643800481426,0.08278824831722856,0.6190327713153092,-0.8236261594565543,0.06764466752612915,0.6857707915375029,0.9869128940985084,-0.0966136488772987,0.6389296390661551,1.0504596192691154,0.0,0.0,0.0,0.0
-0.008077415969892216,-0.09821586139628295,0.738936979945356,-0.008057889094343653,-0.6602352642741683,-0.006698700305229533,0.7509857479648885,-0.05081763457741924,0.5952720527337212,-0.7979600500046217,0.08595688797869395,0.6085912499363261,-0.8127082112317239,0.07248708614707884,0.6775727589866166,0.9867697814021824,-0.12539118487672218,0.6331094922062981,1.0373751268204536,0.0,0.0,0.0,0.0
-0.008109208603941697,-0.09840608772254257,0.7388269696641261,-0.00794751854819282,-0.6602552976080195,-0.006649773707641166,0.7509697460211755,-0.05081157918570399,0.5952982242837003,-0.7979757939260996,0.08615303586219827,0.6083835515623635,-0.8126572477567199,0.07248241644824868,0.6774254629568408,0.9866745527284504,-0.12541825081792976,0.6331473241861482,1.0373850363885866,0.0,0.0,0.0,0.0
-0.008109208603941697,-0.09840608772254257,0.7388269696641261,-0.00794751854819282,-0.6602552976080195,-0.006649773707641166,0.7509697460211755,-0.05081157918570399,0.5952982242837003,-0.7979757939260996,0.08615303586219827,0.6083835515623635,-0.8126572477567199,0.07248241644824868,0.6774254629568408,0.9866745527284504,-0.12541825081792976,0.6331473241861482,1.0373850363885866,0.0,0.0,0.0,0.0
-0.008109208603941697,-0.09840608772254257,0.7388269696641261,-0.00794751854819282,-0.6602552976080195,-0.006649773707641166,0.7509697460211755,-0.05081157918570399,0.5952982242837003,-0.7979757939260996,0.08615303586219827,0.6083835515623635,-0.8126572477567199,0.07248241644824868,0.6774254629568408,0.9866745527284504,-0.12541825081792976,0.6331473241861482,1.0373850363885866,0.0,0.0,0.0,0.0
-0.0071486771177307834,-0.09904524497035205,0.7388725157609201,-0.008237758617741881,-0.660348127364332,-0.006262012677599121,0.7508883253963944,-0.049953848150665524,0.6005569105623891,-0.8065491254371877,0.08728000842678568,0.615581448547179,-0.8230663242381031,0.0814727810227171,0.677409869752688,0.9851741533940478,-0.11799932267622976,0.63673713576764,1.04171021150189,0.0,0.0,0.0,0.0
-0.005230237594618049,-0.09993394320980749,0.7389813337783804,-0.008286757204641745,-0.6606017697569644,-0.006101858784063963,0.750665970168075,-0.048403933339223826,0.6113446042630251,-0.8225791681270812,0.08940470519893512,0.6294497438396376,-0.8437869820967232,0.08992689774235411,0.680119834090713,0.9847106388810083,-0.1127074694716518,0.6414613469746167,1.047790212836824,0.0,0.0,0.0,0.0
-0.0024000212644342636,-0.1010855956426643,0.7392020073914531,-0.0080996561162562,-0.6610384167879493,-0.006160646437420443,0.7502830489466978,-0.04611255301718431,0.6270690854861537,-0.844722970788921,0.09255677724780255,0.6492824688943949,-0.8731982704593474,0.09823160087489927,0.6858424857339684,0.9845305218928591,-0.10936591773865283,0.6477601075117511,1.0550736477885478,0.0,0.0,0.0,0.0
0.0012947753809438938,-0.1026853116881365,0.7399084401285634,-0.007578315030991436,-0.6617793620651286,-0.006505417948593756,0.7496321261947599,-0.042538916569224115,0.6467639594290475,-0.8690153711484486,0.09724110648861184,0.6747424343400208,-0.9086652566965824,0.10687265790517497,0.6972823020059971,0.9805707851170137,-0.10795868317018967,0.6577874665803857,1.0608632301876924,0.0,0.0,0.0,0.0
0.005880412441633337,-0.10522596614420526,0.7423876060476228,-0.006240124909626809,-0.6635560866710228,-0.007577134846689492,0.7480621416102178,-0.03595131120008302,0.6690124754275643,-0.8833808006819267,0.10506083655701168,0.7064889042287975,-0.9433292203012505,0.1141951435782144,0.725643763294517,0.9610602813078813,-0.11249589549320219,0.6786302710207001,1.056369549655872,0.0,0.0,0.0,0.0
0.009080704326821443,-0.10773465670804026,0.7440057400467515,-0.006641074319688517,-0.6623357992122858,-0.007324975823774169,0.7491418623617854,-0.030394180303577645,0.6867163567916378,-0.9108958233546658,0.0952032046722832,0.6710728592317179,-0.8958595305645558,0.07972996730844173,0.7101906661587326,1.0029369260673686,-0.08857257534182654,0.6933848240891626,1.05336821835272,0.0,0.0,0.0,0.0
0.012985779453091671,-0.11012321919073258,0.745732524792748,-0.006529652652614539,-0.6617971760486625,-0.007456277473313304,0.7496174126422709,-0.02478251495573811,0.7072526603634832,-0.9380728082180192,0.08503251796848409,0.6467981392077071,-0.870873212310339,0.05221207921964347,0.7034871856642003,1.0348059019365077,-0.07237862329204689,0.7095748672519533,1.0501256991062953,0.0,0.0,0.0,0.0
0.01688589557593706,-0.11243207691561907,0.7475712541513958,-0.006088161596629166,-0.6617605347771595,-0.007819860026678269,0.7496497706856078,-0.01907913109226066,0.7266261156809523,-0.9597109695761589,0.07650184770056542,0.63129790849763,-0.8607378105550716,0.034054374608581565,0.7005662525838068,1.059846789294737,-0.06069902566874397,0.7267590541047465,1.0456360211305966,0.0,0.0,0.0,0.0
0.020456050601665485,-0.11465980047079681,0.7494248919247425,-0.005556550229258957,-0.6618751410803196,-0.008257226025435698,0.7495480242038007,-0.013395210841030085,0.7436355903371306,-0.9764762529391298,0.0696107889686162,0.6208566294890339,-0.8587825223875688,0.02193656234648348,0.6988198466062516,1.0804569461871636,-0.050119801047577,0.7439063080131842,1.0400089184551347,0.0,0.0,0.0,0.0
0.023528241113327217,-0.11680926534454096,0.7511984119911128,-0.005044107574116506,-0.661977471729055,-0.008693898964475555,0.7494563363017117,-0.007789150913905453,0.7576351668906142,-0.9888116160829425,0.06402863553908243,0.613058605868768,-0.8612398800530691,0.013188961587058765,0.6970815208358732,1.0981809761048171,-0.038929618108341085,0.7601636214332039,1.0338834181779857,0.0,0.0,0.0,0.0
0.026051780474996098,-0.11886847624624018,0.752842543408023,-0.0045841216246097286,-0.6620179208750345,-0.009103682329652354,0.7494186955482682,-0.0023333313644654024,0.7685113853615522,-0.9971363490368758,0.059312877044609545,0.6064683668562835,-0.8660244244365879,0.006238080378742425,0.6948763557087253,1.1140473908982098,-0.02668370243464511,0.7750773958794241,1.0277367816378058,0.0,0.0,0.0,0.0
0.028050960878832847,-0.12081702230888927,0.7543463152538044,-0.0041793359072816345,-0.6619993618197946,-0.009479760991951346,0.7494327936733849,0.002886729571823233,0.7765154346496416,-1.001958838365154,0.05505608561983975,0.6002751958014165,-0.8719693119655834,0.0002364273693019562,0.6920621649454682,1.12875314583236,-0.0136157508615864,0.7885175322877046,1.0217788457236663,0.0,0.0,0.0,0.0
0.029590595067870977,-0.12263526975212628,0.7557190834846159,-0.003823807903513862,-0.6619415254416948,-0.009821935910178634,0.7494813706584144,0.007793444003884279,0.7820885194372624,-1.0038742456968752,0.05095279973911243,0.5940387659517766,-0.878417417199709,-0.005279783148356808,0.6886477928610688,1.1427695734137016,-0.0002160683630454633,0.8005406535677965,1.0160432824046877,0.0,0.0,0.0,0.0
0.030751376918570918,-0.12430976713853102,0.7569771977559027,-0.003510827056159039,-0.6618644103775292,-0.010132106801059342,0.7495468743052427,0.012332308143005198,0.785730916344624,-1.0035103055140007,0.04680702761176144,0.5875252357956163,-0.8850034002992513,-0.010585305021975324,0.6847022430832779,1.1564092874663303,0.013014942580354303,0.811286701472743,1.0104896606932343,0.0,0.0,0.0,0.0
0.03161428200957171,-0.12583466840682023,0.75813755362789,-0.0032356029059043747,-0.6617832813841982,-0.010411789975299951,0.7496159109728854,0.016474521250848112,0.7879210547234058,-1.0014658883469068,0.04250826684878241,0.5806132182213051,-0.8915318428525326,-0.015841395387290586,0.6803145227568853,1.1698693874372792,0.025699958381884595,0.8209312676270218,1.005063278792685,0.0,0.0,0.0,0.0
0.03225175662207685,-0.12721077006176168,0.7592142493858305,-0.002995172204881094,-0.6617078080557227,-0.010661995526504375,0.7496800167757887,0.020213971002276718,0.7890731819048387,-0.9982710713361541,0.0380029906689951,0.573239370945592,-0.8979015725611594,-0.02112832524347178,0.675581575147551,1.1832543374851276,0.03761365156857874,0.8296501144416066,0.999726395686606,0.0,0.0,0.0,0.0
0.03272337389945558,-0.12844423250557704,0.7602130567302039,-0.0027846943552652346,-0.6616409143533085,-0.010887158102892305,0.7497366309041517,0.023567098519766107,0.7895170006964488,-0.9943789253084824,0.033282419443343966,0.5653712107430405,-0.9040667388591648,-0.02652080740425543,0.6706185295597399,1.1965896228529547,0.04858784531658264,0.8375400113092988,0.9945034645447249,0.0,0.0,0.0,0.0
0.03307501887996537,-0.12954461790809216,0.7611296841363357,-0.0025985424199117327,-0.6615810646580587,-0.011092845604656627,0.7497870972746815,0.026563215272987075,0.789496712907271,-0.9901678265610488,0.028363074796894233,0.5570489943811381,-0.9099874197846057,-0.03209060867379153,0.6655746269536045,1.209813468597274,0.0585103057231285,0.8446157923609942,0.9895022624892283,0.0,0.0,0.0,0.0
0.03334006014139135,-0.13052226241709422,0.7619534609715102,-0.002437005517981272,-0.6615272656300402,-0.011277426616092155,0.7498323529170146,0.02922697822474528,0.7891832481205096,-0.9859437898510559,0.023254020960906466,0.5484967051315621,-0.9155269854101327,-0.037823272379829236,0.6606568079774272,1.2227077141937934,0.06747041749932299,0.8509025250442196,0.9848925787256864,0.0,0.0,0.0,0.0
0.03353970272721036,-0.13138868686529187,0.7626588958269805,-0.0023017551632865587,-0.6614755945971766,-0.01143782733916595,0.7498759335925106,0.031585968553533524,0.7886746122781818,-0.9819778532736098,0.01796825986302378,0.5402218326590815,-0.9203794115459955,-0.0437250814383818,0.6561674352382119,1.2347940805910007,0.07564250651007971,0.8563355167082661,0.9809767590239991,0.0,0.0,0.0,0.0
0.03368329303847929,-0.1321576678288662,0.7631993409318676,-0.0021913254589574454,-0.6614158431659802,-0.011575632919699212,0.7499268532492196,0.03368064216341168,0.787995420129708,-0.9785316082217682,0.012536052963304099,0.5331035770138374,-0.9239855622316994,-0.04990807490822623,0.6525607781193649,1.2451440416481632,0.08314690117420874,0.8606642951916318,0.9782443284007659,0.0,0.0,0.0,0.0
0.033777529886077455,-0.13284142662639573,0.7635191410293838,-0.0021057246266252255,-0.661335331905235,-0.01169125838221507,0.7499963061075899,0.03554725810523572,0.7871600655453501,-0.9759012728657372,0.006963048321522157,0.5283768368259157,-0.9254377202075516,-0.05657872311468418,0.6506369852669461,1.2520291605159737,0.09012061406744243,0.8635818443623101,0.9772639994676305,0.0,0.0,0.0,0.0
0.03380680730714953,-0.13346312697503393,0.7635799102183691,-0.00204581518964943,-0.6612258652104042,-0.011785400329876898,0.750091510521234,0.03724954652519788,0.7860326597849929,-0.9740644174809038,0.0012825846544942511,0.5271576000014806,-0.9236495427211437,-0.06401285590302931,0.6516866315625386,1.2526358362481338,0.09685175883504739,0.8648788994220612,0.9784641755102065,0.0,0.0,0.0,0.0
0.033755576039522055,-0.1340388779022317,0.7633858335266829,-0.0020086652724414207,-0.6610872234604583,-0.011859274720793645,0.7502126404188761,0.03882766032965349,0.7844933995761819,-0.9728142425946815,-0.004455319438958418,0.5294334683535052,-0.9186067950919896,-0.07219068487001319,0.6556796308611713,1.2469186158450076,0.1034728188256455,0.864569858220955,0.9818422953938465,0.0,0.0,0.0,0.0
0.03360386676556537,-0.13458320187096603,0.7629836084174415,-0.001987882828879702,-0.6609246409334385,-0.011915521233906318,0.7503550410856106,0.04031392449403224,0.7824034737228405,-0.9717152508711635,-0.010157014123598202,0.534069378196515,-0.911407660801907,-0.08079735603587165,0.6612415073539829,1.237604483616541,0.11001359316536474,0.8628824935271737,0.9869752957448538,0.0,0.0,0.0,0.0
0.03332473669802774,-0.1351193360268016,0.7624378405506921,-0.001975407078337971,-0.6607441738680592,-0.01196002926232887,0.7505132858026798,0.041765360723695154,0.7795668546720824,-0.9701601199179742,-0.01572208519556344,0.5398181861098159,-0.9029612009183664,-0.08963329300747565,0.6675605131912167,1.226348771316339,0.11654268309597364,0.8601277698538716,0.9932875523778499,0.0,0.0,0.0,0.0
0.03287998511562112,-0.13567987957235172,0.7618064852961498,-0.00196514814794794,-0.6605444372436579,-0.011998577203261742,0.7506884964912631,0.04326372502174702,0.7757083889987525,-0.9674778489214793,-0.021053191249109426,0.5457816370382103,-0.8938392053333024,-0.09859591849710048,0.674125255308138,1.2140230991387335,0.12325296673566266,0.856551610306286,1.0002835860972028,0.0,0.0,0.0,0.0
0.03221990726997787,-0.13630660675164696,0.761135313069332,-0.0019528818060165307,-0.6603163812487539,-0.012036412009781628,0.7508885321358508,0.044914021544932514,0.7704693763365783,-0.962948511813641,-0.026059549930242194,0.5514553555011152,-0.884336160257239,-0.10764868473496716,0.6805778571576226,1.201045153834568,0.13045476976986778,0.8523022719052489,1.0075985871105642,0.0,0.0,0.0,0.0
0.031284628552311976,-0.1370508018645578,0.7604598316315286,-0.001936785677540731,-0.6600430684139447,-0.012077578827262316,0.7511281706803541,0.046843737343648946,0.763410205059452,-0.9557987144287157,-0.03066592515588762,0.5566126876918873,-0.8745789409195147,-0.11680282809736818,0.6866407478547709,1.1875899174031146,0.1385714308397263,0.8474432808884818,1.0149756556612692,0.0,0.0,0.0,0.0
0.030006970121463614,-0.1379726559638177,0.7598086368942444,-0.0019188571940102902,-0.6596992105539269,-0.012123603939316918,0.7514294962330911,0.04919876230659893,0.7540211999571067,-0.9452055473376642,-0.03483068166092857,0.56117248534528,-0.8646233980755292,-0.12612046610175617,0.6920742112857574,1.1737155767051286,0.14813697626247896,0.8419790054641134,1.022224755332132,0.0,0.0,0.0,0.0
0.028318275548181542,-0.13913844618654095,0.7592057504036308,-0.001907722497610776,-0.6592504270518963,-0.012170823003066043,0.7518225230027312,0.05213211959322542,0.7417519803457502,-0.930336761273882,-0.03856931802100729,0.5651055542257606,-0.854517232551462,-0.13574142151469978,0.6966516419341048,1.1594433614036264,0.1597789990886303,0.8358780776834727,1.029184887413614,0.0,0.0,0.0,0.0
0.026159384400377836,-0.14061321232544655,0.7586707766510337,-0.0019227544075506445,-0.6586530079522653,-0.012206017612562023,0.7523453537205923,0.05577967278242528,0.7260771516338766,-0.9104581756275066,-0.041973231358927415,0.5683916813051958,-0.8443233662626877,-0.14595113059555712,0.7001686207555325,1.1448275632670113,0.17416532201705928,0.8290919691912785,1.0356963098750511,0.0,0.0,0.0,0.0
0.023499569497229124,-0.1424459005489895,0.7582155659109147,-0.0020000834584213817,-0.6578533838714071,-0.012201534230760007,0.7530445189744852,0.060219907375350164,0.7066302549682275,-0.8851706667768658,-0.04520082304969649,0.571026397986092,-0.8341112447405814,-0.15737627370836046,0.7025312197285972,1.1300530480304583,0.1918770512180591,0.8215546660105724,1.0415890931737453,0.0,0.0,0.0,0.0
0.020356379555771013,-0.14463833289243933,0.7578360207305789,-0.002199340990836864,-0.6567937215112187,-0.012098422017753609,0.7539700249130135,0.06537509621813602,0.6833948293547762,-0.8547637302432998,-0.04825848083484036,0.5730426964778136,-0.8238571135703912,-0.17100631576464265,0.7038882344441392,1.1155628997837115,0.21326816446442443,0.8132022143440052,1.0466943535571138,0.0,0.0,0.0,0.0
0.01684605227491083,-0.14710605841410634,0.7574916923958844,-0.00261282690491635,-0.6554050466024787,-0.011792903855708931,0.7551809885333567,0.07091428569405413,0.6571829898445868,-0.8211510863894806,-0.050989499802142554,0.574520316936992,-0.8131881446819235,-0.188988572346249,0.7051006986829153,1.102269794578955,0.23831949018965498,0.8039450934285666,1.0509753942160027,0.0,0.0,0.0,0.0
0.013394672136177909,-0.149559440146006,0.7570793184811075,-0.0034325299605148882,-0.6534514713048797,-0.01108381870028824,0.7568794761060557,0.0759891023548563,0.6318059203876515,-0.7923898394745338,-0.05405158389282,0.5749823747991397,-0.8003389312267204,-0.21837104343883673,0.7095142312342054,1.0908038131357773,0.26649834681502493,0.7934669516498501,1.054517224896186,0.0,0.0,0.0,0.0
0.010090904390829821,-0.15189324824603803,0.7564852961984478,-0.004830079562306341,-0.6507855326234713,-0.009783270620612192,0.7591832114024719,0.08019688380360304,0.608901939936079,-0.7729050307966101,-0.057374827442888396,0.5732062633027533,-0.7849661270561485,-0.26699184632765827,0.7176949468928487,1.0826883250012886,0.2985017780352453,0.781146315822061,1.0578287058548175,0.0,0.0,0.0,0.0
0.0071631546657754865,-0.15392781404286004,0.7554003157191332,-0.0067993876900555,-0.6474010377400577,-0.007800945162680642,0.7620792674746542,0.0829653235820345,0.590933436293048,-0.7682953207301579,-0.06160320866960664,0.5668641468703536,-0.7669222724066806,-0.34085962073828224,0.7291246793305352,1.079670486823373,0.3317975462510181,0.7652949367671493,1.0631786144991053,0.0,0.0,0.0,0.0
0.005109458590378643,-0.15526293214419196,0.7537360193226704,-0.008631500733238047,-0.6438550511796749,-0.005583492456016813,0.7650784240046924,0.0835185538039542,0.5809192806251962,-0.7799772008341912,-0.06862393809935322,0.5551135255851969,-0.7468223826169169,-0.4119108808094216,0.7346919074528939,1.0853443714460096,0.35420976620045297,0.7454710824992848,1.0715283200692887,0.0,0.0,0.0,0.0
0.005208967761692127,-0.1554626497755609,0.7536963556151441,-0.00867698471168421,-0.6438467996586057,-0.005446725642548657,0.7650858394229103,0.08369610333894154,0.5807152097528735,-0.7799731665261758,-0.06868568366260261,0.555125276250502,-0.7468184637621955,-0.41193234161468834,0.7347059206856069,1.085351837035531,0.3542473154603441,0.7453188207162833,1.071387853886432,0.0,0.0,0.0,0.0
0.005208967761692127,-0.1554626497755609,0.7536963556151441,-0.00867698471168421,-0.6438467996586057,-0.005446725642548657,0.7650858394229103,0.08369610333894154,0.5807152097528735,-0.7799731665261758,-0.06868568366260261,0.555125276250502,-0.7468184637621955,-0.41193234161468834,0.7347059206856069,1.085351837035531,0.3542473154603441,0.7453188207162833,1.071387853886432,0.0,0.0,0.0,0.0
0.005058367118634815,-0.15632239345007265,0.7542116991968456,-0.008448854404437047,-0.6453909856147022,-0.005891050110474494,0.7637829456561149,0.08617855838995668,0.5744412031442224,-0.7595780305309021,-0.06579484168073112,0.5540441624606064,-0.737175792463241,-0.4198700592124482,0.7458012511478134,1.0823730672164276,0.36354888146379544,0.7545738933215347,1.0711919471435065,0.0,0.0,0.0,0.0
0.005229525930630922,-0.1575478194769926,0.754437444796138,-0.008097392835740888,-0.6463059562279349,-0.006415875557253958,0.76300844013313,0.08967980775590648,0.5698888775863681,-0.7455518333125511,-0.06216108443208729,0.5574560646252431,-0.7392345626562791,-0.4237264647136327,0.7531702636971812,1.0802659143499445,0.3737954455200973,0.760637437222569,1.0737848695497942,0.0,0.0,0.0,0.0
0.005948938042628293,-0.15914191147804532,0.7543580162916431,-0.0076051789348027315,-0.646753391924941,-0.00701090007614098,0.7626290438785265,0.09418786473532852,0.5685981850571991,-0.7397388372464834,-0.05781273626838388,0.5667271513264213,-0.7545519942804438,-0.42509434182943057,0.7580789491574894,1.0799414589317005,0.3861154141968949,0.7647558166114027,1.079856990231961,0.0,0.0,0.0,0.0
0.007331596778588603,-0.1611462829787506,0.7539933211431321,-0.006967096814503832,-0.6469445301634561,-0.00767429187032422,0.7624666154644748,0.09981152571793367,0.5709468377068041,-0.7416971127204831,-0.05261780023347627,0.5819972509929683,-0.7822319092054619,-0.4256152504056518,0.762114282577425,1.081753244987811,0.40284738389780467,0.7687102081159114,1.08978673861995,0.0,0.0,0.0,0.0
0.0094557660953724,-0.16361451390726314,0.7534170145884906,-0.006351033482961818,-0.647797642869566,-0.008432126077407925,0.7617393107331057,0.10684226937208631,0.5755372229876353,-0.7448319661613484,-0.046125780241168875,0.601482547169987,-0.8145664992137082,-0.4313879130240046,0.7710911654204347,1.0869349733470217,0.43472017261201584,0.7795425811018306,1.1048158153076317,0.0,0.0,0.0,0.0
0.012207871506713486,-0.16687997562758103,0.7548313195944284,-0.008700709387979247,-0.650113306179592,-0.005769933205196298,0.7597655524273218,0.10003852903138113,0.5825783050797088,-0.7590914367727047,-0.04162879397055137,0.6228118347590682,-0.8266844473613393,-0.37742348466672454,0.7809608290395379,1.0752724596268384,0.34000115253989316,0.76081338951806,1.0980401331102947,0.0,0.0,0.0,0.0
0.015314715110866276,-0.17020115981822626,0.7558328729495554,-0.010507944736131765,-0.6525147011956075,-0.0038461647213984718,0.7576934438398985,0.09333672310758073,0.5856722669377097,-0.7749373016389985,-0.035912009844510914,0.646426596342863,-0.8453900030631453,-0.3286717913362509,0.7907065491809966,1.066276633335088,0.2563988289525271,0.7415085393920301,1.0998525321785066,0.0,0.0,0.0,0.0
0.018594712584649883,-0.1734233238270635,0.7565037394282452,-0.011398871712452305,-0.6543241011356972,-0.0028846149389348966,0.7561228176647621,0.08904233404946807,0.5853371900376019,-0.7899454425580624,-0.029340407119884143,0.6719185026187996,-0.8733460610640866,-0.2906135846900206,0.7996321147229822,1.058718897783535,0.20280007701204794,0.7281870283848717,1.1071331227641799,0.0,0.0,0.0,0.0
0.021673546426562187,-0.17636853348962087,0.756981246085769,-0.011744699794788751,-0.65565611713966,-0.002523815135009895,0.754964070960492,0.08584771237183768,0.5831017542640441,-0.803211399837654,-0.0226801746820145,0.6958467706025706,-0.9028452298055715,-0.2612847958167798,0.8077072554233673,1.0520461158453416,0.16937477839014872,0.7198551106189087,1.1176278593690225,0.0,0.0,0.0,0.0
0.024353813960700698,-0.1788962351186297,0.75741561854796,-0.011846642766093922,-0.6566924369418238,-0.0024302036076403266,0.7540615322564909,0.08312470553122092,0.5801701167292099,-0.8151987735103978,-0.01663594997302523,0.7163527946470444,-0.9287267247740083,-0.23825124173371343,0.8151592351230015,1.0456133034013568,0.1474448889030165,0.7140501315223946,1.1301848144254731,0.0,0.0,0.0,0.0
0.02657595032595029,-0.18097280976263896,0.7578824131640012,-0.011859240713882748,-0.6575218335726286,-0.0024402311784137405,0.7533381989895205,0.08044932416416842,0.5769294247179613,-0.826242317078123,-0.011496036488523417,0.7331015166466137,-0.9494906612496479,-0.21985031964774737,0.8220247872822938,1.0390796729476135,0.13176479386412746,0.7091705958497657,1.1437299628042914,0.0,0.0,0.0,0.0
0.028354159369822926,-0.18262780569486686,0.758410294804409,-0.011857684786185966,-0.6581987880218223,-0.0024743132919640555,0.7527467226975145,0.07751092415570428,0.5734390117033822,-0.8366163671774899,-0.007309996238068918,0.7463807181033372,-0.9651614909718423,-0.20490630322027434,0.8283264438865394,1.0323222110226709,0.11942428903854413,0.7043482811590507,1.157601837192305,0.0,0.0,0.0,0.0
0.029740925312571366,-0.18392354746465928,0.7590009697008535,-0.011873516520979954,-0.6587599733962539,-0.00249828193984715,0.7522553260986204,0.07412881878282726,0.569646130681729,-0.8465232072578146,-0.003989686775634444,0.7567157430700578,-0.9763963173764866,-0.192537433690209,0.8340980127697646,1.0253361276496338,0.10885406714141761,0.6991842635291775,1.17146053513515,0.0,0.0,0.0,0.0
0.030802844353791874,-0.18493326566300652,0.7596418134974566,-0.011915464514862898,-0.6592318944768968,-0.0025016964063003444,0.7518411218634474,0.07023135396673867,0.565477446169533,-0.8561040328548022,-0.0013832970906153133,0.7646773915975453,-0.9840465768634863,-0.1820609166005142,0.8393776218546347,1.0181796507849614,0.09921384334206801,0.6935386226557487,1.1851635436463914,0.0,0.0,0.0,0.0
0.031605340530469296,-0.18572713239023977,0.7603134786431734,-0.011982139032516763,-0.6596344707631119,-0.00248476524818354,0.7514869388531887,0.06581350389439197,0.5608641255435779,-0.8654581263442084,0.0006736804986122095,0.770785866404552,-0.9889407439175384,-0.17293366236445928,0.8441896369806441,1.0109466432707102,0.0900499914648235,0.6873940464297547,1.1986690998595315,0.0,0.0,0.0,0.0
0.032203726358867237,-0.186364658498403,0.7609931697708707,-0.012071174388232712,-0.6599815094039145,-0.002448567762799447,0.7511808693715052,0.060886005111672116,0.5557355531698842,-0.8746580019427985,0.002325386406741953,0.7754640946554558,-0.9917839313089611,-0.16465409125376024,0.8484988829800743,1.0037585923666472,0.08110013058014394,0.6807668262069395,1.2119651719098727,0.0,0.0,0.0,0.0
0.0326387707236237,-0.18689054582146378,0.7616524044455584,-0.01218786324670745,-0.6602825723878734,-0.002387610449761427,0.7509145623216216,0.05542813060064724,0.5500108420557248,-0.8837403686122409,0.003676113942341986,0.7790108720549092,-0.9931051075505687,-0.15664688182280825,0.8521509157797379,0.9967995518036666,0.07210082294556933,0.6736232362932015,1.2250356933530182,0.0,0.0,0.0,0.0
0.03301738031516005,-0.18737280671018122,0.7622385716447473,-0.012355468738197258,-0.6604781739853128,-0.002244499355997627,0.7507402255800119,0.049679849431183865,0.5434683002409373,-0.8926478415026,0.004802071656222459,0.7822141294901597,-0.9944923154539329,-0.1469638834661336,0.8543053492023768,0.9903281634931448,0.0634614322817049,0.6660666657109015,1.2378305188808807,0.0,0.0,0.0,0.0
0.033398529254217796,-0.18780534015619132,0.7626989261482193,-0.012506313169220525,-0.6606493265441845,-0.0021196100122729405,0.7505874810580208,0.04382722415112165,0.5366013295528924,-0.9013762433599862,0.005816608403510785,0.7852893232953663,-0.9963291278082801,-0.13848485285845372,0.8560415039768181,0.9851352179950085,0.0550938384781798,0.658697825637141,1.2502825941571891,0.0,0.0,0.0,0.0
0.03374769156017903,-0.18801493896110333,0.7631331524432065,-0.012193396355115006,-0.6613627459173593,-0.002702590823462701,0.7499622226491268,0.03845917877808952,0.5326623122538967,-0.9098788204073316,0.007199010115134805,0.7871798278324171,-0.9954705651696365,-0.1503606199062699,0.8660292524693546,0.9822958085529514,0.044281003778799705,0.6536172379069684,1.2622308377409197,0.0,0.0,0.0,0.0
0.034034978711015844,-0.18817346556679088,0.7637109009568753,-0.01148095845050294,-0.6624556525784258,-0.003844802720297757,0.7490032800008235,0.03406804202510631,0.5323813127013904,-0.9167390253968228,0.009151667444111474,0.7883579257229413,-0.9924361636542223,-0.1788552083649828,0.8835463938107718,0.9792627152015878,0.0317175115155621,0.6508289254807252,1.27203145015265,0.0,0.0,0.0,0.0
0.0338599979900509,-0.18927800526747543,0.7637577658275412,-0.01282918071317905,-0.6606560276831639,-0.0017426390755154377,0.7505771035790951,0.025336818891312375,0.5211901414054538,-0.920540451485751,0.009188436649099093,0.7915535263570027,-1.0010628093171832,-0.1010010361887306,0.852464743317232,0.9707568052889844,0.032121663798432516,0.6383561306873057,1.275186876732104,0.0,0.0,0.0,0.0
0.03378676004323761,-0.18987582156444752,0.7634596763001337,-0.013081741420370056,-0.6607706098840582,-0.001540991364528198,0.7504723142797972,0.0192485773821766,0.520902584317162,-0.9214483552879696,0.010552697684811785,0.7920602590662477,-1.0021231126918553,-0.09753235343392819,0.8509016707588191,0.9711580619235228,0.02499404562238626,0.6362592593613212,1.2750929109755835,0.0,0.0,0.0,0.0
0.033772291565331014,-0.18988877804769974,0.7631074142775638,-0.011550190501362368,-0.6625494259061144,-0.0038467452096452963,0.7489192572515094,0.015430919827517469,0.5327076518075442,-0.9213153706054997,0.01357765784891301,0.7901950239852004,-0.997557634583468,-0.1534581043023918,0.8742252248347289,0.9791971076546125,0.010178083850899317,0.6433226846174007,1.2691886863666642,0.0,0.0,0.0,0.0
0.033494302129812574,-0.19015588981343698,0.762936202376004,-0.00990602843118118,-0.6645014813295509,-0.006367118652295611,0.7471941593131071,0.012455568742318762,0.548472912308373,-0.9179154551121728,0.017553757986496037,0.7872850910998408,-0.9902606091974007,-0.2256638561035026,0.9048024714614629,0.9846657851131363,-0.005270370734488553,0.6525424235498823,1.2585777835557341,0.0,0.0,0.0,0.0
0.03231461016734408,-0.19220399144997835,0.762411864299725,-0.011325838672474728,-0.6614565548827511,-0.0036929617595830794,0.7498888673759929,0.0035151440659725933,0.544057939575332,-0.9110873616627807,0.01896193875440682,0.7880743274720272,-1.0024975487162149,-0.10118419012631612,0.8494747352812694,0.9757533588244416,0.0028098545435652645,0.6441550761570967,1.2402266672553879,0.0,0.0,0.0,0.0
0.031182957231856667,-0.1939426018068095,0.7616576087250484,-0.011660899024078483,-0.6614399451291628,-0.003350672606796262,0.7498999902750781,-0.00040897302993267264,0.5502588474150321,-0.9021304754888761,0.023011080772138544,0.7848941347291845,-1.000375283113537,-0.09850911483224672,0.844975241257349,0.9745049107740426,-0.0006901383946110225,0.6475481837843046,1.2278143297102544,0.0,0.0,0.0,0.0
0.02987764329706101,-0.1954951506735007,0.7604004842294629,-0.010944870485090782,-0.6621321983617409,-0.004340645992492663,0.7492945485555601,-0.0031918194257293635,0.559497041104274,-0.8948641766157179,0.028141372368997365,0.779499872693807,-0.9965265115194143,-0.11389241069987655,0.8458463238115561,0.9813927291374831,-0.009298902944388704,0.6528037893548878,1.2151450228767628,0.0,0.0,0.0,0.0
0.028088964882870254,-0.19744573835313758,0.7588419662003911,-0.010744599253974304,-0.6619958643569614,-0.004456617277506593,0.7494172187263867,-0.007149073500746652,0.5640769599011564,-0.88703621070455,0.0330546626579876,0.772784129191217,-0.9939208440728318,-0.09697909581341688,0.8309900547131958,0.9875451866262025,-0.01251437899830823,0.6547882526488001,1.201003774628566,0.0,0.0,0.0,0.0
0.025858316119521402,-0.19956625930876518,0.7572690110978115,-0.010368448698422964,-0.6619147453241552,-0.004757733893540329,0.7494923142783021,-0.0108035443714492,0.5684130769117626,-0.8786817391676986,0.03855200904467598,0.7637472859078077,-0.9879914643038549,-0.07996399594367483,0.815753632359713,0.9929761400450576,-0.01624404238669475,0.6560620385894088,1.186301765110145,0.0,0.0,0.0,0.0
0.02314256426951017,-0.2018288349440247,0.755658961883841,-0.00988288096682524,-0.6618886545178468,-0.005180912930921717,0.7495191097133895,-0.014202145567595238,0.5724111274493245,-0.8700559615420065,0.044478770663733555,0.7519853280743981,-0.9779838089802284,-0.06333399068818649,0.800098288636438,0.9977214057117032,-0.020185353064510487,0.6567014437589098,1.1712208169741352,0.0,0.0,0.0,0.0
0.01990706040320924,-0.204235132663184,0.7540142635658766,-0.009399451347920449,-0.6618382483329424,-0.005586648603020727,0.7495669234400135,-0.017445346918230038,0.5757433710035466,-0.8612556430082224,0.05064369619876417,0.7372730995742967,-0.9635296161943364,-0.04515007235415658,0.7830963864910003,1.001309831621867,-0.0239384886483496,0.6565127303573098,1.1556598091733894,0.0,0.0,0.0,0.0
0.016157486555242975,-0.20675622992311332,0.7523602961235207,-0.008966398203304594,-0.6617562763354843,-0.00593037381294675,0.7496419579374495,-0.020618736419697064,0.5785413384683681,-0.8524327638139919,0.056901685988516484,0.719464517864326,-0.9441379619955576,-0.02584254858296212,0.7650494100663475,1.0033759461801555,-0.027679278874397948,0.6555335046828233,1.1396167503546195,0.0,0.0,0.0,0.0
0.011957064359326582,-0.20934142518890814,0.7507313720329825,-0.00861301093589019,-0.6616506467536216,-0.006195249832223188,0.74973719166962,-0.023951908194624658,0.5811650106722179,-0.8437835778658637,0.0630958449634896,0.6986593806912555,-0.9196321550868692,-0.006259447110630086,0.746580558520783,1.0036740637678432,-0.03182500106389121,0.6539447451023498,1.1232184434625698,0.0,0.0,0.0,0.0
0.007461474255774848,-0.2119284956694065,0.7491618757542783,-0.008354304186098609,-0.6615227982529193,-0.0063808158034168935,0.749851370728144,-0.027827024744663066,0.5841807479881763,-0.8354143389895109,0.06907876297432455,0.6754766663781233,-0.8907126322361073,0.012752617062858386,0.7284206877845639,1.002169937915564,-0.03719299894034682,0.6521531631425561,1.1067607120800125,0.0,0.0,0.0,0.0
0.003146357568309566,-0.2145359494164522,0.7476996492255655,-0.008164047861578268,-0.6612724012420672,-0.006510873120543851,0.7500731752364382,-0.03214074082094297,0.5879697213713853,-0.8266366251490881,0.07497286450259644,0.6528855634033839,-0.8623545934682845,0.030889850589650197,0.7114455357257361,0.9988706065036165,-0.04503712517029529,0.6512503936550665,1.0903819769939649,0.0,0.0,0.0,0.0
-0.0007397882804747987,-0.21695585829735853,0.7464837504326252,-0.00802031359961352,-0.6609591189708742,-0.0066110850687365694,0.7503499258167641,-0.03704420264974288,0.5929810551427326,-0.8183087427116291,0.08034767028625828,0.632157093264634,-0.8358633627114711,0.046372442296520475,0.697207984168044,0.9938662138561684,-0.057715750141226735,0.6502311556721476,1.074615875299853,0.0,0.0,0.0,0.0
-0.0038420469518949296,-0.21892970572865922,0.745590868404264,-0.00787052696088454,-0.6605990395353066,-0.006719125095114311,0.7506675809759901,-0.04200737306003144,0.5987013786646304,-0.8115083970481344,0.08469213259461567,0.6153571694804849,-0.8143590674073155,0.0573481874892736,0.6867660190906735,0.9883079020502596,-0.07775129036324607,0.6476733275559398,1.0597791288491771,0.0,0.0,0.0,0.0
-0.005678418435025177,-0.22007260886913144,0.7448009688506746,-0.0077078752618010135,-0.6602957414529184,-0.0068221947463504495,0.7509351371036863,-0.04569664636680142,0.6029024385350802,-0.8078440642206998,0.08717668432933087,0.6050696562901381,-0.8025179645451337,0.06214894142481356,0.6795818803218366,0.9869919465261763,-0.10315068818000775,0.6428877294190131,1.0475010636217412,0.0,0.0,0.0,0.0
-0.005710196955397199,-0.2202382910533002,0.7447061455731688,-0.007602775283125333,-0.6603072441644787,-0.006783348265815202,0.7509264459973495,-0.04568567658147064,0.6029267246209393,-0.8078588768519642,0.08735263046511903,0.6048652095440493,-0.8024653493207292,0.06213537036491954,0.6794519343303514,0.9869015942046038,-0.10317072709335748,0.6429276749725671,1.0475166043073865,0.0,0.0,0.0,0.0
-0.005710196955397199,-0.2202382910533002,0.7447061455731688,-0.007602775283125333,-0.6603072441644787,-0.006783348265815202,0.7509264459973495,-0.04568567658147064,0.6029267246209393,-0.8078588768519642,0.08735263046511903,0.6048652095440493,-0.8024653493207292,0.06213537036491954,0.6794519343303514,0.9869015942046038,-0.10317072709335748,0.6429276749725671,1.0475166043073865,0.0,0.0,0.0,0.0
-0.005710196955397199,-0.2202382910533002,0.7447061455731688,-0.007602775283125333,-0.6603072441644787,-0.006783348265815202,0.7509264459973495,-0.04568567658147064,0.6029267246209393,-0.8078588768519642,0.08735263046511903,0.6048652095440493,-0.8024653493207292,0.06213537036491954,0.6794519343303514,0.9869015942046038,-0.10317072709335748,0.6429276749725671,1.0475166043073865,0.0,0.0,0.0,0.0
-0.004778201057960437,-0.22081033039438064,0.7447607609239747,-0.007938722588443256,-0.6603536503917019,-0.006380601626591021,0.7508856910481784,-0.04495961056005357,0.608154826143771,-0.8166252955316253,0.08834146376675452,0.6118842235326656,-0.812720923538126,0.07110341797454432,0.6792055642350485,0.9854583687643405,-0.09516576762021788,0.6467452033887354,1.0512723874977183,0.0,0.0,0.0,0.0
-0.002900489482190168,-0.22158022417402415,0.7448746200823818,-0.008014578113651643,-0.6605896548772026,-0.006214401709120334,0.7506786633562167,-0.043650194847358444,0.6188007870193324,-0.8324960845778787,0.09019402581662662,0.6254054031914897,-0.8329177738284262,0.07883944299634744,0.6818634416195763,0.9853370234110935,-0.08978118997360779,0.651730198293986,1.0565829161107068,0.0,0.0,0.0,0.0
-0.00012251695943977462,-0.2225653165599727,0.7450926309321155,-0.007838932605468335,-0.6610324255756316,-0.00627831534096199,0.7502901213728482,-0.041695309340932935,0.6343046635059142,-0.8542264959277348,0.09295472334828592,0.6447529870290283,-0.8615319295988731,0.08577879092511727,0.6876714996092496,0.9858146440778801,-0.08680714915750355,0.658280200916653,1.0629494062984548,0.0,0.0,0.0,0.0
0.003506836862207846,-0.22395375514182014,0.745783394276534,-0.007306420058007951,-0.6618093380563254,-0.006645300627464771,0.7496071346158298,-0.038546548676950974,0.6537036599804199,-0.8778444236868891,0.09713209842713318,0.6695740361147128,-0.8959216697899353,0.09228203233359805,0.6993692305660476,0.9829016348419675,-0.08633292259790573,0.6684822438029597,1.0677327776242445,0.0,0.0,0.0,0.0
0.008006874303614188,-0.22623330309582748,0.748206786304702,-0.005907896372213119,-0.6636611829463096,-0.00775715873655745,0.7479697570751748,-0.03251636362248748,0.6755574594297342,-0.891287568648068,0.10427517988689748,0.7004117095855495,-0.9291520092813347,0.0961750091969379,0.7281592997400271,0.9651606973184095,-0.09275060594358037,0.6891948036271903,1.0623214787600956,0.0,0.0,0.0,0.0
0.011168204520663213,-0.22850925090643662,0.749728242454269,-0.006353977439699314,-0.6623374840748486,-0.007523609061024207,0.749140894269424,-0.027416236223947284,0.6934149409506305,-0.919896797020332,0.09432455419889141,0.666688773699121,-0.8857652583101447,0.06458864844041898,0.7115273400068528,1.0057676175963035,-0.06916282907752624,0.7032815328510306,1.0588204620139605,0.0,0.0,0.0,0.0
0.015023079093804757,-0.23063974257948786,0.7514015841037752,-0.006232210550679932,-0.6617798497868356,-0.00767931167641473,0.7496329889618931,-0.022364085067925175,0.7139414576085813,-0.9472617730030592,0.08390255041180905,0.6435506728664361,-0.8631115417912356,0.03946010182280964,0.7041914587531295,1.0366690161276102,-0.054382181909634696,0.719040972647728,1.0547346201860544,0.0,0.0,0.0,0.0
0.018853455549347475,-0.2327006355503307,0.7532071036363026,-0.005762804742011478,-0.6617702502077121,-0.008070653097848332,0.749641107851018,-0.017215295663688467,0.7331695064985648,-0.968567340642694,0.07507954807861085,0.6287770542800317,-0.8542573195881101,0.02266739640807009,0.7010053778752982,1.0611725754938799,-0.044502110978413785,0.735892944175874,1.049344096091687,0.0,0.0,0.0,0.0
0.022335350071425893,-0.23470684818302034,0.755027129830979,-0.0052178584754959114,-0.661903352530131,-0.008525930321534229,0.7495225376027428,-0.012038522414620112,0.7499506864632965,-0.9849542113686189,0.0678898575907737,0.6186937255872009,-0.8529631186816691,0.01118097676357532,0.6990483680959911,1.0814676227760693,-0.03549563835216759,0.7526622246612725,1.0429384488841582,0.0,0.0,0.0,0.0
0.0253033000466845,-0.23666736490778306,0.7567634209305986,-0.00470847703013131,-0.6620028276206982,-0.008971440209921648,0.7494328520466772,-0.0068699314928463385,0.763643842269355,-0.9969455095227647,0.062039223316075726,0.6109783415136816,-0.855709795492155,0.002627068843216439,0.6970346403067708,1.0989745189794404,-0.025494356106100364,0.7684686383719639,1.0361987230335277,0.0,0.0,0.0,0.0
0.027711742448244044,-0.2385690918906483,0.7583704792322212,-0.004258813385490665,-0.6620218135729619,-0.009388069242379527,0.7494136674881334,-0.001775413373271961,0.7741513249750682,-1.004937153486104,0.057106142862019184,0.6042897479426309,-0.8605569544727071,-0.004372337807058157,0.6944758539101672,1.1146639203759914,-0.014158349882497851,0.7828606125799046,1.029567527803092,0.0,0.0,0.0,0.0
0.0295912817624435,-0.24038830348373494,0.7598398206941472,-0.0038626164619102957,-0.6619695067128982,-0.009775498852713194,0.7494570648132758,0.003157799698302104,0.7817479605463913,-1.0094145139544766,0.052692204046629984,0.597887466171136,-0.8664288287999727,-0.01055800122370848,0.6912570833795937,1.1292097683193723,-0.0018978919152549522,0.7957044793396856,1.0232204590616716,0.0,0.0,0.0,0.0
0.031013491338458155,-0.24210568260064974,0.7611805659056584,-0.003518993782043857,-0.6618805596673528,-0.010122402184160311,0.7495327066854492,0.007837205764126866,0.7868874285253589,-1.0109418526572589,0.048481492743321065,0.5914255433600231,-0.8727425986923418,-0.016272535816972862,0.6874500642186804,1.1430828874557726,0.010965570749538541,0.8071918923759424,1.0172213461321695,0.0,0.0,0.0,0.0
0.03206569466389447,-0.2437101045153375,0.7624134572642853,-0.00324311142755853,-0.6618009287625725,-0.010397834771867107,0.7496004922285749,0.012171608130278986,0.7900741181465285,-1.0100843583080954,0.04423264341813185,0.5848247819384409,-0.8791892532007385,-0.021581430037522248,0.6832162453896955,1.156607545333824,0.024622578416788898,0.8178420527999376,1.011562202309327,0.0,0.0,0.0,0.0
0.032829550432451664,-0.24517875317670165,0.763564422672806,-0.00301006580249582,-0.6617289013967865,-0.010631924578813458,0.7496617655581863,0.01612641054680521,0.7918381250774555,-1.0075021426247956,0.039827296690239294,0.5779067811037529,-0.8855485663805482,-0.026743521206297464,0.6785946529093938,1.1699560434777774,0.03808521057592912,0.8276285754004761,1.0059809073220438,0.0,0.0,0.0,0.0
0.03337044176331096,-0.24647926676051987,0.7646419955852433,-0.002737655194459014,-0.6615935293471861,-0.010941334798386928,0.7497778300021947,0.019761172374486786,0.7926843354962393,-1.004003178112954,0.0353137572763918,0.5702064528953827,-0.8916509810987876,-0.03241380967379024,0.6734132109949867,1.1831718528653021,0.048330948916587235,0.8354592987053752,1.0001333762327016,0.0,0.0,0.0,0.0
0.03375374279307393,-0.24764026799152292,0.7656390752991749,-0.0024673026131040564,-0.6614432760886287,-0.011263204678261855,0.7499065576159025,0.023062096066707994,0.7928804035314843,-0.999925600300647,0.030652256744045994,0.5618920743660819,-0.8975383676747998,-0.03836093827396157,0.6679324990598074,1.1963192176059132,0.05658954252956863,0.8420132824285255,0.9943776482482771,0.0,0.0,0.0,0.0
0.034038795310639205,-0.24872349627491197,0.7665510890945423,-0.0023260418621077893,-0.6614107730036441,-0.011411281798777508,0.7499334380674637,0.0259460463520767,0.7925202507181205,-0.9952259005434626,0.02567952631793697,0.5536660871147763,-0.9033257875979543,-0.043744196496101284,0.6627578136528223,1.209453062649351,0.06766676464626949,0.8494597247320465,0.9893890414212715,0.0,0.0,0.0,0.0
0.03424925398152171,-0.24970509764350288,0.7673676149311518,-0.00223104721613866,-0.6614194679930285,-0.011499947980809007,0.7499247035433473,0.02849789902632621,0.7918507516693637,-0.9904200447967343,0.020497230177143142,0.5453709752540145,-0.9087882617713435,-0.04912528746936175,0.6578584425545732,1.2222903027343532,0.07901167017965847,0.8566463541240473,0.9849802437728601,0.0,0.0,0.0,0.0
0.0343901988353407,-0.2505460525734784,0.7680687663106652,-0.0020798650556170055,-0.6613383339576309,-0.011687633725777536,0.7499937875858623,0.030829828254300588,0.7911055204088484,-0.9861930284551954,0.01526459045338072,0.5369297330320952,-0.9134924252236253,-0.05524940888900153,0.6530567263265584,1.234227112793806,0.0864544700247843,0.861608361166302,0.9808881283866312,0.0,0.0,0.0,0.0
0.03447637508865594,-0.25128114037305926,0.7686151976609837,-0.0019349418912913416,-0.6612238533553516,-0.011882027647810342,0.7500920537992349,0.032914178404582994,0.7902419076470276,-0.9825742621148664,0.009914372232757242,0.529553288704532,-0.9169350565555531,-0.06175846573432656,0.649021963168453,1.2443987922239028,0.09229586397200344,0.8651244471513689,0.9777986620104405,0.0,0.0,0.0,0.0
0.03453611840357505,-0.2519425643435613,0.7689434809077846,-0.001847306259141296,-0.6611333825803412,-0.012002838173775664,0.7501700938942016,0.034731594934067994,0.7892834667387608,-0.9797622501750443,0.0043520078792987004,0.5247833392337697,-0.9182850562878087,-0.06854162593936167,0.6469031670345394,1.251164702722646,0.09889924070075526,0.8678877744224938,0.9766083561622775,0.0,0.0,0.0,0.0
0.034551406219842,-0.25254755153778025,0.7690063754251959,-0.0017952086268734372,-0.6610304514847555,-0.012085267544571256,0.7502595989017551,0.036376913674816234,0.7881158697264152,-0.9778562509732427,-0.001348666104891828,0.5235779985716825,-0.9164490158043027,-0.07606769497398139,0.6478952164056277,1.251703107147186,0.10574726001615704,0.869259555651768,0.9777345691819801,0.0,0.0,0.0,0.0
0.03448601446259159,-0.2531116640159266,0.768810885008816,-0.0017598541720352716,-0.660891430559287,-0.012155627922245837,0.7503810103117003,0.03792180129922658,0.7865270573155634,-0.9765485636231104,-0.007052059827845834,0.5258104319689916,-0.9114030446800894,-0.0843591612902885,0.651799800769783,1.2459221445946982,0.11235201376385644,0.8689258355873271,0.9810760335841099,0.0,0.0,0.0,0.0
0.03432223287266066,-0.2536491520624008,0.7684090113404985,-0.0017353245611936908,-0.6607203017047207,-0.012217274557675123,0.7505307520456922,0.0393996171418997,0.7843963079878934,-0.9754147403367199,-0.012699759672773155,0.5303685611914124,-0.9042291500890837,-0.09313785946455193,0.657264755081388,1.2365365690028685,0.11871345997200047,0.8671325796897497,0.9861576339540292,0.0,0.0,0.0,0.0
0.034034456342837485,-0.2541860963574491,0.767867495760178,-0.0017165213095958515,-0.6605292187895314,-0.012270042244577938,0.7506981089247535,0.04086564672448987,0.7815241605118022,-0.9738181828932329,-0.018195866951602836,0.5360418202986252,-0.8958312724733224,-0.10215588969122341,0.6635022492121853,1.225203689948,0.12507431228365853,0.8642830658300746,0.9924065205512199,0.0,0.0,0.0,0.0
0.033586105509744967,-0.2547607441545306,0.7672455340738052,-0.0016986590430857066,-0.660316405417188,-0.012318042537199847,0.7508845617819233,0.0424141016982899,0.7776344527784277,-0.971085728614568,-0.023435590871143087,0.541941890707839,-0.8867828730150288,-0.11128353096429537,0.6699954327720548,1.2127940314548968,0.1316625732355217,0.860633283614046,0.9993367709997418,0.0,0.0,0.0,0.0
0.03292750986562585,-0.25541211478377135,0.7665888751204841,-0.0016733228333195753,-0.6600775345104463,-0.012369408297992842,0.7510937665589189,0.0441443333174502,0.7723684333238985,-0.9664687876625928,-0.028331669393339334,0.547573851501407,-0.8773681267141435,-0.12049290748347531,0.6764175960784128,1.1997297909364124,0.13884332483362377,0.8563753177086999,1.0065728512686567,0.0,0.0,0.0,0.0
0.03199946960876579,-0.2561972784501835,0.7659349570635386,-0.0016395712687699994,-0.6597901450304602,-0.012428540754304324,0.7513453318557702,0.04620017181589002,0.7652860138851767,-0.9592088283721603,-0.03280600208083325,0.5526996935560066,-0.8677107383410827,-0.12978565129967337,0.6824572018715861,1.1861807006176825,0.14702493188379595,0.8515471766018695,1.0138525113631158,0.0,0.0,0.0,0.0
0.030735461075771433,-0.25717987036503775,0.7653139424718516,-0.0015986615168450938,-0.6594272670645259,-0.012497953506314545,0.7516627733839949,0.048737140184928564,0.7558762768731343,-0.9484791100579858,-0.03682594152421091,0.5572335680428446,-0.8578566567272339,-0.13922412074084126,0.6878641266047302,1.1722032803846165,0.1567549146006454,0.8461550792202042,1.0209779694890682,0.0,0.0,0.0,0.0
0.029068119214145642,-0.2584292673039662,0.7647505701635691,-0.001558819053375372,-0.6589529964295954,-0.0125747542694275,0.7520773857354575,0.051916580380704895,0.7435908959944816,-0.9334519651871785,-0.04043118782899716,0.5611396770215784,-0.8478403396087915,-0.14895917514393467,0.6924037850012196,1.1578241354249046,0.16867266042921022,0.8401666641662996,1.0277873133417164,0.0,0.0,0.0,0.0
0.026939903504301387,-0.2600121536281011,0.7642634809451126,-0.0015401990968104923,-0.6583211716535202,-0.012646911443850568,0.7526293366394975,0.055880615020017024,0.7279121210305951,-0.9134183263397659,-0.04374390679890622,0.564386076508616,-0.8377130934187003,-0.15933921835744666,0.6958774748595579,1.1431105073071879,0.18343654885752622,0.8335148609192857,1.0341283934381817,0.0,0.0,0.0,0.0
0.024314056925260678,-0.261972887156834,0.763861725656415,-0.0015806331258417588,-0.6574797914999609,-0.012680262897724835,0.7533638140373706,0.06068320258445221,0.7084439714337134,-0.8879502087456984,-0.04682902707498536,0.5669310534024917,-0.8275043197393136,-0.17084134706457746,0.6981497664817781,1.1282459201741497,0.20163080615463952,0.8261208284370756,1.0398398190683305,0.0,0.0,0.0,0.0
0.02120951815230396,-0.2643085960373592,0.7635352361693933,-0.0017415747123673885,-0.6563701085573087,-0.012614011265377123,0.7543315810900304,0.06623191990043284,0.6851856746157605,-0.8573945352986656,-0.049690834074941716,0.5687744357021927,-0.8171364405671797,-0.18449863156427537,0.6993865597795415,1.1136970780775999,0.22354673141033213,0.8178735385273748,1.0447865565352303,0.0,0.0,0.0,0.0
0.017746701978986097,-0.26692658717493295,0.7632327738409261,-0.002119280983784448,-0.6549167944377998,-0.012339250342201681,0.7555972762738234,0.07217028097305488,0.659002609090929,-0.8238342548953824,-0.05219881768165316,0.569917824760213,-0.8061126874483898,-0.20260635503612665,0.7005034866553193,1.100370684307108,0.24910780207693856,0.8086043495537393,1.0489959860757625,0.0,0.0,0.0,0.0
0.014342716489013547,-0.26953751149537714,0.7628366512100674,-0.0029087555909386342,-0.6528812752831892,-0.011654946078156482,0.7573649990311303,0.07765634154415599,0.6336552556533721,-0.7953196220172504,-0.0550373094639638,0.5697698912725847,-0.792605410857577,-0.2325509618764745,0.7048017783258711,1.088957949969938,0.27773347151365807,0.7978751656736944,1.052662452688445,0.0,0.0,0.0,0.0
0.011071382390841315,-0.2720229918623071,0.7621912390842879,-0.00428860069121783,-0.6501060182738378,-0.01035517774124764,0.759760846057623,0.08223189570881137,0.6107424073378938,-0.7764664378423761,-0.05803488174058089,0.5668142495673663,-0.7759724893471992,-0.28226643844757293,0.7128808128031455,1.0808951494028993,0.31008633622519877,0.7847947814467916,1.0565964965888144,0.0,0.0,0.0,0.0
0.00816788015154291,-0.2741762182263678,0.7610266321830249,-0.006237056152876354,-0.6466024986891487,-0.00836570895286993,0.7627557425108061,0.08527531811751743,0.5927987911587562,-0.7727164782347193,-0.06216551474844884,0.5586365854702859,-0.7557234195526117,-0.35718913152577836,0.7239481725535211,1.0781755580062884,0.3429829578977597,0.7677987884639185,1.062652881375931,0.0,0.0,0.0,0.0
0.006112463812082821,-0.27557845963506605,0.7592427421446705,-0.008034928966257104,-0.6429315585759242,-0.0061343645249886366,0.7658569190622454,0.0859568620684903,0.5827261444455121,-0.7853137829528773,-0.06951192929983016,0.5441736390773084,-0.7318769560236235,-0.4282289647114362,0.728810677691808,1.0843021010047513,0.36417774863024593,0.7464304394388257,1.0718551124882187,0.0,0.0,0.0,0.0
0.0062240458511371565,-0.275796563729402,0.7592017840298497,-0.008063357635071225,-0.642917458718172,-0.005996683197787022,0.7658695472008545,0.08616094187496984,0.5825196513310511,-0.7853132866897307,-0.06957563377910037,0.5441840651471621,-0.7318713191064224,-0.42825317849721606,0.728822247916243,1.0843090860946474,0.3642163846475429,0.7462826999170552,1.0717124354777796,0.0,0.0,0.0,0.0
0.0062240458511371565,-0.275796563729402,0.7592017840298497,-0.008063357635071225,-0.642917458718172,-0.005996683197787022,0.7658695472008545,0.08616094187496984,0.5825196513310511,-0.7853132866897307,-0.06957563377910037,0.5441840651471621,-0.7318713191064224,-0.42825317849721606,0.728822247916243,1.0843090860946474,0.3642163846475429,0.7462826999170552,1.0717124354777796,0.0,0.0,0.0,0.0
0.006092593046332784,-0.27667572009558444,0.7597322287303361,-0.007830193978829319,-0.6444851088897237,-0.006449227348789924,0.7645495667046437,0.08868981371301189,0.5763242444649331,-0.7648669170671483,-0.06663910719683185,0.5431552835598494,-0.7221455204960835,-0.43652445131325157,0.7401436743505193,1.0813579634547035,0.37399725935035044,0.7558631035521967,1.0714485859085072,0.0,0.0,0.0,0.0
0.006274409224212206,-0.2779197613325893,0.7599828200957943,-0.007478809651368815,-0.6454137588703279,-0.00698294777369027,0.7637646140712874,0.09224875406014538,0.5717881474163006,-0.7506837196846607,-0.06295633049098967,0.5466906723056346,-0.7242640799832866,-0.44062315679360514,0.7477403905717682,1.0791583071527195,0.38468772214619207,0.7622468407234317,1.073851164497377,0.0,0.0,0.0,0.0
0.006997269390707996,-0.27953552587096997,0.7599352999289991,-0.006990983196377516,-0.6458724129400574,-0.007591919317576732,0.7633756055298146,0.09684239159119737,0.5704210423916627,-0.7445240010442172,-0.05853863779580485,0.5561813039403607,-0.7398143781308991,-0.44221311385279644,0.7528952685781967,1.0786827234519074,0.39747633983518865,0.7667062963167746,1.0796520921224337,0.0,0.0,0.0,0.0
0.008383290956512685,-0.2815734780294709,0.7595943665562558,-0.006357826342986557,-0.6460801523538651,-0.008276099204020566,0.7631982186565716,0.10260020570361827,0.572603150713494,-0.7459646249342804,-0.05323516044614615,0.5718068814060648,-0.767993952681757,-0.44304234813647253,0.7571823595491124,1.0804512546263403,0.4149062543986427,0.7710390897469485,1.089405902183281,0.0,0.0,0.0,0.0
0.01052585468197106,-0.2841024390760206,0.7589920397269252,-0.005762203150672647,-0.6470057192960532,-0.009033425211854842,0.7624098592240194,0.10980291883762044,0.5769304340452929,-0.748409824841583,-0.04660184471945303,0.5917149069883841,-0.8008381370938688,-0.44934037892546136,0.7664255251608035,1.0862127988998562,0.44925653713389624,0.7827448581469675,1.1048848316137319,0.0,0.0,0.0,0.0
0.013267254220373106,-0.2874576826061919,0.7604624729528928,-0.008272441244407978,-0.6493687596734637,-0.006186834836894304,0.7604035137679902,0.10299596245212225,0.5831589319909647,-0.7614149995951651,-0.04213185167615784,0.6131294446095906,-0.8122642145324755,-0.39460660232102285,0.7768442713739154,1.0744638503396882,0.3528762539882386,0.7633438053806051,1.0976089063542624,0.0,0.0,0.0,0.0
0.01638731222597027,-0.29088281875227706,0.761477846014091,-0.010232889936097167,-0.6518606542293109,-0.004093243341449222,0.7582586766996063,0.09638848479400061,0.5858617089062915,-0.7765559713996112,-0.03637460157859604,0.6369987003056744,-0.830580671071385,-0.3448952105441023,0.7869830715873084,1.065746834653061,0.26712163288281027,0.7436484393382191,1.0992156472226078,0.0,0.0,0.0,0.0
0.019693190168775902,-0.29421346930702313,0.7621652462026851,-0.011231093840081145,-0.6537751542588958,-0.0030175353231007397,0.7565995008493503,0.09222337907258346,0.5853708777114526,-0.7910489972026319,-0.029679673773938132,0.662924023972349,-0.8585182171046771,-0.30597494039353984,0.7963319486830666,1.058354473118993,0.21204694166618615,0.7302660365108304,1.106466637638585,0.0,0.0,0.0,0.0
0.022806202645464554,-0.2972647515312412,0.7626591165388774,-0.011641553371228306,-0.6551953590339773,-0.0025885968100864986,0.7553653519337494,0.08915062125457086,0.5830710651129396,-0.8039271401017904,-0.022850795488910006,0.6873847052281394,-0.8883450225928176,-0.2759408800601012,0.8047872838426141,1.051736954963664,0.177846305862764,0.722081437785011,1.1169780752915013,0.0,0.0,0.0,0.0
0.02552146069760234,-0.2998913948334771,0.7631058818467512,-0.011779276529225818,-0.6562982898753205,-0.0024567157028136193,0.7544055725530753,0.08655066570398283,0.5801206915891604,-0.8156556208138991,-0.016620908322006425,0.7084050816794702,-0.9146910224251438,-0.2523610381470252,0.8125525257681273,1.0453046148529208,0.15553062896056824,0.7164962553770159,1.1295846623450692,0.0,0.0,0.0,0.0
0.027776490623214096,-0.3020601927721537,0.7635789133252475,-0.011808742658784071,-0.6571752613468443,-0.0024478137157309615,0.753641318983068,0.08401235348256936,0.5768808113772492,-0.8265380767778528,-0.011287511462554564,0.7256155213189884,-0.9359711183045726,-0.2335284747706885,0.8196561188246924,1.038755734126467,0.1396620977417121,0.7118581334361377,1.1432000011863197,0.0,0.0,0.0,0.0
0.02958406939641458,-0.30380264261887974,0.7641073323123746,-0.011811306858101068,-0.6578854377005487,-0.002475814249531549,0.7530213238917361,0.08122813849829166,0.5733992016348218,-0.836816229235907,-0.006902212495896842,0.7392990454170623,-0.9521678338691197,-0.21822355169278904,0.826129539450599,1.0319784840817279,0.1272333292018003,0.7072777158493434,1.157156598661749,0.0,0.0,0.0,0.0
0.030995242728585476,-0.3051832841131647,0.7646948062053414,-0.011822033394917098,-0.6584700346351543,-0.0025027798246303056,0.7525099262515662,0.07801342564775156,0.5696173194985542,-0.8466655413972902,-0.0033760191461796227,0.7499829864984184,-0.9639094863552251,-0.20553310138511577,0.8320235411447455,1.024960949101928,0.11663310234446875,0.7023446914149852,1.1711083958936184,0.0,0.0,0.0,0.0
0.03207519029695806,-0.30627792054458686,0.7653311981084486,-0.011851282772668316,-0.6589591027775323,-0.002516341757486274,0.752081189757749,0.07429449793023345,0.5654585780374457,-0.8562068151529946,-0.0005538141902721298,0.7582426942789929,-0.9720292060807526,-0.19475441144655256,0.8373954136391071,1.0177443345795947,0.10700857457760676,0.6969126696785459,1.1849051076591004,0.0,0.0,0.0,0.0
0.032888579924385646,-0.30716020459733046,0.7659997177118947,-0.011897453436291406,-0.6593751112423312,-0.002516561603521169,0.7517157575796787,0.07007663930299798,0.5608551124843278,-0.8655235886395012,0.0017362399637252312,0.7646084274666544,-0.9773533975293266,-0.18534164629741853,0.8422935889057118,1.0103997840540366,0.09791055481573593,0.69096619956609,1.1984977873835088,0.0,0.0,0.0,0.0
0.033491610312384026,-0.3078946844319381,0.7666806995823227,-0.011954785042749893,-0.6597344196372821,-0.002507786075061684,0.7513995539454636,0.06540693302303464,0.5557505655887468,-0.8746736016640444,0.003653324572560588,0.7695249367345791,-0.9806081513952221,-0.17685096053889757,0.8467359189817102,1.0030183562144013,0.08910383710285132,0.6845479531688285,1.2118732674904742,0.0,0.0,0.0,0.0
0.03392851163973524,-0.30853406588028737,0.7673521823051642,-0.012018388391759333,-0.6600476615102566,-0.0024933972354546693,0.751123442481682,0.06033999101472138,0.5501083907264172,-0.8836874536193755,0.005328876998137378,0.7733380810946112,-0.9823894992845466,-0.16887935115996577,0.8506803454562806,0.9957172318889282,0.08046214704481974,0.67772248127969,1.2250052983354915,0.0,0.0,0.0,0.0
0.03423446857217944,-0.30911813917176467,0.7679887675772027,-0.01208239337730088,-0.6603257538793323,-0.0024799783841620744,0.7508779955766327,0.05493577905772154,0.5439808090620776,-0.8925417367999671,0.006868375838249662,0.7763092858383401,-0.9831754289108401,-0.16121957684424656,0.8540944763203652,0.9886764158193597,0.07187614077384524,0.6705907696416847,1.2378208712168493,0.0,0.0,0.0,0.0
0.03446862590940384,-0.30968877798923744,0.7685574587264804,-0.012135135700176778,-0.6605650636125758,-0.0024726929213941175,0.7506666510547596,0.04939598071269869,0.5375856762600901,-0.9010778116551411,0.008373287953940337,0.7788584583972603,-0.9837830622023179,-0.15368694641571262,0.8569025579105759,0.9821469507283548,0.06347867338389593,0.6634349814022162,1.250136478439862,0.0,0.0,0.0,0.0
0.034649672988681705,-0.3102563256014584,0.7690287034690869,-0.012131268142129647,-0.6608147851679833,-0.002535914494651709,0.7504466811002176,0.043863019460059785,0.5316568305798266,-0.9089924900868538,0.009949796473949453,0.7810556149430531,-0.9843543592723999,-0.14783711006391495,0.8596892947778004,0.9765391899298984,0.05505840524572675,0.6567209930077597,1.2615218092359395,0.0,0.0,0.0,0.0
0.03475523710910286,-0.3108413256459282,0.7693656965114317,-0.012069095402074901,-0.661072227729243,-0.002670621680313663,0.7502204438970669,0.038348158768262766,0.5270686470454156,-0.9156582376599359,0.011648836588812909,0.7828061779162598,-0.984910916020897,-0.1433405276074805,0.8621195484920483,0.9721278116448908,0.04657028738028124,0.6508075226820921,1.270993926129628,0.0,0.0,0.0,0.0
0.034741769110218985,-0.3115257670854177,0.769474049901174,-0.01212916973395818,-0.6611187639231076,-0.0026107238452410604,0.7501786769505988,0.03254004970425879,0.5239181072309591,-0.9200595231489397,0.01333522840849815,0.7842055761526705,-0.9864185740122823,-0.13240142662546106,0.8603385135902876,0.9689435792149537,0.03919493783372829,0.64561750185484,1.2766568415259765,0.0,0.0,0.0,0.0
0.03462681490229065,-0.31224953743413264,0.7693113918438583,-0.01215823122612137,-0.6611332555548395,-0.0025791743553119934,0.7501655441784542,0.02678881157492284,0.5241404846246035,-0.9213687104745706,0.015139067798522421,0.7850335172395317,-0.9883674135719276,-0.12179812049639759,0.8569447390639008,0.9680812123568058,0.03261948682859501,0.6433506322865742,1.275902190491715,0.0,0.0,0.0,0.0
0.034436512587241126,-0.31290306533252543,0.7689372883791057,-0.01177374301685064,-0.6615372837966382,-0.003128021979680131,0.7498133211678984,0.021748610147144555,0.5298146308446117,-0.9197331629755493,0.017480898874634748,0.7848350929980302,-0.9890620700351932,-0.12594134376218902,0.8584541796151914,0.9705269380863528,0.024389996231989675,0.6455114758744032,1.2689998096274375,0.0,0.0,0.0,0.0
0.03404360107379193,-0.31373346619603454,0.7682917277504391,-0.011557962607241873,-0.6616763076314154,-0.003406788744442591,0.7496927845524971,0.016463975383748643,0.5364940556652937,-0.9156393956881361,0.019906262493674318,0.7839954956864329,-0.9905439342033344,-0.12107575302958946,0.8544310101642234,0.9741231841280538,0.01783712620513054,0.6481662507148683,1.258322845172797,0.0,0.0,0.0,0.0
0.03340305776518865,-0.314766452253963,0.7674362218960692,-0.011481176475987315,-0.6615752570621682,-0.0034510345055201986,0.7497829367161505,0.011010399483988242,0.5430779734034755,-0.9099042276175,0.022521277419510433,0.7823075739645251,-0.9922369402636572,-0.10770805587620587,0.845410729151527,0.9781988484139674,0.012745298911105082,0.6505744339796989,1.2455312142399348,0.0,0.0,0.0,0.0
0.03253449302993842,-0.3158470138802732,0.766456951187259,-0.011059958644085197,-0.66179261502073,-0.00396441917683016,0.7495948875221904,0.006194961518146714,0.5513151223108492,-0.9034350014734365,0.025827051959449312,0.779048528245091,-0.9915945292936978,-0.10487581648089933,0.8400499302970628,0.9839126515866774,0.005936068216219393,0.6542019024825491,1.2320142968058614,0.0,0.0,0.0,0.0
0.03132797918673802,-0.3171166664733528,0.7653189801268971,-0.01062574151588316,-0.6619469775921857,-0.004458296589544595,0.7494620844748103,0.001463604947700074,0.5587533602542032,-0.8963557203145058,0.029551379315696867,0.7742180900078589,-0.9894752041157021,-0.09876834016865935,0.8321956970072845,0.9899792412737357,-0.00021942500894723844,0.6573887389011105,1.2179356326473525,0.0,0.0,0.0,0.0
0.02971273014924618,-0.3186279675713225,0.7640656515684308,-0.010211840651225022,-0.6619980690000103,-0.0048788973409063475,0.7494200900106084,-0.0031145212210584522,0.5650266372699599,-0.8886741665873373,0.033745052516165275,0.7675531303937001,-0.985375493570956,-0.08787501326094663,0.8213894903648865,0.9955776093321563,-0.005619501832593497,0.6597542813774205,1.2033878752592255,0.0,0.0,0.0,0.0
0.027635750047048366,-0.32038403580223823,0.7627203317610349,-0.00977977399011644,-0.661999671058698,-0.005284340437339273,0.7494216885605995,-0.00739164864656069,0.5703582599125046,-0.8805086842223468,0.03847462828099941,0.7586677724195631,-0.9784584693539624,-0.07409545656342895,0.808523080923615,1.0004776062064238,-0.010552706442141624,0.6613655841735352,1.1884588652647217,0.0,0.0,0.0,0.0
0.025049950286978824,-0.32238182784296154,0.7612906759597154,-0.009336876833714461,-0.6619622967487959,-0.005671410750854281,0.7494575208203238,-0.011325669556136004,0.5748255490896177,-0.8719939347911262,0.04370950109743876,0.7472027722590623,-0.9680361080259997,-0.05800409124987904,0.7938237371406351,1.004476093919677,-0.015043309952204317,0.6622058654684627,1.17314026053598,0.0,0.0,0.0,0.0
0.021925775465277235,-0.32460468592487046,0.7597911596531519,-0.008910830848526261,-0.6618823969751741,-0.006013557390222653,0.7495306043087909,-0.014938960780344302,0.5785054304640038,-0.8632955155016503,0.049353148575262545,0.7328545017634384,-0.9534693797819519,-0.03989382717418788,0.7774415133816353,1.0072928988172258,-0.01912448659011113,0.6622400685860768,1.1573865485785675,0.0,0.0,0.0,0.0
0.018267430829863172,-0.32701291088960627,0.7582486666666414,-0.008531555127797368,-0.6617625974846711,-0.006287802334819179,0.7496385400172811,-0.01833989829448256,0.5815912277883046,-0.854637326777393,0.0552578152951211,0.7154289703205652,-0.934189919118952,-0.020396754816624566,0.7597749869109692,1.0086300707211138,-0.0229874627322626,0.6614915740595956,1.1411938848288434,0.0,0.0,0.0,0.0
0.014135026806759966,-0.32954298578236707,0.756702706974159,-0.008225183033946192,-0.6616122758100174,-0.00648115895546473,0.7497729906045839,-0.02178493313309464,0.5844618881057904,-0.8462837735250985,0.06123707283252329,0.6949736326468428,-0.9099194885995793,-0.0004114376835019397,0.7414784545892859,1.008234506673482,-0.027053170473490193,0.6600986921967754,1.1246758630691995,0.0,0.0,0.0,0.0
0.009679951427717489,-0.3321129776550432,0.755196873445628,-0.008001382968393225,-0.6614474243720465,-0.006602951284668207,0.7499197848413596,-0.02570112923122534,0.587770574607167,-0.8384441105385623,0.06710440957002123,0.6720218061491204,-0.8811325705691561,0.01895351412358295,0.7234422314477575,1.0060698182448935,-0.032187723251039246,0.658431077878696,1.108164574179727,0.0,0.0,0.0,0.0
0.005385201695590633,-0.33472901587763165,0.7537730635737745,-0.007835134959473763,-0.6611656254099362,-0.006679624082674441,0.750169320259479,-0.030005561226551344,0.59193259300391,-0.8303503577146497,0.07295325277632432,0.6495709390192983,-0.8528787915531729,0.037363313263567045,0.7065151777445005,1.0022373307488643,-0.0394643270635275,0.6577805933466321,1.0917442166170415,0.0,0.0,0.0,0.0
0.0015065016406728454,-0.3371644404447761,0.7525797931940208,-0.007689191445112054,-0.6608468406367146,-0.006761622830104574,0.7504509377781444,-0.034934303478062166,0.597576657749895,-0.8230108375029078,0.07833922799501311,0.6288710606372734,-0.8263286025656558,0.052691499548151936,0.6924732427679378,0.9968856377855395,-0.051217460640312074,0.6572244080553299,1.0759870879837,0.0,0.0,0.0,0.0
-0.0015934845299619,-0.3391451382280997,0.7517051339850409,-0.007505261900691684,-0.6605165939517619,-0.006899160310555466,0.750742233889352,-0.040018961789870855,0.6043665348300297,-0.8176899866320753,0.08273164064931364,0.6119989942589336,-0.804536798025856,0.06301724697750863,0.6824735308346407,0.9911856253060211,-0.06982582385273882,0.6554662519376238,1.0611817217363915,0.0,0.0,0.0,0.0
-0.0034199906968660774,-0.3402830918790352,0.7509465516771718,-0.007295963117544327,-0.6602690178514629,-0.007063665624649246,0.750960516682199,-0.043945475270773714,0.6102128016895152,-0.8162605239657681,0.08528251031670067,0.6016546097865371,-0.792302874583849,0.06701165233586032,0.6759357107676047,0.9897839292786292,-0.09360652424844527,0.6517709047877527,1.0488338517134845,0.0,0.0,0.0,0.0
-0.003452789134016761,-0.3404501275381377,0.7508516377438513,-0.007186993225098711,-0.6602803778066674,-0.007026916997053312,0.7509519240599783,-0.043934186995694485,0.610238013657391,-0.816276290460821,0.08546161685828746,0.6014469840881261,-0.792251166277803,0.06699818587655744,0.6758042256748612,0.9896937306882226,-0.09362538604277787,0.651812269392634,1.0488498263705046,0.0,0.0,0.0,0.0
-0.003452789134016761,-0.3404501275381377,0.7508516377438513,-0.007186993225098711,-0.6602803778066674,-0.007026916997053312,0.7509519240599783,-0.043934186995694485,0.610238013657391,-0.816276290460821,0.08546161685828746,0.6014469840881261,-0.792251166277803,0.06699818587655744,0.6758042256748612,0.9896937306882226,-0.09362538604277787,0.651812269392634,1.0488498263705046,0.0,0.0,0.0,0.0
-0.003452789134016761,-0.3404501275381377,0.7508516377438513,-0.007186993225098711,-0.6602803778066674,-0.007026916997053312,0.7509519240599783,-0.043934186995694485,0.610238013657391,-0.816276290460821,0.08546161685828746,0.6014469840881261,-0.792251166277803,0.06699818587655744,0.6758042256748612,0.9896937306882226,-0.09362538604277787,0.651812269392634,1.0488498263705046,0.0,0.0,0.0,0.0
-0.002548964980235962,-0.34099292824703276,0.7509013949426996,-0.007552652208032942,-0.6602881761521671,-0.006614835496367404,0.7509452215905135,-0.04325984339092946,0.615362676171151,-0.8251027650114816,0.08638568090550536,0.6083306942004851,-0.8024546885701412,0.07599874432409036,0.675312994428877,0.9882299299243741,-0.08516885092022698,0.6556702123201992,1.052366885578179,0.0,0.0,0.0,0.0
-0.000711309857150918,-0.34169902312136435,0.7510051851474329,-0.00764694658394112,-0.6605069933840019,-0.00644401712746359,0.7507532953920544,-0.04208024531821986,0.6258045019690043,-0.8407542062560995,0.08807823538648059,0.621598332893209,-0.8223479498435129,0.08345111647335837,0.6777923741098206,0.988292306747047,-0.07970640213262602,0.6606874707263659,1.0573216757301789,0.0,0.0,0.0,0.0
0.002017499225787949,-0.3425794454749852,0.7512212133424707,-0.007482985843542022,-0.6609535267895975,-0.006505404858053708,0.750361326332115,-0.040351670850606314,0.641063867505336,-0.8620467542805486,0.09056502889667228,0.6405865919229696,-0.8503730881683949,0.08979658797998434,0.6835491688364242,0.9890719136820811,-0.07703558614013209,0.6673363320078078,1.063097763665733,0.0,0.0,0.0,0.0
0.005589001389231447,-0.3438365419926348,0.7518920539769746,-0.006943427791251998,-0.6617655272111558,-0.006882490839883338,0.7496471217348117,-0.03748514744958327,0.6601474338535058,-0.8849972075177927,0.09439175108678709,0.6649442288553278,-0.8839807666624078,0.09533364499338602,0.6952551790487415,0.9868163473874062,-0.07734778665974597,0.6775369224831754,1.0673229024128015,0.0,0.0,0.0,0.0
0.010020371909531898,-0.345955562972141,0.7542444734126793,-0.005500098459663945,-0.6637029138542552,-0.008017604303748895,0.7479330913120061,-0.031822154969700714,0.6815889611125927,-0.8975425181563714,0.10107103626236592,0.6951132389089222,-0.9161569950988602,0.09771409124044775,0.7240199219285307,0.9704974364822592,-0.08538563298196919,0.6979481099670398,1.061616027131155,0.0,0.0,0.0,0.0
0.013124094732560217,-0.3481019124436898,0.7557026397888393,-0.006028633045089533,-0.6622835723906656,-0.007771271140878175,0.7491887163258137,-0.026975888075261197,0.6993817025250508,-0.9267910249897935,0.09139785860521189,0.6630159670164694,-0.8764318963637178,0.06531750977479547,0.7078773043698265,1.009617607840337,-0.06131900104821961,0.7116682279301209,1.0578363186456496,0.0,0.0,0.0,0.0
0.01691856086572493,-0.35009160687576774,0.757306017701591,-0.005934572078683581,-0.661711138164158,-0.007927460009968862,0.7496934746024723,-0.022232986117393876,0.7196941825187776,-0.9541341264669807,0.08103519799004703,0.640919645995025,-0.8559935572830532,0.039672163222139525,0.701057827493745,1.039699771331915,-0.04701878613410439,0.7270255637769218,1.0535647625538131,0.0,0.0,0.0,0.0
0.020687170523774737,-0.3520116580512764,0.7590516006641472,-0.005464521052159903,-0.661730693344874,-0.008327787154504628,0.7496754474144742,-0.017409388635574646,0.7386790332228644,-0.9751081943975619,0.07212851693245739,0.6268035673273056,-0.8484065771741998,0.02254119971968655,0.6982977916789006,1.0638538262988328,-0.038136504679898875,0.7435126633692145,1.0479688866811152,0.0,0.0,0.0,0.0
0.02410316536929048,-0.3538891577552553,0.7608175575098989,-0.004920458615311652,-0.6618887219009048,-0.008788889172279908,0.7495344317204641,-0.012538840175093532,0.7552194888348764,-0.9911863753255779,0.0647919424469376,0.6170661859414606,-0.8478042187856418,0.010789332584384814,0.6965633885750687,1.0840191301113926,-0.03010104567481427,0.7599069111978747,1.0413722899054614,0.0,0.0,0.0,0.0
0.026999923813669405,-0.35574036063748243,0.7625037829071298,-0.0044202113295465665,-0.6619978436860434,-0.009234327891484479,0.7494358170485471,-0.0076355293252776115,0.7686577144136226,-1.0029301656313248,0.058793265799544844,0.6094758084731882,-0.8508984401563906,0.001989360720403111,0.6945874544713221,1.1014852910729,-0.020821850075009744,0.7753322866630397,1.034494903476178,0.0,0.0,0.0,0.0
0.029334090690614163,-0.3575544836673475,0.7640665858572774,-0.0039892812724371535,-0.6620183299979505,-0.009640953262406153,0.7494150174648531,-0.0027634568848706863,0.778888364793048,-1.0106876480446445,0.053734390402882706,0.6027994471724146,-0.8558944426668397,-0.005217893038239308,0.6919566327431451,1.1171684645484934,-0.009831772912138891,0.7894165559699327,1.0277903904566679,0.0,0.0,0.0,0.0
0.03114004236721261,-0.35930476826700575,0.7655031967151408,-0.0036212849229934315,-0.6619688775245837,-0.010005380294367667,0.7494557917912932,0.0019777926559254267,0.7861993076826824,-1.0149011010292182,0.04920941768711205,0.5963905656998052,-0.8617980535863619,-0.011525038043571363,0.6886250779127674,1.131722221584564,0.0025039643765626778,0.8021217075877137,1.0213852900177087,0.0,0.0,0.0,0.0
0.03249103885770749,-0.36095870333198077,0.7668279611138726,-0.0032930338080349127,-0.6618697931872457,-0.010346130336164557,0.7495401859684903,0.006499865975283787,0.7910880647446911,-1.0161822074720488,0.04490918693643149,0.5898604224479551,-0.8680409874538503,-0.01738306291681046,0.6846415055944696,1.1455935059974403,0.015189439876842334,0.8134018782291864,1.015187260975486,0.0,0.0,0.0,0.0
0.033473444364445396,-0.36249110300034915,0.7680517681831872,-0.00297620350074964,-0.6617301760621255,-0.010692991786167972,0.7496599070433014,0.01075286577221489,0.7941010822142506,-1.015233523910725,0.04065455298596562,0.5829321739647435,-0.8743113451407072,-0.023167892959090074,0.6800677893307496,1.1590781751880643,0.02697591407082961,0.8231063790796868,1.0091029761095778,0.0,0.0,0.0,0.0
0.03417577330516292,-0.3639075362734098,0.7691808496447977,-0.002698753160370945,-0.6615986266225222,-0.011000442351544045,0.7497726083624568,0.014676706130121571,0.7956913152583782,-1.0125980951033233,0.03630184593105825,0.5756510755146863,-0.880515835782529,-0.02883105415221476,0.6751200792440684,1.172395224713996,0.03848911850900559,0.8318422823701305,1.0033010935019138,0.0,0.0,0.0,0.0
0.03467833841224948,-0.3652246798515297,0.7702307730466169,-0.002517539689622203,-0.6615462885245224,-0.011182787102378106,0.7498167212098991,0.018194558954258807,0.7962258098547252,-1.0086335073088226,0.03169863056072491,0.568277320462637,-0.8866458875692975,-0.0340298336157474,0.6701020339540005,1.1857161143585795,0.051645923195011836,0.8407669968082557,0.9979516153170866,0.0,0.0,0.0,0.0
0.035032597072839365,-0.3664095784359221,0.7712160370207981,-0.002350817537687976,-0.661504945212982,-0.011354283477998734,0.749851159472582,0.021364258444653318,0.796127855198287,-1.0039918025123147,0.026906723531516193,0.5604447396878077,-0.8925585931248619,-0.03937375611128544,0.6649234718024735,1.198964294811833,0.06371407355293182,0.8489006157339474,0.9926361823267249,0.0,0.0,0.0,0.0
0.03527198206183802,-0.3674322549784338,0.7721327997238835,-0.0021230749151501384,-0.6613751406603628,-0.011634183367192906,0.7499620401372115,0.024268324271454086,0.7957444305247597,-0.9994087851220654,0.022029435432265137,0.5517486061869675,-0.898121707322522,-0.04542012454110742,0.65931207491825,1.2120246870978264,0.07144490556871087,0.8548445428606513,0.9870716422052329,0.0,0.0,0.0,0.0
0.035438954273383276,-0.36834357988097866,0.77296387164138,-0.0019197786447172546,-0.6612600269907993,-0.011887770247564301,0.7500601123060895,0.026857042622513247,0.7951141288253524,-0.9948191117492409,0.016983985916130963,0.5428779915756308,-0.9033186799631256,-0.05159411364049831,0.653885654893826,1.2247227269067553,0.07819321129543445,0.8600838085318615,0.9819040172081607,0.0,0.0,0.0,0.0
0.03555818370932744,-0.36918610522162787,0.7736706518956658,-0.001812717039795641,-0.661216427520548,-0.01201572669403375,0.7500967753202994,0.029119504707408844,0.7942322594851204,-0.9903279884264745,0.011700715074451562,0.534628527892594,-0.9079794067002324,-0.05751055890846547,0.6491332053687965,1.2366941566938208,0.08700435727335812,0.8656531820900994,0.977843383715142,0.0,0.0,0.0,0.0
0.035630680535312334,-0.3699467858226214,0.774204625244263,-0.001731059028117807,-0.6611735625053474,-0.012114829575590078,0.7501331579013042,0.031146287371825957,0.7931789545066771,-0.9863550109316425,0.006302687451811234,0.5275496517575111,-0.9114716671851313,-0.06368414849312067,0.6452869275470562,1.246950190643016,0.09552291649642253,0.8702299983458671,0.9751214857615363,0.0,0.0,0.0,0.0
0.035688207053583366,-0.3706018585271173,0.7745211040757384,-0.0016397377189844762,-0.6610841034068096,-0.012238933209087277,0.7502101892116175,0.03295172799765772,0.7922239106157847,-0.9835854769738217,0.0007666737069052633,0.5227422341322604,-0.9127998890723636,-0.0705653207505448,0.6431596721628362,1.2537270755647991,0.10208900415787936,0.8729300695546685,0.9740056028141423,0.0,0.0,0.0,0.0
0.03570334251279106,-0.37118827436756185,0.7745848477909841,-0.0015652092450424606,-0.6609624096840504,-0.012352355785841386,0.7503157084929067,0.034589402712044165,0.7911196509081806,-0.9817920759767103,-0.00489270881882328,0.5214279064566427,-0.9109199716085656,-0.07826869446305706,0.6440811837800932,1.25424539244985,0.10800863659492224,0.8739495683319136,0.9750035201164701,0.0,0.0,0.0,0.0
0.035640632326178735,-0.37173863989409933,0.7743960657351798,-0.001519077394333889,-0.6608141133826905,-0.012437822261104566,0.7504450016726874,0.036120079851933495,0.7895941016811983,-0.9805662148056798,-0.010565825897390555,0.5236055284747785,-0.9058595413534068,-0.08666597673468168,0.6479709611559277,1.248442152948966,0.11412169717302938,0.8734751145152913,0.9782191972389241,0.0,0.0,0.0,0.0
0.03548296381606318,-0.3722708178275394,0.7740011537741435,-0.001491386061694801,-0.6606422126927504,-0.012502780156383491,0.7505953124449971,0.03759052882157013,0.7875194479078197,-0.9794889991976011,-0.01618239040715262,0.528145866621237,-0.8987097986121052,-0.09550642921993537,0.6534768740597219,1.239035179452819,0.12040520414432183,0.8717066105682755,0.9832347809580658,0.0,0.0,0.0,0.0
0.03520453680233754,-0.37280972037711824,0.773467218950384,-0.0014683751718871257,-0.6604503935348462,-0.012559092135198738,0.7507632055173994,0.039068022760717205,0.7847056951915861,-0.9779479676221863,-0.02162956709798681,0.5338015263447635,-0.8903599492213223,-0.10458060540338672,0.6597739394459013,1.2276689541111787,0.1267877892467271,0.8689126103953645,0.9894441408876926,0.0,0.0,0.0,0.0
0.034771583048267767,-0.37340279506435464,0.7728582214461874,-0.001448067562370226,-0.6602312463849168,-0.012609737823127519,0.750955124431138,0.04067093122287408,0.7808831359291563,-0.9752883683032497,-0.02679315879791093,0.5396893602948075,-0.8813837860274304,-0.11371948178530641,0.6663066493958831,1.215208860102688,0.13341540225421702,0.8653125495352916,0.9963462805370151,0.0,0.0,0.0,0.0
0.034132742998364614,-0.3740725039843814,0.7722185451684868,-0.0014073963726459326,-0.6599902776987708,-0.012675598620524161,0.7511658816654021,0.042466728228468906,0.7757037240788286,-0.9707106048228685,-0.031604923521027145,0.5453189138535857,-0.8720389410826827,-0.1229668050544908,0.6728208736880507,1.2020907319916565,0.140570756913878,0.861132323170907,1.0035122873117617,0.0,0.0,0.0,0.0
0.03323045527736344,-0.3748878487461697,0.7715886728997209,-0.0013539218159093625,-0.659697617713017,-0.012753869703627005,0.7514216917863559,0.04462450085821685,0.7687251687554929,-0.963490515227964,-0.035993305059890554,0.5504517349626579,-0.8624551087102122,-0.1322848052036181,0.6789476664417666,1.1884806884050307,0.1487903584035164,0.8564206219182647,1.0106961286112497,0.0,0.0,0.0,0.0
0.03199895773390817,-0.37591577177298213,0.7709996290350958,-0.001288437840221943,-0.6593249930375685,-0.012848206939266978,0.751747176291596,0.047310054898290786,0.7594368841610037,-0.9528022060734033,-0.039944730420021245,0.5549995886433252,-0.852670534690257,-0.1417721902468848,0.6844381012503096,1.1744342938396968,0.15865105799002713,0.8511887148295668,1.0177015115155361,0.0,0.0,0.0,0.0
0.030369881942988543,-0.3772268508085015,0.770476352194651,-0.0012190231248107477,-0.6588354911765976,-0.012956162056002597,0.7521744793686445,0.050688258190882005,0.7472848740204203,-0.9378130578801726,-0.0434916393264263,0.5589163346767481,-0.842711436341208,-0.151591142683061,0.6890505527161997,1.159981226850338,0.17079936229769796,0.8453987834259034,1.0243671232809617,0.0,0.0,0.0,0.0
0.028281504430125698,-0.3788859588598375,0.7700369080943865,-0.001166264597175506,-0.6581838056988312,-0.013062623893609744,0.7527430408842759,0.05489020814269926,0.7317308526216297,-0.9177873566804764,-0.04669697851057893,0.5621471691411181,-0.8326081525275069,-0.1620045234102939,0.6925556298578358,1.1451887251382822,0.18590680417891756,0.8389821736756067,1.030541232280882,0.0,0.0,0.0,0.0
0.02569867389010219,-0.3809362633730068,0.769688411026212,-0.001168150070708763,-0.6573177832160136,-0.013134001560207855,0.7534981521519576,0.05996731590357894,0.7123900518820513,-0.892322633690494,-0.04963991912601191,0.564635418845255,-0.8223673734908612,-0.17352341184549702,0.694821367396856,1.1302630135757485,0.20452589944166535,0.8318423800795073,1.0360757718466271,0.0,0.0,0.0,0.0
0.02264312313450855,-0.38337133631867354,0.7694169214878381,-0.0012857668289112873,-0.6561800047699741,-0.013109074810096358,0.7544894302118232,0.06581629893034678,0.6892821680909872,-0.8618078780382983,-0.05233944880884165,0.566358287945211,-0.8118649751478619,-0.1871867788304071,0.6960188181368863,1.115704408202632,0.22689309488363338,0.8238454219752033,1.0408620150474621,0.0,0.0,0.0,0.0
0.01923878877088627,-0.3860915134149627,0.7691638401974759,-0.0016165160501205584,-0.6546933666827681,-0.012876168292959697,0.7557831612225384,0.07205954884585318,0.6633110335009739,-0.8284295407148655,-0.05468961593552843,0.5672628078877756,-0.8005119658182206,-0.2053243936546845,0.6970856649222812,1.1024425999814094,0.25287415818092873,0.8147758024208122,1.0449742014568055,0.0,0.0,0.0,0.0
0.015898219386928546,-0.3888069939377943,0.768803255871476,-0.0023536337267409196,-0.6526231195498207,-0.012238924172015166,0.7575801825367743,0.07786199199257111,0.6381924484628945,-0.8001672495224058,-0.05742488041628337,0.5667004022317963,-0.7864484456781135,-0.23540835238738153,0.7012476466038312,1.0912799609917754,0.28180146341276197,0.8041288365041049,1.0486744995248922,0.0,0.0,0.0,0.0
0.012681878751509019,-0.391387237561515,0.7681527471520386,-0.003678422701358814,-0.6498075686063397,-0.010979495979134895,0.7600105549638053,0.08271947767524586,0.6154680956826328,-0.7816917144184787,-0.06028643042962698,0.5629706280569616,-0.7687850472715155,-0.2852227395557011,0.709064299235666,1.083665733495571,0.314322033867457,0.7908483210299943,1.0529716211142683,0.0,0.0,0.0,0.0
0.00982074974138929,-0.3936139432950147,0.766950346891562,-0.005561733029860097,-0.6462652699153085,-0.009032181471942517,0.7630391128407874,0.08599361424182192,0.5976425804016462,-0.7783075891897893,-0.06442847280436934,0.5535590672461437,-0.7467421567726493,-0.3597415653071709,0.719468199730409,1.0818446443073038,0.3469251120938877,0.7733471205641587,1.0596177614330078,0.0,0.0,0.0,0.0
0.007773720412171378,-0.3950607652701004,0.765098103038681,-0.007303283297957147,-0.6425472879097853,-0.006823205555093053,0.7661808459618408,0.08680849088373947,0.5875093710510902,-0.791174381463471,-0.07194580820837966,0.537096983335207,-0.7198898367124947,-0.43041852901966676,0.7232053531354812,1.0894701195895422,0.3675518167497618,0.7511977506746483,1.0695530034397134,0.0,0.0,0.0,0.0
0.007893196194614855,-0.3952910358956203,0.7650580173326414,-0.0073171789098053,-0.6425287376576592,-0.00668640853997074,0.766197475927514,0.08703280381844845,0.5873074565920496,-0.7911742660729865,-0.07201100691538719,0.5371063692152622,-0.7198827323196365,-0.4304431335274459,0.723215030691389,1.0894771155256928,0.36758985859866744,0.7510564221048015,1.0694119676081675,0.0,0.0,0.0,0.0
0.007893196194614855,-0.3952910358956203,0.7650580173326414,-0.0073171789098053,-0.6425287376576592,-0.00668640853997074,0.766197475927514,0.08703280381844845,0.5873074565920496,-0.7911742660729865,-0.07201100691538719,0.5371063692152622,-0.7198827323196365,-0.4304431335274459,0.723215030691389,1.0894771155256928,0.36758985859866744,0.7510564221048015,1.0694119676081675,0.0,0.0,0.0,0.0
0.0077858682748035675,-0.39615047837928913,0.7656115954087176,-0.00710899159093197,-0.6440898927411101,-0.007121252072457187,0.7648836251850513,0.0894998839464808,0.5814168645841169,-0.7712434435360004,-0.06914468446401867,0.5361044848843686,-0.7100598626202462,-0.43852791774933697,0.7345837724659561,1.0864234384109366,0.3778000637663549,0.7609525258985135,1.0688801927809326,0.0,0.0,0.0,0.0
0.007989884924204231,-0.3973613910702879,0.7658917603554285,-0.006776741273776559,-0.6450120674251361,-0.007644436494258128,0.764104097125742,0.09298011625728232,0.5772029766484763,-0.7575514242362611,-0.06555671762422137,0.5397204417119381,-0.7121761457161534,-0.4426823997403174,0.7423162519393629,1.0840784559647205,0.3886812468286025,0.7676315605219313,1.0709242573420645,0.0,0.0,0.0,0.0
0.008735411279098932,-0.3989335829437269,0.7658839685616462,-0.00630639846737293,-0.6454661027019256,-0.008250880403282309,0.7637183136299199,0.09749003459694167,0.576162267489228,-0.7518116779825754,-0.06124864598648094,0.5493812496693955,-0.7278538348103633,-0.4445575710412131,0.7477257871333052,1.0833904763317486,0.4014982464046541,0.7724144215742618,1.076251857550312,0.0,0.0,0.0,0.0
0.01015227180457391,-0.40092230779842264,0.7655838178749655,-0.005689891923549208,-0.645674066963991,-0.00893858122978958,0.7635396035214391,0.10316759283690156,0.5786976283208526,-0.75366084156566,-0.056065596670280334,0.5653142548632115,-0.7563841185657979,-0.4459067578706843,0.7523704170347761,1.084973827101276,0.4189865509935744,0.7771326280547232,1.08552479268155,0.0,0.0,0.0,0.0
0.01234824606438372,-0.4034069729773186,0.7650008050108326,-0.0051216260573066115,-0.6466399378967743,-0.009677588647525789,0.762716791437919,0.1102722007849365,0.5834373953953415,-0.7565548547747308,-0.04958474411065485,0.5856345155998142,-0.7896102598136007,-0.45288748001135853,0.7620979686827817,1.0908539702132019,0.4547072015944845,0.7897219349471934,1.1008303324170414,0.0,0.0,0.0,0.0
0.015125420064159557,-0.4067675125941128,0.7665257321726211,-0.00775914112292838,-0.6490564880259875,-0.006699976668302194,0.7606711387932696,0.10353826684184,0.5880721873534859,-0.7667538597444993,-0.04527123035286054,0.6072045631484702,-0.800487328814531,-0.3970112469545837,0.7727921291157708,1.0788781309930902,0.35685525787439865,0.7691357618581599,1.09474787137087,0.0,0.0,0.0,0.0
0.018309983028845796,-0.4101952730752621,0.7675734990050508,-0.009827978875462861,-0.6516175109181219,-0.004492617772913149,0.7584707289550738,0.09703673765764746,0.5898883737351187,-0.7803005513185995,-0.03965824150515644,0.6314451760811344,-0.8186872206453248,-0.34627949861251683,0.7831900786836181,1.0701249184300794,0.26975719200829873,0.7488214935173878,1.0971330787840712,0.0,0.0,0.0,0.0
0.02169056174358143,-0.4135290078529026,0.7683042959007675,-0.010901701526953675,-0.653598172368704,-0.003341577106446402,0.7567558495595186,0.09294552613132631,0.5889563660999246,-0.7938032623398642,-0.03306627401397704,0.6579110157647198,-0.846861955695702,-0.306572146479443,0.7929060307505565,1.0625494081740505,0.21375656247830907,0.7352419237553347,1.104852385342343,0.0,0.0,0.0,0.0
0.024869189424511867,-0.4165735261936423,0.7688334447528161,-0.011363682829231147,-0.6550719675359218,-0.0028642535006388904,0.7554755986218595,0.08985558761085215,0.5864428327606822,-0.8060966071518619,-0.026335871866541932,0.6828628809755258,-0.8769969798195542,-0.2760186748692324,0.8016897450184219,1.0557764217821317,0.178967654651337,0.7270615987105734,1.1156090607427007,0.0,0.0,0.0,0.0
0.027647928691501213,-0.41918922398529374,0.7693090504636967,-0.01153627841536627,-0.6562106569988403,-0.0026995268870935313,0.754484725144293,0.0872306486064134,0.583414772305695,-0.8175158704214616,-0.02019964660990707,0.7043470813523854,-0.9037420876155992,-0.25210333676794977,0.8097329014989976,1.0492149297203714,0.1563056205260686,0.7215812689483011,1.1283452093098467,0.0,0.0,0.0,0.0
0.029963300224495053,-0.42134525214140484,0.7698048780992618,-0.011590184918038978,-0.6571098199953989,-0.002667710271125636,0.7537010252089945,0.08467857111690907,0.5801745008724736,-0.828268090322449,-0.014951218346182939,0.7219739594332373,-0.9254441334669407,-0.23307321860920185,0.8170694638701272,1.0425719061394825,0.14022052945508046,0.7170927785640135,1.142033941100201,0.0,0.0,0.0,0.0
0.031828848263893574,-0.42307526057273137,0.7703506181021246,-0.011610682096953765,-0.6578324156039806,-0.0026788109672745554,0.7530700691261583,0.08189788427787069,0.5767342492072698,-0.8385296310291194,-0.010639451915961065,0.7360337844461868,-0.9420708666313785,-0.21765433269386456,0.823734209708467,1.03573631986295,0.12765585951962324,0.7126841088501138,1.1560414995551944,0.0,0.0,0.0,0.0
0.033296664568034144,-0.4244447390827091,0.7709505630886633,-0.01163541763300567,-0.6584229128778065,-0.0026923112550962637,0.7525534109377988,0.07870111452595596,0.5730149387818482,-0.8484330734093835,-0.007175421238628404,0.7470650818422553,-0.9542475758109122,-0.20489316780323433,0.8297826406371474,1.0286950760658646,0.11697533552836527,0.707934262032776,1.1700418171376423,0.0,0.0,0.0,0.0
0.03443277424237652,-0.4255291938228338,0.7715950004334768,-0.011676548545905777,-0.6589139427967422,-0.0026941416497643974,0.7521228728092755,0.07500703326291995,0.5689282326527317,-0.8580723236917744,-0.004406911995544903,0.7556516829660144,-0.9628052582336434,-0.1940654633604389,0.835277480715083,1.021490507652821,0.10731121476240593,0.7026917465699615,1.1838964788419424,0.0,0.0,0.0,0.0
0.035302445912473654,-0.42640077671963333,0.7722674275048971,-0.011733320419460897,-0.6593306510783388,-0.002684030555430236,0.751756754356438,0.07081214130095229,0.5644028851294407,-0.8675150098624355,-0.0021665420070735414,0.7623274266267633,-0.9685628346292906,-0.18464431592053993,0.8402835938738515,1.014199787050051,0.09819992466711878,0.6969412937543235,1.1975645287197276,0.0,0.0,0.0,0.0
0.03596221837084408,-0.4271214983451319,0.7729489187917546,-0.011799476902051364,-0.6596930423050213,-0.0026679978266275946,0.7514377845615566,0.06615551842308541,0.5593892950544535,-0.8768089636379279,-0.00029958745426569193,0.7675350946056776,-0.9722277910528208,-0.17626450890900694,0.8448590434771696,1.0069217966511494,0.08938089558722484,0.690729395848515,1.2110377806932695,0.0,0.0,0.0,0.0
0.036454936617450286,-0.4277430412072842,0.7736171608816684,-0.011875470357285048,-0.660008764550342,-0.002642734940728449,0.7511593838011728,0.06106998138296549,0.5538212626928752,-0.8859685791904665,0.0013142066476467616,0.7716165917640597,-0.9743906082722988,-0.16835712202407302,0.8488900754286531,0.9997676784733874,0.08069750925088219,0.684079946024917,1.2242856196261052,0.0,0.0,0.0,0.0
0.03682319196290229,-0.4283179101461009,0.7742326464840231,-0.01199034435689137,-0.6602444320107826,-0.0025611653234710982,0.7509507054881485,0.05557965429958711,0.5475065872568735,-0.8949302497444586,0.0027403371309973924,0.7749440630349417,-0.9758444422736307,-0.15920412288174593,0.8516392663766216,0.9929016895048548,0.07225120776468885,0.676941699274869,1.237211786854987,0.0,0.0,0.0,0.0
0.03713708377315238,-0.4288787101284912,0.7747363452443412,-0.01213513425698954,-0.6603969629907591,-0.0024282094172296182,0.7508146865826298,0.04986917165789468,0.5405850642834039,-0.9036057211505609,0.004057873293782136,0.7779697104084597,-0.9775520875041083,-0.14881362409858057,0.8529662264904901,0.986855034723472,0.0643677642432925,0.6696789507068724,1.249676161234338,0.0,0.0,0.0,0.0
0.03741302631679673,-0.4292851266690502,0.7751850630301004,-0.011912862339156003,-0.6609515331795205,-0.0028381315534618127,0.7503286609931775,0.04457252634903628,0.5359720449444447,-0.9120385131740234,0.0056820160892866,0.7800382999410719,-0.9773330568865527,-0.1538895666261174,0.8603050788407439,0.9828449675034748,0.054763323363194685,0.6643162253047117,1.261538360708518,0.0,0.0,0.0,0.0
0.03763689080596291,-0.4296437231323171,0.775699526827181,-0.011300173713465212,-0.661853724401485,-0.0037769728409897613,0.749538316596348,0.0401253321392263,0.5347953831507783,-0.9191049505880436,0.007826617886345852,0.7814405774063156,-0.9754090490967127,-0.1735293394392623,0.873930879962999,0.9793207188986833,0.043620865285453295,0.6612139433407515,1.2713872871385221,0.0,0.0,0.0,0.0
0.03745404125383468,-0.4306942396210204,0.7757644398072866,-0.012242026272410715,-0.6607407525740137,-0.002366778095611851,0.7505106188736557,0.03257613486825448,0.526297355090567,-0.9227496187097254,0.008688906660509355,0.7838241137611621,-0.9810567519686199,-0.11927933105589203,0.8534533361638224,0.9723436660225676,0.041657312308950104,0.6513882451546459,1.2758467314461859,0.0,0.0,0.0,0.0
0.037299464973080364,-0.4314747540522009,0.7755994242083476,-0.012439031168098835,-0.6607000196392293,-0.002151393941152428,0.7505438868290321,0.02666495825333376,0.5260027510327469,-0.9237231899330511,0.010444072266959786,0.7845765538968302,-0.982734590169286,-0.10811979490582868,0.8496667505674671,0.9708291046467379,0.035773707430355926,0.6489480904747699,1.2753141043458256,0.0,0.0,0.0,0.0
0.037213142832659266,-0.431807268120806,0.7753714410661499,-0.01112456489354465,-0.6621018394628475,-0.00403650858020468,0.7493204286780956,0.023045808740057995,0.5368198593312954,-0.9229918995316194,0.01364740822651863,0.7834466518510345,-0.979710821665958,-0.14864252109695966,0.8674002078298915,0.97576816331935,0.022368477966254876,0.6549940558637095,1.2688820732343837,0.0,0.0,0.0,0.0
0.0367391121642189,-0.4327566986697012,0.7746683447750465,-0.011175200499171848,-0.6620268637054743,-0.003966449106933805,0.7493862915129811,0.017428920544122505,0.5420742934555395,-0.9184606926002596,0.015956667949664823,0.7825951748506337,-0.9816213512950208,-0.1366690314817931,0.8600221754410207,0.9787023910955868,0.017466574797743144,0.6567785840771877,1.2583695495737934,0.0,0.0,0.0,0.0
0.03591747139651148,-0.4341241556348259,0.7737575157092552,-0.011813747102905775,-0.6610639333349987,-0.0029563564272803338,0.7502307454241821,0.010801989113024393,0.5444599584464996,-0.9120000082885753,0.01807828798458669,0.7814592325845496,-0.9861355882747287,-0.09351406845120108,0.8377972695282798,0.9797641937086137,0.017760350848494942,0.6560410832253976,1.2447596564205503,0.0,0.0,0.0,0.0
0.03510270658911739,-0.4349914000766754,0.7729784965785303,-0.010468623884909416,-0.6622516043779527,-0.004780024631055099,0.7491931471772219,0.007633641353475294,0.5577261284886246,-0.9059030816766651,0.022485343083183847,0.7773015230873349,-0.9816555090213273,-0.12549633402104454,0.8484558209281222,0.9869477581338396,0.005154704854014347,0.6629621394228152,1.2317571450701132,0.0,0.0,0.0,0.0
0.03374658124657404,-0.4365420970415933,0.7717247691429568,-0.010582122825050022,-0.6618335222323305,-0.004498181050981648,0.749562655081812,0.0022058760502145077,0.5621224799869731,-0.8983080825658454,0.02594610726315071,0.772743339299724,-0.9814319299716743,-0.09975268459463026,0.8314779505605349,0.9913988036062328,0.00302482984913713,0.6641484388252336,1.2174970271147227,0.0,0.0,0.0,0.0
0.032058936334408324,-0.4381980269016004,0.7704363986702506,-0.01024942567044555,-0.6618365582942308,-0.004810044532899844,0.7495626610566088,-0.0021882058114379857,0.5679623337130735,-0.8902815455020477,0.030369983754231146,0.7660376918152676,-0.9774392066849719,-0.08734203221714704,0.8198968526082275,0.9964983434320427,-0.0019231143069025711,0.6662141877076858,1.2031401408033389,0.0,0.0,0.0,0.0
0.029946542681763142,-0.4400158728002665,0.7690295997858193,-0.009721421741133301,-0.6619558457833178,-0.0053482742663557015,0.7494607048771772,-0.0061609779124456995,0.5736422887764767,-0.8821135161225159,0.035419967749674,0.7569743557363212,-0.970251189540078,-0.07708705486567789,0.8083538628162906,1.0019779496775896,-0.007180828091600815,0.6681198502555137,1.1885719956752583,0.0,0.0,0.0,0.0
0.02732432361981016,-0.4420886154612447,0.7675262212209248,-0.009249959800978962,-0.6619388155946907,-0.005761813352597117,0.74947864823467,-0.009986086105187272,0.5780055988530965,-0.8736088991102073,0.040870114951269534,0.7454305679709146,-0.9599811681042845,-0.06111274381587541,0.7934287577779862,1.0064124224330622,-0.011330551404637608,0.6689414382901245,1.1734997244724723,0.0,0.0,0.0,0.0
0.024169909186290528,-0.4443929731646189,0.7659688438393699,-0.008812935254401324,-0.6618490919126726,-0.006099829205704177,0.7495604737379324,-0.01352148502944029,0.581510860794632,-0.8649081438473536,0.04670583106051913,0.7310770156855393,-0.9456933915287559,-0.042224239725055485,0.7765182749417779,1.0094228961657299,-0.015006517023777899,0.6688403069098944,1.157948038471978,0.0,0.0,0.0,0.0
0.020491102626735053,-0.4468803024617811,0.7643792406005905,-0.00841723810210843,-0.6617193714979607,-0.0063738113469671755,0.7496772625710277,-0.016818573165420403,0.5845006818612769,-0.8562968708604536,0.052801193367057235,0.7136873098484013,-0.9267218711667742,-0.02210319180666173,0.758450188217008,1.0108620274019586,-0.018549671191182594,0.6679743052883552,1.1419640986629727,0.0,0.0,0.0,0.0
0.016345594924470068,-0.4494852667898038,0.7627904217451662,-0.008090383127368862,-0.6615575499131372,-0.0065686889938389855,0.7498219829924178,-0.020131390065355595,0.5873484980659254,-0.8480856138075993,0.058961922375973363,0.6932883501910301,-0.9027858710537435,-0.001644001526435384,0.739828872333469,1.0105387417266487,-0.022315954767582514,0.6665021837312368,1.1256597027579769,0.0,0.0,0.0,0.0
0.011879254641424405,-0.45212313040446617,0.761244439680156,-0.007844445487670179,-0.6613795822501278,-0.006690745618198646,0.7499804976002441,-0.023901779425672485,0.5907148231598254,-0.8405366751587409,0.06498956352580766,0.6703755275376335,-0.8743015487529134,0.018076161324756965,0.7215106424780735,1.0084322237769172,-0.027084859031659744,0.6647911243769421,1.1093732703680348,0.0,0.0,0.0,0.0
0.007574888769961777,-0.45479962718655803,0.7597845548939599,-0.007652986405698714,-0.661091474737786,-0.00677244334952845,0.7502357148517862,-0.028085863300400204,0.5950388029931327,-0.8328579492897843,0.07098358108443109,0.6479501576905742,-0.8462887593806057,0.036678489586144315,0.7043962161962263,1.0046570571020463,-0.03381450296188899,0.6642161903879853,1.0931866840023177,0.0,0.0,0.0,0.0
0.0036871928439963526,-0.45728447310919706,0.7585618578410516,-0.007477005905996559,-0.6607772513625568,-0.006868620459676591,0.7505133846357485,-0.03295340855134188,0.6010210830283841,-0.826135435083545,0.07649728952250527,0.6272399553403186,-0.8198577301914118,0.05200911378257628,0.6902881872856019,0.9993721491298958,-0.04465434154257551,0.6639327728300217,1.0777031884612007,0.0,0.0,0.0,0.0
0.0005795569574213386,-0.4592990003661654,0.7576717845567342,-0.007260542619255281,-0.660466684982774,-0.007030659291744405,0.7507873283285103,-0.03805874036720195,0.6084300982466616,-0.8217399572973542,0.08099257163665795,0.6103147111908072,-0.7979988099621889,0.06217273544366757,0.6803795154726063,0.9937203131684297,-0.0617441998669154,0.6627552255669206,1.0632363888638192,0.0,0.0,0.0,0.0
-0.0012474293907649434,-0.4604558756428945,0.7569281677808603,-0.007027762267287101,-0.660250866781543,-0.0072245523454995755,0.7509775025359567,-0.04210967330472059,0.615276841389881,-0.8216894804058879,0.08362396295176758,0.5999349429209163,-0.7855419567605012,0.06598385557753292,0.6741322994222317,0.9921973922958546,-0.08361371384303887,0.6599187248613047,1.0512141979661658,0.0,0.0,0.0,0.0
-0.0012810103580452022,-0.4606254083743001,0.7568323629619417,-0.006915982837711859,-0.6602626702169151,-0.007188326461033609,0.7509685102999374,-0.04209869153405477,0.615303194549178,-0.8217062126918434,0.08380590499763971,0.5997254225946702,-0.7854905489217071,0.06597419427431397,0.6739985156168135,0.9921080896805117,-0.083633242514837,0.6599611137845389,1.0512292194781592,0.0,0.0,0.0,0.0
-0.0012810103580452022,-0.4606254083743001,0.7568323629619417,-0.006915982837711859,-0.6602626702169151,-0.007188326461033609,0.7509685102999374,-0.04209869153405477,0.615303194549178,-0.8217062126918434,0.08380590499763971,0.5997254225946702,-0.7854905489217071,0.06597419427431397,0.6739985156168135,0.9921080896805117,-0.083633242514837,0.6599611137845389,1.0512292194781592,0.0,0.0,0.0,0.0
-0.0012810103580452022,-0.4606254083743001,0.7568323629619417,-0.006915982837711859,-0.6602626702169151,-0.007188326461033609,0.7509685102999374,-0.04209869153405477,0.615303194549178,-0.8217062126918434,0.08380590499763971,0.5997254225946702,-0.7854905489217071,0.06597419427431397,0.6739985156168135,0.9921080896805117,-0.083633242514837,0.6599611137845389,1.0512292194781592,0.0,0.0,0.0,0.0
-0.0004033552950184222,-0.46116160880970697,0.7568599891839795,-0.007307161131194303,-0.6602255296549827,-0.006774577553989838,0.7510013052498413,-0.04141234316061734,0.6203122357339849,-0.8306631894078411,0.08473224805759907,0.606515995025296,-0.7958189994856011,0.07508207375105286,0.6731736429096378,0.9907153539921106,-0.07461707551739266,0.663741697861411,1.054727080416829,0.0,0.0,0.0,0.0
0.0014005062170923727,-0.4618186644690982,0.7569521890360125,-0.007416196003740989,-0.6604254245970204,-0.006603047913104666,0.7508259840608452,-0.040324945953737784,0.630593959454979,-0.8461854169775918,0.0863084151076328,0.6195571923153709,-0.8154655291619738,0.08224514035937028,0.6754977308568996,0.990963212352599,-0.06901833758040704,0.6687772835540686,1.059404196942564,0.0,0.0,0.0,0.0
0.004091424809980953,-0.46259265840769087,0.7571887636378348,-0.007262824240641663,-0.6608802303962372,-0.006658950590087552,0.7504266991735468,-0.038836006670831535,0.6457286474361871,-0.8671451421871086,0.08851672243190815,0.6381924283894417,-0.8427814851648147,0.08788650656372583,0.6813839963386827,0.9919128674640652,-0.06667363808371149,0.675668228443946,1.0644340593826123,0.0,0.0,0.0,0.0
0.0076190616876466374,-0.46372394370569614,0.7578501327459861,-0.0067117477431293876,-0.6617316969994149,-0.007046779004144809,0.7496775683813501,-0.03624426059421929,0.6646138736623838,-0.8895721790847224,0.09201337095658431,0.6621154265812187,-0.8755756158389475,0.09229150110239367,0.6932448630356952,0.9902756080283537,-0.06780304888768607,0.6859371608197545,1.0680762314355672,0.0,0.0,0.0,0.0
0.011996514546935113,-0.46569459707932837,0.7601453558130641,-0.005222332657822129,-0.6637477380647874,-0.008204034380527006,0.7478932820097882,-0.030925651711107217,0.6857571973397278,-0.9014023666497438,0.09827253705469877,0.6916879697811597,-0.9067651732696629,0.09291779515126666,0.7221493177153115,0.9752475937450235,-0.07740161962955164,0.7061167135884213,1.0620429662357413,0.0,0.0,0.0,0.0
0.015055358183805847,-0.4677161138140691,0.7615427598419514,-0.005814436500168435,-0.662234247454261,-0.007951748449930997,0.7492321159183335,-0.02632814594595261,0.7035772909038962,-0.9314143077939656,0.08870150052616939,0.6606196859777603,-0.8697109124061985,0.06115074552842824,0.7058756260550664,1.012976444675354,-0.05303699965181274,0.7194298195023869,1.0580086257260446,0.0,0.0,0.0,0.0
0.01880571932702945,-0.4695743802879604,0.7630826573683317,-0.005730638417022888,-0.6616485640954309,-0.008114434798137468,0.7497482866680619,-0.02187826734907956,0.7237785601082637,-0.9588621747474041,0.07832714231731185,0.639206760627334,-0.8508481745513304,0.03603517874143737,0.6991976544604157,1.0421961819126404,-0.03938023382114175,0.7343801703931037,1.0535609029679083,0.0,0.0,0.0,0.0
0.022528990428521953,-0.4713649550423765,0.7647767288879228,-0.0052459954837314375,-0.6617006642391684,-0.008528896481509176,0.749701252767818,-0.01735643123025115,0.7426099802396829,-0.9795940287370186,0.06932483322670749,0.6255609068695457,-0.8441522975719432,0.019198972980851603,0.6966785987170387,1.0659456620225611,-0.0316211528587791,0.7505276085652525,1.0477592603445,0.0,0.0,0.0,0.0
0.02589265906171894,-0.47312577790233884,0.7664968654819587,-0.004694690399039897,-0.6618843471513324,-0.008998684124894803,0.7495372536186126,-0.012765375809990463,0.7589786354253367,-0.9954369669201348,0.06185014288977403,0.6160671670187463,-0.8440282871912635,0.007547876056756966,0.6950645659724743,1.085927828527144,-0.02459530902381983,0.7665850511419591,1.0409676673428427,0.0,0.0,0.0,0.0
0.02872802210854622,-0.47487868684425644,0.7681409005282875,-0.0041991211754516845,-0.6620000370053167,-0.009446219977131742,0.7494325101798405,-0.008100482868066533,0.7722103020156869,-1.0069941267429803,0.05571602084004487,0.6085387335912756,-0.8473504083677514,-0.001286856132763331,0.693053133173311,1.1032998825799643,-0.01602084037330726,0.7816641729569282,1.0339384948309265,0.0,0.0,0.0,0.0
0.03099420342229057,-0.47661299338513163,0.7696669156797751,-0.003780231202877882,-0.662013400155016,-0.009850501813137588,0.7494177309626967,-0.0034231273339226714,0.7821999821606131,-1.014573109461856,0.0505455837023374,0.6018152040652575,-0.8524234596311111,-0.008597732146705298,0.6902777778134278,1.1189222095658786,-0.005442953261024735,0.7954197573257483,1.027120747552677,0.0,0.0,0.0,0.0
0.0327299248443788,-0.4782985739096614,0.7710743631875473,-0.0034251948556473294,-0.6619497931664724,-0.010212431415502269,0.7494707770231264,0.0011620109257413748,0.7892531978503943,-1.0185906756539562,0.04593652252996399,0.5953049291323737,-0.8583116536806037,-0.015035251826223821,0.6867462181095977,1.1334277745806827,0.006640472442848034,0.807819993007803,1.020610828669188,0.0,0.0,0.0,0.0
0.034012293523073986,-0.479898203162334,0.7723771419475473,-0.0031030208342649646,-0.661830133239704,-0.010559027043712567,0.7495730471044887,0.005564025611887091,0.7938906516492403,-1.019671835306659,0.041581817785085136,0.5886318391014196,-0.8644811482966029,-0.021059810120183327,0.6825333349280378,1.1472554893810647,0.01897626713042047,0.8187478612373994,1.0142889880557961,0.0,0.0,0.0,0.0
0.03493177464082272,-0.4813865311173492,0.7735838913330074,-0.0027879995300773668,-0.6616732680044813,-0.010913792814609994,0.749707678094129,0.009722644847309099,0.7966662988033951,-1.0185046583937198,0.03729450114626087,0.5815664818523588,-0.8706527423564265,-0.0270016064674712,0.6777534886469131,1.1607033276837289,0.03036889720222407,0.8281109344028266,1.0080958455470057,0.0,0.0,0.0,0.0
0.035579179482079254,-0.48277274806718,0.7747009781487624,-0.0025262113123922024,-0.661540460995857,-0.011207559469221152,0.7498214636382037,0.013558242392538885,0.7980267077266449,-1.0156147185034488,0.03290211836328683,0.5742342241056431,-0.8767657930731888,-0.03269827190979758,0.6726592301289085,1.174002443047462,0.04204567858058067,0.8367783683204264,1.0022474640504895,0.0,0.0,0.0,0.0
0.03603445660805784,-0.4840635019754487,0.7757442472817292,-0.002351165170324575,-0.661491758277758,-0.011383078170942359,0.7498623548920804,0.01700163241055764,0.7983612864307328,-1.0113801492312298,0.02827142999607189,0.5668261107588355,-0.8827886881742132,-0.037939670084881395,0.6675413007465829,1.1873075578289218,0.055270922566700964,0.8456562787833205,0.9968218687883055,0.0,0.0,0.0,0.0
0.03634427943759235,-0.4852200488350049,0.7767247708472065,-0.0021746777894715,-0.6614288473097558,-0.011574680932837294,0.7499154468900495,0.020128961444016755,0.7981077553487319,-1.006586284032334,0.023487125997403165,0.5588577273092412,-0.8885791469073347,-0.04346004030954167,0.662169541800827,1.2005156141841138,0.0667727592784796,0.8534427096111062,0.9913533927251144,0.0,0.0,0.0,0.0
0.03654624777975806,-0.48622258528184087,0.7776379168655847,-0.0019464834564864478,-0.6612886811304176,-0.011859415619181874,0.7500352296206612,0.022990437367856303,0.7975798765212647,-1.001843092823964,0.018612946232824112,0.5500848522095942,-0.8940328248054283,-0.049596339230627236,0.6564023123541914,1.2135428635146641,0.07421700094995011,0.859186200440936,0.9856947495218157,0.0,0.0,0.0,0.0
0.03668328585790083,-0.4871238549922732,0.7784671021829846,-0.0017584929676026447,-0.6611826424582545,-0.012094066356547086,0.7501254258944742,0.025531191660180235,0.7968079756623705,-0.9970531306773479,0.013554755920234085,0.5412414279065778,-0.8991555688327398,-0.055751846613510625,0.6509070512870292,1.226219172745943,0.08136237043044124,0.8645431261196294,0.9805074093695211,0.0,0.0,0.0,0.0
0.03677530773415345,-0.4879526136153148,0.7791717468748898,-0.0016499804847402576,-0.6611315368015936,-0.01222604063125714,0.7501685760822336,0.027764874347743138,0.7958199557089951,-0.9924400764238751,0.008283417816125783,0.5329388367190246,-0.9037353381158567,-0.06175376119918787,0.646027582193839,1.238157976253175,0.09002508291299376,0.8699896963892693,0.9763738561159712,0.0,0.0,0.0,0.0
0.036823576924514385,-0.48869979417206677,0.7797052639659363,-0.0015616568656343663,-0.6610771932293794,-0.012337525499085674,0.7502148300882615,0.029774692200792312,0.7946794161483858,-0.9883669885376093,0.002914054999984426,0.5257923162394905,-0.9071658865793467,-0.06803377857713626,0.6420417260279645,1.248374306163046,0.09818181365323372,0.874369701729321,0.9735567386842644,0.0,0.0,0.0,0.0
0.036872740143680825,-0.4893412725497426,0.7800225697734829,-0.0014687576142931964,-0.660988961517787,-0.012463296613036525,0.750290678164299,0.03154706089958307,0.7937126492735377,-0.9855709929887749,-0.0026233329999705924,0.5209759465976608,-0.9084473860995752,-0.0749775204535443,0.639873757459516,1.255133327427714,0.10458654074001274,0.8770308971428366,0.9723755342629887,0.0,0.0,0.0,0.0
0.036889522186346856,-0.4899146484419886,0.7800868251619725,-0.0013923761488512211,-0.660870495172187,-0.012578360552460078,0.7503932533980704,0.03315328967542441,0.7926487012234182,-0.9838221106599927,-0.008290386861194765,0.5196576302276771,-0.9065417982966549,-0.08276350825647436,0.6408053578785748,1.2556395450462174,0.11035690811306621,0.8780407148082836,0.9733281877814909,0.0,0.0,0.0,0.0
0.03682877571246344,-0.49045511954755955,0.7798992047622779,-0.0013433290838332243,-0.6607221503007268,-0.012667271640798975,0.7505224685498326,0.034663674643452526,0.7911615417699737,-0.9826454437566094,-0.01394458523430526,0.5218098389826125,-0.9014781182603022,-0.0912446641236039,0.6446961987626953,1.2498156993960556,0.1163258292316075,0.8775433881687957,0.976504134537443,0.0,0.0,0.0,0.0
0.0366738427728499,-0.4909810651843556,0.7795075831534046,-0.0013116784678127375,-0.6605480441374867,-0.012736687128527789,0.7506745884114686,0.03612473084633638,0.7891241901656675,-0.9816136198191793,-0.019515332519512048,0.5263141874910218,-0.8943419300477048,-0.10016020819211319,0.6502027926022264,1.2403748114594955,0.12248784683849877,0.8757572157664365,0.9814749816712017,0.0,0.0,0.0,0.0
0.03640119443505278,-0.4915192144727062,0.7789799771999013,-0.00128314506800587,-0.6603522935299577,-0.012799477481411655,0.7508457733414111,0.03760987046714318,0.7863557163126194,-0.9801201375167093,-0.02491110737476988,0.53193632495467,-0.886020753402226,-0.1093207985797833,0.6565111931115739,1.2289659890199354,0.12877837856537908,0.8729612333439598,0.9876321239701401,0.0,0.0,0.0,0.0
0.03597715558244231,-0.4921161269491645,0.7783804284424835,-0.0012543724814624037,-0.6601269387563853,-0.012860513916773108,0.7510429138601853,0.039237744244563576,0.7825898860441403,-0.9775137556840116,-0.030023280739111567,0.537791450889942,-0.8770819738739492,-0.11855289358745144,0.6630586685183844,1.2164578415012754,0.13536654600646436,0.8693833995106589,0.9944665009048594,0.0,0.0,0.0,0.0
0.03535383635147066,-0.49280047296563007,0.7777558717375133,-0.0012009646071065713,-0.659881686209538,-0.012939070565242584,0.7512571452852724,0.04108704997911589,0.7774803234081372,-0.9729687061575452,-0.03479102287002511,0.5434153902197111,-0.8677849289761699,-0.12788699623287056,0.6696187249871619,1.20328772015981,0.14248815784581984,0.8652599091489671,1.0015570170447095,0.0,0.0,0.0,0.0
0.03447175686401944,-0.4936408282712426,0.7771468983073281,-0.0011309903765976432,-0.6595821752883134,-0.013034494864038458,0.7515185805063929,0.04333080162199036,0.7705816517995763,-0.965773295948022,-0.039140982080181484,0.5485521153554727,-0.8582532919236445,-0.1373003904282694,0.6757979861530243,1.1896199368696165,0.15072488526816533,0.8606340248953656,1.008646625061253,0.0,0.0,0.0,0.0
0.03326282189917179,-0.4947050070447982,0.7765852879926489,-0.0010456601642261098,-0.6591985458220623,-0.013149741977667643,0.7518532224223157,0.046136021029060045,0.7613711329837257,-0.9550888299371002,-0.04303932615260412,0.5531021092676063,-0.848518580620721,-0.14687602617673404,0.6813307027321011,1.1755048318365104,0.16067825319920587,0.855516195842697,1.0155331437547988,0.0,0.0,0.0,0.0
0.031657193606496374,-0.4960642208002189,0.7760964458803538,-0.0009532437291415962,-0.6586932940092887,-0.013281766366790458,0.7522937128779978,0.049667885845717165,0.749286104122397,-0.9400714839455308,-0.04650624048403154,0.5570095955367086,-0.8385990646783514,-0.15676594933490692,0.6859645220802195,1.1609729234367017,0.17301121846461018,0.8498694229131643,1.0220525101159685,0.0,0.0,0.0,0.0
0.029593549485080913,-0.4977838459350824,0.7756983139171274,-0.0008744557175247148,-0.6580203532063199,-0.013415564256922663,0.7528801184312788,0.05405858172472324,0.7337897390040834,-0.9199915590156179,-0.04961204058050897,0.5602094806588994,-0.8285140095759496,-0.16724541479734314,0.6894634304602787,1.146100472895995,0.1883953260315233,0.8436205473856934,1.0280547168660081,0.0,0.0,0.0,0.0
0.027037881841701774,-0.49990624756788105,0.7753968018613391,-0.0008474253767709705,-0.6571274902958979,-0.01351709312863848,0.753657768195218,0.05935602853936127,0.7145038846050097,-0.8944627581175463,-0.05244094873130645,0.5626307478505636,-0.8182496775373824,-0.17882700175874094,0.6916875791838542,1.1311099724520637,0.20736699643570644,0.8366640009800463,1.033399614351493,0.0,0.0,0.0,0.0
0.024014027415950594,-0.502422114828246,0.775174685117001,-0.0009336191836441461,-0.6559576706782404,-0.01352412285143588,0.7546759309363831,0.06544754795086946,0.6914640687894649,-0.8639122802057417,-0.05501561128955358,0.5642304476240669,-0.8076453064159467,-0.19256228765649136,0.6928104456145763,1.1165282620890256,0.2301237326939996,0.8288455301429087,1.037999445692681,0.0,0.0,0.0,0.0
0.020648937018252694,-0.5052258106315028,0.7749661797470749,-0.0012326560626430452,-0.6544309399388673,-0.013321569991676666,0.7560034134729279,0.07193695316653692,0.6656100109784262,-0.8306328516615752,-0.057242402477899905,0.5649094050847334,-0.7960341959669951,-0.21084769547460222,0.6937965808134166,1.103301383052239,0.25649202075094757,0.8199036345363638,1.041973606993862,0.0,0.0,0.0,0.0
0.01735034636737163,-0.5080275483275607,0.7746347841622696,-0.0019376067635580069,-0.652314524869987,-0.012715353803326864,0.7578392481927346,0.07799445595704567,0.6406230229299349,-0.8025772413054646,-0.059882920747542055,0.5639688884952095,-0.7815262434206087,-0.24128774334655145,0.697825858299066,1.0923167933142583,0.28574421926482285,0.8092569886175308,1.0456703078130125,0.0,0.0,0.0,0.0
0.014167616929124657,-0.5106879883000719,0.7739650766567396,-0.0032314126727579135,-0.6494431906032317,-0.011477678716901632,0.7603166202592866,0.0830806648074739,0.6180000040712135,-0.7845106559700268,-0.06260840888414355,0.5595539550687457,-0.7630361812188065,-0.2915604784157483,0.7054488915035337,1.0850189800680619,0.31850313767430916,0.7956523193832836,1.050359243099209,0.0,0.0,0.0,0.0
0.011333397032691733,-0.5129755579065964,0.7727070488711892,-0.005072038072855693,-0.6458463237922214,-0.009554521926542894,0.7633907987293375,0.08653536928559252,0.6002576848748028,-0.781627710522167,-0.06679224404558882,0.5491282565965304,-0.7395355150508769,-0.36568717053955024,0.715260905401933,1.0838727018863508,0.35082666681816366,0.7774984830283685,1.057652787567879,0.0,0.0,0.0,0.0
0.009288154369555199,-0.5144641875997974,0.770780729121738,-0.00678709223951611,-0.6420623439695136,-0.007345882718442501,0.7665871899806265,0.08745538296590606,0.5900905380740349,-0.7949865114680045,-0.0744608686163335,0.5309575114662111,-0.7102819389932615,-0.43651077023152973,0.7181316232860468,1.0925872414637563,0.37112450489253684,0.7545435793631525,1.0682935383443528,0.0,0.0,0.0,0.0
0.009415749172836774,-0.5147067153524488,0.7707407213486482,-0.006788969129318482,-0.6420398818242826,-0.0072086709516401976,0.7666072887132845,0.08769847031076122,0.5898900893815413,-0.7949876528911812,-0.07452754251049178,0.5309657847161289,-0.7102737330713113,-0.4365365379643824,0.7181393686414715,1.0925940496825908,0.3711625890287279,0.7544066753171658,1.0681520579524768,0.0,0.0,0.0,0.0
0.009415749172836774,-0.5147067153524488,0.7707407213486482,-0.006788969129318482,-0.6420398818242826,-0.0072086709516401976,0.7666072887132845,0.08769847031076122,0.5898900893815413,-0.7949876528911812,-0.07452754251049178,0.5309657847161289,-0.7102737330713113,-0.4365365379643824,0.7181393686414715,1.0925940496825908,0.3711625890287279,0.7544066753171658,1.0681520579524768,0.0,0.0,0.0,0.0
0.009325334377962027,-0.5155560807186903,0.771316452557818,-0.006585027532354611,-0.6436109245434622,-0.0076401903266963625,0.7652863795419854,0.09013363769165186,0.5841628991247337,-0.7752129859386846,-0.071693604941769,0.5299736555168242,-0.7003132375733926,-0.4448077464003016,0.7296862889065512,1.089475773918564,0.3816050390182481,0.7645854050759083,1.067400986690438,0.0,0.0,0.0,0.0
0.009541716782196933,-0.5167514641786742,0.7716222002502201,-0.006259492153263024,-0.6445354544548305,-0.008161652011105516,0.7645052348709837,0.09357896972307501,0.5801048865316037,-0.761678096797758,-0.06814853774587716,0.5336467971975517,-0.7024023097938747,-0.44914964725759005,0.7375889427319159,1.0870149309987096,0.3926317607399574,0.7715130177953193,1.06916455214519,0.0,0.0,0.0,0.0
0.010296816142329836,-0.5183060407428735,0.7716448135819058,-0.0057971993041606015,-0.6449896360478075,-0.008772211675090505,0.7641189764516204,0.09806535101480074,0.5791951722847044,-0.756026503982232,-0.06388021871082208,0.5434411178199443,-0.7181923070508207,-0.45126922503896316,0.7432009486139184,1.0861685990919552,0.40553315955023467,0.7765441421583812,1.0741508299794094,0.0,0.0,0.0,0.0
0.011726606077869794,-0.5202804119569937,0.7713724784990555,-0.005187391042083741,-0.6452028302457387,-0.009472412728754669,0.7639349921388345,0.1037455215902405,0.5818417435428173,-0.7578891569419642,-0.05872115061282616,0.5596192612098176,-0.747033754501918,-0.45302407525442673,0.7481087926259762,1.0876422832817825,0.42318592206714084,0.7815500597659367,1.0831175966647582,0.0,0.0,0.0,0.0
0.013951638406237003,-0.5227647228527933,0.7707984680626554,-0.004631619264692586,-0.6462242719896167,-0.010215030598681429,0.7630651292939187,0.11087309482127587,0.5866621503733274,-0.760606924972049,-0.05224981646104851,0.5802496623297736,-0.780506605042529,-0.46078629801454707,0.7583206852347688,1.093721281703526,0.4603473494925963,0.7949401711706949,1.0984242315900696,0.0,0.0,0.0,0.0
0.01673863386019224,-0.5261673051467748,0.7723750075187443,-0.007384759961357576,-0.648670223589378,-0.007102114941410267,0.7610006348960415,0.1041800105037788,0.5904158761330502,-0.7693517010879383,-0.04801930721176805,0.6019458758770673,-0.7909236632551472,-0.4037892464010849,0.7692397126879144,1.08150429176743,0.3613847739747536,0.7733966553955633,1.0929751707678992,0.0,0.0,0.0,0.0
0.019952806837333796,-0.529640365113511,0.773452395944647,-0.00955205216909118,-0.65128683520942,-0.004782669015239297,0.7587564448881785,0.09776880782747528,0.5917752993198248,-0.7820691454489068,-0.04244639186389484,0.6264571222300171,-0.8089405891710378,-0.35211822091405137,0.7798743668835931,1.0727035552410962,0.27314068969511035,0.7525859725506282,1.095793704350468,0.0,0.0,0.0,0.0
0.023370757235935985,-0.5330205851454586,0.7742184736872885,-0.010693238373595633,-0.6533308461619907,-0.0035596849118448293,0.7569886318496938,0.09376070778856554,0.5906455193819748,-0.7950157126340267,-0.03584353699526942,0.6533169109871798,-0.8371879269825194,-0.3116842389884994,0.7899172478282348,1.0649851013399323,0.2163175002334385,0.7388584769134358,1.1037971509360673,0.0,0.0,0.0,0.0
0.02659050093275982,-0.5361059866946251,0.7747752119457152,-0.011197260621360847,-0.6548572692656702,-0.0030384124301513532,0.7556635139361904,0.09073260964497601,0.5880500996393699,-0.806947367526496,-0.029086850064903292,0.6787055270830269,-0.8676109869139205,-0.2806032911249229,0.7989947233454178,1.0580859432392387,0.18106637877671378,0.7307217340513229,1.1147137981522526,0.0,0.0,0.0,0.0
0.0294075196517231,-0.5387557321154871,0.7752721035983963,-0.011395405569548926,-0.6560357008643202,-0.0028475475680617376,0.7546384534306567,0.08815469813753461,0.585004916031057,-0.8181523126262779,-0.02291979040942877,0.7005824073617386,-0.8946881709065759,-0.25632473672683104,0.8072869823812209,1.0514159441984272,0.15813356977074916,0.7253564166239876,1.1275414715933036,0.0,0.0,0.0,0.0
0.0317566452103489,-0.5409409699488688,0.7757835414658909,-0.011464290449323457,-0.6569627209909692,-0.0028006021682558673,0.75383069047375,0.08564868912522361,0.5817789862323283,-0.8287904767115913,-0.01763701914284465,0.7185426957036244,-0.9167192198640748,-0.23703879515125773,0.8148205068932138,1.0446847999498394,0.14188909986112097,0.7210099833825945,1.1412846015707971,0.0,0.0,0.0,0.0
0.03365121501007082,-0.5426976527376531,0.7763403569144044,-0.011492809751547095,-0.6577039792108084,-0.0028035306857495234,0.7531835973187264,0.08292022556811358,0.5783671732769924,-0.839001465596227,-0.013285658468841239,0.7328814740852917,-0.9336564789411645,-0.22142674089080844,0.8216346086853057,1.0377774782470763,0.12923469729291506,0.7167519400640444,1.1553291245982598,0.0,0.0,0.0,0.0
0.03514334878032998,-0.5440930714555872,0.7769482759465905,-0.011520652427557997,-0.6583067434581634,-0.002813562216461578,0.7526563558177167,0.07978277340624168,0.574681550284024,-0.8488923292241549,-0.009774982670008602,0.7441453966100714,-0.946117653171256,-0.20850632182594003,0.8277951423535367,1.0306722640897175,0.11851348713306147,0.7121520379213465,1.1693594093047626,0.0,0.0,0.0,0.0
0.036299080986664636,-0.5452040676199419,0.777599077099481,-0.0115610058927521,-0.6588059471594612,-0.002815482681453937,0.7522188113756152,0.07615427117310022,0.5706294595230148,-0.8585400341818914,-0.006951321669868138,0.7529259201413755,-0.9549292740997065,-0.19753796524687028,0.8333773499330398,1.0234006756323337,0.10884876468385132,0.7070540585208858,1.1832412451408547,0.0,0.0,0.0,0.0
0.03718377137113778,-0.5461040618644873,0.7782776797464608,-0.011613598411462249,-0.6592281580444105,-0.002808329231728724,0.7518480386755275,0.07203283442827742,0.566137449133102,-0.8680006232928743,-0.004645775384089723,0.759764878991211,-0.960911079956695,-0.187980762487828,0.8384557584158989,1.01602715998364,0.09977549047365905,0.7014411545681272,1.1969345048144422,0.0,0.0,0.0,0.0
0.037854303037971805,-0.5468568543788515,0.778966285163171,-0.011672746456676285,-0.6595931899991909,-0.0027968842829447825,0.7515269443840036,0.06746430518792083,0.5611521003466049,-0.8773127095139575,-0.0027017408709831816,0.7651161416059187,-0.9647831346949742,-0.1794288755324603,0.8430833355000555,1.0086351557700077,0.09104387561550287,0.6953611198053201,1.2104311924777151,0.0,0.0,0.0,0.0
0.03835475507229354,-0.5475162165602193,0.7796439854639828,-0.011737367997547992,-0.6599085016978005,-0.002778816772825261,0.7512491475913948,0.062499716050912035,0.5556142427903203,-0.8864859889894983,-0.0009938829376986238,0.769338251592947,-0.9671606517003805,-0.17132665609531078,0.847162806453961,1.001318997894074,0.08253698838342405,0.6888630900767229,1.223701366494269,0.0,0.0,0.0,0.0
0.03871508759380057,-0.5481255466747333,0.7802803879097144,-0.011818949386612734,-0.6601667415063058,-0.0027361909481340924,0.7510211042996319,0.05715394805605184,0.5494642844710707,-0.8954789771622099,0.0005606901595096843,0.7726912279718346,-0.9685702669198542,-0.16278062134818086,0.8503373925192852,0.9942375266064493,0.07421283021585008,0.6819600004805328,1.2366561473104047,0.0,0.0,0.0,0.0
0.038993285603906004,-0.54871854643614,0.7808344583208576,-0.011902433201960208,-0.6603745631170725,-0.002683077781921386,0.750837245723349,0.051610093624568185,0.5429279525270195,-0.9041566010103333,0.0020555580318434904,0.7755623679409123,-0.9697811608827309,-0.15395574773447113,0.8526294020268613,0.9877618769274302,0.06620759552894676,0.6749827877414125,1.2491267768023626,0.0,0.0,0.0,0.0
0.039215226376088534,-0.5492542404004798,0.7813032135611875,-0.01181985723915201,-0.6607310577048371,-0.0028663462836868467,0.7505241797690966,0.04620731581451073,0.537502435747874,-0.9123429100171093,0.003700688233847438,0.7778176963269317,-0.9702233926316329,-0.15166947341664613,0.856992734236179,0.9826160425940383,0.05758870471690092,0.6689609889707272,1.2607837113083322,0.0,0.0,0.0,0.0
0.03936126214702834,-0.5497863888156361,0.7816891747694514,-0.011586468632503955,-0.661190141709839,-0.003245826895916203,0.7501218666710847,0.04107200332801887,0.5339994133065932,-0.9192294901233824,0.005566057713464086,0.7795217079437582,-0.9701273765329684,-0.1542035837806554,0.8627367233104781,0.978507475894456,0.04846589997311572,0.6641055081309442,1.270528311576705,0.0,0.0,0.0,0.0
0.03929035630376917,-0.5506066979648121,0.7817774125689899,-0.011957964577286467,-0.6608636928042274,-0.0027239349689488993,0.7504057347825995,0.03471668636368999,0.5290435991286251,-0.9233441698663706,0.007006509155664337,0.7812731446981487,-0.9729803583892473,-0.1292379357490941,0.8549189776100052,0.9740631946545663,0.04317795420934886,0.6575499700472571,1.2760055774708419,0.0,0.0,0.0,0.0
0.039155940987735026,-0.551358106115469,0.7816141255924741,-0.012052472421461125,-0.6608349318066081,-0.0026107739618481058,0.7504299532081629,0.028851477263476557,0.5289834632906697,-0.9245530015421576,0.008785591751450102,0.7821228936034946,-0.9749854045453247,-0.11707763854041105,0.8508556388036403,0.9729207431321588,0.0372317055542243,0.6552017527771381,1.2753829389566034,0.0,0.0,0.0,0.0
0.03900865220690621,-0.5518773019692943,0.7812988436259194,-0.011286835955922222,-0.661658207880442,-0.003705000166199295,0.7497114753372222,0.02436190195860477,0.5367938807849754,-0.9232709918086774,0.011460106883440437,0.7815561878918735,-0.9741431119383537,-0.13587241220129798,0.8589569528776552,0.9764222812246955,0.027033448064246575,0.6590097881116922,1.2688152798408654,0.0,0.0,0.0,0.0
0.03856976963008809,-0.552769415451172,0.780617330629985,-0.011247155268429834,-0.6616304333675764,-0.003741836752951306,0.7497364002087101,0.01875630611481457,0.5425041066412982,-0.9189256567093345,0.01374368341805779,0.7807910354307089,-0.9761254529764929,-0.12481349101079076,0.8521094124523132,0.9795922481923782,0.021737933829635236,0.6609668634379584,1.2581947306872285,0.0,0.0,0.0,0.0
0.03786811129304266,-0.5538885643178588,0.7797324829133888,-0.011391595448626852,-0.6612997059893774,-0.003476548386321355,0.7500272288542699,0.012909686308772922,0.5478446487335757,-0.9128537495348484,0.0161961242524985,0.7792251760253397,-0.9785156468649892,-0.10323012511898451,0.8393902017294845,0.9829206766041865,0.018352422724654427,0.6624377325838772,1.2453384292966263,0.0,0.0,0.0,0.0
0.03702328176181451,-0.5548577113763721,0.7787980846972679,-0.010610560236579268,-0.6619167131399849,-0.004504140736180062,0.749488754814676,0.008635298728920375,0.5580339006456917,-0.9065579382733482,0.019861860109103513,0.7755866248081529,-0.9763738529779705,-0.11400709031324452,0.8401637677934694,0.9896293032875664,0.009418353358781788,0.6673529826542152,1.2322110104434267,0.0,0.0,0.0,0.0
0.03575719887837973,-0.5562125561624457,0.7776031537370589,-0.010377963297746696,-0.6618692227936079,-0.0047153909707464345,0.7495326509795079,0.003548442148200621,0.5643092049213276,-0.8992423914496057,0.023451940070256316,0.77084579660089,-0.9749508911589536,-0.10051357147364061,0.8288393756345311,0.9952709067272346,0.0049628758177812,0.669732149555356,1.2181889440371256,0.0,0.0,0.0,0.0
0.034109908989882004,-0.5577648390424097,0.7763327863724441,-0.009974379161291461,-0.661922473710039,-0.005120625621831935,0.7494884453753576,-0.0010223989377586198,0.5704738017478395,-0.8913913725405711,0.02773484400523265,0.7641610032921453,-0.970855302387049,-0.0892408533295253,0.8178486257852472,1.0007761695672353,-0.0001758935607314013,0.671937543973206,1.2038354954550683,0.0,0.0,0.0,0.0
0.032011217712976985,-0.5595512146726901,0.7749582555609508,-0.009502188925337857,-0.6619706097390161,-0.005576128548533473,0.7494488154889516,-0.005241354821015984,0.5759109644248073,-0.8831745625831315,0.03260924624785476,0.7552398832291481,-0.9638954031763298,-0.0764272066292339,0.8053490712320148,1.0058766788787226,-0.005021875005780837,0.673563724745131,1.1891777466990905,0.0,0.0,0.0,0.0
0.02940272940336088,-0.5616047432310063,0.7734921622911461,-0.009048816141661557,-0.6619335538287549,-0.005962545104753815,0.7494841808190104,-0.009159211151920178,0.5802874964282371,-0.8746217298755393,0.037988889703049214,0.743818417901449,-0.9536908142752097,-0.05976561334377614,0.7903286346212445,1.0099449208403894,-0.009119257249649439,0.6742915956240348,1.174101407500735,0.0,0.0,0.0,0.0
0.02626005808599733,-0.5639048616746432,0.7719577383187075,-0.008616581259825158,-0.6618378728179104,-0.006289689348699207,0.749571093652332,-0.012722048459566995,0.5838611912777962,-0.8659208708415268,0.043813531248852094,0.7295834210243421,-0.9394945955685744,-0.04069893113329308,0.7734863198626118,1.012701020086838,-0.012754751039508995,0.6741904391280078,1.1585917355914992,0.0,0.0,0.0,0.0
0.022589027573873197,-0.5664073866315376,0.7703787737452864,-0.008227673378735867,-0.6616946381694123,-0.006545322832182522,0.7496997198596556,-0.016011262106623934,0.5868853692259027,-0.8573530844110318,0.049937076176613304,0.7123247700142246,-0.920711426699753,-0.020234173155280866,0.7553587876411048,1.0139091978838404,-0.016156596257498722,0.6733362066734618,1.1426574256530326,0.0,0.0,0.0,0.0
0.018446900966668737,-0.5690434080644826,0.7687922381104833,-0.007909339107831636,-0.6615122160403077,-0.0067150802947776745,0.7498626128038077,-0.01928070548742326,0.5897529398725334,-0.8492503501271136,0.05615650096803956,0.692057467172023,-0.897027007862086,0.0006732102168221649,0.7365902542701591,1.0133474096276764,-0.019699707344572562,0.671875687584738,1.1264034969453733,0.0,0.0,0.0,0.0
0.013977944508594319,-0.5717194500107046,0.7672423318798399,-0.007669962940991861,-0.6613137034230832,-0.006811403861898032,0.750039307043811,-0.02298585337643836,0.5931723885750178,-0.8419262858507097,0.062258063050066266,0.6692397914916812,-0.8687686999990979,0.02077086511303553,0.7181197027311316,1.0110144155314484,-0.024174747505381684,0.6701806456240134,1.11017916781945,0.0,0.0,0.0,0.0
0.009667459245848293,-0.5744349536284914,0.7657704132146812,-0.007480543025408118,-0.6610108328492019,-0.006873338846684281,0.7503075886229249,-0.02710675876579295,0.5976106005177897,-0.8345652944396695,0.06833181610517668,0.6468770953468117,-0.8409514330104989,0.03959796466719763,0.7008822728014695,1.0070831843050554,-0.03046426423860673,0.6697208558583496,1.0940423163253392,0.0,0.0,0.0,0.0
0.005772684202339438,-0.5769506070424287,0.7645304655809564,-0.007293844062575086,-0.660696744928226,-0.006968408218913152,0.7505851399854196,-0.03195132879519763,0.6038524581610851,-0.8283257950510192,0.07392507777969361,0.6261781903461764,-0.8146185433931741,0.054858736674857696,0.6867628388624473,1.0017640973758444,-0.04066169959652555,0.6697220205050736,1.0786002788802178,0.0,0.0,0.0,0.0
0.0026596504293697,-0.5789813274919247,0.7636261018061045,-0.007051731800345648,-0.6604055894144689,-0.007153498628869003,0.7508418994742573,-0.03709321959330808,0.6117558323238301,-0.8246611012208257,0.07849170860335544,0.6092114633707095,-0.7927068038766889,0.06466365379235439,0.6769990470401369,0.9961885678834347,-0.05677971317335878,0.6690910857890695,1.064144342329938,0.0,0.0,0.0,0.0
0.0008339306323238488,-0.5801445383116651,0.762895575098711,-0.006788990742545046,-0.6602213458512987,-0.007386328579905379,0.7510040787087027,-0.04124254649450594,0.6194071068086896,-0.8256792883369556,0.08119091885747212,0.5988046623176152,-0.780069932511933,0.06804457762244392,0.671101125029672,0.9946110147388378,-0.07747609495621066,0.667049804773579,1.0520111113487414,0.0,0.0,0.0,0.0
0.000799411429793677,-0.5803157880046436,0.762799064946158,-0.0066747486712900594,-0.6602335062718684,-0.007351066987466997,0.7509947581310242,-0.04123132324391023,0.6194339323344837,-0.8256963890814956,0.08137557476838722,0.5985934340563721,-0.7800197224723339,0.06803340850899256,0.670965913568841,0.9945213495473851,-0.07749419283156814,0.6670930730626028,1.0520267819862916,0.0,0.0,0.0,0.0
0.000799411429793677,-0.5803157880046436,0.762799064946158,-0.0066747486712900594,-0.6602335062718684,-0.007351066987466997,0.7509947581310242,-0.04123132324391023,0.6194339323344837,-0.8256963890814956,0.08137557476838722,0.5985934340563721,-0.7800197224723339,0.06803340850899256,0.670965913568841,0.9945213495473851,-0.07749419283156814,0.6670930730626028,1.0520267819862916,0.0,0.0,0.0,0.0
0.000799411429793677,-0.5803157880046436,0.762799064946158,-0.0066747486712900594,-0.6602335062718684,-0.007351066987466997,0.7509947581310242,-0.04123132324391023,0.6194339323344837,-0.8256963890814956,0.08137557476838722,0.5985934340563721,-0.7800197224723339,0.06803340850899256,0.670965913568841,0.9945213495473851,-0.07749419283156814,0.6670930730626028,1.0520267819862916,0.0,0.0,0.0,0.0
0.0016541646799769117,-0.58085073194125,0.7628061296862478,-0.007088088102459316,-0.6601537360376007,-0.006935454826121637,0.7510650459640658,-0.04052616828227213,0.6243457159465682,-0.8347932465926311,0.08231269908968028,0.6053184080676728,-0.7905008596434607,0.07725186629277196,0.6698302349857522,0.9931702163882838,-0.0679763412200739,0.670783103956896,1.0555400605725238,0.0,0.0,0.0,0.0
0.003431378868774968,-0.5814653584537827,0.7629010068762936,-0.007212400676410961,-0.6603362950891988,-0.006758743035708928,0.75090497272087,-0.03952896785994424,0.6345280566989171,-0.8502293367094353,0.08377857355936855,0.6181809447384534,-0.8099050918524197,0.08422727022554814,0.6720642237527974,0.9934556619364137,-0.062269533641440014,0.6758957505754883,1.0598844795507316,0.0,0.0,0.0,0.0
0.0060951152819194165,-0.5821591925462979,0.7631528651996591,-0.007066460092753336,-0.6607998349154187,-0.006809995476845202,0.7504980128415519,-0.038226262146023975,0.6495815703812022,-0.8709453039185078,0.08576920212749997,0.6365560463839016,-0.8366834128777674,0.08939034991295144,0.6780324757946385,0.9945418776800637,-0.060227381416475816,0.6829645952805091,1.0643467813385146,0.0,0.0,0.0,0.0
0.009594201467494692,-0.5831965108240751,0.7638034772523308,-0.006501185439501056,-0.6616929450399736,-0.007207801623350813,0.7497120971866241,-0.03584645372209152,0.6683313926645128,-0.8929491603117699,0.08900911601640482,0.6601658854990121,-0.8688535981766019,0.09300113175328842,0.6900082003268339,0.9934374662727926,-0.06213338663811039,0.6932692718590797,1.0675796978263639,0.0,0.0,0.0,0.0
0.013938114317433324,-0.5850562480290757,0.7660397441982695,-0.004968506440610383,-0.6637897071693365,-0.008383490306241363,0.7478557719841983,-0.03079693630832412,0.6892570245991092,-0.9042050686688432,0.09493938333404917,0.6893024846890241,-0.8993010517539004,0.09243507727890546,0.7189614935400358,0.9795890534264824,-0.07319627254686457,0.7131997511803012,1.0614244013470144,0.0,0.0,0.0,0.0
0.01696021727268243,-0.5869838038294595,0.7673952309640313,-0.005626698934344478,-0.6621849541611349,-0.008119608987246216,0.749275315682835,-0.026388967672551514,0.7071289947708679,-0.9349416699818629,0.08549432657969908,0.6590029298342158,-0.8643185487076607,0.06049812577820826,0.7028833038681682,1.0160330113219276,-0.048363394948257754,0.7262446323922942,1.0571380839488187,0.0,0.0,0.0,0.0
0.020655524781767097,-0.5887557994334134,0.7688773183161051,-0.005562134509848416,-0.6615827035148512,-0.008282496035219298,0.7498058344192191,-0.022130909150182457,0.727105003076731,-0.962326926524647,0.07520655471477662,0.638066935668019,-0.8467152219782146,0.035277716668708714,0.6964883648456826,1.0444923141794307,-0.03496881461504187,0.7408424097275206,1.0526394790405333,0.0,0.0,0.0,0.0
0.024333354716195566,-0.5904570009704939,0.7705206288872105,-0.00506999373924167,-0.6616635403634941,-0.008705294757291867,0.7497332007856657,-0.01782195013299221,0.7457371251187064,-0.9827801965173423,0.06617631426601463,0.6247710972178959,-0.840731699886938,0.018372661080330442,0.6943151758110233,1.0679040982819314,-0.027999644941291774,0.7566860014187248,1.0467849100496376,0.0,0.0,0.0,0.0
0.027653038026382897,-0.5921341652989064,0.7721966021524306,-0.0045143268017996535,-0.6618739026434985,-0.00917975699104457,0.7495453888288396,-0.013437966422166044,0.7619365976302941,-0.998395015967029,0.05860946809276609,0.615476283782741,-0.8409910995222292,0.006648477302944995,0.6929162526368444,1.0877594972413538,-0.02173865295078624,0.7724621637039637,1.0399278394390843,0.0,0.0,0.0,0.0
0.030440787319798924,-0.5938142150281385,0.7738024627212038,-0.00402233295459721,-0.6619989579752904,-0.009628707385428321,0.7494321106486683,-0.008953998762177895,0.7750015967480783,-1.0098032057699053,0.0523704777715096,0.6080055608912099,-0.8444934746676777,-0.0022953979887388853,0.6909518756200587,1.1050860322483893,-0.013736309357849258,0.787255060279097,1.0328288138244524,0.0,0.0,0.0,0.0
0.03265555943872916,-0.5954864670190614,0.775296547223921,-0.0036070871847048397,-0.6620044298938486,-0.010039143147640968,0.7494240050384186,-0.004421159876860579,0.7848180980047464,-1.0172757089037032,0.04711501786652776,0.6012269531156633,-0.8496185540625814,-0.009768412877204584,0.6880913317778206,1.1206867754808454,-0.003665723604608366,0.800672768240941,1.0259285462475036,0.0,0.0,0.0,0.0
0.03433864940921055,-0.59712096865379,0.7766757146106023,-0.00325030114543869,-0.6619223003959569,-0.010415284463568543,0.7494930457519478,5.846384415203725e-05,0.7916907080972322,-1.021195769000157,0.04245634789194751,0.5945852842012823,-0.8554861716890938,-0.01641666167429251,0.6844018195237642,1.1351779134011417,0.007860771361188887,0.8126619838083747,1.0193495088540618,0.0,0.0,0.0,0.0
0.035571585560476855,-0.5986870555005742,0.7779514878721207,-0.0029377553999612996,-0.6617972212022555,-0.01075731727673917,0.7495999517924147,0.0043742526844871505,0.7961244933796825,-1.022118045909119,0.03806846202962808,0.5878252028125411,-0.8616222572412975,-0.022562462055881537,0.6800644384982675,1.1490083933827178,0.02013352531581819,0.8233786645208383,1.0130724527489328,0.0,0.0,0.0,0.0
0.036447720940832574,-0.6001615930593817,0.7791391522733874,-0.002666173168325468,-0.6616674924936033,-0.011057959670763298,0.7497111059773515,0.008432915644110112,0.7986708253477488,-1.0206788611201276,0.033716721342394416,0.580844752921875,-0.8677777103926951,-0.028372067277299885,0.6752632048058304,1.162486441583267,0.032708936213567075,0.833106639476992,1.007037315465155,0.0,0.0,0.0,0.0
0.03705423942041699,-0.6015251465489405,0.7802525821568841,-0.002424442115353445,-0.6615461757002291,-0.011327830998530112,0.7498149503322132,0.012182960469304708,0.7998547481221003,-1.0175459529693502,0.029270595878095607,0.5735389286515459,-0.8738139315418811,-0.034037296983816974,0.6701080262883989,1.1757962023495454,0.04491421430058922,0.8419411009828595,1.0011313292549002,0.0,0.0,0.0,0.0
0.03746405547463663,-0.6027634808010065,0.781298643557518,-0.0021920351050927047,-0.6614230240765923,-0.011595473942296503,0.7499202112141845,0.015616993298763072,0.8001270360835943,-1.0133623085747585,0.024688939968241664,0.5657592061909611,-0.8796585172753855,-0.03979459774671366,0.6646371004929232,1.1890237593178725,0.05577022881274213,0.8497155206464272,0.9952571777353156,0.0,0.0,0.0,0.0
0.03773737944526743,-0.6038820561954149,0.782277440492185,-0.0019779779635378638,-0.6613114433603299,-0.011846999668808443,0.7500152738996055,0.018727374691143255,0.7998052729847965,-1.008573352930645,0.01994167045347662,0.557529736299594,-0.8853086291212041,-0.04564394066583278,0.6589928258799124,1.2022006026216083,0.06548715802041497,0.8566804462800522,0.9895113681796567,0.0,0.0,0.0,0.0
0.037919595317044114,-0.6048962077774519,0.7831828658444075,-0.0018050974977906619,-0.6612336311455377,-0.01204907747670006,0.7500810932139743,0.021510317768505503,0.7990956965458013,-1.0034829560654122,0.015001583860195351,0.5490109174464642,-0.8907618574455125,-0.05147815033234666,0.6533911633570877,1.2152766952206757,0.0750036174588051,0.8632886809802679,0.984101899878523,0.0,0.0,0.0,0.0
0.0380378866491977,-0.6058087054214635,0.7839992755701862,-0.0016606008731773923,-0.6611707383532209,-0.012220947230329862,0.7501340850801208,0.024000006562730915,0.7981618965168806,-0.9984430550614519,0.009900649672369814,0.5403329030056727,-0.8958926377339936,-0.057422360321193334,0.6479688834554083,1.2280164160843658,0.08394586921683789,0.8693075848447368,0.979165946618663,0.0,0.0,0.0,0.0
0.038106166746217654,-0.6066211877287211,0.7846983580153583,-0.0015282498647783173,-0.6610930705638608,-0.012389516731175389,0.7502000509063999,0.02624025622737642,0.7971039821103464,-0.9937928363801893,0.0046885672659629715,0.5318738899035279,-0.9004046587048168,-0.06363129496991371,0.6429079100323442,1.2399262516365972,0.09167838778381802,0.8742797407138488,0.9749315271829392,0.0,0.0,0.0,0.0
0.038151272059783414,-0.607338491619424,0.7852365884123726,-0.0014116104502606927,-0.6610079852079304,-0.012544770801382218,0.7502726701492132,0.028231061479488208,0.7960473226478624,-0.9898793069776635,-0.0006594446432336707,0.5245862049679084,-0.9037375506636653,-0.07014357820754936,0.6387958838473099,1.2501112505646395,0.09844325526740368,0.8781342274007925,0.971877283649895,0.0,0.0,0.0,0.0
0.03820142739586227,-0.6079652832936847,0.7855587409373269,-0.001316010105349361,-0.6609215553737845,-0.012674264397530728,0.7503468056716718,0.029970333416582888,0.795124906487369,-0.9871194917934683,-0.006202707430756724,0.5197762223279535,-0.9049812319972643,-0.07713755786962823,0.6366175776803096,1.256881964717022,0.10460735621140121,0.880775474916912,0.9705971455144707,0.0,0.0,0.0,0.0
0.038227614919714784,-0.6085305421021091,0.7856237724995696,-0.001244070652171802,-0.6608131039480278,-0.01278230661598801,0.7504406082937943,0.031547010772977016,0.7941289208328297,-0.9854441186270824,-0.011889592881830604,0.5184914775670707,-0.903069930190843,-0.08496579415738972,0.637612461896066,1.257406425576996,0.1105321517022443,0.8819157530412622,0.9715432268536403,0.0,0.0,0.0,0.0
0.03817618879820622,-0.6090651853510753,0.7854360605154251,-0.001194826249243932,-0.6606682111613499,-0.01287085746520953,0.7505667379915034,0.033042783006348164,0.7927095642400559,-0.9843583119495535,-0.017536350787293493,0.5206371808419493,-0.8980143235602017,-0.09350718805386789,0.6415441779142405,1.25158568749256,0.11653434314121924,0.8814722663790016,0.9747200194381372,0.0,0.0,0.0,0.0
0.03803165939514124,-0.6095864261864689,0.7850469397904905,-0.0011586906042817366,-0.6604921598788467,-0.012946134827405682,0.7507204285003108,0.03450058011388353,0.7907494541692699,-0.9834315897367124,-0.023085033472347083,0.5251135062094051,-0.8908929559432774,-0.10249936459841019,0.6470815897186701,1.2421323887705475,0.12258929174677255,0.8796841540278072,0.9796649690337481,0.0,0.0,0.0,0.0
0.03777210597929319,-0.6101224449981454,0.784525376014395,-0.0011229447159937474,-0.6602950711987643,-0.01301717147012899,0.7508926096271694,0.035991552966942286,0.7880676775960466,-0.982034446955074,-0.02845501215006961,0.5307166892533436,-0.8825955996859741,-0.11172451631727551,0.6534363328455153,1.230708480111084,0.12874563399713385,0.8768983271697998,0.9857771541646745,0.0,0.0,0.0,0.0
0.03736264286348315,-0.6107127456315709,0.7839337166974142,-0.0010781477560217094,-0.660075575310923,-0.01309269242665438,0.7510843187554851,0.03761790273632436,0.784396454363786,-0.9794810744973877,-0.03355308683972892,0.5365708435322147,-0.8736776533162,-0.12105824682413782,0.6600937731955892,1.2181856040557837,0.13521541907926582,0.8733868109545561,0.992538778600853,0.0,0.0,0.0,0.0
0.03675530063918275,-0.6114063876071759,0.7833223175733907,-0.0010166778608076362,-0.6598228510287579,-0.013181417066045625,0.7513048794401243,0.03950716662712518,0.7793774263596767,-0.975032579519609,-0.03828984521203848,0.5421789108308159,-0.864415796647404,-0.13045826738783223,0.6666861956879048,1.204977807094119,0.1423501190656686,0.8693209785939894,0.9995607826183384,0.0,0.0,0.0,0.0
0.03589080425401812,-0.6122635641481765,0.7827314112766843,-0.0009349225842094252,-0.659515285858342,-0.01329009346538869,0.7515730749931321,0.041813471500056675,0.7725655744094752,-0.9679027820994149,-0.04259575003119142,0.5473066052770864,-0.8549178219064565,-0.13993986179011264,0.672908446341473,1.1912563862137358,0.15063706111414446,0.864778073651003,1.0065652561693534,0.0,0.0,0.0,0.0
0.03470173455493301,-0.6133525448593118,0.7821935105875555,-0.0008335678573465884,-0.65912267564943,-0.013422472618852925,0.7519151819441868,0.044706145716289336,0.763442393864013,-0.9572566778621515,-0.04644038403860711,0.5518529971467563,-0.8452137785183662,-0.14957974896119006,0.6784889248752995,1.177081053096946,0.16067658808033922,0.8597704835405494,1.013346165141186,0.0,0.0,0.0,0.0
0.033118366314867226,-0.6147452160746287,0.7817345666335366,-0.0007212080120318122,-0.6586057756195339,-0.013575594805411116,0.7523653470258148,0.04835260662003237,0.7514474239382622,-0.942259825149711,-0.04984519467546547,0.5557523797753497,-0.835314588424674,-0.15953236325908213,0.6831620420687285,1.1624845795851158,0.17314985908880076,0.8542616486170057,1.0197367505861863,0.0,0.0,0.0,0.0
0.031079667957020232,-0.6165071904853469,0.7813726152233972,-0.0006187173247702911,-0.6579174213889127,-0.013734418680967848,0.7529645739112377,0.05288553281876301,0.7360466070973439,-0.9221918487977145,-0.05287973495277963,0.5589278503632277,-0.8252278245432361,-0.1700757883747538,0.686679794435403,1.1475490566561286,0.1887370482929205,0.848176891679168,1.0255874707623205,0.0,0.0,0.0,0.0
0.028552494481136104,-0.6186800141376476,0.7811127194044916,-0.0005641965490264378,-0.657005245452506,-0.013864702753281924,0.753758289604638,0.0583499726451194,0.7168682243182696,-0.8966811011367919,-0.05562676804602734,0.5612948060019545,-0.8149209756311276,-0.1817236197900286,0.6888947348958877,1.1325115356346567,0.20796454118834595,0.8414047498750287,1.0307645842549678,0.0,0.0,0.0,0.0
0.025562316131305562,-0.6212518691850906,0.780935104042843,-0.0006190510249184388,-0.6558128683454393,-0.013903714453742447,0.7547951942167788,0.06462557191571768,0.6939611123106963,-0.8661840389848117,-0.05810830766207251,0.5627926498689134,-0.804200737886501,-0.1955342634849937,0.6899830438141237,1.1179251689795897,0.2309971849527353,0.833776313120629,1.0351977980744291,0.0,0.0,0.0,0.0
0.02223830277848382,-0.62411219956363,0.7807683976726717,-0.0008840796392441913,-0.6542587414212393,-0.013734158227318256,0.7561455485386886,0.07130128757525316,0.6682921328476341,-0.8330706654344525,-0.06023855349081531,0.5632840445342909,-0.7923346376481326,-0.21394057081800918,0.6909289275283516,1.1047586126748543,0.25762572085446145,0.8249955413562147,1.0390428859473066,0.0,0.0,0.0,0.0
0.01898337489494767,-0.6269715083335853,0.7804681583910357,-0.0015513907420464223,-0.6521123432905506,-0.013163351433976794,0.7580064716701951,0.07755000451272608,0.6435045730773387,-0.8052483924010149,-0.0628020205375793,0.5620234874631598,-0.7773914680987116,-0.2445817397924614,0.6948591350100636,1.0939734130008627,0.28708360770012403,0.8144273576172876,1.042713908058083,0.0,0.0,0.0,0.0
0.015840422521752353,-0.6296879246473197,0.779796098450738,-0.002801938439129406,-0.6492080586379981,-0.011963859387937153,0.7605116118830866,0.08282818890835622,0.6210527405271203,-0.7875022365329811,-0.06549208564691895,0.557052030705122,-0.7581559851057719,-0.2951196694663867,0.7022863751720023,1.0870772590175133,0.3199389527204753,0.8006733583578746,1.0476773329892977,0.0,0.0,0.0,0.0
0.013037022091262162,-0.6320171121447087,0.7785041063166419,-0.004588327316012905,-0.6455808807316865,-0.010081875235012134,0.7636115697642923,0.08644028531234732,0.6034304150039327,-0.7849489529416583,-0.0697602140849618,0.545772836360185,-0.7333357925767148,-0.3688043355705738,0.7115540734398492,1.086702728345087,0.35200278610688845,0.7821108199284149,1.0554925029769935,0.0,0.0,0.0,0.0
0.010996727648736904,-0.6335338977348254,0.7765248582415742,-0.006265862262299141,-0.6417578152918387,-0.007892729261588167,0.7668411506347056,0.08746022796780331,0.5932444196038889,-0.7985768701046755,-0.0775592053597127,0.5261397961517005,-0.7019110364927853,-0.43970396871527,0.7135851734855828,1.0966812688396632,0.37204966910362686,0.7586002109532274,1.066742151791691,0.0,0.0,0.0,0.0
0.011130214764323191,-0.6337856748044319,0.7764855071648965,-0.0062571081060080426,-0.6417318709937146,-0.007756024423426717,0.7668643285707057,0.08771883225331198,0.593047059197166,-0.7985784821838736,-0.07762707722270479,0.5261471374320017,-0.701901813414936,-0.43973020649023564,0.7135913266400402,1.096688042142361,0.3720873186341752,0.7584681341839778,1.066601480143967,0.0,0.0,0.0,0.0
0.011130214764323191,-0.6337856748044319,0.7764855071648965,-0.0062571081060080426,-0.6417318709937146,-0.007756024423426717,0.7668643285707057,0.08771883225331198,0.593047059197166,-0.7985784821838736,-0.07762707722270479,0.5261471374320017,-0.701901813414936,-0.43973020649023564,0.7135913266400402,1.096688042142361,0.3720873186341752,0.7584681341839778,1.066601480143967,0.0,0.0,0.0,0.0
0.011042527138519168,-0.6346227800361657,0.777080210046593,-0.006076100115934514,-0.6432928744475105,-0.008162513344616065,0.7655525664958217,0.09009352397873785,0.5874424281283903,-0.779055469991728,-0.07485334642084507,0.5250924751359372,-0.6917367888533198,-0.44763712488996354,0.7250738080163519,1.0934401930603328,0.38293171563065226,0.7688722567525358,1.0656076928778475,0.0,0.0,0.0,0.0
0.011262394666483206,-0.6357966865591202,0.7774077602453655,-0.00576034445549343,-0.6442109416422934,-0.008674707058762344,0.764776980928132,0.09347837674468677,0.5835208022317169,-0.7657207429634827,-0.07137507821843027,0.5287590854559061,-0.6937351706263487,-0.45195196442983127,0.733023454326973,1.090850955563731,0.394045218369851,0.7759754414002507,1.067088601521927,0.0,0.0,0.0,0.0
0.012024364630506223,-0.6373264705338771,0.7774561230013466,-0.005300250520564825,-0.6446570407108415,-0.009288725318813761,0.7643971001961685,0.0979171293290644,0.5827637780715341,-0.7602472201664101,-0.0671706658772449,0.5386641196150355,-0.709660791311381,-0.4542753682790912,0.7387662953315288,1.0898528173383253,0.40681244885272655,0.7811474771789013,1.071742765356943,0.0,0.0,0.0,0.0
0.01346926269365291,-0.6392796120550135,0.7772069721328118,-0.004688875588946477,-0.6448536549822846,-0.009998311194044655,0.7642262831615823,0.10357030768113641,0.5856034470766222,-0.7623728404666178,-0.06206949322748628,0.5551248302416065,-0.7389947893714759,-0.456290371961795,0.7437989009672085,1.0911899268186973,0.4242964562739673,0.7862629712977681,1.080393633740672,0.0,0.0,0.0,0.0
0.01572636878672827,-0.6417588049452209,0.7766400768119109,-0.004148422380138423,-0.6458630765372133,-0.010722184032001397,0.763366695453257,0.11067494792167071,0.5906843829868499,-0.765559395793417,-0.055667678416986596,0.5761848628388395,-0.7731849045210535,-0.4639121629781516,0.7540030037153264,1.0972860045180284,0.46243639633059236,0.8000865880812801,1.095589824382921,0.0,0.0,0.0,0.0
0.018553069615997383,-0.6451890308294129,0.7782690138482883,-0.007003911724083258,-0.6484050248171814,-0.007511550848222032,0.7612262775392388,0.104077730152751,0.5936224251099114,-0.7725136545181582,-0.05149107325219813,0.5980306168603516,-0.7829183917326646,-0.4066621595083845,0.7656202197798487,1.0849710480249943,0.36286086013802116,0.7780931028846656,1.0910555250230876,0.0,0.0,0.0,0.0
0.021827175126026607,-0.648692871744489,0.7793806070863178,-0.009266367881888667,-0.6511110774055854,-0.005098146248243792,0.7589087614534745,0.09779030527586847,0.5945395822118679,-0.7842344651457483,-0.045961979868953284,0.6228946063563628,-0.8007214294541299,-0.3542476539163786,0.7767129359770822,1.0761377644849517,0.2738910777379107,0.7570398658761387,1.0945106411789018,0.0,0.0,0.0,0.0
0.02531122621643607,-0.6521049340911949,0.7801881118966636,-0.010472734188447415,-0.6532215997283041,-0.003812035046373481,0.7570847587131962,0.09389160611299123,0.5931969491829577,-0.7965773535508966,-0.039372870149136915,0.6502716708608713,-0.8291946479440852,-0.3129638700863058,0.787121058664592,1.0682065461972436,0.21644648640536746,0.7432227929477772,1.1029212562871267,0.0,0.0,0.0,0.0
0.028599985387553022,-0.6552145339472305,0.7807713944954321,-0.011016733728437235,-0.6547879964448989,-0.0032511435956970956,0.755725308134478,0.09093466740036116,0.5904864453387058,-0.8081517323087883,-0.03262978051023722,0.6762302544565656,-0.8601647566439303,-0.2811901442677106,0.7964243286375694,1.0611565371257277,0.18084227289020444,0.7351294635574769,1.1140524940982977,0.0,0.0,0.0,0.0
0.03148144174036854,-0.6578780218147908,0.7812873107575803,-0.011241020681516903,-0.6559903810391853,-0.003033809884814434,0.7546794388584369,0.0883935463227559,0.5874009910416064,-0.8191724195065445,-0.026486941729042625,0.6986105486997966,-0.8878033791208,-0.2564173090110382,0.804882243828203,1.0543799489490777,0.15768911374718708,0.729856900589412,1.126998627968569,0.0,0.0,0.0,0.0
0.03388918505567112,-0.6600674512823402,0.781813320880438,-0.011328182830710793,-0.6569307096301626,-0.0029679644981200123,0.7538600043809877,0.08590663190623084,0.5841821161223426,-0.8297417484790495,-0.021240115193879847,0.7169920931619227,-0.9103373817251386,-0.2368177017391717,0.8125526685345801,1.0475796597036204,0.14130325763651203,0.7256242186573493,1.1408107486925712,0.0,0.0,0.0,0.0
0.035837823374187325,-0.6618205208207496,0.7823814561488913,-0.01137081820873797,-0.6576783945160349,-0.002956045637184547,0.7532072063345288,0.08319069855940057,0.5808059253599364,-0.8399588771601575,-0.016935293632525435,0.7316847685262166,-0.9277166492597904,-0.2210351328534191,0.8194883305951584,1.0406392879039565,0.12855919766765503,0.7214921867065375,1.1549034541035137,0.0,0.0,0.0,0.0
0.037381514163840834,-0.663205972150278,0.7829976493934971,-0.011411096446029126,-0.6582833265512945,-0.0029529020053789753,0.7526779717994991,0.08006299822201075,0.5771729195204419,-0.8499038426520205,-0.013480996096730022,0.7432552464765969,-0.9405753016476323,-0.20804659051304739,0.8257584829119587,1.0335395241460656,0.11778346843109738,0.7170279324212819,1.1689799383839146,0.0,0.0,0.0,0.0
0.03858825265691507,-0.66430136074944,0.7836532373760295,-0.011464059411128644,-0.6587821671126619,-0.00294154278640219,0.7522406389993821,0.07643930100608884,0.5731827645871556,-0.8596356576518488,-0.010724267423742866,0.7523118769011637,-0.9497579464062894,-0.197075887292617,0.831435059622075,1.026318418885607,0.10808726211469562,0.7120740835806642,1.1829189833040186,0.0,0.0,0.0,0.0
0.03952475608236753,-0.6651799214187237,0.7843321052198191,-0.011531248663816643,-0.6592023850617895,-0.0029192381806172943,0.7518714809603742,0.07230951511574367,0.5687537397611642,-0.8691981074518972,-0.008499173846010058,0.7594068362870194,-0.9560972412652993,-0.18754539801575593,0.836580559159009,1.0190519829560767,0.0989936918299344,0.706610047734714,1.1966893101670173,0.0,0.0,0.0,0.0
0.040248097047803154,-0.6659042693217049,0.785014393272866,-0.011609830051533085,-0.6595633605201318,-0.0028876912442967785,0.7515537549269798,0.06770133967331568,0.56381422474431,-0.8786214417130144,-0.006655991461912734,0.7649949057783015,-0.9603180449496934,-0.17898415868859763,0.8412124269194676,1.0118429867115446,0.09023601581598867,0.7006683497541236,1.2102857883044242,0.0,0.0,0.0,0.0
0.0408003489398474,-0.6665258840648055,0.7856735689490492,-0.011706370523254458,-0.6598687096629803,-0.0028357917078968144,0.7512843703833291,0.06262609038803832,0.5582491114835633,-0.8879086430210895,-0.005085209297853264,0.7694205149623037,-0.9630330446165158,-0.17063004003954452,0.8451140814217478,1.0048286888043034,0.08165946550241504,0.6942425252136785,1.2236766027484343,0.0,0.0,0.0,0.0
0.04122874737207559,-0.6670941784204859,0.7862613553800359,-0.011849679256338858,-0.6600864075325914,-0.0027176168311957246,0.7510912955500139,0.0571132480669668,0.5518316633287701,-0.8970018282528326,-0.0037281872545600926,0.7730772112699354,-0.965097632379136,-0.16086302644307227,0.8475434378155415,0.9982722396811489,0.07340931595243769,0.6873134076359607,1.2367711523641216,0.0,0.0,0.0,0.0
0.041593121336974195,-0.667605979406316,0.7867246840113618,-0.011970307943729615,-0.6603020447730416,-0.0026366768169811226,0.7509001060937701,0.051386136358111484,0.5450677845882277,-0.9059074688772982,-0.002464390015086344,0.7761961658582913,-0.9669141648374293,-0.15260325808878994,0.8496105862058538,0.9929713676189886,0.0653895866949769,0.680513991156186,1.2494989095158284,0.0,0.0,0.0,0.0
0.04193191952440274,-0.6679111519399672,0.7871689796441039,-0.011587037770885374,-0.6610757426169698,-0.003293460117741954,0.7502224711374426,0.04635241922920271,0.5414264010363048,-0.9147466028053329,-0.0007861584878866925,0.7781739681121878,-0.9661077033504233,-0.16537469770602115,0.8602430545330576,0.9899664062122285,0.05516274608415821,0.676271713455907,1.2617357009995678,0.0,0.0,0.0,0.0
0.042189805861607324,-0.6682041303776932,0.787806143483249,-0.010778735889735616,-0.6622241889745072,-0.00452017157756366,0.7492145957191336,0.04228724387801596,0.5415871271282469,-0.9219546668367018,0.0015447343677231905,0.77942530550982,-0.9629877001970006,-0.19476973281904075,0.878637487366344,0.9861793919329735,0.043493705970954775,0.6743967613200024,1.2717111250884237,0.0,0.0,0.0,0.0
0.04185599518131011,-0.6695153704456636,0.7879662741335183,-0.012178800150548062,-0.6602944550883334,-0.0023318453231187535,0.7509044359330173,0.033571948849932684,0.5297855199371011,-0.9251206902638305,0.0020343461153935977,0.7824985125130034,-0.9713901131209346,-0.11016770648155376,0.8455439365933861,0.9755815252572696,0.04572719520700823,0.6614444914914203,1.2748829644000528,0.0,0.0,0.0,0.0
0.04172267645693854,-0.6702250616164255,0.7878971239139073,-0.012012790161244413,-0.6608025868679959,-0.002698896164023594,0.750458759706756,0.02861775036221129,0.5321203461892218,-0.9260730178752457,0.004381119554822477,0.7827262224733982,-0.9706168169853573,-0.11975129949227357,0.851055282535102,0.974474956900835,0.03706569981357951,0.6611776239083591,1.275058342071365,0.0,0.0,0.0,0.0
0.04159662172783206,-0.670662976919454,0.7875991696040763,-0.010813110830616061,-0.662183957296142,-0.004452790586674423,0.7492500623889045,0.025111584818833847,0.5426226016407304,-0.9252821225185859,0.007686685978304786,0.7815804671001146,-0.9677057168300831,-0.1602352679552102,0.8683835451202532,0.9793460588249374,0.024240518976841322,0.6672719043981813,1.2689608834059276,0.0,0.0,0.0,0.0
0.041006476463322436,-0.6718632511159252,0.7868266226204729,-0.011285484768031196,-0.6615832805197728,-0.003747309453020616,0.7497774059293262,0.018906457700117375,0.5452299238339403,-0.9202253161334636,0.009825598679731148,0.7811846494805202,-0.9716726044648946,-0.1289325592156026,0.8524137708849113,0.9806085277362057,0.022668100356330885,0.6671372759929091,1.2581022399527737,0.0,0.0,0.0,0.0
0.04019136132678109,-0.673189701653483,0.7858857181682258,-0.01166365091947048,-0.6610301931295145,-0.003160255416080866,0.7502619914430496,0.012954927676438832,0.5491869191982696,-0.9137266166048226,0.012413302004262123,0.7796464246002286,-0.974684643375508,-0.10028211374034232,0.8363489389641497,0.9829419697322898,0.02119376016250441,0.6677410206866715,1.245262072366916,0.0,0.0,0.0,0.0
0.03935546735589001,-0.6740727215360528,0.785056330232124,-0.010219522376009928,-0.6623089585345115,-0.005104081137786177,0.7491437466621982,0.00987262167755542,0.5627578025143821,-0.9078435891090081,0.01698174322574556,0.7753602924560345,-0.9701131018103872,-0.1344486083009805,0.847780341299524,0.9907965507243621,0.008793666762718144,0.6749845930807191,1.2324509293811479,0.0,0.0,0.0,0.0
0.03792670686803191,-0.6757374183060596,0.7837774782929798,-0.01047769613659089,-0.6616870088852532,-0.004598801840193936,0.749692851224947,0.004205327804304474,0.5660874858195661,-0.8999323985952219,0.02045387372145055,0.7709300323400716,-0.970658067050999,-0.10113649401632885,0.8274733314880371,0.9945234615376283,0.00813626020219357,0.6752239227627904,1.2180837398850672,0.0,0.0,0.0,0.0
0.03620546588681638,-0.6774393244377863,0.7824753658338095,-0.010130633095094372,-0.6617209971477096,-0.004930551162320547,0.7496655133272232,-0.00011438631717455589,0.5719510680369836,-0.8917625226363577,0.025026351166043202,0.7641788563929568,-0.9665689683026396,-0.08938632798053059,0.8161968207938045,0.9995454135264682,0.0033056857823731455,0.6772015922438831,1.203949299114852,0.0,0.0,0.0,0.0
0.03407431113703845,-0.6792838088841371,0.7810325992246886,-0.009567196004531169,-0.6618862855585012,-0.005513688732668624,0.7495229235898929,-0.004026688296656445,0.5777186224584074,-0.8835871844295587,0.03020536950076243,0.7550851913143672,-0.9593784410625136,-0.08013805341484449,0.8050083474388445,1.0052884155483366,-0.0018476645354793776,0.6791297662141872,1.1896575761007298,0.0,0.0,0.0,0.0
0.03143842076177473,-0.6813896067337123,0.7794887510473877,-0.00908313794820385,-0.6618809819237015,-0.0059357380813160575,0.7495304059117018,-0.007838307014387123,0.5820238589526466,-0.8750762463766192,0.0357587488802043,0.7435812530353281,-0.9493083915794275,-0.06413459113518456,0.7899657971588501,1.0099221918432908,-0.0057097098266596195,0.6798741763874729,1.1748392107013228,0.0,0.0,0.0,0.0
0.028277603030081266,-0.6837320262092946,0.7778939596428281,-0.008635984755665078,-0.6617908511351436,-0.006273330308557406,0.7496125228729587,-0.011356024896252813,0.5854674037057621,-0.8663949786975573,0.04170187815306579,0.7293252847559816,-0.9353369524913429,-0.04497861312577682,0.7728554184842397,1.0130560665986996,-0.009085979638705824,0.6796731362631679,1.1595381974053895,0.0,0.0,0.0,0.0
0.024599418084116597,-0.6862610047218141,0.776267417331221,-0.008225750534563819,-0.6616552183169493,-0.006546653922556072,0.749734519963241,-0.014609374565531328,0.5884374446625813,-0.8578701731950248,0.04791553566551532,0.7120756824425964,-0.9167759108214081,-0.024611230054054578,0.7545989323335225,1.0145880292929428,-0.012338002322950457,0.6787272928884408,1.1438102454931944,0.0,0.0,0.0,0.0
0.02045809135648929,-0.6889100908317823,0.774640318742334,-0.007879913703341996,-0.6614809377884596,-0.006740083152738433,0.7498902900969061,-0.017844701449644344,0.5913149540676284,-0.849855183586214,0.05420103970403923,0.6918352816201988,-0.8933203178780328,-0.0039388650161780794,0.735782534942221,1.014342551228045,-0.01577825146671681,0.6772053990112564,1.1277610080379792,0.0,0.0,0.0,0.0
0.0159931022056322,-0.6915904145251972,0.7730557215715994,-0.007610748008888549,-0.6612872799600283,-0.006860102604147468,0.7500627632872284,-0.021516376737948213,0.5947910574160925,-0.8426800226357019,0.06034790381555694,0.6690488450585234,-0.8652885646388854,0.015921973727403237,0.7172744846650863,1.012302754172476,-0.020102431115347624,0.6754825170835315,1.11174336242981,0.0,0.0,0.0,0.0
0.011687263172122852,-0.6943074764841887,0.7715573417086463,-0.007390798792999647,-0.6609896203602122,-0.006945711971854732,0.7503264989019567,-0.02561367795977349,0.5993356093898562,-0.8355155356564855,0.0664594922334929,0.6467237974978641,-0.8376718621300155,0.034543895090573956,0.7000262649557109,1.0086109156995027,-0.02607994766041819,0.6750810390983151,1.0958252748109572,0.0,0.0,0.0,0.0
0.007794882153755567,-0.6968271903017715,0.7703012734901425,-0.0071798502279086865,-0.6606782166465067,-0.00705683320270706,0.7506017218902749,-0.03045383200812857,0.6057386463166079,-0.8295440550583247,0.07208603112632084,0.6260589068852288,-0.8114890352561662,0.04974235194872666,0.685887416365056,1.0034238444625152,-0.03559377280700256,0.6752799006268317,1.0806476542627412,0.0,0.0,0.0,0.0
0.004680789399099648,-0.6988655935357136,0.7693936457291133,-0.0069259526517886135,-0.6603890971246721,-0.007245767307556731,0.7508566910102422,-0.03562056916580731,0.6138954185395271,-0.826264303980165,0.07667820512497114,0.6091088614709794,-0.7896261678439032,0.0596513442233124,0.6761070829216057,0.9978376144525892,-0.050416277935051365,0.6750676100752584,1.0665391755886324,0.0,0.0,0.0,0.0
0.0028534867461326554,-0.7000372197160902,0.7686736872321335,-0.006667376626816221,-0.6602112625085188,-0.0074732286042054645,0.7510131728538808,-0.03984616009280618,0.6219506176821683,-0.8278604529358701,0.07939532110764483,0.5987040584481713,-0.7769126433469786,0.06324245085673,0.670240726438053,0.9961201972718116,-0.0693501497159367,0.6736514470180106,1.0547839133377555,0.0,0.0,0.0,0.0
0.0028181613364888333,-0.7002095848798358,0.7685768774722488,-0.006552053356449682,-0.6602237458067538,-0.007438001729798097,0.7510035633736903,-0.03983481521024508,0.6219779093585569,-0.8278777334888294,0.07958124901435543,0.5984925186870647,-0.7768629471685261,0.06323214987520978,0.6701050843248605,0.9960315243781491,-0.06936768258878837,0.6736954707983083,1.0547993850513497,0.0,0.0,0.0,0.0
0.0028181613364888333,-0.7002095848798358,0.7685768774722488,-0.006552053356449682,-0.6602237458067538,-0.007438001729798097,0.7510035633736903,-0.03983481521024508,0.6219779093585569,-0.8278777334888294,0.07958124901435543,0.5984925186870647,-0.7768629471685261,0.06323214987520978,0.6701050843248605,0.9960315243781491,-0.06936768258878837,0.6736954707983083,1.0547993850513497,0.0,0.0,0.0,0.0
0.0028181613364888333,-0.7002095848798358,0.7685768774722488,-0.006552053356449682,-0.6602237458067538,-0.007438001729798097,0.7510035633736903,-0.03983481521024508,0.6219779093585569,-0.8278777334888294,0.07958124901435543,0.5984925186870647,-0.7768629471685261,0.06323214987520978,0.6701050843248605,0.9960315243781491,-0.06936768258878837,0.6736954707983083,1.0547993850513497,0.0,0.0,0.0,0.0
0.0036512590963294514,-0.700747881382775,0.7685659054279386,-0.006989046960773031,-0.6600955611799679,-0.007021647821238566,0.751116302442543,-0.03909638900594507,0.6268113724877965,-0.8371676185890659,0.0805458384195886,0.6051675889008079,-0.7875379827593014,0.07260102638118315,0.668659585524487,0.99469856781834,-0.05925478686611343,0.6773127177285273,1.0583136393639874,0.0,0.0,0.0,0.0
0.005406124590551171,-0.7013314186080808,0.7686596645809146,-0.007125894601200806,-0.6602566958454322,-0.006844434267219051,0.7509750135237301,-0.03815496035477365,0.6369179340356388,-0.8525904759130651,0.08193968226478152,0.6178806013041178,-0.8067854351903242,0.07935338582268406,0.6708065490983093,0.995055271166182,-0.05335410621645557,0.6824858379794139,1.0623922266410266,0.0,0.0,0.0,0.0
0.008050511470827065,-0.7019587445498483,0.7689143238542376,-0.006980692557757449,-0.6607274420157662,-0.006899390854799735,0.7505617334400608,-0.0369938640702593,0.6519245383937692,-0.873170506624316,0.08376297675022938,0.6360310991267609,-0.833148698057451,0.08390059753036867,0.6768554891409975,0.996406607225722,-0.05156672999105824,0.6896716187829004,1.0664414329065484,0.0,0.0,0.0,0.0
0.011533934441393596,-0.7028947602051415,0.7695721640973516,-0.006397467453979017,-0.6616661993845164,-0.007308440794792033,0.7497356198656788,-0.03484203259006892,0.6706512904708765,-0.8948519281878681,0.08673773158298376,0.6593480793693758,-0.864627119028437,0.0864029302605263,0.689150075076418,0.9957865207634804,-0.0543039585645872,0.7001434565323945,1.069113687709294,0.0,0.0,0.0,0.0
0.01585907970497078,-0.704634970492966,0.7717783718728354,-0.004816326663324679,-0.6638442637698083,-0.00850309096136961,0.7478069897383254,-0.03008322782953203,0.691487443220732,-0.9056281441070124,0.09232872093699931,0.6881005432270125,-0.8942826564821563,0.08410017050237518,0.7184746069963612,0.9829638552562074,-0.06690363801957037,0.7199994889398643,1.0625993832515352,0.0,0.0,0.0,0.0
0.01886013995096467,-0.706464002672191,0.7730759101732165,-0.005523670843760728,-0.6621429280793142,-0.00823693638066336,0.7493119408724398,-0.025872348901241175,0.7095189867344658,-0.9373368046083242,0.08281256440883422,0.6581269739652085,-0.8607167573611533,0.05362197392981664,0.7018287147075021,1.018290915725425,-0.0418122149785955,0.7326261301040008,1.058183958571738,0.0,0.0,0.0,0.0
0.02250903824231732,-0.7081441453721778,0.7745093228510623,-0.005459843280124228,-0.6615261781469879,-0.008407243491735108,0.7498550686595822,-0.021819520969319398,0.7293307859992045,-0.9646966216473186,0.0725322453983659,0.6374278086545707,-0.8439316555291416,0.02957907295258339,0.6951970338856146,1.0459784380051194,-0.028933001902916464,0.7468628918900936,1.053548951880654,0.0,0.0,0.0,0.0
0.026150280661488442,-0.7097500842140111,0.7761171589407061,-0.004944251044538395,-0.661639195127936,-0.008845892671307837,0.7497538796397877,-0.017735043693414443,0.7478284891144319,-0.9848823428286418,0.06344584765250151,0.6243644276986842,-0.8383839265428309,0.013375985728584356,0.6930972954086672,1.0690038562178552,-0.023021013962224637,0.7624298736155833,1.0475027592038626,0.0,0.0,0.0,0.0
0.029431619290903672,-0.7113399502311514,0.7777615800230163,-0.004373884190608843,-0.6618752134866023,-0.009331204774287758,0.7495431939032012,-0.013562218352664895,0.7639047698738249,-1.0002855136669275,0.055783129023468235,0.6151931124341864,-0.8388601823637193,0.002004791954875962,0.6917521505336061,1.0886731634353888,-0.01771876044513364,0.7779355615903621,1.0404635331895302,0.0,0.0,0.0,0.0
0.03217307363937877,-0.7129473427820521,0.7793361929009692,-0.003882426843660546,-0.6620053168234594,-0.009782977613804986,0.7494252335011695,-0.009256579020148266,0.7768174480969311,-1.0115601501719937,0.0494466368420481,0.607722574804379,-0.8424500441690135,-0.006817511570130424,0.6897228174600182,1.1058891336509584,-0.010319745359184972,0.7924512058400457,1.033239462820111,0.0,0.0,0.0,0.0
0.034334841042198694,-0.714562525641482,0.7808019586856002,-0.0034804942309856414,-0.6620051310373272,-0.01018591126113893,0.7494220038482586,-0.0048713696565808404,0.78644160357534,-1.018904044452636,0.04410652694111078,0.600885400099746,-0.84758927025119,-0.014272613909792748,0.6867177932711418,1.1214077694379168,-0.00042576306557193765,0.8056600386984077,1.0262729212030117,0.0,0.0,0.0,0.0
0.03596230562685656,-0.7161506641189762,0.7821614089749835,-0.0031427279623802923,-0.6619151306145379,-0.010548312040577042,0.7494979761397548,-0.0005189049789832657,0.793103044440939,-1.0226598467006474,0.03937218974750604,0.5941781964269778,-0.8534215746388716,-0.02092722835799509,0.6828535852131455,1.135829397113484,0.011203687004190659,0.8175365705190928,1.0196217880447274,0.0,0.0,0.0,0.0
0.03713926004418359,-0.7176693294362807,0.7834271051565596,-0.0028297567226795166,-0.6617642640249458,-0.010903742636585211,0.7496273472418995,0.003701563256068233,0.7973517445823379,-1.0234469646633535,0.03493645191060621,0.5872691108322454,-0.8594651770368954,-0.0272099627578692,0.6782769705711419,1.1495845858645468,0.02301984722212118,0.8279127598066836,1.01315134162774,0.0,0.0,0.0,0.0
0.037961817028772694,-0.7190940518117552,0.7846045469716033,-0.0025251552778023877,-0.6615860377237468,-0.01126071415617906,0.7497804575984286,0.007711256095871119,0.7997502845116382,-1.02194045625167,0.030592871460899347,0.5800062513693016,-0.8654879255929637,-0.03335863309025964,0.6731767917335626,1.162976155073619,0.03407990377293409,0.8368436935503349,1.0068568807597562,0.0,0.0,0.0,0.0
0.03852400306748351,-0.7204343715731868,0.7857036418574123,-0.0022928417445782514,-0.6614546870232756,-0.011526795458770929,0.7498930409585931,0.011403137762867882,0.8007513815571007,-1.0186519488361099,0.02612913020635006,0.5726079440264187,-0.8714580061436508,-0.03909297820217708,0.6678537532738477,1.1762439531936422,0.04626618191995097,0.8455087360914768,1.0009520520369661,0.0,0.0,0.0,0.0
0.03890316625001436,-0.7216755866353661,0.7867373160698049,-0.0021154402706465877,-0.6613895837707127,-0.01171341125064676,0.7499480911296047,0.014738728297369089,0.8008001590046985,-1.0140921386539095,0.0214642446438214,0.565045949219892,-0.8772893333921465,-0.04452603622438411,0.6624782299351817,1.189504572283114,0.05912633844385824,0.8540760456284764,0.9953281973752646,0.0,0.0,0.0,0.0
0.039144983016167374,-0.7227791108656453,0.7877113271072838,-0.0019117071302808808,-0.6612814427420863,-0.011955331644297861,0.7500401781945202,0.017801477236463525,0.8003389771111452,-1.009126637188098,0.01669684842829687,0.5568068578496761,-0.8828762362975286,-0.050411320650288326,0.6567637932879999,1.2026371624449743,0.06915904040097126,0.8610918800802515,0.98956158155227,0.0,0.0,0.0,0.0
0.039295191221997185,-0.7237506248280221,0.7886200344434271,-0.001690126795323126,-0.6611479305457185,-0.012230959142309528,0.7501539582279018,0.020570734220245423,0.7995974246191653,-1.0040783590600828,0.01179306733734437,0.5480022599890791,-0.8881659457475384,-0.05660837018364227,0.6508631467333882,1.215631419705576,0.07651266370921654,0.8667529421012122,0.9838046623882584,0.0,0.0,0.0,0.0
0.0393762523410372,-0.7246412537464383,0.7894424584067448,-0.0015288383591140885,-0.6610540795424845,-0.012434363446938641,0.7502336657196741,0.023048595039386183,0.7985416382315603,-0.9989100968965848,0.00673132082209512,0.5391754783649321,-0.8931971033296543,-0.06275520086654267,0.6452134680177023,1.228264576906992,0.08449155664143726,0.8723097262766009,0.9786408097978712,0.0,0.0,0.0,0.0
0.03941585242575179,-0.7254547760869757,0.790141694766221,-0.0014224939254849445,-0.6609941845491372,-0.012567380877252909,0.7502844296939255,0.025246852068825286,0.7973134908201313,-0.9940011353326933,0.001501353966898965,0.5307861979939588,-0.8976778194191442,-0.06886223165557695,0.6400803641273822,1.2401560729111702,0.0931905604754041,0.8776235485334187,0.9744456842861463,0.0,0.0,0.0,0.0
0.039450848821961725,-0.7261676396163063,0.7906753014915575,-0.0013189478528787162,-0.6609243005715691,-0.012702058879445668,0.75034391247665,0.027198484458486678,0.7961981346312214,-0.9899949838855422,-0.003862071166313547,0.5235403068873901,-0.9009776701035598,-0.0753653789873208,0.6359659945137444,1.2503177466755597,0.10050720319032615,0.881688265145717,0.9714493835588124,0.0,0.0,0.0,0.0
0.039497712271682035,-0.7267810096699101,0.790994924464136,-0.0012179627835813254,-0.6608365319339293,-0.012837533649234291,0.750419077821186,0.028909310114641998,0.7952890331434977,-0.987260849375155,-0.00940212050051632,0.5186963492118195,-0.9021775918629273,-0.08244708343111835,0.6337358042694957,1.2570635739037723,0.10641183482099288,0.8842387393209723,0.9701352258838709,0.0,0.0,0.0,0.0
0.039524498748946375,-0.7273312848947036,0.7910614153066715,-0.0011379326186742873,-0.6607240622927169,-0.01295595820356324,0.750516196869723,0.030459612947918546,0.7943360564153026,-0.9856429859442712,-0.01508902431206621,0.5173729762728531,-0.9002283015904635,-0.0903894953626834,0.6346889794067206,1.257563819509234,0.11192668541484031,0.8852594060341867,0.971002401786304,0.0,0.0,0.0,0.0
0.03947473164957435,-0.7278543368413825,0.7908766218084194,-0.0010842821951965154,-0.6605764246790515,-0.013050552214335372,0.7506445860573854,0.03193336212202489,0.7929588523496028,-0.9846111705865178,-0.020733156514862357,0.5194889320338605,-0.8951526696070621,-0.09903659096846938,0.6385957310721949,1.2517217450594775,0.1176851296102023,0.8847618883806148,0.9741097063527244,0.0,0.0,0.0,0.0
0.03933308925955969,-0.7283680569842275,0.7904908698262351,-0.0010452924101101576,-0.660398463105525,-0.013129628821828295,0.7507998336032307,0.03337721173444331,0.7910385986634737,-0.9837333996746184,-0.026272358990560695,0.5239401900314541,-0.888028181200174,-0.10813424102714533,0.644125359633485,1.2422461983742907,0.1236190562634788,0.8829623962064023,0.979003275558518,0.0,0.0,0.0,0.0
0.03907784378513014,-0.7289004747253852,0.7899736901914927,-0.0010060562060734684,-0.6601985687425158,-0.013205001842130106,0.7509743441740158,0.03486518144274309,0.7883972864361564,-0.9823836768750608,-0.031623659800883934,0.5295173703431582,-0.8797382698073586,-0.1174712032746526,0.6504816775166881,1.2307923486879861,0.12969967665826662,0.8801783116940001,0.9850709616394839,0.0,0.0,0.0,0.0
0.038677954745423335,-0.7295051306338648,0.7893915180310324,-0.0009626715646792216,-0.6599704512103568,-0.013281066012342708,0.7511735419183988,0.03653226924708766,0.7847677086891075,-0.9798911405888105,-0.03667888474539116,0.535355578598635,-0.8708510870422923,-0.1268587774914932,0.6571144464640984,1.2182256227641044,0.13607292786754496,0.8766412375732275,0.9918105784739608,0.0,0.0,0.0,0.0
0.03808127746218364,-0.7302030303990956,0.7887899277610944,-0.0008911281636340507,-0.6597175895265147,-0.013379948134405333,0.7513939612133183,0.03844431630838386,0.7798048147636469,-0.9754637109425779,-0.04138400411568179,0.5409588307493945,-0.8616108611268791,-0.1363611830197346,0.6637532619456936,1.2049836046202933,0.1431002793324802,0.8726034783431372,0.9987737931424167,0.0,0.0,0.0,0.0
0.03722981326898921,-0.7310693980291685,0.7882124480134146,-0.0007976648746377589,-0.6594073080512036,-0.013500915257251141,0.7516642143315254,0.040789333771447,0.773056381144286,-0.968357266751603,-0.04565662501264657,0.5460834349997941,-0.8521393098418288,-0.14593617620091948,0.6700165998906631,1.1912260392557694,0.15131833357973606,0.8681050628960025,1.0057057581124762,0.0,0.0,0.0,0.0
0.036055260161873895,-0.7321740745537798,0.7876924807176787,-0.0006828757972372318,-0.6590082864349915,-0.013647829431429654,0.7520115350461538,0.04374080138624182,0.7639972420073821,-0.9577275899193579,-0.04946364447018755,0.5506232476618811,-0.8424602361789089,-0.15566746415768312,0.6756282696797524,1.1770056096238366,0.16135112129046958,0.8631615577291387,1.0123970135905458,0.0,0.0,0.0,0.0
0.03448744907444405,-0.7335899959654728,0.7872566676768218,-0.0005549415818558775,-0.6584806648254483,-0.013818175684903853,0.7524705735851851,0.04746913659186343,0.7520628128653809,-0.9427327020956975,-0.052825063811483365,0.554507619153497,-0.8325793956753207,-0.1657097587074137,0.6803171143328628,1.1623565588989393,0.173885879913522,0.8577362177677755,1.0186779729819555,0.0,0.0,0.0,0.0
0.032465251999624425,-0.7353832605750019,0.7869232645552742,-0.0004346097316872748,-0.6577766320019803,-0.013997029318652815,0.753082861760089,0.05210808075982965,0.7367175841942758,-0.9226515690455388,-0.0558099416759168,0.5576516721473457,-0.8224963108553769,-0.17633939457328504,0.6838277943313846,1.1473661645756372,0.18960497615511102,0.851751998143873,1.0243986718325977,0.0,0.0,0.0,0.0
0.029955910851973237,-0.7375950621593695,0.7866966227759421,-0.00036011848310825705,-0.6568434327310936,-0.014149842294467967,0.7538941286120705,0.057700949915073,0.7175919815103736,-0.8971209724031839,-0.058500035930998937,0.5599599652985043,-0.8121646379505677,-0.18806947697821663,0.6860064723990904,1.1322818632579525,0.20902758854519005,0.8450906956888143,1.0294305083044049,0.0,0.0,0.0,0.0
0.02698592843805285,-0.7402119362733593,0.7865545550681173,-0.00039336875612615036,-0.655624529169071,-0.014213027175907833,0.7549531852183635,0.0641218153336278,0.6947432298407983,-0.8666227808178644,-0.060914889700171324,0.5613570171771364,-0.8013656020077091,-0.20197220170746055,0.6870305418368775,1.1176740262362468,0.23229685267091055,0.8375677624501888,1.0337192114821614,0.0,0.0,0.0,0.0
0.023686183334220883,-0.743119680055904,0.786420108181538,-0.0006372004187398031,-0.6540358479805493,-0.014066676923818893,0.756332487820212,0.07094812689278036,0.669161347188055,-0.8336039449810048,-0.06296866057568164,0.5616729397084741,-0.7893134208549802,-0.22054630410330486,0.6879044665699695,1.104522189908431,0.25918211933143515,0.8288513452485393,1.0374565390806192,0.0,0.0,0.0,0.0
0.020455475222073395,-0.7460289072127921,0.7861391402547125,-0.0012849215413059402,-0.6518462864636542,-0.013516813038791415,0.7582295586202443,0.07735253812436892,0.644468450565863,-0.8059830686157174,-0.06544825624780884,0.5601126228421073,-0.7740339431538058,-0.25153358069786924,0.6917316506453073,1.0938251974084587,0.2889023763678975,0.8182434309558361,1.0411323766852913,0.0,0.0,0.0,0.0
0.017331923032027366,-0.748797793713925,0.785447632885354,-0.002516167587329492,-0.6488889713546238,-0.012336787956985944,0.7607789267703957,0.08279478342397953,0.6220898488444185,-0.7886044523507183,-0.06807485386072339,0.5546190122263105,-0.7542226029680286,-0.30267483649395793,0.6990182194954505,1.0871189572913111,0.3219685112177882,0.8041822730798301,1.0464353039026701,0.0,0.0,0.0,0.0
0.01454362272276361,-0.7511664663426236,0.7841100424209152,-0.004276619602439494,-0.6452080689325779,-0.010473574692328414,0.7639231391587992,0.08653543885524936,0.6045403773881245,-0.7865203051816461,-0.0724027051628734,0.5425852102489429,-0.7283678211168393,-0.37634611873319157,0.7078872656434085,1.0871566366580718,0.3538871023020694,0.7850794187883554,1.0547712151848685,0.0,0.0,0.0,0.0
0.012502410011513811,-0.7527115285013382,0.782071072407661,-0.005942407524234202,-0.6413234912754928,-0.008284648683652885,0.7672028623038479,0.08763519603572008,0.5943550097989464,-0.8006400274185506,-0.0803371997663632,0.5217093715436678,-0.6952470553058638,-0.44752813888202236,0.7093647752763468,1.097780099220105,0.37377562902172545,0.7609244536657036,1.0665868089166066,0.0,0.0,0.0,0.0
0.012642112798673028,-0.7529727305230007,0.7820313621445929,-0.005925418316908035,-0.6412946465063288,-0.008147140908056327,0.7672285773321511,0.08790796572521202,0.5941572305244647,-0.8006432802790757,-0.08040620174180398,0.5217158508007975,-0.6952370441419912,-0.44755571181704085,0.7093693022201621,1.0977865845608912,0.3738134239875719,0.7607951977684654,1.0664450123288247,0.0,0.0,0.0,0.0
0.012642112798673028,-0.7529727305230007,0.7820313621445929,-0.005925418316908035,-0.6412946465063288,-0.008147140908056327,0.7672285773321511,0.08790796572521202,0.5941572305244647,-0.8006432802790757,-0.08040620174180398,0.5217158508007975,-0.6952370441419912,-0.44755571181704085,0.7093693022201621,1.0977865845608912,0.3738134239875719,0.7607951977684654,1.0664450123288247,0.0,0.0,0.0,0.0
0.012561900455489949,-0.7538013242565512,0.7826448066821775,-0.0057364403642687104,-0.642871587258466,-0.008553910187963346,0.7659047239495418,0.09024997442834966,0.5886130923698102,-0.7810682100844678,-0.07765962830907017,0.5206287903397925,-0.6848815072505647,-0.45580606930088585,0.721047987408119,1.0945062301244575,0.38470568701607455,0.7714144056820753,1.0652683805021899,0.0,0.0,0.0,0.0
0.012784459489838454,-0.7549663324660283,0.7829911207582357,-0.005418668821358278,-0.6437956795329645,-0.009067131702029736,0.7651245311487478,0.09361087543348919,0.5847361272918004,-0.767701133047825,-0.07420676092921319,0.5243029390992775,-0.6868024071130499,-0.46036634018480416,0.7291406297020877,1.0918507903638022,0.3958563698132844,0.7786864072832259,1.0665433630811225,0.0,0.0,0.0,0.0
0.013545922013842505,-0.7564908064164957,0.7830561288417531,-0.004958246510006334,-0.6442430940413678,-0.009687956872648975,0.764743352415165,0.09804891222288355,0.5839932500622506,-0.7621602072577078,-0.07001211710552957,0.5342881473128235,-0.7028195330526228,-0.46291312443241406,0.7349958588646244,1.090794196933002,0.4086435033973975,0.7839887467138312,1.0709989349006017,0.0,0.0,0.0,0.0
0.014991333558854883,-0.7584461546493374,0.7828086929782612,-0.004344509259405394,-0.6444429456694359,-0.010412864937109823,0.7645691513918129,0.10373577763522568,0.5868163896977888,-0.7641929063343478,-0.06489545032805154,0.5509244503250225,-0.7324802303323767,-0.4652506587103204,0.7401053824905776,1.0922199531306143,0.4262253409698996,0.7891941829854962,1.079592141245233,0.0,0.0,0.0,0.0
0.017258876721590734,-0.7609530626400767,0.7822534066796876,-0.0038031404139948666,-0.6454999154248331,-0.011153034925231845,0.7636694344554333,0.11093377233858284,0.5917910704845201,-0.7668901851291314,-0.05841880486372218,0.5722259684083135,-0.7668697955292583,-0.4735272740198242,0.7507057817645988,1.0984465286427412,0.4655646064971338,0.803672315520665,1.0947780124928617,0.0,0.0,0.0,0.0
0.020077942847326054,-0.7644461053217496,0.7839276977300819,-0.0067528431221487144,-0.6480543386867027,-0.007823811878612055,0.7615239728247536,0.10434900618699713,0.5943279768498434,-0.7732731002759825,-0.05425783430628554,0.594170184336478,-0.7762431417905736,-0.4155109523802214,0.762573235535227,1.0859356169739625,0.3656054092271217,0.7811122703436895,1.0904293857864553,0.0,0.0,0.0,0.0
0.023356659297561623,-0.768020698101618,0.7850635409294408,-0.009097906602720602,-0.6507978411421332,-0.005311052617731205,0.7591779704260909,0.09814567888588593,0.5950559729230637,-0.7846644793579581,-0.04869245111808924,0.6192290018918927,-0.7938767244584171,-0.36239559089088524,0.7738824323072827,1.0770797984139195,0.27604905145789005,0.7597579185188802,1.0940469664926094,0.0,0.0,0.0,0.0
0.026851058889320562,-0.7715058748530905,0.7858957342623941,-0.0103602922261436,-0.6529558014390818,-0.00396040415896245,0.7573147964426239,0.09436193145412528,0.593651614239352,-0.7967544976029193,-0.04201866554758426,0.6468920899423726,-0.8223841062553361,-0.32050507754288166,0.784529938214708,1.069068739175905,0.21815024525076138,0.7458569909387213,1.1025924108486584,0.0,0.0,0.0,0.0
0.030155323521762922,-0.7746855922936721,0.7864970304699993,-0.010937207397277106,-0.6545638291800363,-0.003361795232570015,0.7559201474734824,0.09151961310248193,0.590921455437918,-0.808128502019606,-0.035168374734861584,0.6731872560251063,-0.8535897980084326,-0.2882405577085033,0.7940346914713488,1.0619405814463825,0.18230601345456438,0.7378146413676697,1.1138058515170204,0.0,0.0,0.0,0.0
0.0330506926789829,-0.7774127210631314,0.7870257323779688,-0.011179125856502737,-0.6557997764955169,-0.003124130627666799,0.7548456266690136,0.08907864602720364,0.5878370327191029,-0.8190043387562673,-0.028911786652901957,0.6958670954405923,-0.8814944181827554,-0.26308998087579316,0.8026562766749266,1.0550887088418202,0.15902274981302206,0.7326391787706916,1.1268040532102874,0.0,0.0,0.0,0.0
0.035467980202469364,-0.7796596645811451,0.7875601516264735,-0.011273924251260142,-0.6567655075579419,-0.0030489611108479734,0.7540044234288552,0.08668151727774946,0.5846247153783428,-0.8294703566780957,-0.023550017811466907,0.7144892917372684,-0.9042716541410964,-0.24319099702414154,0.8104480106549923,1.0482171346192848,0.1425723295157152,0.7285169355151322,1.1406485405438227,0.0,0.0,0.0,0.0
0.037420493156376654,-0.7814657339840372,0.7881336773470143,-0.011317417190407702,-0.6575319139478435,-0.0030348994735548748,0.7533355743580741,0.08405040626399835,0.5812541375540884,-0.8396106161828808,-0.01912945982652329,0.7293626522860844,-0.9218516351105334,-0.22715721901925123,0.8174668786683628,1.0412037046716123,0.1298074444560717,0.7244952120134325,1.1547608745640303,0.0,0.0,0.0,0.0
0.03896157131331199,-0.7829016525698936,0.7887539810653,-0.011353498445824995,-0.6581506666745665,-0.003034707786132165,0.7527945194922164,0.08100604699171102,0.5776233459900199,-0.8494935893895509,-0.015556667195996523,0.7410583944371371,-0.9348590641951714,-0.21394385484547135,0.8237916593849861,1.034017084634668,0.1190455431072574,0.7201342961971023,1.1688466863648521,0.0,0.0,0.0,0.0
0.04015864999708735,-0.7840471568940394,0.7894143361564401,-0.011397955667457509,-0.6586598867428912,-0.003030349011305381,0.7523483615901041,0.0774675999487347,0.5736310492734568,-0.8591705984870632,-0.012675293676268535,0.7501913714176852,-0.9441347455547439,-0.20275786150783814,0.8295055993067689,1.0266784995524612,0.10939708173327653,0.7152730454841238,1.1827831989341209,0.0,0.0,0.0,0.0
0.04107828350790341,-0.7849780393336014,0.7901006070765685,-0.01145247932606643,-0.6590878077502156,-0.0030185198678887508,0.7519727328368415,0.07343178720944271,0.5691955215563999,-0.8686807833810616,-0.010314709853986984,0.7573231370884,-0.9505155424761725,-0.193001263123038,0.834680472404542,1.01924308635782,0.10039231926794731,0.7098903676170809,1.1965355171405032,0.0,0.0,0.0,0.0
0.04177833813818507,-0.7857599010041029,0.7907951160026715,-0.01151300477761485,-0.6594547961337137,-0.00300195238070716,0.7516500587767798,0.06894318887110587,0.5642543387064916,-0.8780526236587209,-0.008317554658411823,0.7629233060593199,-0.9547402745336155,-0.1842135395081949,0.8393578798390222,1.0117905635775117,0.09178256722083766,0.7040313198463463,1.2100985518675027,0.0,0.0,0.0,0.0
0.0423046031089811,-0.7864463448134958,0.7914773704256055,-0.011575408089778414,-0.6597734335653289,-0.0029830926136887917,0.7513695012757902,0.06406345224912813,0.5587672317792152,-0.8872942735175342,-0.006553614126735544,0.7673600681640379,-0.9574252600128416,-0.1759818415346594,0.8435115818056016,1.0044274492111356,0.08343947452304432,0.6977694814575733,1.2234509663988644,0.0,0.0,0.0,0.0
0.04269077595446479,-0.7870779985676757,0.7921225147750456,-0.011635953219312826,-0.6600530193131623,-0.002965272614061385,0.7511230414829386,0.05885299581413677,0.5527707018494412,-0.8963675923099633,-0.004921279255287627,0.7708999296474759,-0.9590563486359591,-0.16801383859514424,0.8470765826128344,0.9973196118232499,0.0752749535079324,0.691207979275128,1.2365158285569178,0.0,0.0,0.0,0.0
0.04297717573111393,-0.7876879403469973,0.7927001198504968,-0.011680881499928257,-0.6603040965032468,-0.002962884857214864,0.7509016436669574,0.05345198213282379,0.5465133788440263,-0.9051176192350958,-0.0033266930254464817,0.7738305423818226,-0.9601904912068105,-0.16041218859022946,0.8500907002409962,0.990729631170002,0.06729901609430773,0.6846063158629783,1.2491004180492078,0.0,0.0,0.0,0.0
0.04318418375091508,-0.7882897060200543,0.7931805026286114,-0.011671096740735343,-0.6605674909686675,-0.003029630418928182,0.7506698320272052,0.048005742639401244,0.5406980048677676,-0.9132276544537068,-0.0016727616618373734,0.7762521061822681,-0.9610367601676914,-0.15443123369785564,0.85301568271854,0.9850382801546089,0.05934432787308022,0.6784006034860779,1.2607610699710308,0.0,0.0,0.0,0.0
0.04329644080569009,-0.7889109898546648,0.7935241327537864,-0.01162050275433365,-0.6608199202107115,-0.0031423574483625174,0.7504479479338405,0.04252206915184146,0.5361089470275446,-0.9200340220113381,7.783345026922666e-05,0.7781503267636043,-0.9617930301636909,-0.14908222668565466,0.855234831814469,0.9804745699393973,0.051468039469227164,0.6728626006101853,1.2705018060034252,0.0,0.0,0.0,0.0
0.043279194402047784,-0.7896269853713604,0.7936381740234825,-0.011696481667016128,-0.6608585926121217,-0.0030580667349837647,0.7504130603308975,0.03672760947079931,0.5329094530121993,-0.9244734901879665,0.0018094271499060738,0.7796578035729721,-0.9634359279371675,-0.1372815798469656,0.8532100164084283,0.9771222338679693,0.04478342351139081,0.6679442585152517,1.2764344998262114,0.0,0.0,0.0,0.0
0.04316037362252913,-0.7903571918114425,0.7934848639951062,-0.01169147143184868,-0.6609291189935073,-0.0030793564563635126,0.7503509357134427,0.031046208839332737,0.5333639982220943,-0.9257720982702706,0.003695878516459517,0.780502221978426,-0.9652346576111765,-0.12800707518384039,0.8505229669080432,0.9762796113832802,0.038512390152093456,0.6660497287617141,1.275973139403775,0.0,0.0,0.0,0.0
0.04295245972577105,-0.7910325535557969,0.7930977683843499,-0.011337764010089256,-0.6613206122054066,-0.003584558285534513,0.7500091025590392,0.02592143986497824,0.5389032524806683,-0.9240821641478871,0.0060274943162423895,0.7803407512144851,-0.9660319642626786,-0.13083497868462413,0.8514919468845592,0.9786794248105269,0.030941079324027343,0.6682119928063431,1.2692921027027317,0.0,0.0,0.0,0.0
0.04253167263062962,-0.7918802630478939,0.7924360699874032,-0.011159498461958642,-0.6614432516249976,-0.003816596591290529,0.7499024763689521,0.0205137771652456,0.5453803945259303,-0.9198346635812542,0.008440393803963058,0.7795054390555916,-0.9675690245027436,-0.12457778308644882,0.8468605666836575,0.9822288775243923,0.025065439310448006,0.6707197961449103,1.2588231788520985,0.0,0.0,0.0,0.0
0.04187252138032438,-0.7928916128857986,0.7915777809258275,-0.011017237231559113,-0.6614466595588032,-0.003966950111845448,0.7499007936714658,0.01509842612601495,0.552322292003742,-0.913954094469574,0.011145990103187476,0.7777058741664891,-0.9688418294758624,-0.11404494714631455,0.839119982561407,0.986568728475291,0.01994283265441661,0.6733197053579666,1.246347090651419,0.0,0.0,0.0,0.0
0.04096626913588682,-0.7939942851422473,0.7905664362772447,-0.010651667264640306,-0.6616293288977991,-0.004405812270299227,0.749742463746699,0.010099460868318116,0.560215380737037,-0.9073150217027397,0.014419195442212245,0.7744449956982841,-0.968339680100858,-0.10906315367126615,0.8327473500127233,0.9922725356829717,0.013978259487757777,0.6766400724597363,1.2330651725826598,0.0,0.0,0.0,0.0
0.039731508764104445,-0.7952704029936742,0.7894037509370747,-0.010201562817115803,-0.6618245941286964,-0.004924789879772827,0.7495731326342445,0.0053164094838938,0.5676800211923307,-0.9001049761511848,0.01820030983260741,0.769576526849214,-0.9661407301158335,-0.10339630277588935,0.8250618717396782,0.9985036560206197,0.008174070500720023,0.6797518803580902,1.2193034184061031,0.0,0.0,0.0,0.0
0.03808769469039205,-0.7968007452308202,0.7881176164364327,-0.009774465876530823,-0.6619075534726145,-0.005362936817414327,0.7495025612907662,0.000686172041497954,0.5739235002786366,-0.8923011182452235,0.022479951980767056,0.7629116653628276,-0.9620722534759469,-0.09263695221934234,0.8142726167090761,1.0042636930906548,0.003205265640377375,0.6819961201312569,1.2051115984597431,0.0,0.0,0.0,0.0
0.03598239802890645,-0.7986000093406327,0.7867346566101519,-0.009341587931003372,-0.6619161854400756,-0.005760272993198167,0.7494975099641296,-0.0036446569036782187,0.5791261338765776,-0.8840201065864289,0.027328584327866404,0.7541012305075331,-0.9553846173315195,-0.07820407273183352,0.8010858706000941,1.0092133953671907,-0.0011579367582531747,0.6834036295672676,1.1905508979739963,0.0,0.0,0.0,0.0
0.033373984838107364,-0.800663453962176,0.785263078351739,-0.008892529339305398,-0.6618780648796195,-0.0061366336480577315,0.7495336495986215,-0.007591686873044303,0.5834750304534603,-0.8754363463994504,0.032739774354711815,0.7427890855499112,-0.9453667305586541,-0.06132434722259913,0.7860205868119018,1.0131972787924668,-0.005060603679047189,0.6840391529992078,1.1756309282074169,0.0,0.0,0.0,0.0
0.03023495805113164,-0.8029758991424419,0.7837146280983548,-0.00845401295415261,-0.6617870721034309,-0.006464723887842591,0.7496163073244827,-0.011159978651823516,0.5870625479317053,-0.8667549688206119,0.038619540346308295,0.7286788104358504,-0.9314150040316437,-0.04231908556109766,0.7692190255932241,1.0159499803670404,-0.008522881323155351,0.6838893779015761,1.1603047843379675,0.0,0.0,0.0,0.0
0.026568912677882556,-0.8054972794283191,0.7821151474117956,-0.008057658889243622,-0.6616408290841607,-0.006717499744898791,0.7497475325862876,-0.014438634712159238,0.5900939472787332,-0.8582547307936903,0.04481300896799646,0.711567499491213,-0.912970972686357,-0.021812767745580088,0.7510523193005126,1.0171674464239133,-0.011705769797960779,0.6829901104326626,1.1445564856954447,0.0,0.0,0.0,0.0
0.022431276436840834,-0.8081574841032381,0.7805041711977221,-0.007729829212832065,-0.661448016827353,-0.006881499561009897,0.7499196061840856,-0.01767273340242198,0.5929817084139308,-0.8502916507401767,0.05111444725268089,0.6914550538691349,-0.8896890521369113,-0.0008154399089148681,0.732192714777535,1.0166051800096765,-0.014978928271670383,0.6814956496671227,1.1284857974156641,0.0,0.0,0.0,0.0
0.017962698856902708,-0.8108585786006784,0.7789278254851916,-0.007477410756418786,-0.6612361733011143,-0.006971736995511841,0.7501081297584662,-0.021325439571514403,0.5964703468994924,-0.8432310099647709,0.057300241340899866,0.6687621371472158,-0.8618147187530442,0.01933379134941468,0.7136207747395054,1.014265063919196,-0.019085770115582955,0.6797965367236569,1.1124548211124579,0.0,0.0,0.0,0.0
0.01364924949261469,-0.8135989702286733,0.7774272359300604,-0.007270124620850328,-0.6609244296250112,-0.007032959936180983,0.7503842889395986,-0.025397258971830605,0.601052528064431,-0.8362293161219244,0.06346026845563442,0.6464999336744598,-0.8343440211291099,0.03812321524652265,0.6963112395822957,1.0103544436220528,-0.024762087913032683,0.6794911506400373,1.096504895057915,0.0,0.0,0.0,0.0
0.009748685454598324,-0.8161356543060068,0.776160600031559,-0.0070595420748591,-0.660611175580678,-0.00713679614980532,0.7506611110909663,-0.03023068070739421,0.6075806540934446,-0.830516959719432,0.06913684516746506,0.6258541837078051,-0.8082454542401538,0.05323485682257044,0.6821860292873836,1.0050873350767409,-0.0338893105637109,0.6799112548114683,1.0812678264860933,0.0,0.0,0.0,0.0
0.0066287646164405,-0.8181797098177921,0.7752405874114899,-0.00679013187998675,-0.6603358217204247,-0.007341542910172948,0.7509038543046386,-0.03542274114109021,0.6160046454971301,-0.8276357909532069,0.07377543389123724,0.6088808896156639,-0.7863693141475951,0.06280182957800662,0.6725303176005933,0.9995586945121325,-0.0481921224860431,0.680107454439897,1.067033624419925,0.0,0.0,0.0,0.0
0.004801223455767428,-0.8193512429554611,0.7745276028294344,-0.006507562238550752,-0.6601805094379749,-0.007600597258058164,0.7510403301509501,-0.03969942953458006,0.6245092451101377,-0.8298031661732646,0.07653964713953713,0.5984593950384806,-0.7735537639313231,0.06598690566417867,0.6669339398470406,0.9978256989242892,-0.06652937657437245,0.6792788048051428,1.0550084793608674,0.0,0.0,0.0,0.0
0.004764915538733033,-0.819524714791909,0.774430143697934,-0.006390538057008275,-0.6601933397313259,-0.007566200379295178,0.7510304040513675,-0.03968762116043902,0.6245365934529582,-0.8298203675896564,0.07672767914574846,0.5982464792929616,-0.7735055075852261,0.06597284569661992,0.6667977071193947,0.9977363331759124,-0.06654474339411375,0.6793235359200174,1.0550251334533889,0.0,0.0,0.0,0.0
0.004764915538733033,-0.819524714791909,0.774430143697934,-0.006390538057008275,-0.6601933397313259,-0.007566200379295178,0.7510304040513675,-0.03968762116043902,0.6245365934529582,-0.8298203675896564,0.07672767914574846,0.5982464792929616,-0.7735055075852261,0.06597284569661992,0.6667977071193947,0.9977363331759124,-0.06654474339411375,0.6793235359200174,1.0550251334533889,0.0,0.0,0.0,0.0
0.004764915538733033,-0.819524714791909,0.774430143697934,-0.006390538057008275,-0.6601933397313259,-0.007566200379295178,0.7510304040513675,-0.03968762116043902,0.6245365934529582,-0.8298203675896564,0.07672767914574846,0.5982464792929616,-0.7735055075852261,0.06597284569661992,0.6667977071193947,0.9977363331759124,-0.06654474339411375,0.6793235359200174,1.0550251334533889,0.0,0.0,0.0,0.0
0.005578859860107266,-0.8200673646734631,0.7744072525090023,-0.006847355758263999,-0.6600243543921174,-0.00714642927694404,0.7511790025533048,-0.038924499317527214,0.6293003707816289,-0.83925304103038,0.07771083605927628,0.6048850259089164,-0.7843340479546235,0.07546542677308545,0.6651028848458684,0.9963563363376979,-0.05594947475716343,0.6828869235803178,1.0585323803673523,0.0,0.0,0.0,0.0
0.0073141777887950074,-0.8206305585115383,0.7745032970858351,-0.006995937624826088,-0.6601675866637084,-0.0069652280091648,0.7510534601305986,-0.03802588385409447,0.6393352855551868,-0.8546392526577664,0.07904674185761658,0.6174870434737382,-0.8034554448642452,0.08215176342818221,0.6671580489877025,0.9966938901568799,-0.04989509309653681,0.6881111948165973,1.0623904054918853,0.0,0.0,0.0,0.0
0.00994197810229432,-0.8212148967897168,0.7747611258979485,-0.006851773257057977,-0.660646211866612,-0.007020371657239967,0.7506332995087038,-0.036964221002993104,0.6542819374346626,-0.8750582834700921,0.08074709774629422,0.6354766094043484,-0.8295030501877849,0.08643139051998083,0.6732198221275744,0.9981899142138746,-0.04832734496272219,0.6953769980386263,1.0661359644111295,0.0,0.0,0.0,0.0
0.013412782563370718,-0.8220894070472825,0.7754159491277512,-0.006249314262163303,-0.6616317104649445,-0.007439465254968454,0.7497660169247501,-0.03495721496110555,0.6729402166769203,-0.8963763491416944,0.08354320014480464,0.6585878384211913,-0.8604748453759841,0.08839371103469923,0.6856685961552097,0.9979667509493737,-0.05180163662296808,0.7059142914536447,1.0684990143192787,0.0,0.0,0.0,0.0
0.01772375721753384,-0.8237565262983152,0.7775767102299238,-0.004626509974674991,-0.6638920975098979,-0.008647717057922888,0.7477640638992011,-0.030390760791272207,0.6936408797048057,-0.9066683189285036,0.08889902118456836,0.6870551544562093,-0.8895544003888878,0.08533052505788745,0.715064197450515,0.9860898568901765,-0.06574545768212064,0.7255902344712666,1.0619430526085518,0.0,0.0,0.0,0.0
0.020692464009686988,-0.8255245923130383,0.7788505698789999,-0.0054000205576279475,-0.6620939153753828,-0.008366645674228422,0.7493547132306799,-0.02630028022737505,0.711738716342321,-0.9390917680439844,0.07949353885500782,0.657436368120408,-0.8572698963738494,0.05438942874827616,0.6985653575036668,1.020410741913499,-0.039964484400422065,0.7380552076818795,1.0572787974967595,0.0,0.0,0.0,0.0
0.024297101364861483,-0.8271535923635517,0.7802395787626334,-0.005356231342081079,-0.6614587836237151,-0.008533718381274476,0.7499138377196638,-0.022364088041531734,0.7313629254017666,-0.9664212458765338,0.06933045116239037,0.6369708029541182,-0.8412703090196579,0.03002692253673681,0.6922249172149728,1.047523014771871,-0.027136339003581283,0.7520330485331738,1.0526443394002933,0.0,0.0,0.0,0.0
0.02790945109609888,-0.8287029861327233,0.7818078711868515,-0.004832294540253926,-0.6616030851042285,-0.008978058401966879,0.7497849032738483,-0.018421392097077636,0.7497198017577729,-0.9863769011564011,0.060251828522213925,0.6241411847958992,-0.8361695202197073,0.013650108088995565,0.6905188423461739,1.0703236725679717,-0.02185348631576523,0.7673925013607534,1.0466061688869577,0.0,0.0,0.0,0.0
0.03116531311530983,-0.8302384764768246,0.7834185199184737,-0.004256613528145903,-0.6618689124091218,-0.009465728618607287,0.749547746317309,-0.014391243609813685,0.765693299887716,-1.0016094696447129,0.05252977192218565,0.6151223946305405,-0.8368873753979615,0.002173874401572174,0.6894387496749022,1.089932887779877,-0.01716348227345072,0.7827199126915676,1.039552396100807,0.0,0.0,0.0,0.0
0.03387734421624601,-0.8317976351848007,0.7849649134028215,-0.0037668481832367987,-0.6620088900301903,-0.009918940719673605,0.7494208797403228,-0.010208835549321376,0.7785082332785019,-1.012802916801095,0.0461175391716007,0.6076918657291555,-0.8405851436666483,-0.0067615493157594225,0.6874914464773932,1.107138596904774,-0.010221527866949147,0.7970354421119843,1.0322869220396802,0.0,0.0,0.0,0.0
0.03600474131007486,-0.8333695416723692,0.7864070547342713,-0.003361095412748458,-0.6619957141404225,-0.010336487848639268,0.7494288055020926,-0.005913092282594982,0.788031306876731,-1.020125454620792,0.04072381778865062,0.6007734797336695,-0.8457403722360851,-0.014405281351221513,0.6844145407887859,1.1226496525816199,-0.0009068814556959289,0.8099042912677445,1.0252408709595195,0.0,0.0,0.0,0.0
0.037595858911693016,-0.8349224451299355,0.7877415080427962,-0.0030112142154460238,-0.6618805591905315,-0.01072550749509067,0.7495265315140955,-0.001612972709568358,0.7945792953932975,-1.0238772313547642,0.035976046015605584,0.5939014156357796,-0.8515462218663412,-0.021317571660645768,0.6804026310412495,1.1370630783873816,0.009978581234362014,0.8212996933042089,1.018550033376703,0.0,0.0,0.0,0.0
0.03874091246874708,-0.8364294217317607,0.7889800994253777,-0.0027196263614614434,-0.6617384788073044,-0.01105717242220124,0.7496482696813715,0.0025495436391586076,0.7986640166277571,-1.0245390099442897,0.03151529622104477,0.5869780710081117,-0.8575980866759618,-0.027622379118115402,0.6757797651537641,1.1508453529643867,0.02229255348876079,0.8317172055843498,1.0122644568466517,0.0,0.0,0.0,0.0
0.03953904330428976,-0.8378618577722318,0.7901432511263494,-0.0024843467966857804,-0.6616211844296298,-0.011318091487258892,0.7497487159975759,0.006456253478185816,0.8008645581731259,-1.0227199848931763,0.02707627860805898,0.579976028962746,-0.8636590851328817,-0.03341424593149376,0.6708103517486591,1.1643091233318812,0.03571452856826382,0.8415884381817347,1.0062661566465387,0.0,0.0,0.0,0.0
0.04007328938568672,-0.8391750798688214,0.7912460284525301,-0.0022468819679917103,-0.6614816001044218,-0.011595013992239766,0.7498683883824115,0.010094216621031377,0.8017859273340555,-1.0193229992477446,0.022580540960548283,0.5725265016056753,-0.8695458755449141,-0.0392663479282646,0.6654068822608374,1.1775691177544148,0.047678913680813395,0.8501502419573945,1.000176038564617,0.0,0.0,0.0,0.0
0.04041825278677815,-0.8403485451931663,0.792286292094446,-0.0019704887198991857,-0.6613009565825663,-0.011936306272545629,0.7500231240366896,0.013462131752238555,0.8018991709534004,-1.0150478877220475,0.018007147886765225,0.564408278592663,-0.8751774738479807,-0.045448135857975545,0.6595498089107723,1.1907434701827286,0.056374729592091576,0.8568905536641627,0.9939225134874289,0.0,0.0,0.0,0.0
0.040640678696981354,-0.8414251535341203,0.7932583892697599,-0.0017393295827860884,-0.6611675926923238,-0.012218903081118854,0.7501367125488085,0.01650742737050528,0.8014150061391742,-1.0100877939298158,0.013264688645593816,0.5560119498391473,-0.8806709555558345,-0.051565268956538894,0.6537090832631668,1.2038489844057239,0.06502665079112496,0.8633337872342721,0.987988356312986,0.0,0.0,0.0,0.0
0.04078714686397931,-0.8424276538980194,0.7941543071768601,-0.0016111786140156393,-0.6611288396081755,-0.012360166492858498,0.7501688395461983,0.019184264327387193,0.8005103244666257,-1.0047046519802736,0.008241000123872914,0.547627781880226,-0.8860429717548576,-0.05722355755314766,0.6480954185166512,1.2169808378126208,0.07610666322084464,0.8705361282848061,0.9827031174569278,0.0,0.0,0.0,0.0
0.040862422771530224,-0.8433321792279111,0.794961203982217,-0.0014821817992320921,-0.6610835421609909,-0.012508829322663197,0.750206559961967,0.021622790082387273,0.7993450756922625,-0.999329243219073,0.0031435722017695194,0.5389672181141507,-0.8910960420576511,-0.06320318545095209,0.6426002585408793,1.2296802545815628,0.0858146303426987,0.8767630189681443,0.9778344285122695,0.0,0.0,0.0,0.0
0.04088881187326002,-0.8441197138950258,0.795656667817822,-0.0013342574027035063,-0.6609705588585281,-0.012708914010165119,0.7503030211748521,0.0238448577471827,0.7981505508854845,-0.9945903317462589,-0.002017366833760659,0.5303137342959194,-0.8954912610886523,-0.06966090801648579,0.63722754391348,1.2415190808879533,0.09268207950094386,0.881232411107531,0.973442403827709,0.0,0.0,0.0,0.0
0.040911792426254125,-0.8448088691320409,0.7961983563044522,-0.0012035323476040512,-0.660869303116088,-0.012885520635611854,0.7503894182800644,0.02579029831977375,0.797055894644919,-0.990640218420227,-0.007344703105295125,0.5229239497049709,-0.8987103872516821,-0.0763602248994088,0.632941421021475,1.2516513350727303,0.09864902150467535,0.884770872316156,0.9702005016874775,0.0,0.0,0.0,0.0
0.040960915858017796,-0.8454108172554107,0.7965237529621039,-0.001106122553383107,-0.6607907577882042,-0.013014902055469216,0.7504565032292506,0.027463023446635888,0.796182962363901,-0.987913244401707,-0.012904924612932099,0.5181190471956304,-0.8998802968276922,-0.08345553026109606,0.6307498972854095,1.2584171986444863,0.1046016413725406,0.8874313741295136,0.9688121748785169,0.0,0.0,0.0,0.0
0.04099731767546191,-0.8459540990792963,0.7965897427162095,-0.0010325697258130695,-0.6606929138583755,-0.013121999710383688,0.7505408852958587,0.028979806785178842,0.7952899450319767,-0.9863494754866206,-0.018623375833952356,0.5168428700269475,-0.8979263897821183,-0.09141788132407397,0.6317930949358546,1.2589568516549716,0.11040273244833503,0.8886386383800859,0.9696989580611168,0.0,0.0,0.0,0.0
0.04095705180203393,-0.8464699593654402,0.7964033300828588,-0.0009790207804977241,-0.6605512391881788,-0.013215079811778654,0.7506640151165107,0.03043294576203489,0.7939802177351837,-0.9854052475067301,-0.02427131438046537,0.5189582004472488,-0.892851368557501,-0.1001143283703683,0.6357588507515259,1.2531359611665116,0.11620677007281398,0.8882046985844776,0.9728211861886586,0.0,0.0,0.0,0.0
0.040825547774829656,-0.8469760908094798,0.7960184004616327,-0.0009361229885337096,-0.6603733035135821,-0.013299088112776854,0.7508191246469933,0.03186427212179948,0.7921387645827778,-0.9846354199622664,-0.029801907325001434,0.5233868253496525,-0.8857281775758326,-0.10928293006863508,0.6413314720200721,1.2436659248326196,0.12201548414330929,0.8864010467404861,0.9776979011309891,0.0,0.0,0.0,0.0
0.04058195391008038,-0.8475023828861787,0.7955049370880003,-0.0008918275035649087,-0.6601725256934867,-0.013380744180426566,0.7509942720476398,0.03334551368733826,0.7895837622723957,-0.9833944111707196,-0.03514188719673068,0.5289443811103686,-0.8774430929786284,-0.11869130894096419,0.6477364554332602,1.2322088020772954,0.1279611404988993,0.8836206043520659,0.9837305050985236,0.0,0.0,0.0,0.0
0.04019735814558303,-0.8481106153491447,0.7949305236857485,-0.0008454548816577165,-0.6599426409048982,-0.013460775252803278,0.7511949170828468,0.03502881193886644,0.7860440167860085,-0.9810075796669313,-0.04017496078516825,0.5347784108959177,-0.8685733912040775,-0.1281122650435199,0.6544179217528644,1.2196290829297691,0.13420638459993783,0.8800947608904142,0.9904417579114406,0.0,0.0,0.0,0.0
0.0396168158020383,-0.8488083300580098,0.7943380957625447,-0.0007654867953475359,-0.6596907786627464,-0.013568397867404606,0.7514142593514028,0.03695227083167237,0.781180441707797,-0.9766721238772365,-0.04486343638370582,0.5403816810990729,-0.8593478138351164,-0.137670482289072,0.6611334281815142,1.206373779389649,0.14115157671328013,0.8761107023700914,0.9973545887785289,0.0,0.0,0.0,0.0
0.03878317327755402,-0.849678224165507,0.7937730402423167,-0.0006616009337004646,-0.6593801146949034,-0.013700209909302053,0.7516845953440722,0.03932147645306166,0.774537077616709,-0.9696550934350112,-0.04911599144011759,0.54550846450318,-0.8498924377068104,-0.14729696797762423,0.6674721443127255,1.1925962802381742,0.14932116528947986,0.8716837547005433,1.0042254554213286,0.0,0.0,0.0,0.0
0.037627644723955515,-0.8507910677728938,0.7932695954440945,-0.0005339881383996618,-0.6589783695194918,-0.013860650097663381,0.7520339791132912,0.042313219007615505,0.7655861713559512,-0.9591083266375329,-0.052897654877865095,0.5500486102116641,-0.8402261451554635,-0.157080523214601,0.6731521941960548,1.1783467478251246,0.15935019104952067,0.8668304511536656,1.0108411430443958,0.0,0.0,0.0,0.0
0.03607976263794374,-0.85222052976449,0.7928550842057215,-0.00039039717800413195,-0.6584449351153605,-0.014047782345146448,0.7524976909081884,0.04610061131316127,0.7537616426630572,-0.9441872750420105,-0.05622718495431791,0.5539266349812199,-0.8303491431219259,-0.16717897641285223,0.6778957254010609,1.1636609614442324,0.1719343882505036,0.8615148230314648,1.0170297328666729,0.0,0.0,0.0,0.0
0.034078360309485876,-0.8540330896400836,0.7925480220392346,-0.0002512669387505432,-0.657731411171113,-0.014247066135140374,0.7531177522342192,0.05081879928112011,0.7385281819818991,-0.9241723025502897,-0.05917314927567961,0.5570506144106198,-0.8202528360017959,-0.1778706826303252,0.6814397562203441,1.1486313054942692,0.18776221697492937,0.855659460031879,1.0226418932326513,0.0,0.0,0.0,0.0
0.03159106180004745,-0.8562696947114496,0.7923522276406122,-0.00015462107714824642,-0.6567848970063337,-0.014424095609819254,0.7539399980254005,0.056510369263083136,0.7195190796846627,-0.8987072693498749,-0.06181767314617982,0.5593157629916392,-0.8098782751177797,-0.18966956891916056,0.6836235451730175,1.133516157717428,0.2073496742008732,0.8491425166819586,1.0275548349268309,0.0,0.0,0.0,0.0
0.02864529052640738,-0.8589156499083598,0.7922436421293091,-0.00016226956624578956,-0.6555493029296721,-0.014515109198619364,0.7550128453887133,0.06304561233464669,0.6967984299854788,-0.8682904776172169,-0.0641822197585532,0.5606341094055168,-0.7989858738093699,-0.20365041061379732,0.6846216889910829,1.1189052236459214,0.23082183632062236,0.8417694479543201,1.031728851445329,0.0,0.0,0.0,0.0
0.025373226831860458,-0.8618541136336954,0.792141207731646,-0.0003776401793808572,-0.6539401191058988,-0.014399056659181923,0.756409178407417,0.06999383630948611,0.6713699834033022,-0.8354106508358122,-0.06618818532165409,0.5608115096410561,-0.7867501927495845,-0.22232499550294843,0.6854418080944357,1.1058000143882982,0.2579241270911999,0.8331853800160307,1.0353845865529752,0.0,0.0,0.0,0.0
0.022172522097750853,-0.8647953507822248,0.7918847367712477,-0.000993231993809499,-0.6517282495875257,-0.01388319144761243,0.7583248375037014,0.07652817353092073,0.6468420438592145,-0.8079728784461939,-0.06864236172425295,0.5590243563468816,-0.7711668383450807,-0.2534522912901675,0.6891557091650212,1.0952568067423205,0.28783669754897967,0.8226571740906491,1.0390603589025347,0.0,0.0,0.0,0.0
0.019075658417152013,-0.8675962481812562,0.7911934651794168,-0.002187740326887348,-0.6487459699436503,-0.012740897447505568,0.7608952291914877,0.08210687512845624,0.6246025048455934,-0.7908289028112155,-0.07126886443993621,0.5531422799540524,-0.7508412030503888,-0.3047623233206912,0.6962394440442642,1.088858655891684,0.3210495404674525,0.8085181261170983,1.0445925551860276,0.0,0.0,0.0,0.0
0.01630724192558512,-0.8699889522651155,0.7898355566038012,-0.003905678403198483,-0.64504215252737,-0.010917012011074562,0.7640590199636532,0.08596572301627467,0.6071474562762433,-0.7889650385453881,-0.07566565699892555,0.5405246678178106,-0.7240812368952574,-0.37814495925380387,0.7046491609344101,1.0894925207571282,0.35292072381816214,0.7891773634955401,1.0533282528793337,0.0,0.0,0.0,0.0
0.01426766518547378,-0.8715513518041555,0.7877614488811364,-0.005544368199032733,-0.6411285299857887,-0.008749873326503356,0.7673636085561429,0.08714882058467745,0.5969523654846219,-0.803263942842878,-0.08368741874812503,0.5186595761700524,-0.6894669565639329,-0.4493170064548641,0.7054187022404577,1.1011043340852098,0.3727822843606883,0.7646696032415504,1.0656173808397043,0.0,0.0,0.0,0.0
0.014411387503696383,-0.8718191114345092,0.7877222418791671,-0.0055204343166113485,-0.6410975144001448,-0.008612391116483082,0.7673912486822929,0.08743269974547307,0.5967571540111429,-0.8032675201072598,-0.08375728582686222,0.5186654126805826,-0.6894561936704335,-0.44934475360125825,0.7054219476365593,1.1011107459933442,0.37281921930731843,0.764544244006268,1.0654765680553342,0.0,0.0,0.0,0.0
0.014411387503696383,-0.8718191114345092,0.7877222418791671,-0.0055204343166113485,-0.6410975144001448,-0.008612391116483082,0.7673912486822929,0.08743269974547307,0.5967571540111429,-0.8032675201072598,-0.08375728582686222,0.5186654126805826,-0.6894561936704335,-0.44934475360125825,0.7054219476365593,1.1011107459933442,0.37281921930731843,0.764544244006268,1.0654765680553342,0.0,0.0,0.0,0.0
0.014342137866460268,-0.8726218866030944,0.7883558668638868,-0.005336734097319445,-0.642677151143339,-0.009008037140256313,0.7660655676470102,0.08969438322683342,0.591383750850259,-0.7839158633465755,-0.08108971465166646,0.5175360267984077,-0.6789124472487121,-0.4577191778446862,0.7172121538989412,1.0977609300798012,0.38374201515889234,0.7753686896616147,1.0640483720260139,0.0,0.0,0.0,0.0
0.014573998265238891,-0.8737551856351616,0.7887206539366308,-0.005025781125691831,-0.643598645812047,-0.009513356451220308,0.7652875411778295,0.09297119879250294,0.587695745272564,-0.7708262788227128,-0.07772644918739897,0.5212025418671238,-0.6807405792429119,-0.4624520793931119,0.7254013994160865,1.0950411942343643,0.3948295983035022,0.7827944386982223,1.0650651700906146,0.0,0.0,0.0,0.0
0.015345266625527234,-0.8752458214885606,0.7888038701976722,-0.0045714799597289905,-0.6440410234660378,-0.010133204958446454,0.7649101776163437,0.09733452038015769,0.5871517205272337,-0.7655723254179063,-0.07362062264811504,0.5312539132133609,-0.6968184538286847,-0.46525982171743796,0.7313711266168411,1.0939230602899912,0.4074602042383328,0.788221208737209,1.0692507711781514,0.0,0.0,0.0,0.0
0.016805496161153146,-0.8771674714797218,0.7885657384420073,-0.00396105991919172,-0.6442381824202659,-0.01086587562738917,0.7647374759111775,0.10296300957343149,0.5901911502172041,-0.7679181726040671,-0.0685875828947329,0.5480554358724272,-0.7267522240046111,-0.4680308565476437,0.7366181282060053,1.0953838119909725,0.42487424141905655,0.7935344292733102,1.0776526400610096,0.0,0.0,0.0,0.0
0.019101077274181838,-0.8796537178128255,0.7880345813759385,-0.0034213550813314317,-0.64532923086295,-0.011616740944974481,0.7638085685910169,0.1101351412683118,0.5953671126407651,-0.7706634599256379,-0.06216693549631851,0.5695952167562423,-0.761319271967631,-0.4770828674062452,0.7476911577906483,1.1016131369212028,0.46487754894834976,0.8086375362031794,1.0926071456642896,0.0,0.0,0.0,0.0
0.021934213433245347,-0.8831700776607935,0.7897507008772776,-0.006456081494370801,-0.6478985227420566,-0.008184714491244607,0.761655324729694,0.10360995370973965,0.5970756352085457,-0.7756767312726365,-0.058094815972695904,0.5916669288356048,-0.7703877939844692,-0.418014616016415,0.7596344676297506,1.088860411527279,0.3645980450124212,0.7853691092864692,1.0890611592023267,0.0,0.0,0.0,0.0
0.02524211042916194,-0.886767497758617,0.7909170295199982,-0.00886770343772975,-0.6506708504160027,-0.005593263177275918,0.7592875105397731,0.09749039415850876,0.5973507572607399,-0.7862789105786514,-0.052587758775208784,0.6169726269421403,-0.7879682355082098,-0.36408812503899934,0.7710619450497078,1.0798565624437295,0.27474000399095955,0.7636621305223493,1.0932001424038948,0.0,0.0,0.0,0.0
0.0287711043148853,-0.8902741433504298,0.79178307773498,-0.010174815496971384,-0.6528604089753086,-0.004192847761019998,0.7573982965057738,0.09378056390928254,0.5957358878040492,-0.7978784730434979,-0.04594471738238993,0.6449687859091974,-0.8166217383112249,-0.32159397988905425,0.7818975079927126,1.0716431477881017,0.21658643944006428,0.7496459698618626,1.1020557278750145,0.0,0.0,0.0,0.0
0.03211327211073547,-0.8934702676530082,0.7924096025002906,-0.010780633720428546,-0.6544942465014278,-0.0035632091529905524,0.7559817211901662,0.09099052190439169,0.5929134174944193,-0.8089540968645359,-0.039118969648808705,0.67162408072607,-0.8481238577325478,-0.2889113185559663,0.7915757161171768,1.0643669040666457,0.18058205022253532,0.7416235414213442,1.1134310193342802,0.0,0.0,0.0,0.0
0.035044752575518014,-0.896207972346852,0.792957876515884,-0.011041987063423587,-0.6557500261547119,-0.003305538890527345,0.7548900920878675,0.0885800731318675,0.5898063955162977,-0.8196665957972603,-0.03288683531746997,0.6946227221367662,-0.8763271864570099,-0.26348490595586205,0.8003545894675604,1.0574046778565414,0.1571790172889124,0.736518616216802,1.1265118388352824,0.0,0.0,0.0,0.0
0.03749491679733053,-0.898460997215953,0.7935076904295715,-0.011150491435286122,-0.6567296683491625,-0.003216666745893478,0.7540367778204167,0.08620140018017881,0.5866066954796036,-0.8300573120776997,-0.0275497542770232,0.7135130260644948,-0.8993740450074698,-0.24340319693667492,0.808280395685758,1.0504506135152476,0.14064556780080467,0.7324876066389314,1.1403957372514035,0.0,0.0,0.0,0.0
0.03947713853458857,-0.9002701829699875,0.7940934384190408,-0.01120423645433605,-0.6575051167116217,-0.003192420647846218,0.7533600036064558,0.08358433488195989,0.5832653096249926,-0.8401772868065752,-0.023153026313719183,0.7286108547477501,-0.9171930209862645,-0.22724353447843987,0.8154092123534562,1.0433760139907182,0.1278327959330697,0.7285662700077117,1.1545267193491606,0.0,0.0,0.0,0.0
0.04104534458901123,-0.9017073801704114,0.7947234788721821,-0.011248473648848002,-0.658129338185453,-0.0031839845854859453,0.7528141259981165,0.08055326823886257,0.5796709304260038,-0.8500735731962065,-0.0196024083805015,0.7404974290431334,-0.9304144167301103,-0.21393766095350306,0.82182237380255,1.0361453967398087,0.11705469508739656,0.7243098092659638,1.1686241078269688,0.0,0.0,0.0,0.0
0.04226767726064597,-0.9028528985896541,0.7953915255956988,-0.011299727908681504,-0.6586417606670009,-0.0031725895767750296,0.7523651254078967,0.07702812581186035,0.5757183465858611,-0.8597842558262286,-0.016741452098803906,0.749796420711264,-0.9398848228567098,-0.2026839985822545,0.8276089884105378,1.028778445515987,0.10741701141588883,0.7195554473081874,1.1825735468316325,0.0,0.0,0.0,0.0
0.04321139723126705,-0.9037825366597385,0.7960838735254864,-0.011359752190345818,-0.6590722058467502,-0.003155173170200215,0.7519872528126649,0.07300536573890518,0.5713271962000556,-0.8693405121229624,-0.014399715452231416,0.7570758179114809,-0.946443449466981,-0.19290055396203637,0.8328551914415508,1.0213307066024977,0.09844280186113225,0.7142839412294629,1.1963459835547685,0.0,0.0,0.0,0.0
0.04393485536290864,-0.9045617545679604,0.7967835556995057,-0.011424490915668191,-0.659442195086611,-0.0031346794077516528,0.7516619227629403,0.06852819227860761,0.5664373872815761,-0.8787640401070539,-0.012420459929242202,0.7628099046791662,-0.9508291742712428,-0.18413946750072063,0.8376152904500606,1.0138787529039759,0.08987434795650648,0.7085408233124364,1.2099392142070398,0.0,0.0,0.0,0.0
0.04448283972279225,-0.9052458257550887,0.7974692664857875,-0.01149583217423738,-0.659757886650007,-0.0031048379568507437,0.7513838811333392,0.06364210691626766,0.5609707350600992,-0.8880504984558336,-0.010680857870533026,0.7673732885017839,-0.9536817944553827,-0.17574302165540057,0.8417550068951503,1.0065128863666373,0.08159709887856711,0.7023645687920685,1.2233248027360173,0.0,0.0,0.0,0.0
0.04488549879416056,-0.9058786024321698,0.7981074426722722,-0.01158903485603498,-0.6600093176400855,-0.0030431155991793414,0.7511618562911886,0.05835336782422209,0.5548372311736326,-0.8971517001535266,-0.009102994061908707,0.7710352964370434,-0.9555557190209973,-0.1667096779980391,0.8448574430416484,0.9994120032309156,0.07358360048733989,0.6957560088989106,1.2364169045529365,0.0,0.0,0.0,0.0
0.045203241153722463,-0.9064849888960308,0.7986566424002848,-0.011670831722036376,-0.6602282905714715,-0.002991962974881491,0.7509683376638094,0.052877228479546456,0.5483689515191219,-0.905955275283546,-0.00758036268108536,0.7741590305687865,-0.9571318446492197,-0.15804682765125563,0.847304310503514,0.9930452973700675,0.0658837460486394,0.689155627280555,1.2490675207321909,0.0,0.0,0.0,0.0
0.045456734108144214,-0.9070064482998381,0.7991289364574709,-0.01153016757933984,-0.6606687487265308,-0.0032610904918334376,0.7505819242298047,0.04760379250719561,0.5433578240308974,-0.9143491202610117,-0.005870632983740717,0.7764900394447366,-0.9574954637570531,-0.1582587093140911,0.8528450090650451,0.9881909789445704,0.057247487909015043,0.6837528634456844,1.2609660733885546,0.0,0.0,0.0,0.0
0.04562417815938019,-0.9075406902062659,0.7995431816646883,-0.011250540292367819,-0.6611906418137389,-0.0037011376235152396,0.7501244310788427,0.042638257261559814,0.5402228574523693,-0.9213241447225607,-0.003937204554301129,0.7782868817677069,-0.9573053126690071,-0.16253349671871817,0.8595734720911656,0.9840216193233021,0.048268490856429605,0.6794106380298421,1.2709004980520804,0.0,0.0,0.0,0.0
0.04550596174884833,-0.9084707666647985,0.7996256877580226,-0.011854689180573062,-0.660568564318074,-0.002831829318077877,0.7506667828816617,0.035869048717975485,0.5338421286519565,-0.9251683862192142,-0.0026524633251623015,0.7803572619025372,-0.9612478289945383,-0.126940194798023,0.8472070435617518,0.9785002183000426,0.04482555440650883,0.6718062676577078,1.2762389760820814,0.0,0.0,0.0,0.0
0.04537913868579249,-0.9091933145590765,0.7994573116647741,-0.011867869917872056,-0.6606751971873434,-0.0028527293023238357,0.7505726476635056,0.03013442089903262,0.5342923638515921,-0.926447383607661,-0.0007668651545994117,0.7810986305933039,-0.9627729414483935,-0.1194837537485245,0.845147247043603,0.9777922333761128,0.03869038834672171,0.670073336343745,1.2759321878944028,0.0,0.0,0.0,0.0
0.04526599508321605,-0.9096138270029214,0.7991714715650184,-0.010793880425010258,-0.6618369151147062,-0.004378924728483312,0.7495573460083238,0.026058073417425165,0.5437865989739653,-0.9255937062418382,0.0021735356490254886,0.7802590546253921,-0.9608492110805479,-0.1496025225018192,0.8582929244847154,0.9822924992064692,0.027285293317121734,0.6753063390098601,1.2696219951922822,0.0,0.0,0.0,0.0
0.04477695647143766,-0.9105781052034138,0.7984894589324876,-0.010851654355950285,-0.6617185242744795,-0.004282554046236472,0.7496615876250997,0.02034786954848389,0.548961032628159,-0.9209400134899648,0.004486382045830016,0.7795470103545269,-0.9630397951947661,-0.13501048764799625,0.8500012485519095,0.9848784014094583,0.022819574552169455,0.6767933272478998,1.2591049458137529,0.0,0.0,0.0,0.0
0.04397860624349258,-0.9118725975765433,0.7976392742254758,-0.01127065824544913,-0.6610434122119131,-0.003609772157716632,0.7502543228658628,0.01416006098234209,0.5527226510129143,-0.9142217917768726,0.0068841909492238975,0.7782942514002811,-0.9664758965312161,-0.10151984944615333,0.8323731837699759,0.9862844657158147,0.02147559402234995,0.676787301986469,1.2459600575006535,0.0,0.0,0.0,0.0
0.04307216992285224,-0.9129457534848996,0.7966530996322139,-0.010682110585310413,-0.6615038700046564,-0.0043753439748786165,0.749852904806941,0.009678502272185086,0.561945844923103,-0.9076418402820475,0.010495956872451459,0.7747532506586454,-0.9649073193610406,-0.10634017601540194,0.8303698734373682,0.9924816745150079,0.013957811538616294,0.6810300071474283,1.2329729509532188,0.0,0.0,0.0,0.0
0.041843930072857485,-0.9141661738438607,0.7954387533071186,-0.010025539203138943,-0.6619471291173037,-0.005194989348012607,0.749465475457489,0.005222890016025565,0.5704214533177936,-0.900715077824096,0.014518118125030479,0.7695891394485713,-0.9619763515160518,-0.1090912205871626,0.8260563814625713,0.9999967423247026,0.007122202838361924,0.6850150191631101,1.2195609749385197,0.0,0.0,0.0,0.0
0.04016069709927203,-0.9157519502699205,0.7940912325691132,-0.009668177252119204,-0.6619565022248499,-0.005533096543643671,0.7494594721220771,0.00050037422512528,0.5761089454134886,-0.8928320040297933,0.018822508173749437,0.7629204870059874,-0.9582828628961304,-0.09566322906487967,0.8138016599105033,1.0058769462233308,0.002892356101541451,0.6869252108115658,1.2054304115267587,0.0,0.0,0.0,0.0
0.03801438810750738,-0.917622010513846,0.7926846655195389,-0.009294107798990961,-0.6618954300333141,-0.005841143703337876,0.7495158039037414,-0.0038515415026181077,0.5808739043115407,-0.8843912922536961,0.023747638118376303,0.7541489666807103,-0.9519060076674826,-0.07874960188552842,0.7994511869837599,1.010543279010157,-0.0009209066507514722,0.6879653632832112,1.19089204743318,0.0,0.0,0.0,0.0
0.035375474522514924,-0.9197380583828101,0.7911957979192452,-0.008848813115887295,-0.6618491558174853,-0.006205772787763772,0.7495591249756277,-0.007729780663976829,0.5851067824202442,-0.8757230633559476,0.029288122191988272,0.7428401017996556,-0.9420028927782128,-0.06141368413497801,0.7841577615688331,1.0144043159582434,-0.004637300155612934,0.6884564500499689,1.1760651171523766,0.0,0.0,0.0,0.0
0.032211631470051974,-0.9220947567079192,0.7896244701584388,-0.008401536471027038,-0.6617611325966202,-0.006538492315929275,0.7496391569866124,-0.01122437123294859,0.5886338215404634,-0.8670068975262355,0.03529851635873433,0.7287324797127973,-0.9281686897029847,-0.0423153153244059,0.7672637751117083,1.01714541923871,-0.007946683068494286,0.6882287581105455,1.1608491895347441,0.0,0.0,0.0,0.0
0.028524554991983957,-0.9246582871985429,0.7880003892471167,-0.007998647239842597,-0.6616128291390291,-0.006791566417480206,0.7497722057975871,-0.014437405344744268,0.5915938901170892,-0.858492180543907,0.041614059778219394,0.7116415901708372,-0.9098898794879041,-0.021624924913697854,0.7489551927871324,1.0183572862538413,-0.010947953310448996,0.687258698097385,1.145204678973874,0.0,0.0,0.0,0.0
0.02436948255640995,-0.9273587622799592,0.786365437685936,-0.007666625665932151,-0.6614137628520423,-0.006951777566263946,0.7499498182875104,-0.01760689587116436,0.59441452049254,-0.8505353650064206,0.04802968577660604,0.6915657818012557,-0.8868072504662627,-0.000414140291494558,0.7299408243102453,1.0177703625828143,-0.01402637987075803,0.6857061060602587,1.1292312467992134,0.0,0.0,0.0,0.0
0.01988624454328354,-0.9300961216767987,0.7847653206902128,-0.007410942485416718,-0.6611936335550695,-0.007036415830967218,0.7501456830042921,-0.02119626787986753,0.5978551030794372,-0.8435154027197658,0.054318408652541915,0.6689134592509784,-0.859144264084467,0.019906827645509346,0.7112255561967585,1.015402048114482,-0.017915223103285294,0.6839796495822695,1.113290277636062,0.0,0.0,0.0,0.0
0.015560440936295758,-0.9328668753018641,0.7832413997937682,-0.0071989831360729385,-0.6608772442828945,-0.0070948645059004285,0.7504259493970719,-0.02521928166062872,0.6024226706648343,-0.8365928819054388,0.060568128043536805,0.646688143622146,-0.8318643021676165,0.03876823001850542,0.6938188665831464,1.0114843333721324,-0.023324874592908877,0.6837087670445602,1.0974188548446897,0.0,0.0,0.0,0.0
0.011650089088641123,-0.9354257205106837,0.7819523402134229,-0.0069798446365133575,-0.660565225470235,-0.007202557935677116,0.7507016636637291,-0.03002923638984864,0.6089910112280035,-0.8310158893383689,0.0663197202365472,0.626063817942656,-0.8059105337953352,0.05383382561815893,0.6796511889434067,1.0062554328924722,-0.03207857931657234,0.6842711666433207,1.0822440793191372,0.0,0.0,0.0,0.0
0.008523225843119053,-0.937482412713963,0.7810149385738504,-0.0066980206066427,-0.6602982946685322,-0.007418835845741978,0.7509369210875673,-0.035222564547341295,0.6175388329180228,-0.8283461213468113,0.07101569525881091,0.6090897557692286,-0.7840985534799025,0.06326186408566052,0.6700179123304816,1.0007967899414827,-0.04581250496556811,0.684768306344161,1.0680456828809608,0.0,0.0,0.0,0.0
0.006692886397183098,-0.9386613175432136,0.7803045494047998,-0.006403362160734263,-0.6601555942444023,-0.0076942611472171005,0.7510621723174833,-0.03952250103808304,0.62628058956354,-0.8308139993249528,0.07382605606291201,0.5986677807863829,-0.7712480329724188,0.06630603700419173,0.6645536666982667,0.9990202002354152,-0.06343915108380332,0.6843844908909232,1.055980586882971,0.0,0.0,0.0,0.0
0.006655676276095936,-0.9388357879116276,0.7802064355361326,-0.006284995613918174,-0.6601689194380705,-0.0076602266476637525,0.7510518075111795,-0.0395111815652222,0.6263087863600448,-0.8308316961060767,0.07401521654112944,0.5984536728650987,-0.7712001335530243,0.06629586242899656,0.6644151768512131,0.9989311786239709,-0.06345595334770705,0.6844297216978719,1.0559962154462301,0.0,0.0,0.0,0.0
0.006655676276095936,-0.9388357879116276,0.7802064355361326,-0.006284995613918174,-0.6601689194380705,-0.0076602266476637525,0.7510518075111795,-0.0395111815652222,0.6263087863600448,-0.8308316961060767,0.07401521654112944,0.5984536728650987,-0.7712001335530243,0.06629586242899656,0.6644151768512131,0.9989311786239709,-0.06345595334770705,0.6844297216978719,1.0559962154462301,0.0,0.0,0.0,0.0
