root_pos_x,root_pos_y,root_pos_z,root_rot_x,root_rot_y,root_rot_z,root_rot_w,FL_hip_joint,FL_thigh_joint,FL_calf_joint,FR_hip_joint,FR_thigh_joint,FR_calf_joint,RL_hip_joint,RL_thigh_joint,RL_calf_joint,RR_hip_joint,RR_thigh_joint,RR_calf_joint,FL_foot_joint,FR_foot_joint,RL_foot_joint,RR_foot_joint
0.0,0.0,0.741806,-0.006758711164040804,-0.6597561136286221,-0.007681651322997147,0.7514101294140303,0.0,0.610812,-0.785317,0.0,0.610812,-0.785317,0.0,0.698123,1.0472,0.0,0.698123,1.0472,0.0,0.0,0.0,0.0
0.0009384549876447474,-4.7802071410240725e-05,0.7420123404938765,-0.006658727980468549,-0.6600899897443446,-0.007635975931354394,0.7511182055126668,-0.00011215806868232567,0.6164200961986985,-0.7919561653036628,-0.00011215806868232488,0.616727585362748,-0.7925973699371084,-0.0003645139891591832,0.7019511581193231,1.0473209453175834,-0.00036451398915918816,0.7017684242742249,1.0475006490792271,0.0,0.0,0.0,0.0
0.0026891813486775665,-0.00012810435800214158,0.7422528500940996,-0.006621411019350748,-0.660377713809971,-0.007611807223544238,0.7508658285006851,-8.53604687638084e-05,0.6275226312602447,-0.8075852314864749,-8.534070280282719e-05,0.628102695382364,-0.8087208745615179,-0.00019186884551922808,0.7070755497663593,1.048134151706699,-0.00019195619241119675,0.7069325467196236,1.0486134608854747,0.0,0.0,0.0,0.0
0.00519159042382384,-0.00033316688403287476,0.7425463957834666,-0.006600668727045778,-0.6606521244096941,-0.007628970363028437,0.7506244070748791,0.0003021950636602867,0.6431697443794753,-0.8302503533408256,0.0003023228878790031,0.6444896270337501,-0.8327314072580217,0.0008102435427648815,0.7137082949751031,1.0490666322942854,0.0008108385995242352,0.7137503691191867,1.0505187216951573,0.0,0.0,0.0,0.0
0.008387722844177083,-0.0008619060949147071,0.7430608426657018,-0.006529047795004822,-0.6609746286849498,-0.00774601790079689,0.7503398636460439,0.0015931871260062612,0.662169781736693,-0.8567743749237263,0.0015940955948885627,0.6656674132638267,-0.8633647423105053,0.0034624825049452026,0.7229607343000983,1.0479640726223813,0.003473491263477826,0.7232609975359783,1.0522427778413028,0.0,0.0,0.0,0.0
0.012260596372084303,-0.002011772034768873,0.7445122494097173,-0.006275066476259241,-0.6616927951639698,-0.008121560713369289,0.7497048143238711,0.004723585718805564,0.6832869539915221,-0.8802114038864907,0.004730054460129515,0.6917660686476709,-0.896596561116434,0.008233093213696375,0.7401519073464211,1.038194746726181,0.008307521416400267,0.7401346649541071,1.0487737588375172,0.0,0.0,0.0,0.0
0.015454067855276307,-0.0029287811766160474,0.7453262664281627,-0.0057891084763116735,-0.6615219826189581,-0.00841716743687908,0.7498561888970924,0.006990553616734784,0.7010996390565472,-0.9046301507824968,0.003738217337212319,0.666799081467992,-0.8661022502028228,0.008835321870434792,0.7278559519609643,1.0593351957913815,0.009964377762177273,0.7491323077934058,1.0471807762177545,0.0,0.0,0.0,0.0
0.01896982348216645,-0.0037548172286509113,0.7463147518026829,-0.005374423635353608,-0.6613441216693797,-0.008708753412149196,0.7500128171691139,0.009113982391609057,0.7208300635395135,-0.931277381871388,0.004452347296327183,0.6476234339673241,-0.8519049263430997,0.01058559299871112,0.7183137297869628,1.076915367888418,0.011407424046104243,0.7597353238385112,1.0439675160264914,0.0,0.0,0.0,0.0
0.022267603098192378,-0.004586025112007954,0.7474633967021923,-0.004987966098475157,-0.6613251600188262,-0.008990937722098824,0.7500288767501898,0.011294362615578955,0.7387108397034389,-0.9534371263499636,0.006039695849009888,0.6339863896590057,-0.8483304465886825,0.013214322853601709,0.7108551296637218,1.0927496621857358,0.013331658219576223,0.7715863316226907,1.039143628672226,0.0,0.0,0.0,0.0
0.025164014913771654,-0.005401936461712641,0.7486918113639304,-0.004622535224900077,-0.6613884436699309,-0.009264816185901041,0.749972080766346,0.013473121239412167,0.7539793871069836,-0.9707005052313572,0.007760444007393419,0.6241042523278236,-0.850563942114494,0.01627706723468716,0.7046590230510069,1.1074721053182692,0.01553629750500167,0.7835921329722781,1.033054833697217,0.0,0.0,0.0,0.0
0.02757985656020212,-0.006185591166760157,0.7499319044020978,-0.004276342746284398,-0.6614875966746826,-0.009528741328853419,0.7498833745503073,0.015595310650393428,0.766390419583437,-0.9832816106244281,0.009422632047172873,0.6165603769246953,-0.8558718079329549,0.01956277686857308,0.6990676445279159,1.1213997090175243,0.017848601237426945,0.7950013747694656,1.026181849045263,0.0,0.0,0.0,0.0
0.02950828715077428,-0.006918517481834396,0.7511410403873588,-0.0039517112383671785,-0.6615967061603165,-0.009778926156437199,0.7497856726954278,0.01760017819779707,0.7760503736683665,-0.9917254694553763,0.011029718333895542,0.6103040502788841,-0.8627411162018934,0.022937460592545447,0.6936147266454532,1.13473424946905,0.02008880414130595,0.8054074970299707,1.0188932365241488,0.0,0.0,0.0,0.0
0.030987562879102495,-0.007583102838084164,0.7522971764527848,-0.0036526836665922557,-0.6617026616634292,-0.010010961587333663,0.7496906202545568,0.01943000412435639,0.7832721663628311,-0.9967260417998609,0.012620814029352011,0.6046042602811229,-0.8703400374658951,0.026316219619704942,0.6879992916301945,1.1476330082639141,0.022085696200206274,0.8146601128447878,1.0114206749812917,0.0,0.0,0.0,0.0
0.03207941510744337,-0.008165772409514924,0.7533913069162965,-0.0033830881694770277,-0.661799813540458,-0.010221175712089905,0.7496032877991632,0.021040388017430085,0.7884616721548647,-0.9990057395264134,0.0142169432368616,0.5989872362513471,-0.8782157777608218,0.02964759535120139,0.6820502561899647,1.1602272951759711,0.02370241690357915,0.8227709917923848,1.0038962257736588,0.0,0.0,0.0,0.0
0.03285337721383885,-0.008658681756628043,0.7544215340727314,-0.003145387160755369,-0.6618866637264582,-0.010407344952960779,0.7495250750253105,0.022405386416855105,0.7920383635490063,-0.9992380730760999,0.01581519127510387,0.5931657758370957,-0.8861287375908385,0.0329019368120018,0.6756922883472889,1.172624181875261,0.02485219166735794,0.8298400514744352,0.996394199420581,0.0,0.0,0.0,0.0
0.033376568354737964,-0.009059663895854834,0.7553891093207912,-0.0029403124244607192,-0.6619638988052994,-0.010568762447671291,0.7494554373020844,0.023516971624854114,0.7943866619129375,-0.9980052248580193,0.017398599966352502,0.5869741397017803,-0.8939613758958936,0.03606394116609216,0.668918838168256,1.1849031579453253,0.025499250910301485,0.8360030022191657,0.9889625119326406,0.0,0.0,0.0,0.0
0.03370793404349069,-0.009370931295424507,0.7562956181640612,-0.002767106129703986,-0.662033164434764,-0.010705856568571967,0.7493929656377172,0.0243806459833436,0.7958315309872115,-0.995784194636402,0.01894671987105747,0.5803216479064159,-0.9016642785673036,0.03912837084618843,0.6617757557284778,1.1971096829860493,0.025648811390374397,0.8413950489028467,0.981645322185078,0.0,0.0,0.0,0.0
0.033895781770063436,-0.009597187934844157,0.7571403716937957,-0.0026241176191962347,-0.662096181531814,-0.010819588198539537,0.7493361708331753,0.025009445166006897,0.7966312407272235,-0.99295534952215,0.02044170619649696,0.5731770529611679,-0.9092148893535934,0.0420973058402852,0.6543567647968235,1.2092422746503482,0.02533265773856019,0.8461239201882426,0.9745039521520278,0.0,0.0,0.0,0.0
0.03397747019384783,-0.009743746043886573,0.7579172748359149,-0.0025095269194807465,-0.6621539933642023,-0.010910810383100761,0.7492841554198676,0.025418200973346888,0.7969805435535354,-0.9898268437175067,0.021869912173843768,0.5655955531270007,-0.9165707883015323,0.04497658358528976,0.6468105785337562,1.2212246302662202,0.02459647678338443,0.8502463271400884,0.9676433964447748,0.0,0.0,0.0,0.0
0.033980156479946046,-0.00981518149503754,0.7586107798625208,-0.002422040542403482,-0.662206332039229,-0.01097970199182618,0.7492371811855923,0.02561954816788731,0.7970176131640107,-0.9866666258773972,0.023221159563883653,0.5577970858494393,-0.9236043285830465,0.04776738773287316,0.6393596719420687,1.2328475226702853,0.023494533490404697,0.8537440547169818,0.9612496573529407,0.0,0.0,0.0,0.0
0.033921568615313986,-0.009815104040560513,0.759191182226719,-0.0023615142423488054,-0.6622516420624586,-0.011025252321043167,0.7491966561906945,0.025622972105789454,0.7968275780716711,-0.9837281445199538,0.02448887906485826,0.5502898042583961,-0.9300153247922818,0.050448188431498425,0.6323350497984702,1.2436590962085439,0.02209926116880169,0.8565021572262819,0.9556380983419479,0.0,0.0,0.0,0.0
0.0338173438654075,-0.009743505227919554,0.759611461595533,-0.002330607680318674,-0.6622867465459318,-0.011043971933193989,0.7491654452131277,0.025427366564865807,0.7964901870666293,-0.9813406281117583,0.025651869699201014,0.5439877823774271,-0.9352256367410489,0.05293958983404553,0.6262668473906231,1.2527748827223948,0.02050256355838941,0.8583086743393956,0.9512836253098036,0.0,0.0,0.0,0.0
0.0336988046940077,-0.009588493754738685,0.7598130399433175,-0.0023375875674901416,-0.662301637144033,-0.011029070033646402,0.7491524789619873,0.025001330843038905,0.7962092281853776,-0.9801104078524887,0.026609079458611896,0.5401635986238829,-0.9382939625670857,0.0550116411081026,0.6221029560507381,1.2585447645418595,0.01875145751375743,0.8588939627339017,0.9487439117713069,0.0,0.0,0.0,0.0
0.03354519595646199,-0.009361158060586421,0.7597532269251795,-0.0023871152085928266,-0.6623006005683693,-0.01097553672290768,0.7491540253922435,0.024369537019452346,0.7958273955994277,-0.9799607725652227,0.027358478691037073,0.5399655749427057,-0.9381228046551215,0.05630330488606332,0.6212672658909851,1.258221811028138,0.017116477909309424,0.8580606027864324,0.9484822524215865,0.0,0.0,0.0,0.0
0.033315091222528743,-0.009066297065029998,0.759429645475927,-0.0024779917045597414,-0.6622889191609932,-0.010883284124067066,0.7491654031256051,0.023541925583055078,0.7950881583314054,-0.9804876915743658,0.027941403104283474,0.5433617429964637,-0.9347009660096539,0.05681136952396077,0.623692494816704,1.2517891432260875,0.01564465481655241,0.8557357816299886,0.9505182456880584,0.0,0.0,0.0,0.0
0.03298477995304301,-0.008684990000173035,0.7588791408324668,-0.002607150997881912,-0.6622654495797666,-0.010755188686436807,0.749187561944873,0.022470762093473498,0.7939047605094421,-0.9814138647724513,0.028367049378932835,0.54916187960043,-0.9290926263792437,0.05687369749467339,0.6279103776810687,1.2419731078729286,0.01401881704584493,0.8519993504597139,0.9543920499148101,0.0,0.0,0.0,0.0
0.032522799035962884,-0.008202037474380103,0.7581533205505351,-0.002772489555596367,-0.6622343706595739,-0.010594079348924684,0.749216735732412,0.021118166587243425,0.7921351252799643,-0.9822954904053055,0.028656807179254316,0.5560699236115944,-0.9221816069344929,0.05667775900204506,0.6330218028954008,1.2304284952716809,0.011991485048964311,0.8470374034375233,0.9595074037561021,0.0,0.0,0.0,0.0
0.03189006394149043,-0.007604786031479126,0.7572936612597042,-0.0029732545516681624,-0.662199191686691,-0.010402160306235083,0.7492497483134896,0.019454087868400645,0.7895855373544847,-0.9826540490917433,0.028825488387417598,0.5631520051247616,-0.9145325792286111,0.05629100511959884,0.6384704018765811,1.2180328141340822,0.00938820049897503,0.8409811375625247,0.9653706106992981,0.0,0.0,0.0,0.0
0.031041960746385103,-0.006881964674745401,0.7563266269511235,-0.0032090642377207382,-0.6621616940464081,-0.010181839505181403,0.7492849411195982,0.017454712711050382,0.7860236825395976,-0.9820169565171688,0.028876434101984146,0.5698827137852036,-0.9064492323446847,0.05572203312860897,0.6438912586138528,1.2052132770428687,0.00607769625657471,0.8338718264496483,0.9716331641569634,0.0,0.0,0.0,0.0
0.029930678963223194,-0.006024314625963612,0.7552667386443198,-0.003478818455700882,-0.6621221742382872,-0.009936571193210158,0.749321952672573,0.015105044508798994,0.7811883658461627,-0.979914740381428,0.028804409189537646,0.5760368995489215,-0.8980816207952864,0.05496240504337941,0.6490382258666715,1.1921495115592666,0.0019635259568091066,0.8256822632967257,0.9780603204653623,0.0,0.0,0.0,0.0
0.028508037533733245,-0.005026499889473674,0.7541218573769468,-0.003779697642828244,-0.6620802465477291,-0.009671587075082694,0.7493610087404309,0.012404532046440311,0.7747985932010792,-0.9758654534118247,0.028600576636916054,0.5815718751915262,-0.8895250643878015,0.054012029894675836,0.6537452308806925,1.1788870173628228,-0.003006909946154713,0.816357830240188,0.9844833732413063,0.0,0.0,0.0,0.0
0.026729981739470565,-0.003889474060981792,0.7528987222899761,-0.004106323427213226,-0.6620358637500351,-0.009394420714795643,0.7494020270029228,0.009373484407881856,0.7665708743240476,-0.9693695935875485,0.028258936714331124,0.5865548435178405,-0.8808934000246865,0.05289888761450263,0.6579042937322406,1.165398211364275,-0.008828021610534394,0.8058636122296039,0.9907546531346909,0.0,0.0,0.0,0.0
0.02456430372757251,-0.002622386862375656,0.7516083581406205,-0.004450110968641772,-0.6619904471695875,-0.009115137209866987,0.7494436327317896,0.006057509637266494,0.7562560240933857,-0.9599356589269554,0.027787271481228143,0.5911468591533247,-0.8723685033261233,0.051705324986166555,0.6614593890850458,1.151619492727778,-0.015430991002515396,0.7942339072993038,0.9967086566709767,0.0,0.0,0.0,0.0
0.02200348111483627,-0.0012428987922497392,0.75027120915321,-0.004798773800947015,-0.6619481786564356,-0.008846284085617577,0.7494820370104354,0.002526630769307655,0.7437098282088457,-0.9471604580317629,0.027226211429927278,0.5956402853742789,-0.8642351654730503,0.050616728802344434,0.6644239348210447,1.1374866820697844,-0.02270498680040513,0.7816221198170229,1.0021307386202694,0.0,0.0,0.0,0.0
0.019085092207735264,0.00022539685805516912,0.748920780643429,-0.00513578711638278,-0.6619175932908786,-0.008602826548489232,0.749509649543008,-0.0011344061270034795,0.7290173978872948,-0.9309021794451161,0.026676258871730356,0.6005435826959363,-0.8569151149553298,0.05001927006396633,0.6669352347439877,1.1229877259060939,-0.03056157576641584,0.7683438049768962,1.0067458559547342,0.0,0.0,0.0,0.0
0.01592289877209962,0.0017595134239177144,0.7476008586650161,-0.005438603200649672,-0.6619127566883427,-0.008404494183647655,0.7495140349626428,-0.00484412520526328,0.7126989945582838,-0.9116144990635859,0.02632374065515912,0.6066894190547746,-0.851017391675071,0.05069124639508701,0.6693624140505934,1.108239257449352,-0.039076538729259196,0.7548754197175768,1.0102724039445912,0.0,0.0,0.0,0.0
0.012794897327985897,0.0033781580382955846,0.7463463048300687,-0.005676332156147279,-0.6619018314071102,-0.008271500649849267,0.7495233999750549,-0.008646586601840804,0.6964267589076497,-0.8918188998148914,0.026297589859537583,0.6150278542006974,-0.8470916851351046,0.0541693501560777,0.6725776462299308,1.0931788355735987,-0.04888150599962359,0.7416500551361711,1.0125043896530228,0.0,0.0,0.0,0.0
0.010075265224760575,0.005029091079141809,0.7452973135292337,-0.0057997614958379805,-0.6619257806950445,-0.008259732665328675,0.7495014345777762,-0.012375487431801181,0.6823847562778701,-0.8741003980709665,0.026531366395491446,0.6267984267229355,-0.8469713132477931,0.06257412172400788,0.6766654887608826,1.078100664224642,-0.060473160766048036,0.7299585076133045,1.012807773052826,0.0,0.0,0.0,0.0
0.008061993022214739,0.0065265862273367154,0.7445893661308826,-0.0057368938474987256,-0.6620677406081289,-0.008443014788966285,0.7493744794135327,-0.015534500758351466,0.6720809001143446,-0.8598167369212515,0.0273697711334423,0.6430022807387367,-0.8543332344290548,0.07895364531901974,0.680755812074084,1.0631603313146183,-0.07361148649976286,0.7210330441035525,1.011149735030385,0.0,0.0,0.0,0.0
0.007139519113118594,0.007573842352662403,0.744287012648437,-0.005471737400431599,-0.6624364704591074,-0.008853940275073158,0.7490457866092742,-0.017409546963653842,0.6673684365176406,-0.8511481400067156,0.029243069790844387,0.6637808029463893,-0.8744621819417879,0.10282465408183131,0.6844171667700343,1.049173814420578,-0.08675800978098863,0.7161799256052179,1.0088076296817003,0.0,0.0,0.0,0.0
0.007075228759966247,0.00775974993456909,0.7442086335516856,-0.005620661058219399,-0.6624752242362758,-0.008884526994460691,0.7490100470771066,-0.017632909882779022,0.667207945981084,-0.851122721132769,0.02922877376305905,0.6638087980902309,-0.8744734157825838,0.1028449399144161,0.6844454205644216,1.0491824640682188,-0.08674156959067823,0.7160410389836556,1.0087295908024954,0.0,0.0,0.0,0.0
0.007075228759966247,0.00775974993456909,0.7442086335516856,-0.005620661058219399,-0.6624752242362758,-0.008884526994460691,0.7490100470771066,-0.017632909882779022,0.667207945981084,-0.851122721132769,0.02922877376305905,0.6638087980902309,-0.8744734157825838,0.1028449399144161,0.6844454205644216,1.0491824640682188,-0.08674156959067823,0.7160410389836556,1.0087295908024954,0.0,0.0,0.0,0.0
0.0071972580369566415,0.008421152084947734,0.7441188495246343,-0.0055323324405957145,-0.6619047047694635,-0.00894698398446979,0.7495141803724582,-0.019209940452658742,0.670092328324204,-0.858639533152882,0.02767928830319627,0.6639499094228376,-0.8777640931649829,0.09564882565385685,0.6836515796279629,1.0516645059935272,-0.09254307696613351,0.7129794467094094,1.006101350716488,0.0,0.0,0.0,0.0
0.007873214124827482,0.009279052325393694,0.7440738891726731,-0.005602341370095647,-0.6616212137386509,-0.008901299524951573,0.7497644631275441,-0.02138874008463359,0.6765450902973942,-0.8706649282086852,0.02557810406428806,0.6665806941757061,-0.8831822200751768,0.08961461203674694,0.6842563075959801,1.055486400084914,-0.09869689677846226,0.7122657564185121,1.0037357296593274,0.0,0.0,0.0,0.0
0.009260028581562755,0.010275707977634874,0.7441048999492541,-0.005831441307354448,-0.6616151886823934,-0.008734724570140247,0.7497699920533787,-0.024078338404597995,0.687350429529439,-0.888313739326321,0.02303325198907869,0.6727923552221136,-0.892363776772693,0.08518450914026111,0.6866241839776094,1.0603500853160763,-0.1049574659019527,0.7142967195131901,1.0017348060440239,0.0,0.0,0.0,0.0
0.011443143975013044,0.011555593924890457,0.7444677432708859,-0.006293001427433724,-0.6618990036668788,-0.008370058391732821,0.7495198791228598,-0.027741649313699795,0.7032829803514157,-0.911830584082588,0.019587679238617366,0.6828031770840035,-0.9043345091796194,0.08224935458699485,0.6921307875935987,1.064528645824641,-0.11165898898075273,0.7208317865846656,0.9974214464207858,0.0,0.0,0.0,0.0
0.014533985291530448,0.01351097643278412,0.7462014314161088,-0.0073602487555406845,-0.6629909811603099,-0.007460040701830699,0.7485540283981331,-0.033695765766347724,0.7255150743435275,-0.9372058565678941,0.01389675529232784,0.6960524895085357,-0.910682822822716,0.08371161267852373,0.7065265298031985,1.0608753735593288,-0.11763823561502454,0.7406695525081295,0.9813198291456144,0.0,0.0,0.0,0.0
0.016490630516712186,0.015460511807151881,0.7473821047343657,-0.007246011986053696,-0.6620250979743012,-0.007531918368933089,0.7494087904262255,-0.030409876100581684,0.6887134303763797,-0.8898152780484826,0.009070122594276522,0.7052211987849579,-0.9245732275730074,0.06450207380171953,0.7165095693406794,1.0582695912940332,-0.08713210823832453,0.7236652823862494,1.0183348403783958,0.0,0.0,0.0,0.0
0.01917760359531189,0.017226284643996018,0.7488012150917246,-0.007481443522971626,-0.6616108633923531,-0.007332254560799464,0.749774186997054,-0.02790987046693943,0.6629823501928117,-0.8651989735971658,0.004410528092652133,0.7181707520367886,-0.9401394441676688,0.052204283660989115,0.7287799441492895,1.0541591756432416,-0.06548654950909281,0.7133743396772597,1.0465903150866849,0.0,0.0,0.0,0.0
0.022064363749939645,0.018808738443946225,0.7503085359535934,-0.007907311791146105,-0.6615278036259256,-0.00699478038526328,0.7498463259211573,-0.02592531932186272,0.6458536915409339,-0.8551288937350416,4.9234564202910516e-05,0.7319878826250423,-0.9546890038617584,0.04410749722051898,0.7419649454252013,1.0489417793612972,-0.05325287344715963,0.7069806445730452,1.068818567234955,0.0,0.0,0.0,0.0
0.024838854696943465,0.020241793714649584,0.7518364227514226,-0.008379595955749714,-0.6615893818118607,-0.0066204380177132946,0.7497902653715052,-0.024252611932459624,0.6342018379238465,-0.8532652318153214,-0.004003987278861069,0.7450887719264014,-0.9671640690554338,0.03784525150514373,0.7552980987804367,1.0427805342028542,-0.046686216199841514,0.7024963498835318,1.0874451788392443,0.0,0.0,0.0,0.0
0.027316661007006558,0.021563475931333908,0.7533188864971366,-0.00882282096572468,-0.6616795227721141,-0.006261790019670613,0.7497087147419481,-0.022838907127362727,0.6257306280111123,-0.8559349268863975,-0.0077864068999521086,0.756537556604349,-0.9770950953720456,0.03193747166771035,0.7681076784512415,1.036123009859299,-0.04317300464918103,0.6986829591357272,1.1038035758932472,0.0,0.0,0.0,0.0
0.029417022556830756,0.02279434420902636,0.7547191520624554,-0.009212782270512284,-0.6617524147145732,-0.005937101117885776,0.7496423261079803,-0.02163824915793189,0.6189386213311694,-0.8610761113079983,-0.011319044728659817,0.7659427966981392,-0.9843358181513296,0.025789072019243534,0.7800098014981482,1.0293258866814217,-0.04123470968393998,0.694866990850519,1.118713775001204,0.0,0.0,0.0,0.0
0.031129340526629606,0.023939563592588378,0.7560253733940642,-0.009548181002972602,-0.661798475837736,-0.005649293284767566,0.749599689903729,-0.02058170946122475,0.6128896625415527,-0.8675258698180107,-0.014598988275352177,0.7732938136595573,-0.9890139862181025,0.019333189063082297,0.7908578529173995,1.0225794771429555,-0.04008894080677214,0.6907289601662572,1.1327166707076415,0.0,0.0,0.0,0.0
0.03248460241213756,0.024996393074102927,0.7572398062576069,-0.00983504397881363,-0.6618228119272385,-0.0053960732703148846,0.7495763602968808,-0.019591640769816523,0.6070249825635928,-0.8746233954213123,-0.01761154145948915,0.7788015187840109,-0.9914462453934509,0.012745194044453206,0.8006547018850256,1.015953962352996,-0.03932418758689052,0.6861561699441701,1.146179469505144,0.0,0.0,0.0,0.0
0.03353407075472882,0.02596026088289597,0.7583704146195679,-0.010080190675618739,-0.6618346217970348,-0.005174248884334809,0.7495642402724412,-0.018598096900347184,0.6010247465892405,-0.8819946983508596,-0.02034236531562273,0.7827767373234926,-0.9920441516936823,0.006260388916438858,0.8094841348138421,1.0094601720243248,-0.03871761730945485,0.6811481099240673,1.1593508551800848,0.0,0.0,0.0,0.0
0.03433479206423891,0.026827720264139845,0.7594257852777461,-0.010290200669794906,-0.6618419981505163,-0.00497984046240873,0.7495561903174948,-0.017548274866379523,0.5947068827077796,-0.8894331897971756,-0.022784786143508852,0.7855508379495969,-0.9912407335556555,0.00010940572207998774,0.8174509891758651,1.0030903502298731,-0.03813612344676184,0.6757610371190178,1.172392267827289,0.0,0.0,0.0,0.0
0.03494078582949776,0.02759762307509438,0.7604122702195844,-0.010470390762537899,-0.6618504154292,-0.004809161709464334,0.7495473770730756,-0.016406779564898326,0.587969528432205,-0.8968289174975679,-0.024940615848662483,0.7874292250540722,-0.9894443528899503,-0.005531062909816625,0.8246542216572089,0.9968468616896614,-0.03749680327018402,0.6700815409719199,1.1853945177899738,0.0,0.0,0.0,0.0
0.03539853879489938,0.02827087374953536,0.7613318130069036,-0.010624691645074699,-0.6618630844683778,-0.004659444000364571,0.7495349644459953,-0.015151952974892526,0.5807752854927194,-0.904115157831887,-0.026817502011416916,0.7886688782810982,-0.9870160770666746,-0.010550236304421952,0.831168946528236,0.990764559079476,-0.036750111784613466,0.66422465316262,1.1983796810724312,0.0,0.0,0.0,0.0
0.0357451690070955,0.02884952509875728,0.7621793614950023,-0.010755760730460383,-0.6618811130582004,-0.004528986397304593,0.7495179744810393,-0.013771380205137811,0.5731782738681895,-0.9112121022891605,-0.028425568603535657,0.7894710852435654,-0.9842706762084136,-0.014893612688171456,0.8370251843207984,0.9849349586743108,-0.03586815034911743,0.6583439925223896,1.2112814631693647,0.0,0.0,0.0,0.0
0.03600808347216743,0.029336034309469187,0.7629395663794861,-0.010864674055304049,-0.6619037743121291,-0.004417718143469327,0.7494970554814975,-0.012257508813524639,0.5654009345508801,-0.9179548471364593,-0.029774373217779693,0.7899810477689428,-0.981490492238085,-0.018561766262407783,0.8421893906487504,0.9795387985485999,-0.034834423600782614,0.6526533415828182,1.2238905080916684,0.0,0.0,0.0,0.0
0.03620494215301149,0.029732961353327605,0.7635829583809124,-0.010951114826085543,-0.6619279289701008,-0.004326694512658732,0.7494749960125509,-0.010606426745444202,0.5579448620343803,-0.9240047871223643,-0.03087278944557029,0.7902883363297903,-0.9789435945501074,-0.02159542377882305,0.8465352286951235,0.9748827742781664,-0.03361687381904378,0.6474631503386687,1.235742020565213,0.0,0.0,0.0,0.0
0.0363426774005182,0.03004344835728753,0.7640638721052144,-0.011013470393656046,-0.6619486310270786,-0.004258865588487758,0.7494561864546612,-0.008830038348185852,0.5516847728375773,-0.9287589581385601,-0.03172835552816635,0.7904188995668412,-0.9768783356537797,-0.024085645464328474,0.8498345756452697,0.9714238378136082,-0.03215863743921006,0.6432471011448923,1.2459127398982561,0.0,0.0,0.0,0.0
0.03642501758938675,0.030270809170040963,0.7643261771619912,-0.011049344293717508,-0.6619583379588022,-0.004216306697881376,0.7494473254040797,-0.00690706591848951,0.5478209939552121,-0.931312127142253,-0.032351654441695646,0.7903810400834714,-0.9755691772994267,-0.026129669666715795,0.8517853151536557,0.96971585932987,-0.030256210922861612,0.6408421501362774,1.2527036959621742,0.0,0.0,0.0,0.0
0.036434906995025586,0.03042802667743321,0.7643277745419462,-0.011056736363474859,-0.6619514587806179,-0.004199495770583665,0.7494533868323455,-0.00485610014495941,0.5474091746745517,-0.9306313432854001,-0.032776900359120835,0.7900445201550773,-0.975011460316117,-0.02791677110839175,0.85214189479263,0.9701950051093615,-0.027568956397997762,0.64161078088476,1.2533453820359715,0.0,0.0,0.0,0.0
0.036353031273616845,0.03051736906564866,0.7640667822450724,-0.01103515713205907,-0.6619290636856923,-0.00420991548536283,0.7494734261912557,-0.0026916124984012663,0.5504226401845723,-0.9266797483609657,-0.03300503424426683,0.7892948347828808,-0.9750368406788108,-0.029485175166163457,0.8508695469057528,0.9728745671362851,-0.024119044610994952,0.6455097238994164,1.247807650770308,0.0,0.0,0.0,0.0
0.036153058365278795,0.030534945359320408,0.763581276374799,-0.01098537748075268,-0.6618973813173218,-0.0042496019685632535,0.7495019139201621,-0.0004474881779108486,0.5557620465073659,-0.9204620093381154,-0.03301589607948397,0.7879967401590353,-0.9752639199277541,-0.03077235696686453,0.848138246762267,0.9773536571480193,-0.020286633772791857,0.6510702009141212,1.2388010280271637,0.0,0.0,0.0,0.0
0.03580090378932119,0.03048252931110625,0.7629243199620394,-0.010909048982235953,-0.6618636988987955,-0.004318055796198974,0.7495323816383442,0.0018317235517764873,0.5622001568060182,-0.9128531112172373,-0.032805844787998376,0.7859594244926245,-0.9751557409241592,-0.03174033685427415,0.8441874632432775,0.9830944790633531,-0.016284747340903658,0.6574143025662716,1.2279808103425724,0.0,0.0,0.0,0.0
0.035251976975724526,0.03036756470746016,0.7621393879680052,-0.010805955762799838,-0.6618310415557649,-0.004415131395426809,0.7495621457677974,0.004100731615181329,0.5688274080560884,-0.9044338101711757,-0.0323862105243251,0.7829214286935277,-0.9741241709636471,-0.03244566771441691,0.8391876997872668,0.989657892325796,-0.012213538044913479,0.6639961847733061,1.2162289759518257,0.0,0.0,0.0,0.0
0.034451787539868446,0.030202288345424978,0.7612551903459407,-0.01067426223866623,-0.6617980807993685,-0.004541129291926169,0.7495923815786061,0.006317393823011077,0.575110717492492,-0.8955269257845861,-0.03178123469245712,0.7785532153276412,-0.9715529373988472,-0.03302596330653153,0.8332108594904637,0.9967495173934353,-0.008116984156948195,0.6704414297032105,1.203973069892077,0.0,0.0,0.0,0.0
0.03333791197041782,0.03000399094323624,0.7602881256448165,-0.010510461324227477,-0.6617593482433232,-0.004696919354258972,0.7496279304854533,0.00844561849595462,0.5807983170291393,-0.8862929364967449,-0.03102886071647337,0.772464310568299,-0.9667948692002677,-0.03370111271519704,0.8262514631186227,1.0041935167851723,-0.004015393105735481,0.6764697282621862,1.1913883996487602,0.0,0.0,0.0,0.0
0.03184332619461024,0.02979565807239115,0.7592467664637916,-0.010308989214656266,-0.6617048991818182,-0.004883994119950495,0.7496775958647744,0.01045969455851885,0.5858035282744937,-0.8768231888832333,-0.030182851511859083,0.7642165010928762,-0.9591715843495939,-0.034776285230008364,0.8182600521436112,1.0118871200810005,8.626366443632242e-05,0.681852324027285,1.178513992574497,0.0,0.0,0.0,0.0
0.029902519053954486,0.02960580472389599,0.7581364808689974,-0.010061366886469367,-0.6616201222212458,-0.00510496766833074,0.7497543078058471,0.012350163214437587,0.590124813070482,-0.867206978903503,-0.029312455696289513,0.7533526679531038,-0.9479961328232017,-0.03663823619170528,0.8091822350881158,1.0197541905967438,0.004204905433329712,0.6863899520684184,1.1653190129991768,0.0,0.0,0.0,0.0
0.027462543789774987,0.029465878690063608,0.756963616177377,-0.009755405539984715,-0.6614867047177565,-0.005364415124365925,0.7498742525215595,0.014127972996273587,0.5938177195855568,-0.8575664831649584,-0.02849533457179198,0.7394564517708627,-0.9326404847766838,-0.039718396007902404,0.7990013509538938,1.0277022833060794,0.008393851522774881,0.6899189369927927,1.1517521656938956,0.0,0.0,0.0,0.0
0.024501853200349092,0.029403125186531726,0.755738755900066,-0.009376025643042355,-0.6612868861185587,-0.005669334974565141,0.7500530668104142,0.01582223885809252,0.5970214942341505,-0.8480582426351146,-0.02779877145779219,0.7222637142144086,-0.9126735211157131,-0.04438390977191696,0.7877845642804858,1.035588799300939,0.01275676401925908,0.6923724871790207,1.1378062914943232,0.0,0.0,0.0,0.0
0.02106020415568812,0.02942653077884842,0.7544774430742317,-0.00891075783648037,-0.6610139060929042,-0.0060273678160606085,0.750296531501906,0.017467042891256206,0.6000383178231046,-0.8388381984475649,-0.027245014971991065,0.7018536563041581,-0.8881070062367442,-0.05071211166097386,0.7757270419585294,1.043216441283514,0.01745826628986775,0.6939430269721405,1.123632385348359,0.0,0.0,0.0,0.0
0.01728223592795139,0.029504231078874232,0.753194087133882,-0.008363335382921026,-0.6606894638255507,-0.006440186371714552,0.7505851124360758,0.01907879200859468,0.603429615001627,-0.8299602522052771,-0.02676067532223859,0.678954327650267,-0.859820764125841,-0.05814080866215297,0.7631752638296637,1.0504081124924418,0.02278029128094759,0.695419025308352,1.1097110798717782,0.0,0.0,0.0,0.0
0.013541289261595785,0.029484758338687765,0.75188907290295,-0.007738822067179167,-0.6602826283125499,-0.006927409075778495,0.750945385753971,0.020970984418056633,0.6075558847108188,-0.8205539930318204,-0.025974481052509293,0.6561169910313123,-0.8319520530865573,-0.06521299500237998,0.7505172948360314,1.0569901699909485,0.02964441017071747,0.6990050133274271,1.096294270559554,0.0,0.0,0.0,0.0
0.010146417445625446,0.029331626014985963,0.7507179795113815,-0.007116310151224093,-0.6598628134434911,-0.007423138494676305,0.751315727626649,0.023212437157471812,0.6126584165723786,-0.8109033188239985,-0.024886123590696155,0.635331742888651,-0.8066047426250589,-0.07055531664088949,0.7389587444488378,1.0619460881731497,0.03960363725696623,0.7055131142684403,1.0842445676036374,0.0,0.0,0.0,0.0
0.007377088956353611,0.029066725380497493,0.7498698087277349,-0.006606758332620878,-0.6594409576125823,-0.007829022437154033,0.7516865573994346,0.025490833481395258,0.6177901612396604,-0.8014846122146568,-0.02366936464123721,0.6184932525916549,-0.7858606319611979,-0.0730139418630375,0.7295378189362218,1.0641568334420475,0.054968973699284995,0.7150699610849237,1.0739524385921826,0.0,0.0,0.0,0.0
0.005611375869378554,0.02874750674135075,0.7494891607668243,-0.006426645360926559,-0.6589875902341212,-0.007959704334949023,0.7520842354774702,0.02710947979005085,0.6201671523893346,-0.7930202720526922,-0.022660836193501878,0.6081587100634703,-0.7730404186809312,-0.07020989627483476,0.7226199247031913,1.0630362240385385,0.07704620451984258,0.7262980318356822,1.0654416812284133,0.0,0.0,0.0,0.0
0.005575761805342742,0.028654037757683153,0.749436492087557,-0.006322721773180225,-0.6589884908637114,-0.007961554754904229,0.752084307604162,0.027142995093986776,0.6201932991227918,-0.7930320578463496,-0.02253659329323028,0.6079859914774101,-0.7729896477144297,-0.07023081184883274,0.7224990730189351,1.062961732059744,0.07704067097046192,0.7263419424733311,1.0654586657108598,0.0,0.0,0.0,0.0
0.005575761805342742,0.028654037757683153,0.749436492087557,-0.006322721773180225,-0.6589884908637114,-0.007961554754904229,0.752084307604162,0.027142995093986776,0.6201932991227918,-0.7930320578463496,-0.02253659329323028,0.6079859914774101,-0.7729896477144297,-0.07023081184883274,0.7224990730189351,1.062961732059744,0.07704067097046192,0.7263419424733311,1.0654586657108598,0.0,0.0,0.0,0.0
0.005575761805342742,0.028654037757683153,0.749436492087557,-0.006322721773180225,-0.6589884908637114,-0.007961554754904229,0.752084307604162,0.027142995093986776,0.6201932991227918,-0.7930320578463496,-0.02253659329323028,0.6079859914774101,-0.7729896477144297,-0.07023081184883274,0.7224990730189351,1.062961732059744,0.07704067097046192,0.7263419424733311,1.0654586657108598,0.0,0.0,0.0,0.0
0.006357224160375239,0.028592517559479145,0.749628447865295,-0.0062476541912321925,-0.6593016416592808,-0.007924615927651637,0.7518108223382284,0.02714954382583911,0.6246741033949591,-0.7979952747027357,-0.022607970202222355,0.6127712041136605,-0.7785237719719738,-0.07114270925139847,0.7262849570349232,1.062704234463471,0.07797151935110871,0.7300848703672053,1.0655547909442176,0.0,0.0,0.0,0.0
0.007864303240439414,0.028606217242630762,0.7498371469587125,-0.006244439904873171,-0.659553185924112,-0.007889567202696492,0.7515905511892643,0.027061143984089757,0.6342923475802978,-0.8115419428705606,-0.02285959972510236,0.6222881143781293,-0.7918438806273418,-0.07268432839249223,0.7313240672566481,1.063452332259921,0.07923439504148361,0.7352219259310169,1.0660734811140402,0.0,0.0,0.0,0.0
0.010064049959662317,0.028642786080682,0.7500683200108216,-0.006281828945067624,-0.6597730247667413,-0.00787086615987339,0.7513974606565711,0.026999601736267413,0.648428525771405,-0.8323672201640384,-0.02316787184997913,0.6361981687965604,-0.8122199407433041,-0.07485687827527562,0.7378304044887322,1.0649168472085224,0.08097765764283171,0.7418529180079348,1.0670386511522891,0.0,0.0,0.0,0.0
0.012916524644030728,0.028559790055052152,0.7504744709507138,-0.006305855234990115,-0.6600165728004653,-0.007918511804500934,0.7511828385881065,0.027351687663115545,0.666141603880941,-0.8578300596757114,-0.023141167501443922,0.6543128168724262,-0.83852851711962,-0.07733510840694872,0.7468979935797068,1.0653136877390164,0.08378387653124118,0.7509235628158377,1.0674632867084728,0.0,0.0,0.0,0.0
0.016411375159162217,0.02812946986172976,0.7516956969840426,-0.006212096872692444,-0.6606179582952443,-0.008130914074415208,0.7506525236529759,0.02875881043799554,0.6863201727852712,-0.8816724047763542,-0.022115042523027015,0.6766311474590868,-0.8668546584730492,-0.08027188254017585,0.7634253598811273,1.0589214598541414,0.08864711027581064,0.7669206488527076,1.062825175647893,0.0,0.0,0.0,0.0
0.019544385113464492,0.02805449356211735,0.752417549444853,-0.005360393056102367,-0.6606985909948406,-0.008824352123918097,0.7505802880793696,0.02955064134956106,0.7048177677526177,-0.9055166515291533,-0.021967114921134775,0.6569081611669275,-0.8452918658267286,-0.05629616243500021,0.7468465877113878,1.0746087680412693,0.07579692935734376,0.7727829661133543,1.0590253769518252,0.0,0.0,0.0,0.0
0.02289977762768026,0.028038785217174362,0.7533409047865303,-0.004746222775656574,-0.6607200769635057,-0.00931726028363373,0.7505595525523007,0.03003227018726863,0.7247551928862395,-0.9313992142918537,-0.019989180026161613,0.6409419619652327,-0.8366203556070624,-0.037905617034369385,0.7336939854981188,1.088173032721228,0.065799080238223,0.7809714877668233,1.0534196093091626,0.0,0.0,0.0,0.0
0.026002558601331254,0.02794465839712282,0.7543952494479866,-0.004296314044105155,-0.6608241773108332,-0.00967006101120959,0.7504661473292011,0.03057815278192247,0.7426833097688423,-0.9533467093323553,-0.01743461766291493,0.6290181722153959,-0.8362390896021357,-0.025361051627541945,0.7238335669312334,1.101504067700888,0.059190708256753544,0.7907417816700947,1.0466898824593946,0.0,0.0,0.0,0.0
0.02869726694048603,0.02777324741996978,0.7555048314471274,-0.0039437688771578475,-0.6609646248038483,-0.009945260335595691,0.7503407914020194,0.031247139979632556,0.7578788858249512,-0.9707015287980053,-0.015052787939075806,0.6200151784620564,-0.8403155595222049,-0.01650357175288029,0.7161216386264194,1.1147610971213278,0.05489545011321885,0.8008619064665029,1.039265641037446,0.0,0.0,0.0,0.0
0.030919249253860647,0.027538363607010386,0.7566209318880809,-0.0036460733607666614,-0.6611152525254265,-0.01017838530425943,0.7502064579166774,0.032036133815588744,0.7701341390268783,-0.9834682537032023,-0.012919839564731306,0.6129165678996993,-0.846684118995802,-0.009720259764372456,0.7095589682860035,1.127867547019378,0.05213801620620085,0.810581291834896,1.0314848686550908,0.0,0.0,0.0,0.0
0.03266905282644714,0.027263611020756213,0.7577164674624267,-0.00338205172575363,-0.6612617023295121,-0.010385753717080014,0.7500757687581491,0.03289828844459471,0.7795895684142119,-0.9920740944969582,-0.010902973896103724,0.6068951366621269,-0.8541633817243388,-0.004076835910692703,0.7034434843900501,1.1407578444971551,0.05035456226582527,0.8195181646370691,1.0235573322892557,0.0,0.0,0.0,0.0
0.03398873874496684,0.02697636290578804,0.7587774117378205,-0.0031433168136330365,-0.6613971034392423,-0.010573172375617524,0.7499547980695269,0.03376753870235815,0.7865878567248732,-0.9971687091666898,-0.008870248702371807,0.6013392012690965,-0.8621190121018895,0.0009360047526843695,0.6973344152035643,1.1534202564098004,0.04911502594046977,0.827530839711195,1.015598618770682,0.0,0.0,0.0,0.0
0.034941750410655455,0.026702204793452172,0.7597967013601516,-0.0029278865449164464,-0.6615190451210793,-0.010741678558228957,0.7498457153069739,0.03457890215419694,0.7915594666125914,-0.9994754291824335,-0.006752406042186204,0.59583656404239,-0.8702167668819466,0.00558923436266679,0.6909851481174986,1.1658845097951327,0.04809417817012796,0.834618984292049,1.0076700999950936,0.0,0.0,0.0,0.0
0.035597804119331916,0.02646148762690399,0.7607707501414573,-0.0027361848443109927,-0.6616276778981012,-0.010890779605934516,0.7497484378451476,0.035280552334719995,0.7949423432074673,-0.9996899372320506,-0.004538318937038993,0.5901305421853098,-0.8782877189547715,0.010024583412081213,0.6842816023854259,1.1781993000686326,0.04706021575857966,0.8408560934020454,0.9998083421981566,0.0,0.0,0.0,0.0
0.0360229689318336,0.02626817322497446,0.7616974904153551,-0.002568921562260925,-0.6617245532863166,-0.011019954853613852,0.7496616415524111,0.035837901068443805,0.7971327709685608,-0.9984215758968007,-0.002251064827284714,0.5840692095023801,-0.8862555040674199,0.01431550859681435,0.6771968484761006,1.1904119331162757,0.0458632764207266,0.8463450458444561,0.9920435360796602,0.0,0.0,0.0,0.0
0.036274194684806894,0.026130435832987527,0.7625748257342271,-0.0024262879073367934,-0.6618118228158061,-0.01112907833011315,0.7495834629470777,0.036231958679177084,0.7984612445855294,-0.9961705461980421,7.37687377513189e-05,0.5775664420022054,-0.8940937147690323,0.01850099089632708,0.6697641577877688,1.2025507357162342,0.044419376577920396,0.8511877731024617,0.9844128032395301,0.0,0.0,0.0,0.0
0.036397166414588164,0.0260522748325892,0.7633986739857386,-0.0023079573813825902,-0.6618915516458137,-0.011218255844814923,0.7495121065922972,0.03645464365781912,0.7991862274689283,-0.9933330144720998,0.002400998474052063,0.5705901813333716,-0.901791751310379,0.02260365772155676,0.662067211501133,1.214605207579114,0.04269197342464177,0.8554617263591072,0.9769754955420683,0.0,0.0,0.0,0.0
0.03642629944062304,0.026035428569953993,0.7641600773579998,-0.002213495882050348,-0.6619650269255514,-0.01128742276436444,0.7494464608301066,0.03650336758973082,0.7994987582089782,-0.9902256014776991,0.004700815795964707,0.5631915482231459,-0.9093125537467278,0.026636829972685284,0.654245114831005,1.2264939916608175,0.040675480014599585,0.8591976160097289,0.9698367447183316,0.0,0.0,0.0,0.0
0.036385698315246066,0.026080978699250457,0.7648410790811103,-0.0021427980605654073,-0.6620318122591115,-0.011336388315514164,0.7493869322808799,0.036377486927060415,0.7995311261492198,-0.9871204485048791,0.006950785108248881,0.5555837855402992,-0.9165318515824434,0.03059440239175398,0.6465115550190355,1.2380043861739725,0.03837781604767691,0.8623507602131911,0.9631832921181835,0.0,0.0,0.0,0.0
0.036288647280922334,0.0261903382457303,0.7654102304274797,-0.002097115584829412,-0.6620918433028139,-0.01136142121797019,0.7493336448111841,0.0360702050168407,0.7993520535445121,-0.9842529711727299,0.009159278981569655,0.5482657057746764,-0.9231452921005768,0.034496801855041455,0.6391767965743582,1.2486769678976917,0.035864436880924555,0.8647998922504074,0.957331268491694,0.0,0.0,0.0,0.0
0.036155681925340424,0.02637028998451378,0.765819100523242,-0.00208062169716438,-0.662138855807431,-0.011359689435885709,0.7492921753890799,0.03556692077860214,0.7990882149666052,-0.9820445146540754,0.011258866030992229,0.5421454356286353,-0.9285649761885626,0.03822861670725456,0.6327829830751418,1.257623596075789,0.033155769934373844,0.8663102261929975,0.952744971457575,0.0,0.0,0.0,0.0
0.036004428708589456,0.02663074074106754,0.7660087912351122,-0.0021009874953417124,-0.6621647514369887,-0.011324145593818915,0.7492697721999103,0.034840659003632736,0.7988587594907235,-0.980965571752046,0.013168047850539499,0.5384842903371114,-0.9318541293524145,0.041585427127871895,0.6282343947749909,1.263170792776718,0.030326520297493584,0.8665964013572232,0.949985317832226,0.0,0.0,0.0,0.0
0.0358028567434955,0.026958476326619303,0.765936216741788,-0.0021619707255465166,-0.6621754214810232,-0.011250101258018886,0.7492612843932986,0.03392019875788989,0.7984341970664803,-0.9808235780001994,0.01490574183246199,0.5384200093718748,-0.9319179063915279,0.04423269177815145,0.6269166784062431,1.2625518583432895,0.027671131279798346,0.8654457831960497,0.9495219447172903,0.0,0.0,0.0,0.0
0.03552337288800755,0.027357518252548955,0.7655983498275446,-0.002264831518841914,-0.6621731139936349,-0.011136136489860515,0.7492647223153129,0.03279249750355795,0.797661131267157,-0.9813930657386429,0.016473293976348783,0.5419221123742951,-0.9287227736094275,0.04614803054969796,0.628808088897552,1.255764100167834,0.025165580263013552,0.862787093689233,0.9513594937269394,0.0,0.0,0.0,0.0
0.03514107755218686,0.027846596763907397,0.7650317409969272,-0.0024070776691918513,-0.6621582804259954,-0.010984773546458364,0.7492796222976548,0.03140930828570754,0.7964442636596111,-0.9823792024961803,0.017883146686307173,0.5478096443160758,-0.9233389119221191,0.04764606257221992,0.6324554524284592,1.2455635926733994,0.022492503613368794,0.858699188146838,0.955044998085887,0.0,0.0,0.0,0.0
0.03462390110618508,0.028441248530132777,0.7642880175416573,-0.0025868433791917896,-0.6621355541923473,-0.010798923242865232,0.7493018079335718,0.029731295043086654,0.7946384132151364,-0.9833318403984461,0.019154549010233106,0.5547912552258353,-0.9166510201457567,0.04889475600366354,0.636975016360517,1.2336230386331142,0.01939563654454221,0.8533641151513164,0.9599817536318822,0.0,0.0,0.0,0.0
0.03393246210490041,0.02915490660501185,0.763408765613,-0.0028032966062481565,-0.6621084790579221,-0.010581142140879027,0.7493280609444285,0.027726133229292106,0.7920497958297295,-0.9837715387743344,0.020298474149328137,0.5619357249767049,-0.9092219327373227,0.04995072329122118,0.6418214721154664,1.2208297767496865,0.01568605921365591,0.8469080219460245,0.9656719965676102,0.0,0.0,0.0,0.0
0.033022069627021824,0.029999824933156484,0.762420545877708,-0.0030557152597686273,-0.6620786535052064,-0.010334390014757298,0.7493568706297467,0.025367550351911197,0.7884477556509263,-0.9832278020451909,0.021314618128276175,0.5687188552127922,-0.901352940415596,0.05081658686084812,0.6466372620600731,1.2076153846484454,0.011216709358298485,0.8393671871397667,0.9717617736487446,0.0,0.0,0.0,0.0
0.031845079934356216,0.030986175527871168,0.7613379282316342,-0.0033423997693825367,-0.6620460879896061,-0.010062840901493125,0.749388113713069,0.02263860470966014,0.7835737152747061,-0.9812346998757961,0.022195120233696533,0.5749154810811069,-0.8931919358008792,0.05148110871332183,0.651181486996339,1.1941603525694475,0.005878748235004403,0.8307108743948705,0.9780108990086056,0.0,0.0,0.0,0.0
0.030353772907043986,0.03211983258350169,0.7601688037967737,-0.0036597251960803563,-0.6620101199533085,-0.009772475099212924,0.7494222482828559,0.01953793128607521,0.7771496221004396,-0.9773139074166309,0.02293007188149956,0.58048218691415,-0.8848321078908474,0.051945924230608224,0.6552927347842803,1.1805086122372601,-0.00038262015433059623,0.8208849631960552,0.984246122434492,0.0,0.0,0.0,0.0
0.02850483786748376,0.03339980209063043,0.7589198303251725,-0.0040008349154347115,-0.6619701348403676,-0.009472148136921881,0.7494596802424245,0.01608735569540844,0.7688948405495684,-0.9709694619202109,0.023515794737166314,0.5854829756362462,-0.8763844832863329,0.05224450981818239,0.6588673413272277,1.1666287576874177,-0.007563258176193697,0.8098538696404534,0.9903164193634706,0.0,0.0,0.0,0.0
0.02626707931905544,0.034815752347885,0.7576019928161005,-0.004355701785504679,-0.6619272103284128,-0.009172726838147087,0.7494993376722582,0.012336404803867513,0.7585614286753067,-0.96171030986678,0.023966410341800373,0.5900761956940147,-0.8680261725281271,0.05247685560708136,0.6618543312165552,1.152450361089541,-0.015570399322190955,0.7976606018752758,0.9960562849427484,0.0,0.0,0.0,0.0
0.023634101379383262,0.03634757103411815,0.7562355655551525,-0.004709894840726587,-0.6618847661105707,-0.008887937461974783,0.7495381096708935,0.008362835738036919,0.7460043040235139,-0.9491313447499724,0.02433571376199101,0.5945482018694128,-0.8600335325921765,0.052859291760060795,0.664269513560185,1.1378970305781961,-0.02426721643008156,0.7844647972721476,1.0012543699732308,0.0,0.0,0.0,0.0
0.02064455550446118,0.03796758933562069,0.7548537366896475,-0.005044275852389919,-0.6618502131999173,-0.008633826926812764,0.7495694147982205,0.004263142407700411,0.7313041394369305,-0.9330848102701814,0.024743941965788902,0.599397680517957,-0.8528138214981613,0.05383495881363228,0.6662445314386395,1.122934708651474,-0.03353227659763373,0.7705868578454595,1.0056438406950925,0.0,0.0,0.0,0.0
0.017413042895238595,0.03964702632637454,0.7534994090183837,-0.005332692007973769,-0.6618360933652446,-0.008431661162949633,0.749582186958183,0.0001352963579216897,0.7149715875649277,-0.9140121491789538,0.025400466036640285,0.6054401031088102,-0.8469537524589779,0.05628499643046969,0.6681216650828391,1.107644937034013,-0.043418811880555255,0.7564975930332188,1.0089592505326315,0.0,0.0,0.0,0.0
0.014231733653972952,0.0414049190293428,0.7522058675703374,-0.005540222287133272,-0.6618050160594936,-0.008302663252694983,0.749609559996679,-0.0040643364121822016,0.6987661762413411,-0.894594733390159,0.026413148653289278,0.6135866744189118,-0.8429334796850392,0.06194727950595828,0.6707411828909033,1.0918986244813889,-0.054614970616227436,0.7426148476951113,1.0110010374092402,0.0,0.0,0.0,0.0
0.011464957580744754,0.043175014482766706,0.7511087707721739,-0.005609777390353699,-0.6617955339333672,-0.008306749678863565,0.7496173687777336,-0.008131506647727127,0.6847783742188882,-0.8772844214598087,0.027680442957821197,0.6250011209950785,-0.8425458774641933,0.07324605941814953,0.6740333759719698,1.075878691521041,-0.06759325900395051,0.7301669932758251,1.0111936619968502,0.0,0.0,0.0,0.0
0.009414410427012371,0.04476247474869254,0.7503342990770002,-0.00546280490395281,-0.6618864594523179,-0.008518939383687708,0.749535789824631,-0.011551410001980306,0.6745116000454894,-0.8634764427915846,0.02938176618005286,0.640550127685747,-0.8493530680553052,0.09353662768216305,0.6769991222699236,1.0595954673460948,-0.08212556690867893,0.7203103063449683,1.009607050204694,0.0,0.0,0.0,0.0
0.008467500405950134,0.04585883551845011,0.7499366267084516,-0.005090679451243151,-0.6621948764612731,-0.008962966517758516,0.7492607662238597,-0.013590788560964604,0.6697892737972436,-0.8553195088817088,0.03166300436507268,0.6602759292804995,-0.8685442114866678,0.12173631227994597,0.6793686171526295,1.0439209086400345,-0.09652730957530957,0.7143570896006997,1.0076858333669496,0.0,0.0,0.0,0.0
0.008401369417882934,0.04605126442341706,0.749853573659914,-0.005237089314171442,-0.6622369150912543,-0.008997254170460725,0.7492221904103791,-0.013823909337324877,0.6696287870049406,-0.8552956556778939,0.03165048151311037,0.6603039819306414,-0.8685550653288067,0.12175797277680712,0.6793971137872793,1.0439295822073695,-0.0965082030832501,0.7142121717385735,1.0076039410585405,0.0,0.0,0.0,0.0
0.008401369417882934,0.04605126442341706,0.749853573659914,-0.005237089314171442,-0.6622369150912543,-0.008997254170460725,0.7492221904103791,-0.013823909337324877,0.6696287870049406,-0.8552956556778939,0.03165048151311037,0.6603039819306414,-0.8685550653288067,0.12175797277680712,0.6793971137872793,1.0439295822073695,-0.0965082030832501,0.7142121717385735,1.0076039410585405,0.0,0.0,0.0,0.0
0.008555543712213221,0.046718181805164155,0.7497871209825075,-0.005265924047163277,-0.6617734238672212,-0.00901337124724942,0.7496312190975933,-0.015391365101195476,0.6726330061856756,-0.8625864106378215,0.030105401706024805,0.6604427370100977,-0.8710740410527376,0.11603570055515093,0.678645459452915,1.0463917511867986,-0.10107149220837645,0.7121048679531703,1.0050449741457044,0.0,0.0,0.0,0.0
0.009267004033335172,0.047641645475868764,0.7497452718871632,-0.005409316570509653,-0.6615472310523098,-0.008934757750725324,0.7498307612289574,-0.017721221137310207,0.6793909367865235,-0.8749391966436973,0.02785412250429174,0.6630683832399548,-0.8760863496752077,0.11059683247862605,0.6792012879068731,1.0505595556034932,-0.10702226447609339,0.711828356153182,1.0025917821904269,0.0,0.0,0.0,0.0
0.010688267646571657,0.048770204283889916,0.7497725710872069,-0.005675752424043354,-0.6615509063078668,-0.008751934136674086,0.749827705440742,-0.02072381709068545,0.6906580643602248,-0.8933592458001247,0.02500249486680637,0.6692275755115977,-0.8850890022251825,0.10591015028200207,0.6814887852637325,1.056014829828582,-0.11404424105169868,0.7138908541136179,1.000179253552099,0.0,0.0,0.0,0.0
0.01290461285041641,0.050221761402150636,0.750157811821197,-0.006128612929144563,-0.6617951695609967,-0.00840429039529779,0.7496125409518225,-0.024778159868993527,0.7071514557870592,-0.9178321601629724,0.02117983440651002,0.6792068770314997,-0.8971273548672436,0.10186659404123949,0.6871067324168364,1.0606643266762819,-0.12243688127724901,0.7201897213558438,0.9948916342065725,0.0,0.0,0.0,0.0
0.016029391684209752,0.05238814853701922,0.7519295675562767,-0.007096377587293331,-0.6627615515577652,-0.007555278273456497,0.7487587628683172,-0.031232273288714547,0.730082907246074,-0.9445587915692478,0.01502087976696389,0.6924797520619416,-0.9041163589030763,0.10083698929255165,0.7017914999121933,1.0574251027267803,-0.1315584658973241,0.7391936247130797,0.977212614371652,0.0,0.0,0.0,0.0
0.018016346771058983,0.054517729672820606,0.753190709218115,-0.007052433795559799,-0.661949657041255,-0.007640469608187268,0.7494761757018634,-0.028224604293013263,0.6926058310141272,-0.8948397010745942,0.00984795888017078,0.7012592605635115,-0.916295339065777,0.08117972042944667,0.7127158572293475,1.0551076008583777,-0.09869828656543249,0.7233639675823635,1.01550345398968,0.0,0.0,0.0,0.0
0.020729534495784498,0.05647818686833873,0.7546680231284263,-0.007285712453275583,-0.6615838608187034,-0.007468341019164176,0.7497985978785824,-0.026027883449857726,0.6663292323713979,-0.868896382217953,0.004769184159385388,0.7139532385112863,-0.9310466939427607,0.06733780210966792,0.7257604168733018,1.0513458796454107,-0.07505260228178628,0.7135671990775843,1.04472276157129,0.0,0.0,0.0,0.0
0.023644080298552504,0.05825201870456423,0.7562107102671658,-0.007686225797316825,-0.6614898725962177,-0.0071605281425131465,0.7498805219649011,-0.024334959444928805,0.6487536408216059,-0.8580850694344963,-2.5308709867381818e-05,0.727595205783954,-0.9453031356672744,0.057315015020559495,0.7395193122844693,1.0465391114185878,-0.06165192209313976,0.7072285927982136,1.0674417136903136,0.0,0.0,0.0,0.0
0.026450525160009862,0.05985908891754554,0.7577628338767616,-0.00813720707670169,-0.6615267655615675,-0.006807765560572885,0.7498465033823348,-0.022934520964581925,0.6368058098980762,-0.8558355670094386,-0.00448768657122385,0.7405690884763176,-0.9576521709758616,0.049226922151855146,0.7533166965856988,1.0407794633266347,-0.054510121861618265,0.702655934740012,1.0862939116884929,0.0,0.0,0.0,0.0
0.028968802977670252,0.061326747930992416,0.7592651589815619,-0.008572794242187994,-0.6616002760579321,-0.006459742323173829,0.749779870127271,-0.021750617016057777,0.6281966291966656,-0.8583358807087538,-0.008623609962405538,0.7519617694148821,-0.9675180870329969,0.041857949396977456,0.7665322341690295,1.0344626404605501,-0.05077326835833823,0.6987874915199085,1.1027620142426804,0.0,0.0,0.0,0.0
0.031119714448555314,0.06267150160352783,0.7606826950186817,-0.008966811007945616,-0.6616694996178485,-0.006137357349739156,0.7497168815096639,-0.020721486504638165,0.6213924948150064,-0.8634404497014271,-0.0124379721193363,0.7614003618275135,-0.9747591477779818,0.03467267823323154,0.7788001471335981,1.0279304286604964,-0.048798422103308634,0.6950060944370527,1.1177448221291706,0.0,0.0,0.0,0.0
0.03289118049155488,0.06389963564359781,0.7620031043320457,-0.00931300656246927,-0.6617225586350696,-0.005847087537594097,0.7496681498300111,-0.019776388476400307,0.6154123994408609,-0.8699344471224446,-0.015926280612024956,0.7688726062971117,-0.9795225688598017,0.02756060252193296,0.7899739216353083,1.0213823800035071,-0.04769743665896997,0.6909869503397793,1.131816624402028,0.0,0.0,0.0,0.0
0.03431077309561747,0.06501250239085356,0.7632278746653371,-0.00961309688073648,-0.6617602675968561,-0.005589287341797386,0.7496330412045015,-0.018845777417713053,0.6096567085543246,-0.8771239847728787,-0.019081807578151887,0.7745718766327513,-0.9821283312854665,0.02061615032716887,0.8000508504092656,1.0149059189780356,-0.04699622201778212,0.6865885458197712,1.1453548518060714,0.0,0.0,0.0,0.0
0.03542561626253017,0.06601079849428053,0.7643646598698658,-0.00987138101077509,-0.6617876257334256,-0.005361943022273418,0.7496071930218395,-0.017872403861245452,0.603773852241509,-0.8846130747420807,-0.021902976396626278,0.7787837256063773,-0.9829736376032463,0.01399813587981736,0.8091062776537228,1.0085274474500523,-0.04643735990519357,0.6817784911004195,1.1586081608989702,0.0,0.0,0.0,0.0
0.036288875719780164,0.06689665551925773,0.765422332515959,-0.010092701172007938,-0.6618099326441446,-0.005162173895950747,0.7495859539754419,-0.016815757186046918,0.5975629884662134,-0.8921805791137063,-0.02439642004095286,0.7818125756570036,-0.9824652324759537,0.0078565203053023,0.8172463536183336,1.00225222984264,-0.04587685787967987,0.6765879458610239,1.1717346478430766,0.0,0.0,0.0,0.0
0.036951484319520306,0.06767400977399919,0.7664079082992606,-0.010281613362794914,-0.6618312467417072,-0.004986987927121735,0.7495657537630638,-0.015650918664018413,0.5909132579737767,-0.899706548335374,-0.026576010703678637,0.7839397355757644,-0.9809803801050558,0.0023012973684521714,0.8245762261573351,0.9960916455449575,-0.04523313716896821,0.6710884986124194,1.1848213709606834,0.0,0.0,0.0,0.0
0.03745772174259348,0.06834799147873108,0.767324144465074,-0.010441930512323347,-0.6618539715224628,-0.004833859204063929,0.7495444751796347,-0.014364629928596852,0.5837833827716983,-0.9071170081000383,-0.028459597830904536,0.7854032000745607,-0.9788521414586391,-0.002605157434618326,0.8311773267338188,0.9900854105608862,-0.044462257645981274,0.6653866916114652,1.19788703239797,0.0,0.0,0.0,0.0
0.037843390490416344,0.0689239566142493,0.7681668939005161,-0.010576498769818917,-0.661878997893413,-0.004701179138288439,0.749521333076046,-0.012950897643717261,0.5762276342527102,-0.9143264067318377,-0.030065184829745382,0.7863909182217502,-0.976372248697449,-0.006842805708460386,0.8370874188714812,0.9843266096923295,-0.04354434381752484,0.6596328901795094,1.2108624972403181,0.0,0.0,0.0,0.0
0.03813531536689762,0.06940672497823126,0.768921713068316,-0.010686918064491175,-0.6619055666333629,-0.004588603415493188,0.7494970015688822,-0.011407503787254197,0.5684700967079509,-0.9211645652781985,-0.0314082258768998,0.7870403032944889,-0.9738066578300035,-0.010428613067917808,0.8422783617030255,0.9789943785099708,-0.04247014104109865,0.6540400868547518,1.2235359182353813,0.0,0.0,0.0,0.0
0.03835122291894782,0.06980045741312423,0.7695600997961288,-0.010773394249082404,-0.6619310726462748,-0.004497181477494946,0.7494737916701719,-0.009734096945341851,0.5610164331792302,-0.9272863463235936,-0.032501049120327495,0.787437771419981,-0.9714116938514538,-0.013414803994869842,0.8466328281580722,0.9743919695378161,-0.04121971684397795,0.6489196027915328,1.2354401516469886,0.0,0.0,0.0,0.0
0.038499296329291256,0.07010956059550706,0.7700373638909156,-0.010834792697768061,-0.6619507939500053,-0.004429077510603218,0.7494558939180871,-0.007932173478648557,0.554749033640527,-0.9320839915199313,-0.03335546453036964,0.7876141158320662,-0.9694363062348791,-0.015893100256976298,0.8499295021849843,0.9709715565480065,-0.039723668597376124,0.6447542318385272,1.245650324364504,0.0,0.0,0.0,0.0
0.03857760371438485,0.070340656176508,0.7702978956087011,-0.01086880720423138,-0.6619580404053377,-0.0043869275996657525,0.7494492488747437,-0.0060059354733075715,0.5508690138897512,-0.9346562444263345,-0.03398834869330586,0.7875377333273301,-0.9680886121878005,-0.018006612781922858,0.8518715332816996,0.9692902913961898,-0.03780213894310337,0.6423566577634443,1.252461939120434,0.0,0.0,0.0,0.0
0.03857570364292791,0.07050343295444128,0.7703000889449098,-0.01087395164841623,-0.6619492945414445,-0.004371516741450774,0.7494569890747642,-0.003962119976233048,0.5504443073348047,-0.933957313066311,-0.034425032678470434,0.7871213778190518,-0.967418500389583,-0.019905144804823558,0.8522295208369483,0.9697766744826188,-0.03511210058462737,0.6431230679076221,1.2531080644655948,0.0,0.0,0.0,0.0
0.03847504550320214,0.07059949957773774,0.77004165073672,-0.010849593693089023,-0.6619256305192671,-0.004384282746603572,0.7494781678228949,-0.0018142270577529308,0.5534484546640739,-0.9299543600154219,-0.034665048744797006,0.7862559949806938,-0.9672675182574719,-0.02162171321150089,0.8509671320574115,0.9724465909936204,-0.03167313222214091,0.6470073527682266,1.247562987593258,0.0,0.0,0.0,0.0
0.038250185129343015,0.07062335665423551,0.7695597934463406,-0.010795948347710433,-0.6618917193408788,-0.004427106680529989,0.7495086391054396,0.00040827664701230566,0.5587743097502341,-0.9236596976277305,-0.03468521202660845,0.7848157780274387,-0.9672792100724862,-0.023079138541369715,0.8482426504223204,0.9769011653913651,-0.027858325628843134,0.6525332198558239,1.2385400196568077,0.0,0.0,0.0,0.0
0.03786835692240307,0.07057446267224417,0.7689064968878443,-0.010713676684330556,-0.6618536864731849,-0.0044999121826224744,0.7495429711658347,0.002667235622056445,0.5651880327148565,-0.9159562305433819,-0.03447639997843711,0.7826222239090552,-0.9669464106007147,-0.024228680180283797,0.8442874641999414,0.9826060376520873,-0.023871938052932837,0.658818953116459,1.2276983361678535,0.0,0.0,0.0,0.0
0.03728701481356301,0.07045700816878935,0.7681240403878419,-0.010602075886395307,-0.661814302327923,-0.0046026761426988866,0.7495787087380676,0.004924156120767083,0.5717765175471015,-0.9074323402028885,-0.034042158938767705,0.7794307239418613,-0.9657132544898782,-0.02509617413705221,0.8392631318709769,0.9891248036753065,-0.019804042093320734,0.6653208808196757,1.2159252658184854,0.0,0.0,0.0,0.0
0.036454505414436275,0.07027912024149263,0.767239936825915,-0.010459131633387363,-0.6617729206193439,-0.004735728346418341,0.7496164225638655,0.00714464780732126,0.5780072014147762,-0.8984181191858888,-0.03339668149069913,0.7749335292304905,-0.9629988155489083,-0.02577540524077082,0.833234838088904,0.9961645674637721,-0.015689860679363506,0.6716719522144893,1.2036549668223446,0.0,0.0,0.0,0.0
0.035311947203923964,0.07005324555093527,0.7662693738121795,-0.010281615254284142,-0.6617254993865992,-0.004899672501600274,0.7496596861634589,0.009301644217504217,0.5836324659098419,-0.8890812048595659,-0.032566227335297245,0.7687664033030436,-0.9581941854685733,-0.026427973103778542,0.8261909449649624,1.0035497978429906,-0.011542631481963234,0.6776042463880138,1.191070371467388,0.0,0.0,0.0,0.0
0.03379636188489294,0.06979710858469157,0.7652197026937009,-0.010064913160592312,-0.6616643876781128,-0.005095321540079665,0.7497152614826651,0.011380439738288926,0.5885744250902972,-0.8795207652231115,-0.031592172677043194,0.7605199752269859,-0.9506586410515677,-0.027289269135936378,0.8180769387243164,1.0111780299346025,-0.0073644990096209135,0.682907971670649,1.1782193869076791,0.0,0.0,0.0,0.0
0.031846318944528766,0.06953413465035185,0.7640950893853717,-0.009802539231413748,-0.6615781967634023,-0.005323924776502225,0.7497932085694531,0.013384909383397276,0.5928458542430175,-0.8698358069452615,-0.030532483022671936,0.7497648710832523,-0.9397357556471977,-0.028668804889392385,0.8088343024314408,1.0189750418676111,-0.0031427964972864323,0.687410322762471,1.1650812404439979,0.0,0.0,0.0,0.0
0.029412087366498477,0.06929188804046747,0.7629008435112075,-0.009485621215726457,-0.6614524984432284,-0.005587757896757609,0.7499062556446972,0.015340819088299118,0.5965219922017981,-0.8601616606617156,-0.029457628486341755,0.7361049131201478,-0.9248111196980757,-0.030924795900618075,0.7984433851127323,1.0268533762303045,0.0011622830668455916,0.690979084838534,1.1516141695068403,0.0,0.0,0.0,0.0
0.026473010010505962,0.06909654352692035,0.761647057393569,-0.00910337808924266,-0.661272908682085,-0.0058906826442220415,0.7500670427425031,0.017290276625712555,0.5997640431983204,-0.85067289559618,-0.028436044762756976,0.7192790240114645,-0.9054395846074405,-0.0343818586823447,0.7869707881444402,1.0346782423691734,0.0056329928472116115,0.6935737513685879,1.1378147075717961,0.0,0.0,0.0,0.0
0.02306557274538099,0.06896086061073052,0.7603501009464555,-0.008646806375158309,-0.661032783155458,-0.006237349690567271,0.7502812724586009,0.019272284103805225,0.6028899861648493,-0.8415481916957661,-0.027504152292892513,0.6993419385698209,-0.8815867310190837,-0.03915143723351134,0.7746162365742479,1.0422577289144417,0.010413292790392617,0.6953871627725559,1.1238203739935737,0.0,0.0,0.0,0.0
0.01932562420849865,0.06886320860873274,0.7590276643492979,-0.008117734873416988,-0.66074441941876,-0.006628306191568163,0.7505377939481271,0.02129242978217576,0.6064549951043828,-0.8328730053280795,-0.026620066590116283,0.6769689605537539,-0.8540823714208926,-0.04483260797919601,0.7617300935682786,1.0494006690964135,0.015789410290643686,0.6971546410655426,1.1100526696923532,0.0,0.0,0.0,0.0
0.015574007826022255,0.06868681094085685,0.7576830123610446,-0.007517294547014036,-0.6603725059727116,-0.007086695864043991,0.7508671136624276,0.02344978653830016,0.6108109239991256,-0.8239313741524272,-0.025489968095935612,0.6543258655536314,-0.8264695336260248,-0.0503810122550151,0.7486895074064026,1.0559479941733498,0.022376835400061218,0.7007523990710399,1.0967034184045614,0.0,0.0,0.0,0.0
0.012164573424882232,0.06839200619571659,0.7564693224055004,-0.0069139144967195944,-0.6599703117418655,-0.007553195238107309,0.7512218944142749,0.025917207404560612,0.6162461723461408,-0.8149401406628728,-0.024106657713372958,0.6337001477724201,-0.801415860295851,-0.05447751281569477,0.7367408731570215,1.060901472229425,0.031746647855497814,0.7071445627105984,1.084571768575378,0.0,0.0,0.0,0.0
0.00938158413223877,0.0680222603386238,0.7555770339692413,-0.006408979278694985,-0.659552883712523,-0.007941570790484178,0.7515888836488204,0.028317789126090512,0.6219404726910583,-0.8065574637866335,-0.022677921889608012,0.6169706262034221,-0.7809805304719445,-0.05630565138718113,0.727031044812882,1.0632085940733338,0.04589574133887812,0.7163891602129739,1.0740378768073975,0.0,0.0,0.0,0.0
0.0076195266392444574,0.06765916558713467,0.7551639621531071,-0.0061873524252562765,-0.6591212959508767,-0.008106266392750552,0.7519675008530438,0.02995726330430486,0.6253981717724383,-0.7997775914638161,-0.021545490492728015,0.6067203360998403,-0.7684219938688399,-0.05429109441522201,0.7203518165966311,1.0623495516121402,0.06580523282637807,0.7272393470344395,1.06516838175594,0.0,0.0,0.0,0.0
0.007581409404366489,0.0675610303006163,0.7551097253494294,-0.00608002175922409,-0.6591234717071168,-0.008107598009203944,0.7519664548599799,0.02999090417739442,0.6254249980356126,-0.7997900699165409,-0.02141649561513731,0.6065448760702502,-0.7683724562765357,-0.05431202078800938,0.7202286869993753,1.062274056926835,0.06579908853131662,0.7272835792280494,1.0651853471644104,0.0,0.0,0.0,0.0
0.007581409404366489,0.0675610303006163,0.7551097253494294,-0.00608002175922409,-0.6591234717071168,-0.008107598009203944,0.7519664548599799,0.02999090417739442,0.6254249980356126,-0.7997900699165409,-0.02141649561513731,0.6065448760702502,-0.7683724562765357,-0.05431202078800938,0.7202286869993753,1.062274056926835,0.06579908853131662,0.7272835792280494,1.0651853471644104,0.0,0.0,0.0,0.0
0.007581409404366489,0.0675610303006163,0.7551097253494294,-0.006080021759224085,-0.6591234717071165,-0.008107598009203937,0.75196645485998,0.02999090417739442,0.6254249980356126,-0.7997900699165409,-0.02141649561513731,0.6065448760702502,-0.7683724562765357,-0.05431202078800938,0.7202286869993753,1.062274056926835,0.06579908853131662,0.7272835792280494,1.0651853471644104,0.0,0.0,0.0,0.0
0.00836374954301877,0.06751340034274347,0.7552931402144822,-0.006000865115539577,-0.6594375867292065,-0.008078768958976449,0.7516919530756816,0.029980225879673483,0.6299115588729908,-0.8047706763555391,-0.02150922437090197,0.6113127734767383,-0.7739246396964832,-0.05526231883600491,0.7239752967632254,1.0621209555330715,0.06634921376037207,0.7308976671640144,1.065267092536349,0.0,0.0,0.0,0.0
0.00987226869918834,0.06754503063154269,0.7554926204693232,-0.005998582724694782,-0.6596942634728696,-0.008046343108995662,0.7514670665497294,0.029863726952667934,0.6395062910845889,-0.8182703069694685,-0.021794804240905786,0.6208195326117194,-0.7872494845910339,-0.0566927200455107,0.728936012005574,1.062980510199756,0.06720625990862407,0.7359286247289428,1.0657513108078922,0.0,0.0,0.0,0.0
0.012071612465836939,0.06759259856109952,0.7557171809467138,-0.006038946931262564,-0.6599237913916535,-0.008027200950430476,0.7512653890071924,0.029791061579522805,0.653553046945012,-0.8389036009575972,-0.022122128197226535,0.6347389239182692,-0.8076304872205451,-0.05853053787977535,0.73533217098459,1.0644985345438542,0.06856676578331196,0.742489286994739,1.0666636190359766,0.0,0.0,0.0,0.0
0.014920048274682166,0.0675038647325289,0.7561222804070632,-0.006066716199517693,-0.6601818951201108,-0.00807161472163531,0.751037888089515,0.0301719727044841,0.6710909143225668,-0.8639850397705936,-0.022077376640889816,0.6528916395627296,-0.833948457769803,-0.060334953151007654,0.7442478827558471,1.0648293129976936,0.07108934823582923,0.7515493350131749,1.0670222066128519,0.0,0.0,0.0,0.0
0.01840647941020344,0.06704193859187983,0.7573497723659521,-0.005979962199882372,-0.6607959891612483,-0.008278934122124462,0.7504960759459685,0.03167360225112202,0.6910216152569401,-0.8873093999133892,-0.020971668804479673,0.6752868541434804,-0.8623245490980918,-0.06199277295574762,0.7604960176321095,1.0581870858721723,0.07581488143820926,0.7675826549699705,1.0623007089656482,0.0,0.0,0.0,0.0
0.021508532701382144,0.06691072867541628,0.7580785147593492,-0.005226558372010859,-0.6608108453354652,-0.008889680074945122,0.7504816342608104,0.03255753316763845,0.7092568602067354,-0.9111639235922668,-0.020617502986982388,0.6561804060436413,-0.8419718297715509,-0.04250900571925524,0.7448363855220526,1.0743835583143206,0.06491648640649045,0.7737760374087166,1.0584486119735728,0.0,0.0,0.0,0.0
0.024771255217774797,0.06681436929454339,0.7590050370026798,-0.0046678094744963304,-0.6608028671867467,-0.009334383261802932,0.7504869429654364,0.03322066716386435,0.7284251962511866,-0.9360153102784101,-0.01837235020713528,0.640556445303116,-0.8340257139285943,-0.027182857893595754,0.7321784132733702,1.088322707005222,0.056502412595913154,0.7821424159588345,1.0528747246262744,0.0,0.0,0.0,0.0
0.027791755752762253,0.06665124195613208,0.7600616410291121,-0.004249188550038206,-0.6608858273747902,-0.009659871983557165,0.7504122563265252,0.03393883243680804,0.74569322614288,-0.957043717994063,-0.0156465349072081,0.6288307720093735,-0.8340507139030503,-0.016383982227732345,0.7225557961314231,1.101843508635379,0.051016025899077784,0.7919968966871141,1.0461777129985936,0.0,0.0,0.0,0.0
0.0304186818854012,0.0664246452584151,0.7611726701892616,-0.0039127425917658285,-0.6610116893674022,-0.009920503606701834,0.7502998204539657,0.03475534119723944,0.7603568280406533,-0.9736404582065378,-0.013150020869856935,0.6199452944801457,-0.838346968902357,-0.008456603285579957,0.7149311710502128,1.1151846088316824,0.047491635599688345,0.8021448380541356,1.038782758441388,0.0,0.0,0.0,0.0
0.03258757198890508,0.06614823783803266,0.7622896636168878,-0.003622540435422626,-0.661151770570611,-0.010146345566365985,0.7501748230537918,0.03566100057349215,0.7722025113267968,-0.9858176466623818,-0.010935239035252006,0.6129148233912807,-0.8448266744394808,-0.0021519155723118523,0.7083776457417675,1.128315318160773,0.045241274555639865,0.8118566476334258,1.0310224003432984,0.0,0.0,0.0,0.0
0.0342974067475187,0.06584414676327267,0.7633857102752238,-0.0033614582297251615,-0.6612903191090179,-0.010350374832849143,0.7500511210524804,0.036608856970904685,0.781354179830235,-0.9939851088091293,-0.008857566518183275,0.6069306454302729,-0.8523544727433502,0.0032525772844229726,0.7022326493563853,1.141197555182368,0.04376904176803691,0.8207649659302749,1.0231048309785202,0.0,0.0,0.0,0.0
0.03558791435139705,0.0655376589443733,0.7644468656756572,-0.0031234783110795643,-0.661419620702768,-0.010536445063357392,0.7499355389352298,0.03753624996089924,0.7881346109285238,-0.9987665403635251,-0.006779856702344322,0.6013927505543951,-0.8603235386991396,0.008150849188031856,0.6960748864461975,1.1538351186614044,0.0426995177812253,0.8287375574826852,1.015146624351371,0.0,0.0,0.0,0.0
0.03652002381154996,0.06525212699491564,0.765466109639532,-0.0029079344370557102,-0.6615366813169723,-0.010704497836141342,0.7498307655168015,0.03838324178910425,0.7929545707740655,-1.0008580863010823,-0.004630344598703996,0.5958965204766875,-0.8684158926874439,0.012753531384658016,0.6896667313480864,1.1662659867812846,0.0417516461867771,0.8357800582761401,1.0072113112521894,0.0,0.0,0.0,0.0
0.037161100904571344,0.06500579917785536,0.7664399128582035,-0.0027159152999338926,-0.6616412427116942,-0.010853465077560881,0.7497370819446099,0.03910341556777753,0.7962341919306081,-1.0009300072104343,-0.0023958906497251464,0.5901902178633939,-0.876471843684587,0.017171778572503665,0.6828980842004787,1.178542860527575,0.04072827150975285,0.841969692955555,0.9993377021629131,0.0,0.0,0.0,0.0
0.037575223001123835,0.06481081380865311,0.7673662985993756,-0.0025484375067492,-0.6617345900438831,-0.010982522190818949,0.7496534012542437,0.0396671468191554,0.7983547011263936,-0.9995695356182743,-9.733649727593826e-05,0.5841251731530107,-0.8844199464327038,0.02146409120654066,0.6757437513662016,1.190714663043454,0.03950625049452612,0.8474119953046426,0.9915577770733337,0.0,0.0,0.0,0.0
0.03781780498148255,0.06467388920034972,0.7682432499827275,-0.0024057765205874643,-0.6618186780193746,-0.01109143621220953,0.749578034434555,0.04005959434792842,0.7996348097419456,-0.9972592989471629,0.00223214609373037,0.5776172536338634,-0.8922363581989552,0.02566230703042165,0.6682376888090195,1.2028101645170164,0.03801993349486275,0.8522101749254192,0.9839099991023443,0.0,0.0,0.0,0.0
0.03793347283222963,0.06459795018789265,0.7690667585149427,-0.002287626800981495,-0.6618954478171458,-0.011180248570833017,0.7495092961161013,0.04027577502859686,0.8003245684385963,-0.9943827561520864,0.0045595179377287826,0.570635689192386,-0.8999116261771177,0.029785866808150263,0.6604640244779263,1.2148188115588727,0.03624560938361483,0.8564427259124597,0.9764546042825605,0.0,0.0,0.0,0.0
0.03795603700040036,0.06458405768696854,0.7698278875350886,-0.002193505873394926,-0.6619660656892221,-0.011248926169563994,0.7494461809015691,0.04031520458586771,0.800609969339606,-0.9912490185960953,0.0068564714439452515,0.563232168424794,-0.9074091358814601,0.03384658860744393,0.6525624543737727,1.2266592916215366,0.034183678199801504,0.8601401889240954,0.9692973105581214,0.0,0.0,0.0,0.0
0.037909403000921486,0.06463298538142348,0.7705086686166664,-0.0021232738910360364,-0.6620299885417025,-0.011297306504401253,0.7493891891702219,0.04017832685136498,0.800621376985771,-0.9881276162150736,0.009100824447806043,0.555620029887721,-0.9146045403020969,0.037837796153786935,0.6447480764625491,1.2381195038938062,0.0318439222270024,0.863257458244214,0.9626251285502543,0.0,0.0,0.0,0.0
0.037807021614026194,0.06474618975660153,0.771077612980117,-0.0020781864208663002,-0.6620868169163513,-0.011321821844485453,0.7493387380596948,0.03985875923399167,0.8004288605012372,-0.9852574129672493,0.01129906014520716,0.5482970944276934,-0.9211933422269223,0.04177527207957328,0.637335194381519,1.2487406027258514,0.02928828333734474,0.8656711486444902,0.9567537222390222,0.0,0.0,0.0,0.0
0.03766678810408867,0.06492953438246513,0.771486311981284,-0.002062209190042453,-0.6621310221936457,-0.011319334304284922,0.7492997593840278,0.03934356599912974,0.800140934004619,-0.9830289797122083,0.013394517704379218,0.5421686808841881,-0.9265896324924754,0.045553486340915196,0.6308616731190002,1.2576338487208136,0.026549675516244882,0.8671470413595344,0.9521494929815998,0.0,0.0,0.0,0.0
0.037506573421463116,0.06519289913924387,0.7716756859694144,-0.0020830554119724547,-0.662154248691305,-0.01128317582486622,0.7492797219753842,0.03860691708497159,0.7998782170993406,-0.9819163628843681,0.015300389535947125,0.5384943250096228,-0.929858676859358,0.048955617881485655,0.6262383808423979,1.263129970245292,0.0236984819850127,0.8673968142205131,0.9493745906468825,0.0,0.0,0.0,0.0
0.037294991983297755,0.06552322733941883,0.7716026195608546,-0.0021448345122256694,-0.662162842665981,-0.011208138422784166,0.7492730791310457,0.03767629284573984,0.7994149496738419,-0.9817322107795327,0.017035243123629824,0.5384108269954456,-0.9299040268822935,0.051641178195131185,0.624860728369872,1.2624666403247347,0.0210403348454761,0.8662145944787044,0.9489011623184624,0.0,0.0,0.0,0.0
0.037006289257046486,0.06592551818866213,0.7712640325928899,-0.0022489978054753444,-0.6621588088382271,-0.011092697631686113,0.7492780564957598,0.03653598007307622,0.7986112207130244,-0.9822734095442609,0.01859697854287192,0.5418879583550016,-0.9266907400978779,0.05358513558894614,0.6267122131014443,1.2556434053717571,0.018543152202553485,0.8635301190959048,0.9507326729311507,0.0,0.0,0.0,0.0
0.03661541703747227,0.06641870728133989,0.7706964679623745,-0.002392515533831243,-0.6621422839672509,-0.010940023958887513,0.7492944598272643,0.035137607784051825,0.7973721723049239,-0.9832457953153104,0.019999150266709346,0.5477453852148975,-0.9212911147989614,0.055106184174899826,0.6303315090891007,1.2454142021242922,0.0158733055068969,0.8594149383422396,0.954414429099369,0.0,0.0,0.0,0.0
0.036090095586286106,0.06701845515613505,0.7699517974996172,-0.002573338816340664,-0.6621177299197561,-0.010753204386928618,0.7493182623215972,0.0334412699739336,0.795552557536495,-0.9841986151316555,0.02126092979470944,0.5546933820824641,-0.9145894873097782,0.056374561195739095,0.6348296416680973,1.2334482622951415,0.0127708204740183,0.8540498266803731,0.9593465713732877,0.0,0.0,0.0,0.0
0.03539075069993796,0.06773828819943738,0.7690718389016812,-0.0027903662759011633,-0.6620885267041151,-0.010535083899875083,0.7493463876406179,0.03141424871014332,0.792958514255218,-0.9846516199902781,0.022393198039480585,0.5618014943883634,-0.9071478725046146,0.057446619962236975,0.6396583075691659,1.2206303593623629,0.009042454158111508,0.8475593242678792,0.9650285767006909,0.0,0.0,0.0,0.0
0.034472584395816824,0.06859043070143687,0.7680834098891932,-0.0030427289123721615,-0.6620562542942457,-0.010288706436536413,0.7493773418448822,0.029029918045961438,0.789359408072181,-0.9841333408430751,0.023395243810448343,0.5685462923716801,-0.8992666514588123,0.058325578034970856,0.6444587801098828,1.2073901435463945,0.004543682818223688,0.8399810834390824,0.9711046076561146,0.0,0.0,0.0,0.0
0.03328793239465085,0.06958492146454594,0.7670013064197039,-0.0033284503968266095,-0.6620208445865587,-0.010018449312995763,0.7494110710579461,0.02627137828876902,0.7844969660327941,-0.9821773885905658,0.024259082318953146,0.5747023689883769,-0.8910925551990264,0.059001338873648244,0.6489897360300664,1.1939063925564535,-0.0008326658666943784,0.8312850493141268,0.9773332094151905,0.0,0.0,0.0,0.0
0.03178912762590322,0.0707273340877872,0.7658336078390595,-0.0036435026705886283,-0.6619814897805452,-0.009730575615651292,0.7494481622997068,0.02313781541826359,0.7780934547236592,-0.9783052041491084,0.024975251591213953,0.5802251662194597,-0.8827169910600591,0.059477946801632056,0.6530897856853862,1.180221167458707,-0.0071395031940228865,0.8214173525312324,0.9835406578376122,0.0,0.0,0.0,0.0
0.029932980125950193,0.07201605344507768,0.764587197487054,-0.003980928648502521,-0.6619376371325212,-0.009433681129678293,0.7494889741783088,0.019651741187677173,0.7698680165456113,-0.9720197417353396,0.02554076855360318,0.5851783093341809,-0.8742478564298832,0.059796482220596525,0.6566560326317175,1.166300648757979,-0.014357893602459402,0.8103479384099259,0.9895770095794035,0.0,0.0,0.0,0.0
0.0276884217728398,0.07344005650818732,0.763273120360296,-0.004330115156129437,-0.6618899764913188,-0.009138878746884955,0.7495327811499012,0.01586419056216498,0.7595725099707654,-0.9628303460752579,0.025972132318304322,0.5897166995680728,-0.8658567199529635,0.0600666991411921,0.6596370012438957,1.152070755088601,-0.022393146064507617,0.7981184911680623,0.9952781659521837,0.0,0.0,0.0,0.0
0.025049213078435613,0.07497837421111048,0.7619116285532277,-0.004676201858819657,-0.6618414784712667,-0.008859690470376297,0.749576878242594,0.01185433228359743,0.7470613270364024,-0.9503331643133027,0.026326172200060626,0.5941219651571419,-0.8578101666669685,0.060525276136343745,0.6620462813508423,1.137449123780014,-0.03110109261820518,0.7848888547916768,1.0004352543452468,0.0,0.0,0.0,0.0
0.022054183268517488,0.0766026469686916,0.7605356108904651,-0.004999253119800049,-0.6617985231585464,-0.008612111711285338,0.7496156039899939,0.0077199266887293064,0.7324152286680371,-0.9343857047570198,0.0267266425599931,0.598882573938313,-0.8504987322440068,0.06165102603360384,0.6640072203306733,1.1223909730539698,-0.040364966605033664,0.7709728838322353,1.0047836317598415,0.0,0.0,0.0,0.0
0.018818183487890057,0.07828393294695418,0.7591871666849489,-0.005271711608278772,-0.6617716684513701,-0.008417671643520325,0.7496396538977315,0.003559453795693275,0.7161467935263676,-0.9154426804463185,0.02738413412447343,0.6047934685309778,-0.8444818084578568,0.06439198299659483,0.665839488226769,1.1069574410650214,-0.05026053111088007,0.7568244767907477,1.0080587173013882,0.0,0.0,0.0,0.0
0.015632627120421485,0.08004210851677467,0.7578974288694993,-0.005455986260107265,-0.6617212288057114,-0.008297878440125354,0.7496841953617414,-0.0006722709500483455,0.7000114724330122,-0.896193836336081,0.02840782385045003,0.6127271606911893,-0.8401999716907919,0.0706411591088802,0.6683189011760876,1.090987264414386,-0.06151839471501848,0.7428311630858629,1.0100635790692238,0.0,0.0,0.0,0.0
0.012862543865238597,0.08181200151324138,0.7567970221700063,-0.005491363124673587,-0.6616811765472386,-0.00831356377804409,0.7497191141963793,-0.004772696954491585,0.6861035625575895,-0.8791313472831682,0.029665762931711886,0.6237770703043873,-0.8393747219008559,0.08302216896928506,0.6712893393460417,1.07460434307672,-0.07466761124309558,0.7301671118192204,1.010243772984971,0.0,0.0,0.0,0.0
0.010808486343201825,0.08339881738838881,0.7560022603155415,-0.005295717732656103,-0.6617275426480976,-0.008538465733862998,0.7496770699958201,-0.00823094289051529,0.6759102163773252,-0.8656727304504295,0.03128527616888825,0.6386962962173929,-0.8454627604202953,0.10511113593530144,0.6736371922642042,1.057746547027058,-0.08949951457143118,0.7199228680649719,1.0087417606052704,0.0,0.0,0.0,0.0
0.009854004766088349,0.08449117563057894,0.7555517649932952,-0.004864367331126357,-0.6619830830577059,-0.008989548873483688,0.7494490801161432,-0.010312601376085872,0.6711984976372765,-0.8579218561589457,0.033354979395451234,0.6574319358348427,-0.8635599648293097,0.1354834656760548,0.675157226411611,1.0413228046204412,-0.1042470948161664,0.7133683688665222,1.0071582549207163,0.0,0.0,0.0,0.0
0.009787377569897804,0.08468318052881296,0.7554679022311112,-0.005007231862305983,-0.6620257555699595,-0.009024848410447142,0.7494100204175747,-0.010546680512312157,0.6710392661754556,-0.8578988457813568,0.033342896625588536,0.6574598600223872,-0.8635704271895224,0.13550592299760172,0.6751857895325929,1.0413317074516977,-0.10422652781944854,0.7132215543600638,1.0070745769686424,0.0,0.0,0.0,0.0
0.009787377569897804,0.08468318052881296,0.7554679022311112,-0.005007231862305983,-0.6620257555699595,-0.009024848410447142,0.7494100204175747,-0.010546680512312157,0.6710392661754556,-0.8578988457813568,0.033342896625588536,0.6574598600223872,-0.8635704271895224,0.13550592299760172,0.6751857895325929,1.0413317074516977,-0.10422652781944854,0.7132215543600638,1.0070745769686424,0.0,0.0,0.0,0.0
0.009962990332324024,0.08535068990650037,0.7554035081121863,-0.005116527922652478,-0.6616265960457008,-0.009005013303770418,0.7497619477423448,-0.012108364878112012,0.6741307417510798,-0.8651487832728536,0.031801344909659024,0.6576074549092586,-0.865670697301326,0.13082624495379971,0.6743443466022898,1.0438642626858174,-0.10791683353449526,0.7116682999498367,1.0046920762470426,0.0,0.0,0.0,0.0
0.010698669906605132,0.08630163817562497,0.7553609592238604,-0.005303965407953195,-0.6614363581962693,-0.008909040929751266,0.749929624029295,-0.014493950329300311,0.6810678581385852,-0.877691351958554,0.029495526756775706,0.6602767433139656,-0.8705229589320335,0.12586118013008724,0.6748465128476531,1.0482304044566961,-0.11369328469051547,0.7116504160972079,1.0022478777190633,0.0,0.0,0.0,0.0
0.01214431311000336,0.08749126365341393,0.7553933943722747,-0.00558786090293782,-0.6614497472285925,-0.008725338916528635,0.7499179129495122,-0.017624292240043946,0.6925995967529829,-0.8964885819782278,0.026519707562938998,0.6664791767066679,-0.8795106397815676,0.12114046445712684,0.6771366109648426,1.0539415187202335,-0.12116226044891626,0.7137671612496974,0.9995691835073021,0.0,0.0,0.0,0.0
0.01438585116106563,0.08903875644726865,0.7557923405863729,-0.006029943474163244,-0.6616760775551229,-0.008398233672467885,0.7497185324134303,-0.0218755789203285,0.7094456449085046,-0.9215141185437551,0.02250759897769355,0.676497134164628,-0.8916758225174838,0.11648831481353943,0.6828511489563716,1.0588860833087608,-0.1306736545370371,0.7199112225817619,0.9936912619838627,0.0,0.0,0.0,0.0
0.017540073993270462,0.09133844688079996,0.757596407460279,-0.006930516323129313,-0.6625759936125007,-0.007598533850991605,0.7489240835460009,-0.028621974072312883,0.7328661052729151,-0.949062126610792,0.016075136025883577,0.6898344963742369,-0.8990769672603811,0.11392272254040323,0.6978179362454107,1.0558998572844553,-0.1419385206801777,0.7384408060894401,0.9749135022701327,0.0,0.0,0.0,0.0
0.019548754001321132,0.09359920350858088,0.7588975009700822,-0.006912352395218056,-0.661862510755229,-0.007710099398005983,0.7495537276329306,-0.025868884559690143,0.6950591182735278,-0.8979670204642435,0.010662073353051211,0.6983499300157282,-0.910225503004103,0.0936635646540762,0.7093822643745573,1.0539675069885457,-0.10745716164380653,0.7233756893673473,1.0140089355333564,0.0,0.0,0.0,0.0
0.02228385585401279,0.09570254529291299,0.7603989319201253,-0.007134630994906674,-0.6615367494047093,-0.007567788545640498,0.7498406196013562,-0.023941575040456492,0.6685230149627087,-0.8712532932452413,0.0052886140300012425,0.7108597124648061,-0.9244603287145643,0.0785976883329492,0.7229591498285474,1.0506530858983645,-0.08241145065761996,0.7139537300882028,1.0438555590314893,0.0,0.0,0.0,0.0
0.025223299110534347,0.0976152730181297,0.7619547831313591,-0.0075150641974379,-0.6614461579251366,-0.0072863748957350235,0.7499196041690485,-0.022487314714625922,0.6507292990105507,-0.8600224777612712,0.00019039253960389385,0.7243835828150892,-0.9385261266788434,0.06716724824590185,0.7371320942889602,1.0462879664131242,-0.06819701706410962,0.707706862009923,1.0669108085659698,0.0,0.0,0.0,0.0
0.028057700706300273,0.09934753416434197,0.7635171632303942,-0.0079515647949304,-0.6614751623768602,-0.00695124701834772,0.749892700551691,-0.021293231440453222,0.6386373237118977,-0.857564457833378,-0.0045589471794061365,0.7372814432805392,-0.950796327061991,0.057782491929471984,0.7512739925193905,1.0409070419667263,-0.060653726690791894,0.7031218272716296,1.0859300783946122,0.0,0.0,0.0,0.0
0.030608521999226965,0.10092037413837553,0.7650299362232411,-0.008381828563202713,-0.6615424015531349,-0.006612295523881654,0.7498317634277388,-0.02027572493097039,0.6299672340196709,-0.8599844068396815,-0.00894447150774393,0.7486470447942325,-0.9606292852273759,0.04936306153257274,0.7647950113822012,1.0348868075825692,-0.05675913196060799,0.6992459579143588,1.1024864934756162,0.0,0.0,0.0,0.0
0.032797057721995294,0.10234786627565834,0.7664581293493528,-0.008778210786255696,-0.661610918845058,-0.006292500760727761,0.7497695242636676,-0.01936906685110203,0.6231706881862134,-0.865085950811982,-0.012960455489598014,0.7581147734505528,-0.967880243750185,0.04141246656545408,0.7773361655574348,1.0285725430875703,-0.0547524678117587,0.6955036724072924,1.1175281462392295,0.0,0.0,0.0,0.0
0.03461024714006594,0.10363700209280143,0.7677883604017529,-0.009131418536981064,-0.6616683933744859,-0.006000758699360481,0.7497169767984188,-0.018504597990650316,0.6172429486778603,-0.8716229410340125,-0.016600807192431455,0.7656701074118516,-0.9727053386794882,0.03379968303956962,0.7887483246605925,1.022178607762715,-0.053671754480428345,0.6915720320922946,1.1316520230933733,0.0,0.0,0.0,0.0
0.036073746987368746,0.10479176109131942,0.7690212030543626,-0.009440642459236486,-0.6617141557278544,-0.005739313401972374,0.7496748032720612,-0.01761932230977195,0.6115628095976209,-0.8788814805595413,-0.01986313658933582,0.7714954010198287,-0.9754232068374755,0.026575028098243237,0.7990258004696598,1.0158097224089073,-0.05300130273407513,0.6872974012251357,1.1452435660723306,0.0,0.0,0.0,0.0
0.03723206497808023,0.10581650608672791,0.7701637053083941,-0.009707637079724265,-0.6617501240383042,-0.005507651635638506,0.749641381522577,-0.016664068210702584,0.6057579586479129,-0.8864531758622984,-0.022754089017334722,0.7758605440588126,-0.9764281411797283,0.019831561633891936,0.8082405654656081,1.0095075942453673,-0.05246032964573531,0.6826232345893654,1.1585525644127155,0.0,0.0,0.0,0.0
0.03813634498674146,0.10671698199677203,0.7712248372179689,-0.009936618818808427,-0.6617808573316111,-0.005303518393927217,0.7496127221229191,-0.01560629821926408,0.599618459157624,-0.8941080099334225,-0.02528850061391381,0.7790538810743489,-0.9761070024479185,0.013676269234729317,0.8165012322871084,1.0032882275258794,-0.051898769905451975,0.677570402444486,1.1717361899842045,0.0,0.0,0.0,0.0
0.03883577497792294,0.10750055136748704,0.772211929293049,-0.010131600617703015,-0.6618094370312894,-0.005124387880175141,0.7495861260549748,-0.014427688619140266,0.5930273984836553,-0.9017203534621072,-0.027488343461214773,0.7813423170057174,-0.9748195773842728,0.008175181439660742,0.8239169437649695,0.9971703883993108,-0.051235409205449486,0.6722002704457025,1.1848801036515093,0.0,0.0,0.0,0.0
0.039373423703453245,0.10817531929344477,0.7731281935569246,-0.010296270833163536,-0.661837864497162,-0.004968008495199828,0.7495598353809774,-0.013120263771125773,0.5859414372898166,-0.9092120791572867,-0.02937845473430503,0.7829520605591562,-0.9728815318885878,0.003355270764705187,0.8305750305126735,0.9911987278364217,-0.050430848423103795,0.6666141018298134,1.1980012894456589,0.0,0.0,0.0,0.0
0.03978433784556084,0.10874908464088667,0.7739699513423505,-0.010433567737816729,-0.6618668081025953,-0.004832856528516161,0.7495332631005227,-0.011682254026709202,0.5784145986473321,-0.9164944138670181,-0.030982669419548862,0.7840623069523904,-0.9705703719694636,-0.0007901760471362342,0.8365188195280664,0.9854692700787566,-0.04947063693121246,0.6609591905018332,1.2110288256127046,0.0,0.0,0.0,0.0
0.0400949520749729,0.10922860538101047,0.7747232013435026,-0.010545173095759638,-0.6618953448233953,-0.00471864786386639,0.7495072289096589,-0.010114748729036546,0.5706717402825668,-0.9233943812365504,-0.0323210782058512,0.7848046303216424,-0.968142005748325,-0.004300125725430329,0.8417258406923569,0.9801626739497167,-0.048351006735819886,0.6554459625115024,1.2237490661720405,0.0,0.0,0.0,0.0
0.04032300746153093,0.10961942488461134,0.7753598682201407,-0.010631718128601388,-0.6619212236949898,-0.004626270155680503,0.7494837275192889,-0.008420300543006354,0.5632211989898162,-0.9295639784096625,-0.03340932937099185,0.7852623627657486,-0.9658439692355649,-0.007236338800889704,0.8460839084288074,0.9755823866125982,-0.047057742861724525,0.6503859484556342,1.2356932643264424,0.0,0.0,0.0,0.0
0.04047691623367365,0.10992690706046508,0.775835625938532,-0.010692416873342827,-0.6619402214721721,-0.004557784979487454,0.7494665049319144,-0.0066029886366430635,0.5569489021015802,-0.9343925022691125,-0.03426143308467065,0.7854653377611124,-0.9639194233203593,-0.009697328439862908,0.849377369395426,0.9721802114738118,-0.045527092900249005,0.6462620386244167,1.2459350173746018,0.0,0.0,0.0,0.0
0.04055517515967943,0.11015819930308993,0.7760951551956238,-0.010725383331737635,-0.6619465503780259,-0.004515764893943084,0.7494606984108251,-0.004669354831219047,0.5530608919800192,-0.9369756548057203,-0.034895208887043325,0.7853826192942799,-0.9625716832350648,-0.01182824270265607,0.8513157404215368,0.9705128603204772,-0.0435848036239579,0.643888918498289,1.2527682981020158,0.0,0.0,0.0,0.0
0.040547821717551,0.11032309516835813,0.776097026925195,-0.01072917530121521,-0.6619373953130714,-0.004501248615158507,0.7494688173929632,-0.0026271738528755233,0.5526291745059784,-0.9362649104314663,-0.03533564306415001,0.7849288856664858,-0.9618499600390591,-0.013784391764962428,0.8516764038503032,0.9710085829385997,-0.040890882710606646,0.6446648980275159,1.2534244810355297,0.0,0.0,0.0,0.0
0.040436881720813285,0.1104226066095508,0.7758388040735599,-0.010703083752135403,-0.6619136331498952,-0.004515640344987192,0.7494900901551503,-0.0004888081667785101,0.5556266750240354,-0.9322286124930537,-0.035580942236862964,0.7839996979110332,-0.9616042261790865,-0.015593153264631725,0.8504215806749125,0.9736830221457059,-0.0374630872614624,0.6485433981079339,1.2478785319631098,0.0,0.0,0.0,0.0
0.04019765568629478,0.11044998261710537,0.7753572977306183,-0.010646853862578088,-0.6618790752237543,-0.004560861561208043,0.7495211356763705,0.0017200306025217534,0.5609423481630648,-0.9258842088569038,-0.03560530997992399,0.7824766536312461,-0.9614952330800206,-0.017168676038277594,0.8477039885192456,0.9781374364105692,-0.03366942724657579,0.6540457957443209,1.2388472545782117,0.0,0.0,0.0,0.0
0.039798448041619895,0.11040280796132187,0.774704035042293,-0.010560794762938969,-0.6618393601861531,-0.0046368689918691594,0.7495569560535816,0.003966054018781161,0.5673392719610733,-0.9181197285314923,-0.03539534763438334,0.7801908801994843,-0.9610348863064202,-0.018444127714744886,0.843748889095699,0.9838370246292004,-0.02970673694335112,0.6602920585267004,1.2279937840510509,0.0,0.0,0.0,0.0
0.039198071596135045,0.11028283967583767,0.7739207792417665,-0.010444017293392295,-0.6617968751781018,-0.004743460389389847,0.7495954362793371,0.006215618001501079,0.5739015819866564,-0.9095281464171776,-0.034949164010943876,0.7769099530539068,-0.9596896249160335,-0.01941644399402741,0.8387095782708957,0.9903438395880981,-0.025655513647154352,0.666741093869796,1.2162092553969643,0.0,0.0,0.0,0.0
0.038346675880593845,0.11009540691789689,0.7730345544446632,-0.010294161657764787,-0.6617514233108197,-0.004881200269851965,0.7496367506104498,0.008439927484205245,0.5800978941433023,-0.9004439194186706,-0.034273966988144014,0.7723405894417068,-0.9569013972252578,-0.020155088777285373,0.8326495182760735,0.9973637032054011,-0.02154500376160801,0.6730315497475232,1.2039319281834941,0.0,0.0,0.0,0.0
0.03718757792930136,0.1098496164898238,0.7720600268183048,-0.01010832582792058,-0.6616996584171231,-0.005050257396208674,0.7496838525004065,0.010617538968093539,0.585682777101234,-0.8910387196293702,-0.03338836250528045,0.7661358918565692,-0.9520860817502256,-0.02077680583758148,0.8255508403265877,1.0047181012791513,-0.017381746285033597,0.6789036953413272,1.1913488712575186,0.0,0.0,0.0,0.0
0.03566028874185575,0.10955964432862293,0.7710040844741003,-0.009882540276719495,-0.6616351098437028,-0.005250839669865995,0.7497424527813212,0.012740567422993034,0.590583540634827,-0.8814160117022477,-0.03232570809546757,0.7579053524538031,-0.9446274683557436,-0.021468944410963278,0.817354854176463,1.0123011876175991,-0.013164494864687966,0.6841593694515893,1.178512495199884,0.0,0.0,0.0,0.0
0.0337059202984302,0.10924552535105657,0.7698705235743877,-0.009611547830547277,-0.661548173835708,-0.005483253094493822,0.7498210224969973,0.014821240205342114,0.594821962202194,-0.8716802641901483,-0.03113666534681218,0.7472378363642159,-0.9338890901116417,-0.0224919806378613,0.8080012352630234,1.0200359687552536,-0.0088825205435386,0.6886420839698033,1.1654069439609034,0.0,0.0,0.0,0.0
0.03127679607144676,0.10893218631584316,0.7686645009021231,-0.009288560375908321,-0.6614265072985651,-0.005748179853573463,0.7499304344519797,0.016894828254114584,0.5984853160085902,-0.8619744572419432,-0.029887057045484708,0.7337511209463436,-0.919266607901099,-0.02415729354290703,0.7974694143672428,1.0278329486185052,-0.004504033097217491,0.692238749556385,1.1519946872551003,0.0,0.0,0.0,0.0
0.028352984159792455,0.1086449396040307,0.7673964738263226,-0.008905484710284123,-0.6612576433469559,-0.006047442060128952,0.7500816288257127,0.019012678525038802,0.6017488333616627,-0.852484220239471,-0.028645781292509383,0.71718793193899,-0.9003074035097249,-0.02676350488304817,0.7858289597257739,1.0355558664154936,3.7711570127345675e-05,0.6949253610605393,1.1382728643729911,0.0,0.0,0.0,0.0
0.02496920513995178,0.10839867072283932,0.7660841347097643,-0.00845591284255649,-0.6610349734644002,-0.006383373849775522,0.75028029024706,0.021218746157730894,0.6049403716771521,-0.8434031256305338,-0.027458063250688905,0.697590105858552,-0.8769482695003258,-0.030434492381376493,0.7732842663440892,1.0430082776411336,0.00486962816821526,0.6968958901375993,1.1243690735446956,0.0,0.0,0.0,0.0
0.021256187820514524,0.10817822706959829,0.7647482044022829,-0.007940947820833356,-0.6607661164067354,-0.006755867449106246,0.7505194461248007,0.02351504494662232,0.6086148736676561,-0.8348384132085599,-0.026301408202041087,0.6756007759430016,-0.8499799654146377,-0.03487142384354876,0.7601992577225415,1.0499839316600383,0.010265496145228887,0.698856018591576,1.1106670855553586,0.0,0.0,0.0,0.0
0.017501632304092643,0.10788908223695141,0.7633947403252683,-0.007360478212891066,-0.6604143351551491,-0.007189667646534896,0.7508308983793837,0.025866046884035862,0.6131231337841352,-0.8261800613034562,-0.024931701740803,0.6531379233787326,-0.8225513154884487,-0.03928252264569909,0.7469518800066517,1.0563281970532765,0.016634035386995046,0.7024760416674499,1.0973193745344587,0.0,0.0,0.0,0.0
0.014088144186407098,0.10749041557001353,0.7621753559252327,-0.006774718290601611,-0.6600227343996524,-0.0076313474066808055,0.7511763147254095,0.028511970894464753,0.618782229908419,-0.8175948386756048,-0.023337622054715713,0.6326808100971125,-0.7976969607842986,-0.04241976660673048,0.7348275199151763,1.061059505598917,0.025523483186367914,0.7088082776657036,1.0850789611220923,0.0,0.0,0.0,0.0
0.011302729025567625,0.10704175386688523,0.7612795013567942,-0.0062752832080926555,-0.6596103293111973,-0.008006832332217965,0.7515389044637913,0.031035081182167436,0.6248638340149765,-0.8098622194300505,-0.021748688675088553,0.6160896475780345,-0.7774590618631698,-0.04376816181586325,0.7250635451337448,1.0631990421057946,0.03868250887295338,0.7178617474449924,1.0743106685269481,0.0,0.0,0.0,0.0
0.009549216797334567,0.10664318964005624,0.7608671777517727,-0.006022989764158206,-0.6591976881755711,-0.008199466911856612,0.7519008579863736,0.03273550631056003,0.6290637809197283,-0.8041592453901074,-0.020513448007300147,0.605949618469406,-0.7650656000791853,-0.042319305750198086,0.7187048627717644,1.0623341014334535,0.05685856363008094,0.7284643787625763,1.065103307563507,0.0,0.0,0.0,0.0
0.009509463096277718,0.10654198597104866,0.7608120450246058,-0.0059136673419100125,-0.6592006435540199,-0.008200329255117664,0.7518991253330747,0.032769309416930875,0.6290909848793075,-0.8041721594048505,-0.02038162052109244,0.6057725012061278,-0.7650170375791723,-0.042340250967653856,0.718580677277046,1.0622579600008986,0.05685192213838483,0.7285087846098136,1.0651202537953683,0.0,0.0,0.0,0.0
0.009509463096277718,0.10654198597104866,0.7608120450246058,-0.0059136673419100125,-0.6592006435540199,-0.008200329255117664,0.7518991253330747,0.032769309416930875,0.6290909848793075,-0.8041721594048505,-0.02038162052109244,0.6057725012061278,-0.7650170375791723,-0.042340250967653856,0.718580677277046,1.0622579600008986,0.05685192213838483,0.7285087846098136,1.0651202537953683,0.0,0.0,0.0,0.0
0.009509463096277718,0.10654198597104866,0.7608120450246058,-0.0059136673419100125,-0.6592006435540199,-0.008200329255117664,0.7518991253330747,0.032769309416930875,0.6290909848793075,-0.8041721594048505,-0.02038162052109244,0.6057725012061278,-0.7650170375791723,-0.042340250967653856,0.718580677277046,1.0622579600008986,0.05685192213838483,0.7285087846098136,1.0651202537953683,0.0,0.0,0.0,0.0
0.010290627251436028,0.10650421160613156,0.7609890565267593,-0.005831140414389396,-0.6595137174557579,-0.00817840447274111,0.7516254173386065,0.03274928868822048,0.6335722657446151,-0.8091573647102474,-0.020487243218688132,0.6105201211530076,-0.7705799216343178,-0.04332066598616835,0.7222930133849853,1.0621739916914408,0.05710242683733692,0.7320140683924808,1.0651788734706022,0.0,0.0,0.0,0.0
0.011796604791074508,0.10654706598874936,0.7611822733851001,-0.005828833196088115,-0.6597729017076436,-0.008148740607825689,0.7513982571861307,0.032619974311937035,0.6431265405797433,-0.8225874781958522,-0.020791079692527175,0.6200041827917181,-0.783888068778565,-0.04465661455364991,0.7271915571462622,1.063092217525587,0.0576489353535699,0.7369580619543707,1.065617840679728,0.0,0.0,0.0,0.0
0.01399053981208331,0.10659928211708981,0.7614030454610142,-0.005870485676312307,-0.6600087943491936,-0.008129922167505833,0.7511909431996623,0.032551198475789765,0.6570729971375422,-0.8430224390523381,-0.021122131118864625,0.6339093427216289,-0.8042380254699711,-0.046220074054028504,0.7335021861222557,1.0646123215902012,0.058725521917443506,0.7434639020753495,1.0664657593544602,0.0,0.0,0.0,0.0
0.016829873656512825,0.10650232703573978,0.7618083012500314,-0.0059002465259206495,-0.6602775434944589,-0.008172015449208557,0.7509540404121641,0.03296685079012277,0.674440229877445,-0.8677540059518581,-0.02105294685350398,0.6520635721197361,-0.8305155979398726,-0.04748732577428017,0.7422977020392796,1.064853486114825,0.06104695380127874,0.752518101888718,1.0667501838904543,0.0,0.0,0.0,0.0
0.02030372098207178,0.10601427990274016,0.7630382945897266,-0.005818829338217158,-0.6609024534889169,-0.008374363511059323,0.7504025308014676,0.034547940132764965,0.694141723187321,-0.8906294624135123,-0.01988146117798215,0.6744802854649432,-0.8588693650365798,-0.048156587443114275,0.7583156825479522,1.0580150735131546,0.06568918046977527,0.7685772880527105,1.0619638670939777,0.0,0.0,0.0,0.0
0.023377138249919036,0.10583845625937967,0.7637718143263369,-0.0051353567124831695,-0.6608774798186133,-0.008925257504322139,0.7504231636606877,0.0355122577931632,0.7121304557063882,-0.9143675885608233,-0.019357678521635124,0.6558290136894858,-0.8393855638577111,-0.032029998747132006,0.7434149435745274,1.0745138479567524,0.05622410206444076,0.7750404915265596,1.0580772360370658,0.0,0.0,0.0,0.0
0.02657766952052711,0.10568525467995306,0.7646957441928315,-0.004619608639153566,-0.6608473022515846,-0.009333907073360933,0.7504481197934803,0.03630912070608879,0.7307824720191998,-0.9385693542846268,-0.01694288593716168,0.6404638339148682,-0.8320040617010142,-0.01898896602959383,0.7311664666412587,1.0887083923545444,0.04896739939776147,0.7835343357887757,1.0525517145848182,0.0,0.0,0.0,0.0
0.02954314141105399,0.10547373984493638,0.7657489424412139,-0.004225540133372322,-0.6609151195172701,-0.009638683609626457,0.7503868638124785,0.03715315478277719,0.7476020775455438,-0.9590041784344874,-0.01411286145482924,0.6288851751827215,-0.8323484789535007,-0.009492706628162725,0.7217457058778782,1.1023661583886692,0.04428987442414254,0.7934451272637241,1.0459043716250778,0.0,0.0,0.0,0.0
0.032124098971641854,0.10520809142668287,0.7668571542492362,-0.003901870602660054,-0.661031095912308,-0.009888152103832568,0.750283206589848,0.03807827978378209,0.761896043605259,-0.9750923064145355,-0.011543498220749075,0.6200859202792354,-0.836818546481144,-0.0022640441332049416,0.7141993080368813,1.1157723676111113,0.041315159698026224,0.8036095064888414,1.0385485380229278,0.0,0.0,0.0,0.0
0.034256084208370834,0.1049017367490079,0.7679722027965189,-0.0036175996191568595,-0.661164447645374,-0.010108445728013046,0.7501641856738742,0.03907134691852078,0.7734485063436628,-0.9868559116444852,-0.009271680130108711,0.6131052346955409,-0.8433863665826886,0.0036762357535347918,0.7076588554267441,1.1289257265064498,0.03942319926762368,0.8133132595517003,1.03081333870738,0.0,0.0,0.0,0.0
0.035937270827520705,0.10457595269118886,0.7690669788875575,-0.00335874743698486,-0.661298108927235,-0.010310071603166224,0.750044820239734,0.04008494628510235,0.7823752162291553,-0.9947016780324611,-0.0071478780751526964,0.6071482774806017,-0.850953277424278,0.00889491336707086,0.7014944337795999,1.1418068816643523,0.03816856228773118,0.8221979524851095,1.0229085015142585,0.0,0.0,0.0,0.0
0.03720613758495716,0.10425482432136036,0.7701272620332558,-0.0031211924345047855,-0.6614235859399048,-0.010495378155131478,0.7499326270789696,0.041058214292392564,0.788988316228562,-0.9992429786502118,-0.005034175029324847,0.6016236015650475,-0.8589344145262384,0.01370108083687327,0.6953014482427121,1.1544307164881034,0.037214928308037354,0.8301371288456441,1.0149535238222929,0.0,0.0,0.0,0.0
0.03812216422618,0.10396033146136598,0.7711458446527423,-0.0029053584010282365,-0.6615374511178259,-0.010663404117669063,0.7498306818700572,0.0419342957392277,0.7936870824701542,-1.0011618449810082,-0.002858584140906135,0.5961321549270451,-0.8670243806561813,0.01826042675918991,0.6888502854679495,1.1668412765471472,0.0363128023029166,0.8371408081186636,1.0070146929077453,0.0,0.0,0.0,0.0
0.038751282146331216,0.10370934347524118,0.7721190969035153,-0.0027129104064612273,-0.6616391982683996,-0.01081257569929342,0.7497394878480277,0.04267037523971671,0.7968805521613094,-1.00111350316131,-0.0006070837940429273,0.5904258458271291,-0.8750705479324405,0.022660962861849408,0.6820343344684276,1.1790943220140098,0.035290059371303424,0.843289421438271,0.9991330943116371,0.0,0.0,0.0,0.0
0.03915630804405446,0.10351274170933777,0.7730449952583054,-0.0025451255777709713,-0.6617299584958385,-0.010941818490222065,0.7496580960498033,0.043240364082518155,0.7989401601707,-0.9996712498694319,0.0017010532522104727,0.5843583306986894,-0.8830053957422788,0.026949636616449873,0.6748297127680503,1.191240136991585,0.034042456596519506,0.8486906071583569,0.9913425024628046,0.0,0.0,0.0,0.0
0.03939165846329131,0.10337618248466758,0.7739215245784059,-0.0024023923417766098,-0.6618116098660837,-0.011050755107438028,0.7495848867000015,0.04363247092184231,0.8001766487762617,-0.9973059398712764,0.004034510145894373,0.5778470100159349,-0.8908070730326892,0.0311527977043876,0.6672708672251466,1.2033079152198831,0.03251888057247784,0.853449390668523,0.9836826572760785,0.0,0.0,0.0,0.0
0.03950126505156884,0.10330178789336572,0.7747446689663495,-0.002284391394151348,-0.6618860194515447,-0.011139419262715142,0.7495182400375837,0.043844154458001126,0.8008343060712798,-0.9943924271633805,0.006362025296248309,0.5708619092539866,-0.89846712680516,0.03528725213646447,0.6594421036391203,1.2152871811890407,0.030704076022721568,0.8576448032681476,0.9762147208545227,0.0,0.0,0.0,0.0
0.039518548332252504,0.10329007966168165,0.7755054952097963,-0.0021906289508336046,-0.6619543100499031,-0.011207760397030359,0.7494571893430866,0.04387659151715476,0.8010956312696496,-0.9912345723110445,0.008656450196828668,0.5634552485517357,-0.9059492347226923,0.03936388393783189,0.651483524014697,1.227096675410884,0.028604042250197095,0.8613080108962563,0.969044944001297,0.0,0.0,0.0,0.0
0.03946730617236026,0.10334158667474898,0.7761860208847426,-0.002120902319221489,-0.6620158650156088,-0.01125567786076547,0.7494022991403763,0.04373116611167101,0.801089806802626,-0.988100245180786,0.01089581434738882,0.5558403396655669,-0.9131287445147123,0.043375662217195916,0.6436111896615276,1.2385246731735324,0.026228968875647143,0.8643934474266111,0.9623604105211054,0.0,0.0,0.0,0.0
0.0393611701707793,0.10345780048344728,0.7767547569117466,-0.002076467192769854,-0.6620699933279012,-0.011279764122713207,0.7493542414239918,0.04340190781092895,0.8008884122264991,-0.9852316588882594,0.013084589678974499,0.548514280680126,-0.9197006584051283,0.04733430595012343,0.6361426913237255,1.249112434306393,0.023637639688388577,0.866776207140113,0.956475934695513,0.0,0.0,0.0,0.0
0.039215483854663134,0.10364369355854249,0.7771633611205165,-0.0020610711411865414,-0.6621118314549238,-0.01127659772021805,0.7493173646573352,0.04287743950028543,0.8005827063024669,-0.9829901376011867,0.015176532033616501,0.5423799161782923,-0.925080554753513,0.05114476821355008,0.62961077503157,1.2579694611805747,0.020875074983146145,0.8682228005364582,0.9518594421877656,0.0,0.0,0.0,0.0
0.03904799734090982,0.1039089377899479,0.7773526896693245,-0.0020823743121444927,-0.6621328601455619,-0.011239912850579433,0.7492992750508926,0.04213344586546502,0.8002924302722199,-0.9818487083937415,0.01708064085349552,0.5386954319267439,-0.9283349061985764,0.05457989751407929,0.6249306072854234,1.2634284255104344,0.018008398588433703,0.8684424227365117,0.9490734743386524,0.0,0.0,0.0,0.0
0.03882766754803992,0.10424048687479634,0.7772796546569285,-0.0021447808203762546,-0.6621398693848656,-0.01116400614691819,0.7492940399155577,0.041196472399623645,0.799793445409092,-0.9816216525462751,0.01881571739039263,0.538597129919352,-0.9283655596467287,0.05729646489332781,0.6235042987007814,1.2627290479182225,0.015355658697690665,0.8672359465355864,0.9485922167392837,0.0,0.0,0.0,0.0
0.03853095142218834,0.10464451667274077,0.7769410509749871,-0.002249885650198018,-0.6621344052776525,-0.011047379474297663,0.7493002887820885,0.04004792759780105,0.7989620146534999,-0.9821332258353364,0.02037537478780268,0.5420545577128429,-0.9251359259004702,0.05926632911759777,0.6253209392136323,1.2558731829390193,0.01287122311932503,0.8645321477760135,0.9504176949586894,0.0,0.0,0.0,0.0
0.03813269730986001,0.10514002646190111,0.7763734312950001,-0.002394403027948402,-0.6621165340801491,-0.010893493266089549,0.7493178857709805,0.038639297289690164,0.7977033026372579,-0.983088906550137,0.021774091895594268,0.5478887744520003,-0.9197208447367671,0.06081139765348835,0.6289134788717925,1.2456146268872694,0.010214091441130783,0.8603990415775398,0.9540947914315633,0.0,0.0,0.0,0.0
0.03760048530025209,0.10574280866599364,0.7756288096522405,-0.0025759927098088467,-0.6620904621643479,-0.010705803122128817,0.7493430255577678,0.03693039099655083,0.7958721847007327,-0.9840379446156644,0.023031219255020677,0.5548106080473539,-0.913005032196659,0.0621017779343136,0.6333892180281379,1.2336209676160976,0.007115637267309125,0.8550134792762483,0.9590214692417478,0.0,0.0,0.0,0.0
0.03689462598067877,0.10646645127492292,0.7747492344064271,-0.0027934564336202176,-0.6620595112265775,-0.010487239490778403,0.7493726829845361,0.03488798916071173,0.7932747667551604,-0.9844992835491325,0.024157232370149568,0.5618906977950877,-0.9055501813022658,0.06319376078031316,0.638198272793549,1.2207756066986741,0.0033822599275837363,0.8485000750662205,0.9646952528190205,0.0,0.0,0.0,0.0
0.03597025239435612,0.1073232111307047,0.773761719321031,-0.0030456984118897986,-0.6620251549317994,-0.010241080497410503,0.7494054564979871,0.032485193316654795,0.7896806177716863,-0.984001021487087,0.025151193949864467,0.5686057492038137,-0.8976561665327067,0.06408996089432505,0.6429811945894603,1.2075070578729936,-0.0011328507832799148,0.8408955354150596,0.9707587777893093,0.0,0.0,0.0,0.0
0.03477969822587463,0.10832302177128598,0.7726812696731874,-0.003330591865347208,-0.6619873099910695,-0.009971778296198514,0.7494413067120236,0.029704962865824615,0.7848316601033287,-0.9820761681826041,0.0260048995102372,0.5747305272364925,-0.8894689939517519,0.06478121736226447,0.6474967493281383,1.1939929695900307,-0.006533622052312255,0.8321711232462015,0.9769698469472714,0.0,0.0,0.0,0.0
0.033275354082339066,0.10947116920112483,0.7715162015968234,-0.0036440756297574295,-0.661945241084113,-0.0096854401879025,0.7494807607719272,0.026546505392602178,0.7784501930500798,-0.9782452528256214,0.026708762224936948,0.5802208748725095,-0.8810787693008733,0.06527529927540518,0.6515840615469156,1.180274065952991,-0.012863296794015577,0.8222769207407815,0.9831547969768506,0.0,0.0,0.0,0.0
0.031414094031605604,0.1107657361252721,0.770273483027907,-0.003978560445123304,-0.6618980158230742,-0.009391231412511799,0.7495245109259726,0.023033286831010184,0.770255538213025,-0.9720115174786825,0.027261101635590403,0.5851379511364246,-0.8725910657136677,0.06561574257554649,0.6551399679576833,1.1663146911160274,-0.020108649636440604,0.8111790618195103,0.9891636998126042,0.0,0.0,0.0,0.0
0.029164954317002174,0.11219501831217168,0.7689642984254702,-0.004323452046039034,-0.6618463516585993,-0.009099803987773667,0.7495718165232678,0.019217000553202652,0.7599987226506392,-0.9628831416521757,0.027679503771809288,0.5896362732731906,-0.8641732901091359,0.06592333598003193,0.6581133073551962,1.1520381477603776,-0.028158255374785467,0.7989248965151516,0.9948346374838617,0.0,0.0,0.0,0.0
0.0265217833169896,0.11373739682846065,0.7676087999907789,-0.004663393739147191,-0.6617926995542857,-0.008824754115971228,0.7496204368147105,0.01517813157568515,0.7475334161401537,-0.9504573645913339,0.028023401722902706,0.5939934293221233,-0.8560847453122407,0.06644929294929744,0.6605156138986105,1.137357701085512,-0.03686687521570897,0.785671608632971,0.9999610374250066,0.0,0.0,0.0,0.0
0.023523539848969367,0.11536392742121394,0.766239589131492,-0.004977953629090678,-0.6617426255487642,-0.008581893882323732,0.7496654377833403,0.01101541325474102,0.7329400589346775,-0.9345958150321997,0.028418957589945316,0.598690825203224,-0.8487033132050373,0.06770068939667816,0.6624635244389159,1.1222207300438978,-0.04611818547176585,0.7717287489334755,1.00428059538798,0.0,0.0,0.0,0.0
0.020285282644211124,0.1170455805597526,0.7648980421625571,-0.00523852247684946,-0.6617048855862916,-0.008393008071730225,0.7496991127705835,0.006827909048877101,0.7167330587368411,-0.915765635712553,0.029077417980123362,0.6045075888197243,-0.8425678766325374,0.07067505309569301,0.6642586082167812,1.1066726395789814,-0.05600678025874033,0.7575355519474091,1.0075290523021543,0.0,0.0,0.0,0.0
0.01709562914588552,0.11880207711196723,0.7636134753109711,-0.005405524693139752,-0.6616384949138285,-0.008279485164987242,0.7497577825380396,0.002571159076901748,0.7006497595442633,-0.8966386806910865,0.030117604656956017,0.6122868050419635,-0.8380942385432099,0.07738992254011537,0.6666175675002741,1.0905277688776984,-0.06728604769287189,0.743456003715635,1.0095127238031814,0.0,0.0,0.0,0.0
0.014322424483712452,0.12057004446086918,0.7625122172124416,-0.005415917610788442,-0.6615731422245466,-0.008302631887667718,0.7498151182973779,-0.0015555448575950911,0.6868037902013492,-0.879769432654028,0.03137716722117322,0.6230696160207465,-0.836946737704244,0.09061355822931355,0.6693232257502039,1.0738677615353198,-0.08053562374982792,0.7306225000122629,1.0096923161678588,0.0,0.0,0.0,0.0
0.012265298851500916,0.12215474387667458,0.7617030302581811,-0.005185413502645775,-0.6615828243816648,-0.008534549486109683,0.7498056010960806,-0.005044836206415477,0.6766693850459184,-0.8665927681231842,0.032943684882460945,0.6375249918150504,-0.8425075294289196,0.1140872547478769,0.6711692230481404,1.0565810496190748,-0.09555233108415792,0.7200803710063546,1.0082644497294577,0.0,0.0,0.0,0.0
0.011304882362623916,0.12324312444664835,0.7612136462902819,-0.004712950437633375,-0.6617949367558257,-0.008986493550822164,0.7496162302913313,-0.007162860585338299,0.6719715638034786,-0.8591763598978321,0.03485821762490808,0.6555323125941339,-0.8598095989944959,0.14612293830992742,0.671995760923885,1.0396148795932865,-0.11050210344195062,0.7130786145087123,1.006936673391509,0.0,0.0,0.0,0.0
0.011237726923823813,0.12343469940152087,0.7611292268010696,-0.004853086460058623,-0.6618380260897959,-0.00902245280232025,0.7495768607146325,-0.007397662687637911,0.6718131219299182,-0.8591540748246196,0.034846488870232444,0.6555601488221426,-0.8598197508547336,0.14614600648648274,0.6720243899428234,1.039623985366904,-0.11048025305566685,0.7129302804398425,1.0068515253782029,0.0,0.0,0.0,0.0
0.011237726923823813,0.12343469940152087,0.7611292268010696,-0.004853086460058623,-0.6618380260897959,-0.00902245280232025,0.7495768607146325,-0.007397662687637911,0.6718131219299182,-0.8591540748246196,0.034846488870232444,0.6555601488221426,-0.8598197508547336,0.14614600648648274,0.6720243899428234,1.039623985366904,-0.11048025305566685,0.7129302804398425,1.0068515253782029,0.0,0.0,0.0,0.0
0.011426553618118274,0.1241008828876686,0.7610628436339362,-0.005018675683898512,-0.6614825308045625,-0.008976923544789699,0.7498900513931636,-0.008951106672680197,0.6749573832739725,-0.8663846841812763,0.033311102052155143,0.655708043340603,-0.8616376692581631,0.1422031293401898,0.6710914533613592,1.0422226750407886,-0.1135539254502691,0.7117392711322311,1.004624518076541,0.0,0.0,0.0,0.0
0.012176909140352982,0.12506953633356505,0.7610173175891444,-0.005239811002682625,-0.6613181685566818,-0.008866495540726781,0.7500348055752604,-0.011371426282462821,0.6820100580178885,-0.8790586388667829,0.030969981340052927,0.6583968387976971,-0.8663614073610204,0.13762834546625966,0.671522534613324,1.0467367078387897,-0.11917099018044724,0.7119009944907649,1.0022087071726848,0.0,0.0,0.0,0.0
0.013636896606074724,0.12630243128287752,0.7610513852112606,-0.005536170566511414,-0.6613382800060148,-0.008682418741219429,0.750017097017759,-0.014587895017794235,0.6937213309887417,-0.8981211840282417,0.027908472390588687,0.6646165937636703,-0.8753257614226785,0.13290362054970262,0.6737938203361968,1.0526416588687424,-0.12697473615171587,0.7140385095308371,0.9993402656134129,0.0,0.0,0.0,0.0
0.0158939572959436,0.12792036886677582,0.7614606688665694,-0.005971397542581609,-0.6615536238429002,-0.008370450472102126,0.7498273672990396,-0.018977443699911577,0.7108195301662733,-0.9235345290151096,0.023760439294797073,0.674647130523889,-0.8875454704592264,0.12784291897570388,0.6795756691799998,1.0577992958728089,-0.13732135115359873,0.720073764941438,0.9930058726300658,0.0,0.0,0.0,0.0
0.019069915993705933,0.1303207373986737,0.763295758533219,-0.006827436446312153,-0.662418821814839,-0.007608165171478697,0.7490639535044624,-0.0259314762518617,0.7346087068366293,-0.9516158449741746,0.017129867542209652,0.6880136570819771,-0.8951210816827726,0.12422911031353705,0.6948148767138531,1.0549699041841776,-0.15019511975128952,0.7383393219740684,0.9733371614610362,0.0,0.0,0.0,0.0
0.021090997849584646,0.13268694161792663,0.7646294422093911,-0.0068154483295038695,-0.6617711597194385,-0.0077474867415808805,0.7496348833111,-0.023431423353646737,0.6966917243929484,-0.8997250292775758,0.011524839030012994,0.6963119837531055,-0.9055141847265935,0.10331694059545278,0.706902161053786,1.0533287658877282,-0.11442640677308137,0.7237850936616238,1.0130589096001106,0.0,0.0,0.0,0.0
0.023840156579409463,0.1349040790165087,0.7661507379543143,-0.007022464860784316,-0.6614782949397913,-0.00763435665498657,0.7498925702454252,-0.021751881584287584,0.6700689933792104,-0.8725844342156946,0.005923322539061683,0.7086560771688377,-0.9193117039536967,0.08719444001270492,0.7209385954498314,1.0503678941965136,-0.08828243351690182,0.7146401511160482,1.0433915539419445,0.0,0.0,0.0,0.0
0.02679788391035405,0.1369249158801289,0.7677178385966685,-0.007386614713577206,-0.6613960667711933,-0.007375325487335902,0.749964189382816,-0.02050141775352558,0.6521845006755935,-0.8611285877034459,0.0005941024546997718,0.7220765172014231,-0.9331828359012504,0.07465580260389318,0.7354690480730535,1.0463427949592083,-0.07342316233072499,0.7084848755816529,1.0667140708559084,0.0,0.0,0.0,0.0
0.029653981373710246,0.1387531993364535,0.769289014437583,-0.007812414996473616,-0.661424824145521,-0.007054868898698125,0.7499375954043186,-0.01947092876023878,0.6400338484963416,-0.8585667540035523,-0.0043701963435054765,0.7349128126774294,-0.9453582852555338,0.06427187467122039,0.7499103321599655,1.0412478564976055,-0.06556101036206571,0.7039190491111198,1.0858720299338398,0.0,0.0,0.0,0.0
0.0322299427918511,0.14040600788244012,0.7708102690008751,-0.008238880488246423,-0.661491154552426,-0.006723602651675876,0.7498775676499339,-0.018578873103743766,0.631348471822161,-0.8609564353610796,-0.008941361768686398,0.7462575927995582,-0.9551472730934945,0.05504431377450101,0.763691013984386,1.0354479531525962,-0.061535688901651765,0.7000609005077023,1.102504747899604,0.0,0.0,0.0,0.0
0.03444675982302207,0.14189603646837565,0.7722467238850313,-0.008637156086598088,-0.6615609647524582,-0.006406060117314452,0.7498142782344877,-0.01776208795362726,0.6245737326580061,-0.8660715745401406,-0.013107011123061662,0.7557458690056704,-0.9623951173415025,0.046504400991990706,0.7764552410797387,1.0292923519390342,-0.05949229160082177,0.6963635370730005,1.1175967744245558,0.0,0.0,0.0,0.0
0.0362903342563086,0.14323110762939845,0.7735843528363955,-0.008995530909809738,-0.6616218995152512,-0.006113161024495309,0.749758742375019,-0.01695610332952315,0.6186912696551168,-0.8726479195884178,-0.016860333249167064,0.7633589308451026,-0.9672591691200737,0.038502699364397375,0.788053541974177,1.0230076469342404,-0.05841224364193091,0.6925052236814982,1.1317623184576673,0.0,0.0,0.0,0.0
0.03778483061610181,0.1444173195452504,0.7748231271889463,-0.009310939494344375,-0.6616720682989176,-0.0058488307876995976,0.7497127260605772,-0.016103353989469195,0.6130656620266469,-0.8799604442865574,-0.020202377329193045,0.7692707324111611,-0.9700576792510321,0.031050403964169717,0.7984796989367375,1.0167119635958377,-0.05774780497115992,0.6883215275306569,1.145394138690337,0.0,0.0,0.0,0.0
0.038973520111637745,0.14546154494093536,0.7759699867566886,-0.009584474081288838,-0.661713486328815,-0.005613349763163714,0.7496745228241298,-0.015160693328889897,0.6073174689928486,-0.887592940381853,-0.02314472208144842,0.7737409011543493,-0.9711711862901918,0.024213958747903802,0.8078082231182971,1.0104576112404526,-0.0572046551414128,0.683751632482224,1.1587447261226917,0.0,0.0,0.0,0.0
0.03990608201334252,0.1463723829618783,0.7770338868791158,-0.0098191187669911,-0.6617493622780803,-0.005405354799004362,0.7496413466256316,-0.01410090168879374,0.6012286842653223,-0.895310742094206,-0.025708589281328686,0.7770469427761554,-0.9709787526960396,0.018054258838188543,0.8161510239828511,1.00426939203457,-0.05662684221702673,0.6788038845149792,1.1719713819821382,0.0,0.0,0.0,0.0
0.040630666009817566,0.14715979223413334,0.7780223927345372,-0.010018571581392076,-0.661782292097472,-0.005222687992807438,0.7496109321640224,-0.012910466004161488,0.5946788744841611,-0.9029845718881451,-0.027921934983653807,0.7794460696683057,-0.969827543695368,0.012604808465269688,0.8236217142812419,0.9981720596759408,-0.05593344983899057,0.6735337237525659,1.1851587675324171,0.0,0.0,0.0,0.0
0.04118965203850263,0.1478341364293564,0.7789390407442591,-0.010186437401188218,-0.6618139907416521,-0.0050632985364354325,0.7495817774997008,-0.011585270505120523,0.5876234467198906,-0.9105337736909727,-0.02981488942697783,0.7811567814015161,-0.9680218417815828,0.007865372417585788,0.8303128012135539,0.9922142418106262,-0.0550883348167053,0.6680386488366238,1.1983228689360137,0.0,0.0,0.0,0.0
0.04161772245939335,0.14840509156857323,0.779780490653196,-0.010325702873999141,-0.6618450361312985,-0.004925779123354286,0.7495533768241899,-0.010126572822142795,0.580116728918492,-0.9178676555088061,-0.03141568631716425,0.7823526648957484,-0.9658297204683827,0.0038071222032997057,0.8362731924132166,0.9864946251287101,-0.05408163608533457,0.6624638871097166,1.211391768363725,0.0,0.0,0.0,0.0
0.041941230209590626,0.14888088863606466,0.7805330537458544,-0.010438335953759769,-0.6618746934327939,-0.004809789777644065,0.7495263819626741,-0.008538090846909593,0.5723850569595539,-0.9248114646373471,-0.03274790655166134,0.7831616135323253,-0.9634989170108149,0.0003775122622887454,0.8414852869912111,0.9811955251666826,-0.05291458630226626,0.6570195147040899,1.2241506809596656,0.0,0.0,0.0,0.0
0.042177920292474136,0.1492682548426775,0.7811688821919535,-0.010525074935502943,-0.6619007087485286,-0.004716225619682265,0.7495027897024145,-0.006824768765487734,0.564937889850585,-0.9310153746116404,-0.03383002550863983,0.7836647213888301,-0.9612724134680108,-0.0024988792621538558,0.8458413021131375,0.976621675587646,-0.05157757479855199,0.6520148171889006,1.236129250924935,0.0,0.0,0.0,0.0
0.04233637409479908,0.14957340422593732,0.7816438184240331,-0.010585387182549826,-0.6619192255076568,-0.004647108929672372,0.7494860191225284,-0.00499310713306932,0.5586634573166862,-0.9358665813025987,-0.03467797401220734,0.7838908658916128,-0.9593891482377983,-0.004928428873694148,0.8491300490810563,0.973226007570592,-0.05001224293843705,0.6479315519120267,1.2463991762530757,0.0,0.0,0.0,0.0
0.042415363596464375,0.14980400109138,0.7819026450320665,-0.010617659095739697,-0.661925058826433,-0.004605012917455624,0.7494806706439998,-0.0030518955467023702,0.5547708378795152,-0.9384584226265862,-0.035310542894497685,0.7838092610746532,-0.958049175344573,-0.007060865224238913,0.8510657224096805,0.9715663147039769,-0.048050062070460954,0.6455840106023113,1.2532522347041186,0.0,0.0,0.0,0.0
0.042405235843856796,0.149969986255493,0.7819039860583408,-0.010620452452807402,-0.6619158403636307,-0.004591197271046611,0.7494888572707565,-0.001009979850619457,0.5543343427539957,-0.9377398725439148,-0.035752613592661436,0.7833357560110458,-0.9573015160581161,-0.009057531311939346,0.8514305372697377,0.9720715438128612,-0.045354609403021044,0.646370515565486,1.253917308835499,0.0,0.0,0.0,0.0
0.042288462993358894,0.1500719224915422,0.7816453240558547,-0.010592941092960002,-0.6618924487577843,-0.00460715362870945,0.7495098064814538,0.001121423390775307,0.5573271534833574,-0.9336802612559274,-0.03600124790103191,0.7823692835991023,-0.9570018138853741,-0.010943899594858744,0.8501871692839421,0.974757225261854,-0.04194305400555959,0.6502447568744657,1.2483702719237855,0.0,0.0,0.0,0.0
0.04204096939362667,0.15010193023985374,0.781163258831766,-0.010534949767630248,-0.6618582901258535,-0.004654442246349611,0.7495404957655393,0.0033194763275425088,0.562636144500692,-0.9273012246232457,-0.03602854177570025,0.7807972422390184,-0.9568217225588961,-0.012615000364360097,0.8474816278634701,0.9792230920096805,-0.038177548950273095,0.6557295682896828,1.2393320476142125,0.0,0.0,0.0,0.0
0.041631692882235366,0.15005614300341635,0.7805090870649961,-0.010446358891622785,-0.6618181991384489,-0.004733012468663182,0.7495766428244808,0.005554825794473058,0.5690210621564447,-0.9194945263072156,-0.03581802990916924,0.7784576792437832,-0.9562886642071202,-0.013991066480931569,0.8435332839255806,0.984932261818531,-0.0342461959027178,0.6619452692769052,1.2284692362094718,0.0,0.0,0.0,0.0
0.04102040555138703,0.1499345315152533,0.7797243399695555,-0.010325957922100212,-0.6617746179630941,-0.004842841273776695,0.749616086074191,0.007798076084024565,0.5755658923565888,-0.9108565239769275,-0.03536342860070513,0.7751264818011445,-0.9548831575664596,-0.015053794330282234,0.8384932896395064,0.9914451372252828,-0.030223693351505737,0.6683549433030782,1.2166764529289569,0.0,0.0,0.0,0.0
0.040158429230111946,0.149740190593715,0.7788357255497316,-0.010171568775962633,-0.66172736365178,-0.004984074700513828,0.7496589853943461,0.010024024992739869,0.5817385624925535,-0.9017244773888714,-0.03466710194416685,0.7705207518455924,-0.9520635611359033,-0.015839242491700208,0.8324172954581016,0.9984646027243649,-0.026131608199978798,0.6746015222484179,1.2043949275993695,0.0,0.0,0.0,0.0
0.03899048904601654,0.14947987325591414,0.7778576305734045,-0.0099802380014303,-0.6616735748150951,-0.005156858839264354,0.7497078644697275,0.012215493628622634,0.5872956820850471,-0.8922726882766184,-0.03374202818062266,0.7643051203038237,-0.9472626548270258,-0.01643968760818222,0.8252854134554403,1.0058097237312533,-0.02197245325178917,0.6804308709681847,1.1918145586947995,0.0,0.0,0.0,0.0
0.037457677793789744,0.149165205648615,0.7767966603302202,-0.009748447032086638,-0.6616073895977804,-0.005360890812037243,0.7497678911901834,0.014369041185392988,0.5921674724726168,-0.8826072454379543,-0.0326159916786543,0.7561017865837313,-0.9398813981015764,-0.017007255245733523,0.8170343817538696,1.0133714986430784,-0.0177415071696718,0.6856521902993935,1.178990414707342,0.0,0.0,0.0,0.0
0.03550274851688863,0.14881377494734446,0.7756564154176966,-0.009471846397109686,-0.6615201865156121,-0.0055956659242129,0.7498466613121938,0.016502305597210196,0.5963810939382699,-0.8728358197788237,-0.03133463490217058,0.7455120829954747,-0.9292976127819519,-0.01776561696720788,0.807600650383759,1.0210698172152706,-0.013428436460845105,0.6901193038262284,1.165909412302276,0.0,0.0,0.0,0.0
0.03307936879783365,0.14844860474377888,0.7744420044026831,-0.009145139776344104,-0.6614007484362121,-0.005860594570216805,0.7499540451372824,0.018656793790239774,0.6000310681170721,-0.863105884993392,-0.029960686230838324,0.7321635514629229,-0.914915118068574,-0.01899192077851922,0.7969612219218151,1.028812522860493,-0.009006185116967824,0.6937310811921608,1.1525361014724538,0.0,0.0,0.0,0.0
0.030168114569903686,0.14809437666488112,0.7731641192368867,-0.008762172831183494,-0.6612376113734922,-0.006155895124188619,0.7501000937125489,0.020890148316566742,0.6033009893400401,-0.853609830044763,-0.028563603094434432,0.7158020369738256,-0.8962782069348144,-0.020965556464785085,0.7851859105642663,1.0364617344088252,-0.004418115539318651,0.6964738912144367,1.138867072740793,0.0,0.0,0.0,0.0
0.026802689546330277,0.14776760822472454,0.771841300106869,-0.008317995411718532,-0.6610244745740738,-0.006482777245491304,0.7502902295549273,0.02325119363152182,0.606526578809233,-0.8445507322416438,-0.02719449123499144,0.6964611178451684,-0.8733050391567402,-0.023832246327985963,0.7724878904265967,1.0438197342145425,0.00044548378467206603,0.698543367220597,1.1250226190838104,0.0,0.0,0.0,0.0
0.023110595058897773,0.14745754075859246,0.7704959870281602,-0.007814079086735789,-0.6607657574460929,-0.006839816842062628,0.7505203334089519,0.025741204380550768,0.610260170912522,-0.8360500837940351,-0.02584484475437885,0.6747636331035103,-0.8467618024726977,-0.027345323117765746,0.7592333937505978,1.0506716124997568,0.0058467712476188505,0.7006261264291401,1.1113602538611183,0.0,0.0,0.0,0.0
0.01935765602497722,0.14708540059178438,0.7691356940634421,-0.007249977003508669,-0.6604263804530257,-0.007253476424234157,0.7508207648400029,0.028237589907439235,0.6148607251062704,-0.8275757929590376,-0.024304017078157637,0.6524572934396375,-0.8195164626143894,-0.030898516198028813,0.7458143620803657,1.0568764111366473,0.012035471111976611,0.704263258511258,1.0980067392772244,0.0,0.0,0.0,0.0
0.01594557789280736,0.14661062866548072,0.7679105042186928,-0.006679108558534678,-0.6600419422870349,-0.007675454635603006,0.7511598440591446,0.031027065519235033,0.6206587293635635,-0.8192528516159325,-0.02255918113534889,0.6321494427906673,-0.7948567668587998,-0.03332031565365557,0.7335461123957004,1.0614697661073818,0.020525548888414066,0.7105585468310672,1.0856771815212403,0.0,0.0,0.0,0.0
0.013162875869026414,0.1461047553432743,0.7670088762178267,-0.006185198962131872,-0.6596347072618038,-0.008041542484617668,0.7515178839414942,0.033664877496381924,0.6269888679571849,-0.8119399022109818,-0.0208549177434142,0.6156821836484939,-0.7748061424730214,-0.03432697474910531,0.7237354300687293,1.0635310950001375,0.03286982004965221,0.7194845982576678,1.0747176959524714,0.0,0.0,0.0,0.0
0.011418820248660939,0.14568107352651788,0.7665930742771755,-0.005911101810375321,-0.6592382063416558,-0.008256037932313226,0.7518656023602117,0.035442414189282304,0.6316767032533261,-0.80693182631809,-0.019544413628829364,0.6056361458116742,-0.7625628918638253,-0.03330328915717354,0.7176041819392667,1.0627151621820494,0.04964602585954554,0.7299103137334684,1.0652299090128328,0.0,0.0,0.0,0.0
0.011377935547101549,0.1455777988377471,0.7665373881710702,-0.005800540603596541,-0.6592417517104826,-0.008256553968702875,0.7518633491845192,0.035476373768915104,0.6317041743800654,-0.8069449840252653,-0.019410730525894426,0.6054582503526059,-0.7625151188466086,-0.03332435570194775,0.7174792309187278,1.0626386634451812,0.04963898992279879,0.729954827419323,1.0652468244969768,0.0,0.0,0.0,0.0
0.011377935547101549,0.1455777988377471,0.7665373881710702,-0.005800540603596541,-0.6592417517104826,-0.008256553968702875,0.7518633491845192,0.035476373768915104,0.6317041743800654,-0.8069449840252653,-0.019410730525894426,0.6054582503526059,-0.7625151188466086,-0.03332435570194775,0.7174792309187278,1.0626386634451812,0.04963898992279879,0.729954827419323,1.0652468244969768,0.0,0.0,0.0,0.0
0.011377935547101549,0.1455777988377471,0.7665373881710702,-0.005800540603596541,-0.6592417517104826,-0.008256553968702875,0.7518633491845192,0.035476373768915104,0.6317041743800654,-0.8069449840252653,-0.019410730525894426,0.6054582503526059,-0.7625151188466086,-0.03332435570194775,0.7174792309187278,1.0626386634451812,0.04963898992279879,0.729954827419323,1.0652468244969768,0.0,0.0,0.0,0.0
0.012157413724757569,0.14554678957652853,0.766709535539297,-0.005714785741127884,-0.6595536298417649,-0.008240791947205396,0.7515906066034673,0.035452985387082726,0.6361753118351021,-0.8119238283874699,-0.019522879886093338,0.610188679931582,-0.768086456036157,-0.03433576065759787,0.7211690968450105,1.0626011165027283,0.04964770477363824,0.7333717549798241,1.065280217574103,0.0,0.0,0.0,0.0
0.0136599954702374,0.14559682328781068,0.7668977939102544,-0.005711988484058205,-0.6598140456736478,-0.008213794978963438,0.7513623173219262,0.03531977961619469,0.6456898561930051,-0.8252898317837501,-0.019835927075246142,0.6196512452631007,-0.7813788807560701,-0.035598529025730796,0.7260201959785352,1.0635529539337316,0.04995187604209224,0.7382453945355048,1.065675073227967,0.0,0.0,0.0,0.0
0.015847995844696917,0.14565118677356212,0.767115093378889,-0.0057545282577169485,-0.6600538019787394,-0.008195262766045232,0.7511515836142114,0.03526028450299938,0.6595510918484215,-0.8455674070108785,-0.02016537530336691,0.6335393174349182,-0.8016999554516169,-0.03694479787734133,0.7322606908665595,1.0650627446692704,0.05081278871436724,0.7447065118679755,1.0664631799401285,0.0,0.0,0.0,0.0
0.018678552513997592,0.14554722059949776,0.7675190563375969,-0.005786395893361429,-0.6603293159985031,-0.00823482877894043,0.7509087159239103,0.03570717759508242,0.6767812788236933,-0.8700363108185549,-0.020075289146281365,0.6516862341976386,-0.8279401106919752,-0.03778828299378242,0.7409512896593488,1.0652292807288122,0.05298914156009299,0.7537538898783869,1.0666820279670517,0.0,0.0,0.0,0.0
0.022141378297732158,0.14503981594789017,0.7687475893564568,-0.0057108204362120735,-0.6609611627996195,-0.008431564360582811,0.7503510088771478,0.03735006249480479,0.6963016170393851,-0.8925854718049873,-0.018855258163330307,0.6741071435586787,-0.8562681043957626,-0.03768535398028848,0.7567669671099919,1.058253938430223,0.057587942781475276,0.7698295749779516,1.0618477515386953,0.0,0.0,0.0,0.0
0.025192529952011235,0.14483101191356332,0.7694828354204208,-0.005078939638305,-0.6609082904961324,-0.008938595034586798,0.7503962536183386,0.038379248271484166,0.7140972723549904,-0.916219992800177,-0.018214435687126836,0.6557783303459309,-0.8374075102586874,-0.024050105873657898,0.7424773011385108,1.0749094260234706,0.0491601988512274,0.7764908056626089,1.057934789822501,0.0,0.0,0.0,0.0
0.02834242870807109,0.14463364683530192,0.7704039851090627,-0.00459376172431081,-0.6608662533059159,-0.009321173524483056,0.7504317479416419,0.03928457238578696,0.732327571197905,-0.9398603838894499,-0.015669619019775854,0.6405914624908893,-0.8304227291070857,-0.012717805899415943,0.7305604192111799,1.0892560626070789,0.042748059920373005,0.7850856922440242,1.0524427558195868,0.0,0.0,0.0,0.0
0.03126353061402728,0.1443844613752674,0.771453326757232,-0.004217502627779258,-0.6609253793261758,-0.009610790602248459,0.7503782301867072,0.0402303654754144,0.7487855358989572,-0.9598045799365276,-0.012760501258145958,0.6291117678535277,-0.8309942978560871,-0.004197278449456814,0.7212991521625162,1.1029961720958568,0.03866768927803818,0.7950395019355752,1.0458319404358278,0.0,0.0,0.0,0.0
0.033807851477040816,0.1440884905849318,0.7725576738392864,-0.0039033091878346443,-0.6610352191419365,-0.009852006961502955,0.7502800418445014,0.04124294059418573,0.762784187721362,-0.9754861552552374,-0.010136932274376387,0.6203693591993368,-0.8355894626834414,0.002507093476964293,0.7138141443597633,1.1164420706895646,0.036100705357815864,0.8052120936738281,1.0385086632386238,0.0,0.0,0.0,0.0
0.03591083439626346,0.14375908304030788,0.7736693691861201,-0.003623579393304707,-0.6611639751087893,-0.010068190199355145,0.7501651146493246,0.04230590052151382,0.7741045138198388,-0.9869279132914334,-0.007823535197338898,0.6134211762464105,-0.8422219192757673,0.00817311130056328,0.7072851733559696,1.1296101728509589,0.03447265567926488,0.81490235051265,1.0307978643833307,0.0,0.0,0.0,0.0
0.037569857117794314,0.14341684885163383,0.7747614349456718,-0.003366548279782372,-0.6612939990383486,-0.010268064908702619,0.7500489850880268,0.04337153199512987,0.782854766340581,-0.9945286919279539,-0.005666607671914877,0.6074820224894772,-0.849818538042321,0.013250728231102115,0.7011081749063977,1.1424922846599306,0.03337381531988072,0.8237603173432362,1.0229085001648872,0.0,0.0,0.0,0.0
0.03882225826462953,0.1430848718743853,0.7758195988786072,-0.0031294647057310983,-0.6614164543933714,-0.010452864933785522,0.7499394761732661,0.04438059001008926,0.7893378242981021,-0.9988903469720956,-0.003527368554420804,0.6019661247835795,-0.8578099290954716,0.01798521440495275,0.6948911981136282,1.1551097279245013,0.03249719586001691,0.8316651759373008,1.0149610933177324,0.0,0.0,0.0,0.0
0.03972626429605316,0.1427839861841259,0.7768365519779666,-0.0029135649043122193,-0.6615277081051797,-0.01062094120157299,0.7498398483387296,0.045278885523338135,0.7939433079948791,-1.000682109200356,-0.001333604617747757,0.5964780483213049,-0.865899785633545,0.02250861678732711,0.6884104030218997,1.167509985984316,0.03161807510404042,0.8386309880251652,1.0070236407902042,0.0,0.0,0.0,0.0
0.04034661025064136,0.14252992365850134,0.7778085624614408,-0.002720942334999557,-0.6616271188212224,-0.010770338240996234,0.7497507265266984,0.046026659734852066,0.7970711477110227,-1.000546681801225,0.0009293640631350512,0.590772041042494,-0.8739406462791953,0.026891733293268716,0.6815615991983462,1.1797505013680716,0.030584074680520094,0.8447408373807618,0.9991390208293072,0.0,0.0,0.0,0.0
0.040745088651159896,0.1423325357381887,0.7787335295490201,-0.0025530787014791823,-0.6617157329455295,-0.01089977460117637,0.7496712382605778,0.04660076501839057,0.7990848617743952,-0.9990461729694553,0.003243446636161625,0.5847033148701308,-0.8818678008975973,0.031173066388160107,0.6743218420491327,1.1918822499091088,0.02930638993269678,0.8501042357957718,0.9913425815417326,0.0,0.0,0.0,0.0
0.04097532930234036,0.14219662309058467,0.7796093808055987,-0.0024104388866079294,-0.6617953718981203,-0.011008771942548854,0.7495998148738561,0.046991938889549924,0.8002888987086687,-0.9966423877034514,0.005578766280085362,0.5781902773816533,-0.8896608455332758,0.0353750226069362,0.6667259258594409,1.2039346120998857,0.027745197121459578,0.8548274586712914,0.9836753281781818,0.0,0.0,0.0,0.0
0.041080739767026066,0.14212366627805612,0.7804320501010268,-0.002292710532623243,-0.6618678532140806,-0.01109733249986596,0.7495348808238247,0.0471996082008055,0.8009231288411102,-0.9937038225304609,0.007905400307138755,0.5712035502103394,-0.8973119827218186,0.03951268068462242,0.6588583450918868,1.2158971081635193,0.02589249031653213,0.8589901690546159,0.9761993712727269,0.0,0.0,0.0,0.0
0.04109447705630656,0.14211377872331873,0.7811925569603841,-0.0021993852467917067,-0.6619342486678795,-0.01116540354624829,0.7494755145491248,0.047226278355019594,0.8011676160302902,-0.9905309623681995,0.010197030732585207,0.5637956806961516,-0.9047850177241882,0.0435963624017118,0.6508595247374195,1.227688512921859,0.02375812487717429,0.8626237642851514,0.9690215615236626,0.0,0.0,0.0,0.0
0.04104031740173512,0.14216733282832916,0.7818728777736897,-0.0021302317779379703,-0.661993871921881,-0.011212909111968346,0.7494223417537638,0.04707399398950667,0.8011511204943217,-0.9873913914333088,0.012431558981297254,0.5561799806413461,-0.9119548428026708,0.0476191498255895,0.6429462922854962,1.2390973824353895,0.02135256183322712,0.8656824080613879,0.9623290716895538,0.0,0.0,0.0,0.0
0.040932127007576806,0.1422859210454462,0.7824415055490685,-0.0020864876896079616,-0.6620456965881754,-0.011236652317779684,0.749376327250126,0.04673710513392427,0.8009473138384035,-0.9845317366813309,0.014611105345926174,0.5488528164801736,-0.9185158380453431,0.05158860221306701,0.6354390606637207,1.2496648693592165,0.01872977399126629,0.8680391070689831,0.9564356641283496,0.0,0.0,0.0,0.0
0.04078254437981059,0.14247357562136626,0.7828502096329819,-0.0020716763864780424,-0.6620856141415105,-0.01123286281100633,0.7493411576157268,0.046205703631542853,0.800629253266188,-0.9822821923487741,0.016700556532961937,0.5427148097288745,-0.9238845242601968,0.05542146569987865,0.6288645491411577,1.2584977730924087,0.01594879311324671,0.8694620163746053,0.9518106410264612,0.0,0.0,0.0,0.0
0.04060912790926926,0.14273973546192006,0.7830398048947449,-0.002093345287428949,-0.662104882367758,-0.011195763548354285,0.7493246276006508,0.04545714115410279,0.8003155463861704,-0.9811143657272373,0.018604622017918234,0.5390229931516948,-0.9271283878238633,0.05888075189134176,0.6241408209073723,1.2639295969035844,0.013072056842780953,0.8696571598021914,0.9490164788023943,0.0,0.0,0.0,0.0
0.040381155681856025,0.14307137466235645,0.782967227393983,-0.0021561591175455162,-0.6621106658856122,-0.011119186924750262,0.7493204793547974,0.04451704568921619,0.7997836131177403,-0.9808442564121531,0.02034233753051255,0.5389133338320606,-0.9271474837871826,0.061622521487657615,0.6226747684939159,1.2632008616033723,0.010429445335211706,0.8684317734329584,0.948529110133955,0.0,0.0,0.0,0.0
0.04007750246869364,0.14347591280856895,0.7826291489863947,-0.0022619692060307415,-0.662104056433677,-0.01100153695378816,0.7493277441373938,0.043363727614689845,0.798927222341047,-0.9813257462640503,0.021902500077210476,0.542355483849633,-0.9239033129305905,0.06361603821572409,0.6244614079456697,1.2563156872819896,0.007963306696224005,0.8657148114724604,0.9503490282906139,0.0,0.0,0.0,0.0
0.03967292976116888,0.14397236545723957,0.7820620831866281,-0.0024072032538268516,-0.6620850574785591,-0.010846629045553257,0.7493463369327003,0.04194877122921429,0.7976513853779318,-0.9822636904019291,0.023300872996008963,0.5481714242432087,-0.918473613372301,0.06518457405981934,0.628029124780643,1.2460289344900026,0.005323799129210558,0.8615698367110509,0.9540214450581537,0.0,0.0,0.0,0.0
0.039134928314493375,0.14457659412917798,0.7813181837499511,-0.0025893639110163287,-0.6620577297450347,-0.010658123365884642,0.7493725789523557,0.04023170680325464,0.7958109932243661,-0.983207036089169,0.02455685251125379,0.5550727558926244,-0.9117439134068525,0.06649783927816073,0.6324828654207661,1.2340076077589146,0.0022373617391976564,0.856171309427217,0.9589429635608464,0.0,0.0,0.0,0.0
0.03842373614742555,0.14530225639870642,0.7804396878167953,-0.0028071348705609647,-0.6620253112152635,-0.010439088476490147,0.749403517963408,0.03817890151556948,0.7932122175852886,-0.9836742018960374,0.02568057643011089,0.5621308083806233,-0.9042759686815361,0.06761133695213749,0.6372718482339771,1.2211344874381738,-0.001491908253104217,0.84964288420725,0.9646096640750859,0.0,0.0,0.0,0.0
0.037494452246282534,0.14616164644759364,0.7794538056648166,-0.003059300771258142,-0.6619892249298102,-0.010192916692682262,0.7494377967549517,0.0357630647159649,0.7896248444513366,-0.9831928563221902,0.026670717821641925,0.5688226972788772,-0.8963694151523806,0.06852731347867502,0.6420364572605574,1.2078374473377234,-0.00601139180576798,0.8420210964113799,0.9706630379942314,0.0,0.0,0.0,0.0
0.0362994209301266,0.14716466040857398,0.7783757355595086,-0.0033435959818726366,-0.6619493475084535,-0.00992415784021064,0.7494754117315691,0.03296690924355229,0.7847910931756578,-0.9812956726282964,0.027518824017647617,0.5749232980218006,-0.8881697513190003,0.06923715670289303,0.6465356493843133,1.1942933831246039,-0.011423851922179266,0.8332776582116259,0.9768601871901196,0.0,0.0,0.0,0.0
0.03479108131536025,0.14831642231977174,0.7772139808934276,-0.0036558247721663263,-0.6619049136497152,-0.00963895147921754,0.7495169183187125,0.02978961399993683,0.7784334322509928,-0.9775027264368131,0.028215306712722217,0.5803884108260943,-0.8797661210317703,0.06975082891800005,0.6506089234641957,1.1805420627906527,-0.017768514321555306,0.8233640635798765,0.983027351427907,0.0,0.0,0.0,0.0
0.032926370617222867,0.14961473269109044,0.7759756358436475,-0.0039881284589202435,-0.6618548505794549,-0.009346599134246444,0.7495631345526981,0.02625504708721978,0.7702711007160978,-0.9713168618161458,0.028759121659314917,0.5852783725585021,-0.8712623239107924,0.07011534953218808,0.654153392848804,1.166546524040062,-0.025029540072890454,0.8122465913151495,0.9890151316018991,0.0,0.0,0.0,0.0
0.03067439305620507,0.15104741384433273,0.7746719510249458,-0.004329742930716326,-0.6617997359695009,-0.009057648182640524,0.749613448256001,0.022415520801036787,0.7600544685354153,-0.9622456880014707,0.02916891945435479,0.5897468169581961,-0.8628225797345452,0.07045909759635785,0.6571179106316084,1.1522281533902,-0.03308768294682873,0.7999742594934055,0.9946633046758808,0.0,0.0,0.0,0.0
0.028029059964937552,0.15259230404997648,0.7733229847323675,-0.004665009473307213,-0.6617416385804297,-0.008785635271479424,0.7496659616578429,0.018352460419355798,0.7476363150320727,-0.9498870309242881,0.029505922555145028,0.594068815464078,-0.8547005414846301,0.0710455443352845,0.6595124937768824,1.137497042667462,-0.041793612248160125,0.7867031857825892,0.9997676502530334,0.0,0.0,0.0,0.0
0.025029421747811968,0.15421998057191866,0.7719610355910208,-0.00497310670159763,-0.6616854092442231,-0.008546240669207977,0.7497163791551198,0.014165468352040168,0.7330965743122455,-0.9341060421713777,0.029898015411410194,0.5987204689009114,-0.8472642517074956,0.07240369599740963,0.6614483316608709,1.1222947648199597,-0.05103115247150419,0.7727389486707426,1.0040681961082474,0.0,0.0,0.0,0.0
0.02179070442683439,0.15590135090525792,0.7706268087636614,-0.005224631127036553,-0.6616381849084958,-0.0083614839178683,0.7497584284869818,0.009954290104951372,0.7169512734008252,-0.9153812976678926,0.030556643991915638,0.6044684303292375,-0.8410368007456085,0.07556793653540692,0.6632125198948483,1.1066543069881012,-0.06091013135596588,0.7585081338729923,1.0073008697489458,0.0,0.0,0.0,0.0
0.018597302353544447,0.15765520031490501,0.7693480561775756,-0.005378546220751573,-0.6615584901028209,-0.00825228917037284,0.7498288705677287,0.00567683992426012,0.7009094729974388,-0.8963473612824845,0.031615920499039475,0.6121331215569625,-0.8364193375431535,0.08265780713968437,0.6654675992702928,1.0903709706990692,-0.07219094812367946,0.7443569097475027,1.0092762739574543,0.0,0.0,0.0,0.0
0.01582129052149472,0.15942045287957562,0.7682473578895562,-0.005370275440768682,-0.6614718704629684,-0.008280302105081152,0.7499050348710566,0.0015283344327291209,0.6871146428393876,-0.8796356711508229,0.03288349481880379,0.6227155913768166,-0.8350288299908563,0.09654601328677222,0.6679537676269642,1.0734955289295824,-0.08550238045174378,0.7313834172411294,1.0094654470595223,0.0,0.0,0.0,0.0
0.013761503124193084,0.1610023896047308,0.767427677897602,-0.005114294277988555,-0.6614508405098669,-0.008515811332012523,0.7499227363803461,-0.0019869139035075534,0.677030166088091,-0.8666937470777456,0.03441625302096473,0.6368213791873601,-0.8401933389704048,0.12110058680738664,0.6693882786320448,1.0558821336848552,-0.10063741928229356,0.720602685623375,1.008105192011674,0.0,0.0,0.0,0.0
0.0127963000792668,0.16208720280592964,0.7669093747003566,-0.004612710976165161,-0.6616265875811932,-0.008965300164669064,0.7497656999997221,-0.0041367703985276906,0.6723492270551763,-0.8595584295611074,0.03621492606232081,0.6542808075099116,-0.8569027319388312,0.1544318233329297,0.6696410894840946,1.0385161096369615,-0.11570860396167731,0.7132578285770029,1.0069723265405255,0.0,0.0,0.0,0.0
0.012728600823248165,0.16227836662085263,0.7668245728539198,-0.004750681882469474,-0.6616699609802494,-0.00900169944628574,0.7497261254385666,-0.004372153473704742,0.6721913060194367,-0.859536775262955,0.03620349293447755,0.6543085823472958,-0.856912629828281,0.15445535841582514,0.6696697865622263,1.0385253967497339,-0.11568559461473969,0.713108242337319,1.0068859466435935,0.0,0.0,0.0,0.0
0.012728600823248165,0.16227836662085263,0.7668245728539198,-0.004750681882469474,-0.6616699609802494,-0.00900169944628574,0.7497261254385666,-0.004372153473704742,0.6721913060194367,-0.859536775262955,0.03620349293447755,0.6543085823472958,-0.856912629828281,0.15445535841582514,0.6696697865622263,1.0385253967497339,-0.11568559461473969,0.713108242337319,1.0068859466435935,0.0,0.0,0.0,0.0
0.01292568118295938,0.16294173037804227,0.7667545841100397,-0.004958170773120621,-0.6613463452561883,-0.008936307786720532,0.7500110469599818,-0.0059155301212511745,0.6753660498024439,-0.8667525765267359,0.03467604433495595,0.65445165643478,-0.8585234001156251,0.15107205768205714,0.6686499854084382,1.0411791257378709,-0.11828780331993374,0.7121732584415793,1.0047974108999058,0.0,0.0,0.0,0.0
0.013684548890989795,0.1639216257666031,0.7667043590801542,-0.00520301615493079,-0.661200911251904,-0.008816100820466891,0.7501390270802251,-0.008354372859947853,0.6824918092577787,-0.8795139607287145,0.03231475931136127,0.6571464539228746,-0.8631521188175013,0.14678484944053408,0.6690149145271582,1.0458127354330602,-0.12379918266145652,0.7124446500800482,1.0024206591722662,0.0,0.0,0.0,0.0
0.015152513674989149,0.16518514128065143,0.76673807453625,-0.005508936858074731,-0.6612271608196907,-0.008631954328141796,0.7501158462354341,-0.011627096566321651,0.6943245835818815,-0.8987575799331399,0.029195178516488514,0.6633670460512073,-0.8720804272369735,0.14207847971207066,0.671261682026026,1.051864693904065,-0.13185704859495026,0.7145880188603552,0.9994171878397826,0.0,0.0,0.0,0.0
0.017418539374134734,0.16685508653151307,0.7671551307376157,-0.005939958265716777,-0.6614367741499161,-0.008331619300723318,0.7499311267161687,-0.016112142606434277,0.7116036622661787,-0.9244403918260474,0.024950332799034122,0.673393073279375,-0.8843055219027756,0.13674037703065783,0.6770952321924748,1.057175837055618,-0.14284480245620737,0.7205442524347394,0.9927262045785463,0.0,0.0,0.0,0.0
0.020609363747427844,0.16933190134398016,0.7690172398480888,-0.006765339452721475,-0.6622818930677463,-0.007596966156614179,0.7491856982096674,-0.023216149754897414,0.7356727391567046,-0.9528929700649793,0.01817305183562769,0.6867672234933607,-0.8919423207998951,0.1323953876940819,0.6925638640267727,1.0544379654669274,-0.15694829933190033,0.7386491675235036,0.9723341956076742,0.0,0.0,0.0,0.0
0.022637001484992866,0.17178273972711128,0.7703778631104623,-0.006748885638601599,-0.6616823956874804,-0.007764161832011533,0.7497136637216638,-0.02095912949759953,0.6977943765005322,-0.9005803773223854,0.012417463017079983,0.6948833600621099,-0.9017502991762953,0.11084076630381096,0.7050981607757599,1.0530211193435335,-0.12011946029419793,0.7244737114126699,1.012542575397652,0.0,0.0,0.0,0.0
0.025394104504958295,0.17409024798393058,0.7719152708166145,-0.006939836061631754,-0.6614168105182101,-0.0076772455670375845,0.7499471323632481,-0.019505841937802727,0.6711875933228364,-0.8732333299848881,0.00663888713979492,0.70707838288711,-0.9151727956696972,0.09382431967852758,0.7195243390451251,1.0503367850679834,-0.09306591769796099,0.7155486386196631,1.0432547852371774,0.0,0.0,0.0,0.0
0.02836411176634517,0.1761955371799297,0.7734914938878489,-0.00729005187043287,-0.6613447587827223,-0.007437375811500898,0.7500097670133289,-0.01842978125382031,0.6532866035733379,-0.8616768568869071,0.0011335460538409638,0.7204047104582575,-0.9288558037678089,0.08039309033665551,0.7343607635582419,1.0465740345749566,-0.07766965126792963,0.7094805033262818,1.066789885443385,0.0,0.0,0.0,0.0
0.03123571150322576,0.1780976970372482,0.7750696500342615,-0.00770740435091015,-0.661376296504638,-0.007128911938382734,0.7499807790567405,-0.017530369364904524,0.6411223772138136,-0.8590767639961643,-0.0039926393028540995,0.7331861934264029,-0.9409336409055223,0.06922472045398392,0.7490534638895027,1.0416943453142882,-0.06953318320285827,0.7049463055524664,1.086061484094381,0.0,0.0,0.0,0.0
0.03382998818708854,0.17981125206419216,0.7765974538270962,-0.008131137345338121,-0.6614438266876559,-0.006803614656722227,0.7499197687552077,-0.01673353995631541,0.6324428142485967,-0.8614656177128325,-0.008702213245090249,0.7445110621171043,-0.9506743970649438,0.05937331746613065,0.7630461014752848,1.0360559188298912,-0.0653843762018903,0.7011165212624125,1.1027587680670605,0.0,0.0,0.0,0.0
0.03606734024037452,0.18134829999915375,0.7780401022174334,-0.008530877024178029,-0.6615153575531069,-0.00648769572645657,0.7498550297642501,-0.015982003256475114,0.6256931381241636,-0.8666023910900323,-0.012978523691499166,0.7540118654797079,-0.9579125953957883,0.05038011371276493,0.7759872261916562,1.0300136349015847,-0.06329297849246422,0.6974638730125059,1.117894008922364,0.0,0.0,0.0,0.0
0.037932798180180055,0.1827175024722096,0.7793831720645183,-0.00889314452708482,-0.6615789659829121,-0.006193676120162561,0.7497971873283599,-0.015216683251348489,0.619848431855871,-0.8732135071409427,-0.016814571253093723,0.7616652551968456,-0.9628017148325986,0.04208173044565754,0.787728730150623,1.02380430247555,-0.06219554299509338,0.6936690369427143,1.1320949897347012,0.0,0.0,0.0,0.0
0.039449475646347903,0.1839266635776423,0.7806262883550442,-0.009213398678573848,-0.6616324455273541,-0.005926734003638417,0.749748287183327,-0.014385144489713121,0.6142655990366196,-0.8805680419099898,-0.020214059835091124,0.7676383553363032,-0.9656555160629391,0.03446300866341117,0.7982658190888707,1.0175564410432363,-0.06151969161045218,0.6895622926765169,1.1457604760577769,0.0,0.0,0.0,0.0
0.04065961573897418,0.18498474392861977,0.7817762673829791,-0.009491758981458539,-0.661677369054272,-0.005688003440854168,0.7497070177140611,-0.013448955433291478,0.6085591547483609,-0.8882458222016633,-0.023192714872814844,0.77218295075962,-0.9668472758229745,0.027560698790683895,0.80767570277956,1.0113309862610036,-0.06095938672938245,0.6850761846536035,1.1591451702839628,0.0,0.0,0.0,0.0
0.04161200879358512,0.18590250173525888,0.7828421303867181,-0.009730576469083863,-0.6617164909021346,-0.005476717312310347,0.7496709992504882,-0.012384953450353325,0.6025070866445912,-0.8960094520498343,-0.0257764201645584,0.7755688546588865,-0.9667476567198587,0.02140511031576628,0.8160744286166824,1.0051593182222447,-0.06035476588502616,0.6802129218903039,1.172406844498845,0.0,0.0,0.0,0.0
0.04235416559309825,0.1866918823041093,0.7838316434328353,-0.00993329702465378,-0.661752142155355,-0.005291039044231192,0.7496382039816615,-0.011183038988651469,0.5959870474689527,-0.903727631339327,-0.027997617256985453,0.7780466372358216,-0.9656948420450872,0.016004000672010892,0.8235803021873723,0.9990707106001256,-0.059625252632352084,0.6750240466820934,1.185629892868233,0.0,0.0,0.0,0.0
0.042928071687940716,0.18736497509647568,0.7847485969323544,-0.010103472411115602,-0.6617858933806843,-0.0051290872385515995,0.749607259591092,-0.009841862979041919,0.5889539416058425,-0.9113181984764207,-0.0298904177921256,0.7798295747905221,-0.9639850751368071,0.011335774916336827,0.8302906953682152,0.9931168281511348,-0.05873718598078107,0.6696047031521759,1.1988297561898147,0.0,0.0,0.0,0.0
0.043368222800777095,0.1879328914113637,0.7855899015789649,-0.010244154570865225,-0.6618182701256964,-0.004989522364415081,0.7495777073069434,-0.008364954839621346,0.5814624325260741,-0.9186892503412315,-0.031486415682801756,0.7810874806258216,-0.9618798828663544,0.007354713964211592,0.8362590917965071,0.9873984025720549,-0.05768406573336573,0.6640986764626489,1.2119337709011537,0.0,0.0,0.0,0.0
0.04370093809023451,0.18840501611227214,0.7863420799912196,-0.010357453870451037,-0.6618485581459205,-0.004871995188495866,0.7495501803697807,-0.006758032232960762,0.5737396155812323,-0.9256649017893708,-0.032811932504620216,0.781945762371858,-0.9596220216504375,0.003995751651734807,0.841471823709905,0.9820991990297766,-0.05647079689504568,0.6587148181522378,1.2247261549263535,0.0,0.0,0.0,0.0
0.043944030704746784,0.1887889823578271,0.786977434112514,-0.010444290397152034,-0.6618746273229019,-0.0047773610899726985,0.7495265647895913,-0.005027991157283007,0.5662960534029506,-0.9318940758336851,-0.03388758516282099,0.7824840499664749,-0.9574507299047172,0.001174334233155148,0.8458245918752827,0.9775252201859032,-0.05509188235312797,0.6537609598177669,1.236735177418185,0.0,0.0,0.0,0.0
0.04410620855902435,0.18909168417396996,0.7874518777998507,-0.010504336724883682,-0.6618928544241099,-0.004707593929308822,0.7495100711342516,-0.0031834166278499752,0.560021334245988,-0.9367624333908531,-0.03473086777818494,0.7827305499961787,-0.9556021931952368,-0.0012222449040661786,0.8491092588915229,0.9741307671750142,-0.05349366856985629,0.6497169076403022,1.2470306142405285,0.0,0.0,0.0,0.0
0.04418642308305193,0.18932123651105875,0.7877102044979285,-0.01053616942001054,-0.6618984696957952,-0.004665293960970823,0.7495049299241299,-0.0012351140250188458,0.5561263855941778,-0.9393613768296681,-0.03536142006637745,0.7826544493956957,-0.954274267621494,-0.003348699658570697,0.851043484160548,0.972475202597136,-0.05151326747535206,0.6473951803915283,1.2539016542221135,0.0,0.0,0.0,0.0
0.04417522859382319,0.18948773965521507,0.7877110381769236,-0.010538339853046865,-0.6618894285947972,-0.004651926001039935,0.749512966727111,0.0008070446227192284,0.5556868753953995,-0.9386375569077392,-0.035804111391838415,0.7821723053973862,-0.9535158447136294,-0.005372436443962591,0.8514133041798072,0.9729885434054258,-0.048818541506187745,0.648192867788368,1.2545741252522216,0.0,0.0,0.0,0.0
0.04405542078283697,0.1895914168627644,0.7874517939805972,-0.010509980071018075,-0.6618665854374071,-0.004668992657574453,0.7495334308140618,0.002932600329864725,0.558676010251235,-0.9345610302044751,-0.036055211044569525,0.7811855057350202,-0.9531867285515777,-0.007316315394670272,0.8501811552882752,0.9756862187860255,-0.04542596403900642,0.6520637626106861,1.2490245396806998,0.0,0.0,0.0,0.0
0.043803375340325565,0.1896235399643731,0.7869689497972733,-0.010450862147640317,-0.6618329652396245,-0.004717840411936591,0.7495636381150999,0.005121146003179745,0.5639793183098436,-0.9281570744019321,-0.03608525397957017,0.7795857476732283,-0.9529670934806422,-0.009062987511675266,0.8474884523981522,0.9801665111795869,-0.041691710599727136,0.6575323011116775,1.2399781050083816,0.0,0.0,0.0,0.0
0.043388575409093084,0.18957908754738825,0.7863137053969592,-0.010360649764355377,-0.6617930438920315,-0.0047983773410828325,0.7495996261788506,0.007346649595651739,0.5703551836875252,-0.920320489423971,-0.035875290917061646,0.7772163341362323,-0.952394610534534,-0.01052034489808008,0.8435507448661349,0.985890411232266,-0.03779668609190874,0.6637216831983509,1.2291052339737374,0.0,0.0,0.0,0.0
0.04277146708270475,0.189456625000049,0.7855274645339749,-0.010237964678802737,-0.6617491320903526,-0.004910553349764802,0.7496393511033821,0.00958295358764995,0.5768869789480988,-0.9116500487240639,-0.035415848694495745,0.7738593719605865,-0.9509606453078726,-0.01165461971130741,0.8385156463942194,0.9924161409517834,-0.03380927233888123,0.6700984861787186,1.2173036202977625,0.0,0.0,0.0,0.0
0.04190418203195922,0.1892576248922328,0.7846367702680908,-0.010080559392479753,-0.6617010993577821,-0.005054428453640733,0.7496829264322645,0.01180784501552265,0.5830427435721353,-0.9024849256496681,-0.03470558351174459,0.7692392185029242,-0.9481351919322291,-0.012482677734423877,0.8324351266949923,0.9994443346065303,-0.029745724400051774,0.6763092804880368,1.2050169484301414,0.0,0.0,0.0,0.0
0.0407323892075326,0.18898703245842569,0.7836558159963527,-0.009885596561139862,-0.6616462657130276,-0.0052298980280765855,0.7497327138489103,0.014007005404780908,0.5885798487651961,-0.8930010127171064,-0.033753468562184766,0.7630287639258696,-0.9433634185849537,-0.013072750467821236,0.825284867296098,1.0067915852304334,-0.025604024663008824,0.6821040089049203,1.1924371471749584,0.0,0.0,0.0,0.0
0.039198247138785045,0.18865460875346193,0.782591031996687,-0.009649830016664267,-0.6615792428488086,-0.005436359789825497,0.7497934596970569,0.01618022427777537,0.5934309261660532,-0.8833059671651279,-0.032583144678193905,0.7548589605416212,-0.9360580257865891,-0.013552910020255687,0.816998752269522,1.0143465771370344,-0.021377381216024713,0.6872975490632541,1.1796212167910098,0.0,0.0,0.0,0.0
0.03724553606391171,0.18827614356465297,0.7814458756307319,-0.009369578016971641,-0.6614918661842261,-0.005672613451951029,0.7498723514282405,0.01834865125731689,0.5976260552875456,-0.8735092467736643,-0.031236772703299744,0.7443396192122289,-0.9256074019757808,-0.014118691439985856,0.8075088870115615,1.0220265741230994,-0.01705469014476783,0.6917503947768934,1.166557634344066,0.0,0.0,0.0,0.0
0.03482874121493102,0.18787332150298774,0.7802254160309481,-0.009040554919016374,-0.6613736519394722,-0.005937201668094314,0.7499786067104545,0.02055792012674864,0.6012646145473073,-0.8637611167676433,-0.029774895869251566,0.7311044820568536,-0.9114205674105484,-0.015025023307570726,0.7967905163267468,1.02973764965575,-0.012612785954741634,0.695369821762501,1.153211978106206,0.0,0.0,0.0,0.0
0.03192861615120056,0.187470439776363,0.7789404913142589,-0.008657992664175572,-0.6612137639100163,-0.006229180174505935,0.7501217200517061,0.02286952908903311,0.6045354088063354,-0.8542585582273813,-0.028267536457803815,0.7149004679883257,-0.8930383597371735,-0.016538976874262996,0.7849130832658994,1.0373409027007638,-0.008003241621161948,0.6981491493967819,1.1395796234031572,0.0,0.0,0.0,0.0
0.028577847364031246,0.18708532710944273,0.7776101785509255,-0.008218216467093583,-0.6610059840485697,-0.006548699480059255,0.7503070468183022,0.025334295594467045,0.6077780256876957,-0.8452118839914159,-0.026770554016961323,0.6957531920040643,-0.8703626827701522,-0.01881876134436116,0.772093319664198,1.0446377797705269,-0.0031302240920057234,0.7002834974787682,1.1257740798820326,0.0,0.0,0.0,0.0
0.024901226989030467,0.18671092698093178,0.7762580871065989,-0.007723023628003585,-0.6607533299792344,-0.006893876411177612,0.7505317223778231,0.02795108993521828,0.6115438392077032,-0.8367536023486042,-0.025285636479832067,0.6742656609044532,-0.844130415164639,-0.021666295405196156,0.7587048407421528,1.0514100366190824,0.002245062033620975,0.7024410130474775,1.1121346627298663,0.0,0.0,0.0,0.0
0.02115530989889369,0.18627779717249748,0.7748929952173167,-0.007172274472254206,-0.6604213778790582,-0.00729084204060827,0.7508255494730848,0.03056692618971781,0.6161995985316607,-0.8283953841196122,-0.023624443841083594,0.6521086283967188,-0.8170781783161567,-0.024568998687414183,0.7451505451667013,1.0575224977448865,0.00829317305033531,0.7060940489312838,1.098775762550166,0.0,0.0,0.0,0.0
0.017749762987246107,0.18574736206900028,0.7736626309318179,-0.006614102016836706,-0.6600415308809575,-0.007696885409870562,0.7511605614792487,0.03347579457414001,0.6220806043328335,-0.820235013029132,-0.021773215997770004,0.6319424536575176,-0.7926173251256439,-0.026450361125093007,0.7327664104476831,1.062036757823722,0.016450602950098432,0.7123673599396703,1.0863753629209651,0.0,0.0,0.0,0.0
0.014973969471367714,0.18520013319560646,0.7727545664953699,-0.0061254256125603795,-0.6596390667225752,-0.00805602785876223,0.7515143918978356,0.036219285964815495,0.6285667500872297,-0.8131842076025495,-0.01998684349972229,0.6155925779232112,-0.7727515039566277,-0.027212146491936748,0.7229171950113699,1.064078027731428,0.02811825983286069,0.7212085923924839,1.0752632291703352,0.0,0.0,0.0,0.0
0.013240077186954725,0.18475870347608464,0.7723332090252334,-0.0058360107799466845,-0.6592559172160122,-0.008287316293595467,0.7518503155432608,0.038080396249413576,0.6335691216457656,-0.8086121716137395,-0.018621889400680967,0.6056311082914668,-0.7606501031923704,-0.026506285065989524,0.716946046400341,1.0633403860595285,0.04375680939712242,0.7315056105261702,1.0655486628958957,0.0,0.0,0.0,0.0
0.01319840630939291,0.1846540923357448,0.772277236468319,-0.005724749025667566,-0.6592599095984057,-0.0082875793257488,0.7518476673328277,0.03811450194903481,0.6335967813382485,-0.8086254379976626,-0.018487074786993466,0.6054530529936945,-0.7606029950314909,-0.02652753182325658,0.7168205729292411,1.063263751335812,0.04374945513261767,0.731550183076101,1.0655655410575702,0.0,0.0,0.0,0.0
0.01319840630939291,0.1846540923357448,0.772277236468319,-0.005724749025667566,-0.6592599095984057,-0.0082875793257488,0.7518476673328277,0.03811450194903481,0.6335967813382485,-0.8086254379976626,-0.018487074786993466,0.6054530529936945,-0.7606029950314909,-0.02652753182325658,0.7168205729292411,1.063263751335812,0.04374945513261767,0.731550183076101,1.0655655410575702,0.0,0.0,0.0,0.0
0.01319840630939291,0.1846540923357448,0.772277236468319,-0.005724749025667566,-0.6592599095984057,-0.0082875793257488,0.7518476673328277,0.03811450194903481,0.6335967813382485,-0.8086254379976626,-0.018487074786993466,0.6054530529936945,-0.7606029950314909,-0.02652753182325658,0.7168205729292411,1.063263751335812,0.04374945513261767,0.731550183076101,1.0655655410575702,0.0,0.0,0.0,0.0
0.013975698976534553,0.18462773336215732,0.7724452188427853,-0.005636093445555922,-0.6595702570632798,-0.008277297722560913,0.7515762082387681,0.038091687054983246,0.6380538908212962,-0.8135924902213236,-0.018601515892383957,0.6101676234493065,-0.766182003876039,-0.027569587742589434,0.7204927897679724,1.0632594767039165,0.04356065159476641,0.7348914193069895,1.0655753988733427,0.0,0.0,0.0,0.0
0.015473980490424633,0.18468197261367206,0.7726293227409656,-0.005632504707306947,-0.6598311215611502,-0.008252882845081461,0.751347493397577,0.03796108327544574,0.6475262253364171,-0.8268932268584204,-0.01891710859247091,0.6196076405159316,-0.7794563387335448,-0.02877528134415861,0.7253065105815488,1.06422796287822,0.0436740947997677,0.7397066379048842,1.0659288339051762,0.0,0.0,0.0,0.0
0.01765512548868604,0.18473635044366346,0.7728436688466875,-0.005675451792123732,-0.6600734484441958,-0.008234769501427201,0.751134488941362,0.03791553571928799,0.661306867510167,-0.8470286566878698,-0.019240144307762653,0.6334734546646631,-0.7997423466686234,-0.02994751832063227,0.7314911986089775,1.0657158910018583,0.04437117984867077,0.7461329329990029,1.0666596999822229,0.0,0.0,0.0,0.0
0.020476297548249145,0.18462574931954603,0.7732460612706178,-0.005709065590538583,-0.660353832884351,-0.008271969172800236,0.7508873394131997,0.03839232839324089,0.6784153156028662,-0.8712750998131612,-0.01913021234016024,0.651602134668127,-0.8259342030561933,-0.0304528587879619,0.7400952101868844,1.0658122274855582,0.0464448852555079,0.7551781693773565,1.0668149964711966,0.0,0.0,0.0,0.0
0.023928042236455112,0.18410353858725714,0.7744713120523276,-0.005639101717337449,-0.6609908424131937,-0.008462821430511991,0.750325054513811,0.04008462223698044,0.6977793077268273,-0.8935609143525107,-0.01787328848417818,0.6740082962571072,-0.8542165341732437,-0.02973829446148932,0.7557370759584582,1.058734489435376,0.0510303729082151,0.7712701849755087,1.0619378101085926,0.0,0.0,0.0,0.0
0.026960485832721252,0.18387013241223868,0.7752067083705768,-0.005045044836541677,-0.6609187746596696,-0.008937697502324874,0.7503872589458825,0.04116704729188152,0.7154144723057,-0.9170879866002273,-0.017147960314410318,0.6559144524567206,-0.8358170415980988,-0.01795604778224013,0.7419321163679297,1.0754559961592447,0.04334424525395444,0.7780746618511297,1.057997178447947,0.0,0.0,0.0,0.0
0.030070516955408425,0.18363959854079454,0.7761241680751345,-0.004582627250371212,-0.6608692332739693,-0.009300978640132126,0.7504294422766845,0.04215829168243142,0.7333144474582562,-0.9402860202948542,-0.014510956973593097,0.6408557499144144,-0.8291323351015846,-0.007898886612529537,0.730275245206247,1.089890360808904,0.03754369103763712,0.7867404278656625,1.0525269337981522,0.0,0.0,0.0,0.0
0.03295681210958657,0.18336205435382022,0.7771687655980799,-0.004219992790191392,-0.6609227229795759,-0.0095790767167083,0.7503809613785314,0.043184407757100154,0.7494889480480826,-0.9598482893955439,-0.011547376568577603,0.6294453849346145,-0.8298771657746564,-0.0001087133104009496,0.7211376348014785,1.1036794097197649,0.033900058212403064,0.7967219052954819,1.0459431719222345,0.0,0.0,0.0,0.0
0.035472335342053934,0.18304314218544426,0.7782683672876328,-0.003913244388936033,-0.6610284831247389,-0.009813900347689308,0.7502864242248588,0.04426622950635265,0.7632545135597739,-0.9752137147110329,-0.008885938546807044,0.6207420586930251,-0.8345684703324676,0.006200964875048784,0.7136998400582164,1.117149892451058,0.03163207595138954,0.806895116133921,1.0386460528686399,0.0,0.0,0.0,0.0
0.03755241722642362,0.1826962130363708,0.7793759133880374,-0.0036371930534993264,-0.6611540929205318,-0.010026863254506453,0.7501743119131683,0.045384783475487384,0.774389831897582,-0.986403791820051,-0.006542365363767323,0.6138161115220516,-0.8412510126936881,0.011658350900981617,0.7071800009778915,1.1303281987996265,0.03019634111093901,0.8165689991461242,1.0309561010663688,0.0,0.0,0.0,0.0
0.03919384433066477,0.18234145460790535,0.7804646133607168,-0.003381701816122018,-0.6612815333678904,-0.010225392896877518,0.7500604902669803,0.046491975841547274,0.7829979626188317,-0.9938113516147741,-0.004360616070133655,0.6078892427233473,-0.8488710751736307,0.016626508416066218,0.700994290336039,1.1432126255500847,0.029207911965796644,0.8254000744028445,1.0230808255769481,0.0,0.0,0.0,0.0
0.04043310806948719,0.18200124899165065,0.7815201682029479,-0.003145065987304859,-0.6614017519615559,-0.010409874446246475,0.7499529755765578,0.04752970145406758,0.7893751671832632,-0.9980299156374405,-0.0022019388771046013,0.6023795637727178,-0.8568711313083384,0.0213031146408979,0.6947604847962481,1.1558282344239734,0.028381037890512675,0.8332719383845769,1.0151410847664373,0.0,0.0,0.0,0.0
0.041327490736905115,0.18169557877492856,0.7825351703835065,-0.0029291805372293144,-0.6615110028151812,-0.010578087843712164,0.7498551307508701,0.04844578163248201,0.7939039274772878,-0.9997193236927877,5.63237621734004e-06,0.5968941474455194,-0.8649618595525044,0.025795117433247628,0.6882590931889929,1.1682244560393529,0.027510250411275725,0.8402021999959691,1.0072060292246883,0.0,0.0,0.0,0.0
0.041940815635281625,0.18143930630158372,0.7835057622106368,-0.0027364839246607816,-0.6616085660181223,-0.010727766196873094,0.7497676520493526,0.04920286774395403,0.7969772850232612,-0.9995129801009951,0.002277127612648986,0.591188818388764,-0.8729997918912056,0.030160406708973735,0.6813876364414909,1.1804596611365235,0.026458397070880837,0.8462761156459445,0.9993199610363173,0.0,0.0,0.0,0.0
0.042334089667223386,0.18124147547380864,0.7844297342013765,-0.0025686301268561212,-0.6616954450558541,-0.010857448349699086,0.7496897064432324,0.04978017498475419,0.7989526650942458,-0.9979645592471964,0.004595349708822163,0.5851198701767589,-0.880922388212224,0.03443119805476025,0.6741237758838846,1.192585171094811,0.025148972442320214,0.8516048323508391,0.9915195817286311,0.0,0.0,0.0,0.0
0.04256034009695228,0.1811062040520437,0.7853049247994502,-0.002426153783346203,-0.6617734355370523,-0.010966560991268606,0.7496197491630882,0.05017050081368783,0.8001296329626799,-0.9955290071167414,0.006931579306010996,0.5786064311523604,-0.8887103561459953,0.03862702817704666,0.6665024988685602,1.2046304245438166,0.023551373375699246,0.8562957842195129,0.9838470506795072,0.0,0.0,0.0,0.0
0.042662580716199536,0.181034457745671,0.7861271877909185,-0.0023087486319878204,-0.6618443239677966,-0.011055078312961606,0.7495562325502063,0.050374895360882965,0.8007446646259159,-0.9925700969568891,0.009256983374119883,0.5716195287457363,-0.8963563877974067,0.042761766331469414,0.658608386801092,1.2165849055203164,0.021663381805788345,0.8604291660223377,0.9763653860815251,0.0,0.0,0.0,0.0
0.042673786780276876,0.18102602431904513,0.7868874750690839,-0.0022159032840810794,-0.6619091476257639,-0.011122934539237413,0.7494982657679777,0.05039695168104651,0.8009760600756992,-0.9893860281058608,0.01154586801981924,0.5642119568027495,-0.9038243216597752,0.04684548800362572,0.6505820803183859,1.2283673921351423,0.019498104647551424,0.864036678414258,0.9691820256584884,0.0,0.0,0.0,0.0
0.042617753474651104,0.18108116902738658,0.7875677095551491,-0.0021473664241581088,-0.6619671590298516,-0.011170069458225677,0.7494465282671513,0.050239226708251025,0.8009525453033517,-0.9862447446074907,0.013775871215498314,0.5565969976022314,-0.9109885078632565,0.050871629361533034,0.6426409484713947,1.23976661341199,0.01706593180750155,0.8670722577667158,0.9624841965489564,0.0,0.0,0.0,0.0
0.04250858910245637,0.18120161332563228,0.7881363587276383,-0.0021043349647546943,-0.6620169892787251,-0.011193528064751712,0.7494022835634757,0.0498963526119152,0.8007500538480539,-0.9833975411089,0.015946737682978156,0.5492702577414467,-0.9175425958169088,0.05484382460345438,0.6351077393923672,1.2503234235507452,0.014415002802826173,0.8694064949575929,0.956584493206591,0.0,0.0,0.0,0.0
0.04235626439222662,0.18139045783570631,0.7885453262376698,-0.0020901302408079534,-0.6620552894987217,-0.011189153393308143,0.7493685527487001,0.04935975680890513,0.8004237493626729,-0.9811439380381022,0.018034293384054857,0.543130414111068,-0.9229037153963353,0.0586910927997031,0.6285028004720492,1.2591413614995628,0.011619521162638336,0.8708098519738131,0.9519534818970206,0.0,0.0,0.0,0.0
0.04217801477203277,0.1816568560816442,0.7887354151642447,-0.0021121296355440093,-0.6620730985840262,-0.011151701044329066,0.7493533149346621,0.04860859143479976,0.8000903213868105,-0.9799526682135418,0.01993933872337299,0.5394334414848159,-0.9261401052498317,0.06216751278952174,0.6237458546875638,1.2645537986435504,0.008736703534202368,0.8709848757574751,0.9491532752362549,0.0,0.0,0.0,0.0
0.04194333000885853,0.1819877628077381,0.7886635941206,-0.002175222781531965,-0.6620779268341082,-0.01107456666377886,0.749350012462874,0.04766769191458912,0.7995280375699829,-0.9796403471758978,0.021681329222007693,0.5393150826860139,-0.9261499928260296,0.06493002445774602,0.6222469581677351,1.263801010454849,0.006108340121265875,0.869744935961417,0.9486613459273975,0.0,0.0,0.0,0.0
0.04163363432496992,0.18239190283137507,0.7883263969241568,-0.0022815590203443406,-0.6620703722981275,-0.010956023871294705,0.7493581134240072,0.04651216552898285,0.7986491209890795,-0.9800922312889312,0.023243874641903133,0.5427451257332093,-0.9228928051955765,0.06694549232013017,0.6240071609439355,1.2568893209118832,0.0036643125794862856,0.8670192121217888,0.9504765179823862,0.0,0.0,0.0,0.0
0.041223614715510004,0.18288825779062615,0.7877602839200764,-0.0024273287992506447,-0.6620504271368459,-0.010800194575251451,0.7493775388947528,0.04509379648350767,0.7973582503105269,-0.9810122092681058,0.024644131329384197,0.5485464439254515,-0.9174493661159785,0.06853751023842658,0.6275513629256514,1.2465755197492763,0.0010471028320626478,0.8628671896565703,0.9541448966527603,0.0,0.0,0.0,0.0
0.040680706836241864,0.18349273272281136,0.787017532875163,-0.0026099227688709745,-0.6620220426861484,-0.010610900200507358,0.7494047051478493,0.04337188573108893,0.7955103204795965,-0.9819488928661309,0.025901522189201713,0.5554313389765324,-0.9107063136273581,0.06987476821438783,0.6319831229521267,1.2345268355159573,-0.002021038749772061,0.8574611640544993,0.9590622433947841,0.0,0.0,0.0,0.0
0.03996510962291316,0.1842190582615169,0.7861405543670748,-0.0028279304358827147,-0.6619883807694207,-0.01039133413922994,0.7494367262888424,0.04131239865684984,0.7929116473403863,-0.9824203362481665,0.0270258155712209,0.5624717140924401,-0.9032256977780607,0.07101164230441279,0.6367513655587038,1.2216259893602994,-0.00573863912818078,0.850923638565565,0.9647235199458629,0.0,0.0,0.0,0.0
0.03903191173629606,0.18507959072776595,0.78515674296819,-0.0030800417637658335,-0.6619508150162322,-0.010144990351826933,0.7494722883555073,0.038887607383467984,0.7893323202129958,-0.9819539668167698,0.028015262971553573,0.5691450546205203,-0.8953070854200195,0.07194978718661642,0.6414966428309187,1.208300596936502,-0.010254278915033551,0.843290704126353,0.9707692588735269,0.0,0.0,0.0,0.0
0.037833479760993015,0.18608423283639844,0.7840814771387516,-0.0033638861733689377,-0.6619091866416741,-0.00987649718848972,0.7495114193342592,0.03607987410589764,0.7845149225944527,-0.9800822902394958,0.028861126775608346,0.5752264022484392,-0.8870956334770949,0.07268085021569973,0.6459782872207269,1.194727100592006,-0.015670225470132703,0.8345342613895723,0.9769559794627483,0.0,0.0,0.0,0.0
0.03632230607725131,0.1872380044733297,0.7829234472428226,-0.0036752214361326445,-0.6618627392853395,-0.009591943053481067,0.7495546689345354,0.032888129200250575,0.7781821340495073,-0.9763250099409443,0.029553646153085325,0.5806718560614922,-0.8786797334539225,0.07321691906957249,0.6500363013580678,1.1809446105097057,-0.022021069175347574,0.8246076184432374,0.9831098912377673,0.0,0.0,0.0,0.0
0.03445538249746129,0.1885385530679377,0.7816898373253345,-0.0040058470244869575,-0.6618101879365202,-0.009300916179721298,0.7496030424773248,0.029336532523126978,0.7700532887206762,-0.9701849993991352,0.030092399371370232,0.5855406883308393,-0.870161766136013,0.07360701236977857,0.6535679695142796,1.1669152192985262,-0.029292943614169585,0.8134752289912579,0.9890818728925315,0.0,0.0,0.0,0.0
0.03220187486223756,0.18997331078887694,0.7803919645306077,-0.004344964912062456,-0.6617520596259613,-0.00901373925189492,0.7496559780095201,0.025477688637196738,0.7598780810385722,-0.9611691824895985,0.03049664862804567,0.5899864387886689,-0.8617034101103831,0.07398644458500596,0.6565224058900337,1.1525589541211712,-0.03735670100807255,0.8011888924729124,0.9947134666008073,0.0,0.0,0.0,0.0
0.02955573995042604,0.19151968899554242,0.7790497642737138,-0.004676635426667994,-0.6616900632260065,-0.00874395576518567,0.7497118996965608,0.02139379805838769,0.7475084227311702,-0.9488759584517515,0.03082900192473937,0.5942822153868655,-0.8535538189448358,0.07462826986352575,0.658908461100154,1.1377835907302145,-0.046060339714225226,0.7879031331586891,0.9998027452581897,0.0,0.0,0.0,0.0
0.026556098704441897,0.19314785955386243,0.7776952251874222,-0.004979758536364181,-0.6616284423221045,-0.00850710459371277,0.7497670541486714,0.017185207979988865,0.7330236336952429,-0.9331735376102601,0.031218465115304166,0.598900171078532,-0.8460731457092503,0.07607906377834951,0.6608329516200118,1.1225263536468197,-0.05528651379124872,0.7739203412807298,1.0040921548456683,0.0,0.0,0.0,0.0
0.023318308570331805,0.19482868579709597,0.7763684130941418,-0.00522429420928688,-0.6615728494433206,-0.008325460881199924,0.7498164831014158,0.01295245542889861,0.7169411799651115,-0.9145510962105031,0.03187633859792463,0.6045967162480648,-0.8397719868634518,0.07940062216063395,0.6625712969502384,1.1068101667525891,-0.06515823048999472,0.759655656552893,1.0073177576896812,0.0,0.0,0.0,0.0
0.020121580141813686,0.19657945576292524,0.7750957059525609,-0.005368100284006987,-0.6614818655969217,-0.008219287393005575,0.749896905114635,0.008657033623729347,0.7009348708211822,-0.8955925303458088,0.03295572240161985,0.6121742800891933,-0.8350438020626586,0.08679709840387691,0.6647361715193937,1.0904149753895036,-0.07643182459525731,0.7454414135256449,1.0092952798183996,0.0,0.0,0.0,0.0
0.01734312243724383,0.1983416861579535,0.7739963563126477,-0.005345646942150821,-0.6613770785986135,-0.008250441421822094,0.7499891427077318,0.004489628535505448,0.6871847088281342,-0.8790149502749869,0.034234898871547605,0.6226025251434506,-0.8334648967673421,0.10121694569930384,0.6670387477039627,1.0733684888189328,-0.08978339296774078,0.7323473301788899,1.009502611346666,0.0,0.0,0.0,0.0
0.01528103487075176,0.19992063662478224,0.7731688583824551,-0.005070753635498297,-0.661329884592178,-0.008487367718694848,0.7500300232604508,0.0009519595368394692,0.677144509009932,-0.8662744519245882,0.03574674373932113,0.6364379809173993,-0.8383228055201344,0.12662747958300946,0.6681322659820513,1.0555005525309349,-0.10499663130672639,0.721368588197896,1.0082059600182338,0.0,0.0,0.0,0.0
0.014311864138299414,0.20100241812221623,0.7726288716708635,-0.004548260044404212,-0.66147458175569,-0.008932545681786865,0.7499005938451752,-0.0012263865316066908,0.6724829993257844,-0.8593804162195062,0.03745700995407953,0.6534747584117061,-0.8545770193114975,0.16098567649255718,0.6679039387730591,1.0378334716922362,-0.12014177495854758,0.7137533640608371,1.0072226648787754,0.0,0.0,0.0,0.0
0.014243615768477186,0.20119319970262237,0.7725438098370453,-0.0046844663310217334,-0.6615181578534055,-0.008969244327822144,0.7498608772709897,-0.0014622647023563083,0.6723254468229283,-0.859359321007035,0.03744583255617308,0.6535024888779221,-0.8545867029137872,0.16100956611540956,0.6679327068741903,1.0378429227536417,-0.12011770001947623,0.7136027233283966,1.0071352377886134,0.0,0.0,0.0,0.0
0.014243615768477186,0.20119319970262237,0.7725438098370453,-0.0046844663310217334,-0.6615181578534055,-0.008969244327822144,0.7498608772709897,-0.0014622647023563083,0.6723254468229283,-0.859359321007035,0.03744583255617308,0.6535024888779221,-0.8545867029137872,0.16100956611540956,0.6679327068741903,1.0378429227536417,-0.12011770001947623,0.7136027233283966,1.0071352377886134,0.0,0.0,0.0,0.0
0.014445918653244216,0.2018529521124128,0.7724694990690776,-0.004922736254896147,-0.6612195588456785,-0.008889674233119616,0.7501236133863004,-0.002992819733674078,0.6755155792088332,-0.8665529576038775,0.035929082729592665,0.6536378732469319,-0.8560389238788135,0.15804613674598925,0.6668433360742487,1.0405465084296508,-0.12237103770512651,0.7128494056298766,1.0051692403135075,0.0,0.0,0.0,0.0
0.015209383691933613,0.20283941987175752,0.7724139603929734,-0.005184949214813546,-0.6610892031906546,-0.00876272568937515,0.7502382264087041,-0.005438450137932664,0.6826855669632154,-0.8793660933864187,0.03355859883396707,0.6563303265809273,-0.8605898187828138,0.1539826781605719,0.6671508691240529,1.0452755252618642,-0.12780729063537266,0.7131906070166215,1.0028374251764052,0.0,0.0,0.0,0.0
0.016680945149853958,0.20412432355118126,0.7724460102413104,-0.005498080725653307,-0.661120849124466,-0.008578854798361202,0.7502102353418193,-0.00874580274687941,0.694598845486185,-0.8987317348879659,0.030401056294195053,0.6625419914396838,-0.8694778671364732,0.1493047144480715,0.6693714052570799,1.0514385476667207,-0.1360637017641005,0.7153277074798612,0.9997379543369446,0.0,0.0,0.0,0.0
0.01895112570216887,0.20583256564383454,0.7728686366688773,-0.005926521004991591,-0.6613273050916818,-0.008287395489697043,0.7500282601108763,-0.013295453730452659,0.712006624865106,-0.9246041559334514,0.02608779542747303,0.6725531232333066,-0.8816833063409207,0.14377775678371982,0.6752416334411298,1.0568581229022571,-0.1475505097122854,0.721220293026668,0.9927663685384024,0.0,0.0,0.0,0.0
0.022151567845475482,0.20836749114446174,0.7747535331978272,-0.006730585434225343,-0.662161333668422,-0.007573357318429721,0.7492928077014331,-0.0205065974313536,0.7362882448444427,-0.9533175608252722,0.019202303999552035,0.6859206711268963,-0.8893153496779498,0.13891900561852658,0.6909000915564963,1.0541681993845249,-0.1626128079923891,0.7392234026226301,0.9717865618632441,0.0,0.0,0.0,0.0
0.024181505856565824,0.21088610214365136,0.7761364450964413,-0.006704282248014553,-0.6615980137877746,-0.007766470303177541,0.7497885053070903,-0.01848050187545835,0.698540739068767,-0.900831181765914,0.013328513669865759,0.6938818879975456,-0.8986587211018202,0.11676881693301633,0.7038150372360706,1.0529221398903383,-0.1248686866635287,0.7253506833934705,1.012370123574679,0.0,0.0,0.0,0.0
0.026941922484253658,0.2132654725066005,0.7776866619024131,-0.006879283687307296,-0.6613553643692713,-0.007702786414348529,0.7500016163698535,-0.01723311752297034,0.6720128898165391,-0.8734233161744922,0.007412486051573445,0.7059424579019626,-0.9117576017767294,0.09899303306577813,0.7185721549867433,1.0504552621486418,-0.09703403900129004,0.7166107194192705,1.0433795395382952,0.0,0.0,0.0,0.0
0.029919280509207002,0.21543684826240134,0.7792698406786899,-0.0072174929315841525,-0.6612936427572262,-0.007479018047293866,0.7500551247299819,-0.016307385175929136,0.6541385418771625,-0.8618477775866266,0.0017725052831146547,0.7191823173319085,-0.9252655050095641,0.08483731713376552,0.7336658009283795,1.0468958085831728,-0.08116968792620703,0.7106257027888535,1.0670842976611035,0.0,0.0,0.0,0.0
0.03280126951745113,0.21739594831736192,0.7808531214031559,-0.007628012114134735,-0.6613293672598195,-0.007180278660368213,0.7500224830158578,-0.015513896256507717,0.641986449063545,-0.8592517102551126,-0.0034756218730052496,0.7319133475926476,-0.9372482996809998,0.07304735944006499,0.7485664785307844,1.0421794081802511,-0.07278517886548519,0.706130700256006,1.0864494796924544,0.0,0.0,0.0,0.0
0.0354083697940431,0.2191556876804797,0.7823856165334178,-0.008049604718315844,-0.6613991346736295,-0.006859652263882443,0.7499595547012328,-0.01478934386095021,0.6333236831533531,-0.8616581893114276,-0.008288106430313504,0.7432181014342762,-0.9469406777987222,0.06270884346837388,0.7627305481775558,1.0366605586258328,-0.06851439724388575,0.7023355529115293,1.1032021793572537,0.0,0.0,0.0,0.0
0.037660315966749944,0.2207279942755511,0.7838326285658531,-0.008450495618505822,-0.6614726629708477,-0.006544846489086367,0.7498931058827593,-0.014084451364655406,0.6265994197385687,-0.8668207336808806,-0.01264563601453082,0.7527252043184208,-0.9541653634771577,0.05336630521228075,0.7758110692868968,1.0306997834381602,-0.06636456576125209,0.6987279853675882,1.1183757339965665,0.0,0.0,0.0,0.0
0.039541365279584254,0.22212238219135394,0.7851794653358998,-0.008815739957507921,-0.6615385294664207,-0.0062497483171700475,0.7498333130812336,-0.01334620527467777,0.620786213128116,-0.873462409171721,-0.016541457162774616,0.7604065229643855,-0.9590702403604524,0.04484257231862454,0.7876623384411267,1.024542666857113,-0.06523552365979358,0.6949906702555781,1.1326083887490423,0.0,0.0,0.0,0.0
0.04107381367423092,0.22334808689117452,0.786425523525802,-0.009139650181934906,-0.6615944667055297,-0.00598055954279475,0.7497822759486468,-0.01252696633935844,0.6152366804855609,-0.8808500671078677,-0.019981510730202958,0.7664234483688022,-0.9619639453818112,0.037100831301483526,0.7982818834770296,1.0183261006026127,-0.06453483477550498,0.6909504021487891,1.1463036996159472,0.0,0.0,0.0,0.0
0.042299153882325004,0.22441573282010413,0.7875775529232109,-0.00942161386864063,-0.6616418131966668,-0.005739080093706739,0.7497388926697183,-0.011592192790425051,0.6095615988889368,-0.8885618771145188,-0.022984807429603654,0.7710217595176536,-0.9632135877431156,0.030154545065070003,0.8077497841977683,1.0121176677606383,-0.06394667414493886,0.6865351404940279,1.159718300340063,0.0,0.0,0.0,0.0
0.04326557477335894,0.22533776975223982,0.7886446502903729,-0.00966351339196238,-0.6616831220410669,-0.005525034023511838,0.7497009647279033,-0.010521790557876635,0.6035367475004612,-0.8963591861297838,-0.02558078920998398,0.7744656097059831,-0.9631830106093733,0.02400988778141619,0.8161864165145007,1.0059538178341976,-0.06330807838090481,0.6817431982783452,1.1730105921407616,0.0,0.0,0.0,0.0
0.044020169310771476,0.22612768150808105,0.7896347449465896,-0.009868620349045181,-0.6617205703001104,-0.005336825658394607,0.7496666028749013,-0.009308186049811791,0.597038691701493,-0.9041096437365239,-0.027805341844236307,0.7770008238939097,-0.9622037447415306,0.018654616853869224,0.8237142439419634,0.999867205059917,-0.06253842524968187,0.6766235474611025,1.1862649488173331,0.0,0.0,0.0,0.0
0.04460468487956974,0.22679889473504342,0.7905518245968626,-0.010040450622337905,-0.6617556565544008,-0.005172712438951866,0.7496344998834954,-0.00795205078643936,0.5900222257826808,-0.9117302467293492,-0.029695619906500832,0.7788369953394967,-0.9605661748282323,0.01405013770096444,0.8304349571315649,0.9939118106555901,-0.061605886411844356,0.6712698025128839,1.1994965049054118,0.0,0.0,0.0,0.0
0.045053522661711316,0.22736363324241335,0.7913929860108777,-0.010182118457512563,-0.6617888857832835,-0.005031403227998821,0.7496042156358211,-0.006458610441981675,0.5825423873412838,-0.9191283741750185,-0.031285799725257635,0.7801413078064184,-0.95852712162608,0.010137394300883666,0.8364058917767704,0.988189970095492,-0.060506526679571335,0.6658247162556369,1.2126320516849907,0.0,0.0,0.0,0.0
0.04539300638392114,0.22783218449191348,0.7921448990259542,-0.010295851329025408,-0.661819572829436,-0.004912541799647608,0.7495763572834593,-0.004835133502133179,0.5748268775005552,-0.9261274308330643,-0.032604325601402216,0.7810374330194136,-0.9563257655386073,0.00684121270934511,0.8416166536050322,0.982886702462135,-0.05924825732481273,0.6604960268265562,1.2254549501513827,0.0,0.0,0.0,0.0
0.045641009545818276,0.22821290123052335,0.7927799523470207,-0.010382720585761463,-0.6618456749953747,-0.004816945592323633,0.7495527323933356,-0.0030901313154077905,0.5673869655761379,-0.9323754858656977,-0.03367350989353757,0.7816039463062867,-0.9541986901016097,0.004069631229035239,0.8459656203482352,0.9783092458996738,-0.05782910358393534,0.65558989102684,1.2374921279187934,0.0,0.0,0.0,0.0
0.04580632843547604,0.22851323508930266,0.7932540751273692,-0.010442569813118715,-0.6618637452165884,-0.004746551200774404,0.7495363938830905,-0.0012340090323402885,0.5611130807339181,-0.9372570430964028,-0.03451211464327723,0.7818684979787311,-0.9523800494841623,0.0017045256133698837,0.8492469564115943,0.9749133821430408,-0.05619983618571858,0.6515837173674265,1.2478113125837131,0.0,0.0,0.0,0.0
0.04588802665551594,0.22874169019582594,0.7935120239512666,-0.010474127092881438,-0.6618693028240634,-0.004703985118959794,0.7495313143323838,0.0007205898913824097,0.5572172081039184,-0.939861870071685,-0.03514052133723541,0.7818001426923228,-0.9510661422133545,-0.0004134480356879815,0.8511808401396043,0.9732601736047407,-0.054203173064284474,0.6492873165991235,1.2546987314842337,0.0,0.0,0.0,0.0
0.04587679867456738,0.22890852447728943,0.7935123979665213,-0.010475928726858059,-0.6618605283462531,-0.004690896284609641,0.7495391193437309,0.0027628288694242593,0.5567757019289145,-0.9391344402969725,-0.035583640186270436,0.7813158865658896,-0.950305856272501,-0.002457465898899552,0.8515563542069581,0.9737807967352061,-0.05151174611534694,0.6500956184853414,1.2553766697723925,0.0,0.0,0.0,0.0
0.04575569352985974,0.22901370128121062,0.7932525629865967,-0.010447082894126174,-0.6618382470582367,-0.004708782823105233,0.7495590840982507,0.004882817093767597,0.5597617610758724,-0.9350453902139244,-0.03583716425501581,0.7803190155431973,-0.9499622258620365,-0.004448209375675131,0.8503356571747629,0.9764905867737076,-0.048141369065399134,0.6539624517824225,1.2498222038070843,0.0,0.0,0.0,0.0
0.04550146704237053,0.22904781410622752,0.7927689351520222,-0.010387335958675494,-0.6618052286453839,-0.004758799358110742,0.749588751528451,0.007062192347876979,0.5650603201749863,-0.9286232325970701,-0.03587042040739391,0.7787046258583025,-0.9497217936340562,-0.006257841618080361,0.8476566477004875,0.9809864136996683,-0.04444211692976008,0.6594147815106881,1.2407651707296574,0.0,0.0,0.0,0.0
0.045084052297521514,0.22900492293148117,0.7921126888847029,-0.010296192519646924,-0.6617656890871612,-0.0048407965385923075,0.7496243911823207,0.009277720908891098,0.5714290460947106,-0.9207652696828236,-0.03566253942689059,0.7763201608228484,-0.9491299824009028,-0.0077837997362543545,0.843731944583512,0.9867271624046112,-0.04058794533495223,0.6655793635749191,1.2298799717594173,0.0,0.0,0.0,0.0
0.04446442043847777,0.22888250058449452,0.791325175574058,-0.010172141669193089,-0.6617218320616323,-0.004954693958030318,0.7496640551037784,0.011505899483272452,0.5779510446016417,-0.9120721052298238,-0.03520161527940473,0.7729524860334002,-0.9476863331332819,-0.008979998933726552,0.8387064379556967,0.9932690165102606,-0.036641507144277476,0.6719263688909972,1.2180672833303166,0.0,0.0,0.0,0.0
0.04359530127936518,0.22868078370621717,0.7904328432821697,-0.010012874620471176,-0.6616735445604088,-0.00510048210682646,0.7497078416643227,0.013726834651496496,0.5840945213969375,-0.9028842451876268,-0.034483522792759125,0.7683313389751266,-0.9448695052122713,-0.009848513204809992,0.8326291408951585,1.0003107295375846,-0.03261448204970679,0.67810563845673,1.205772963736428,0.0,0.0,0.0,0.0
0.04242303338666112,0.22840336515002316,0.7894497640827433,-0.00981560487553119,-0.6616182648365082,-0.005277899725395617,0.7497580071664084,0.0159283438543351,0.5896175021565858,-0.8933785669633291,-0.03351423939719012,0.7621355673229416,-0.9401337238841138,-0.010440217815214535,0.8254724635870861,1.0076670305096096,-0.02850130741832745,0.6838704040786667,1.1931905726689076,0.0,0.0,0.0,0.0
0.04089049293209165,0.2280585982115216,0.7883822456579591,-0.009577306037716905,-0.6615508239036221,-0.005486052793860961,0.74981910206812,0.018112418614739112,0.594453940442186,-0.8836635496847213,-0.03231440831597482,0.7540023922191127,-0.9329005656051184,-0.010863802235313174,0.8171668776329694,1.0152246970078815,-0.024292941304213025,0.6890394794566456,1.1803784303396072,0.0,0.0,0.0,0.0
0.03894214680683759,0.22766094471695975,0.7872336480400546,-0.009294757832778324,-0.6614633801467844,-0.0057232611335902885,0.749898025389864,0.020302678552999612,0.5986360605584777,-0.8738495952859358,-0.030923589746050372,0.7435475002829652,-0.9225658392382732,-0.01129489819508566,0.8076412447331749,1.0228991841451693,-0.019977975243346498,0.6934783924624061,1.1673260664423637,0.0,0.0,0.0,0.0
0.036532961356157335,0.22723109619273757,0.7860090039287798,-0.008964431085021431,-0.6613458453854806,-0.005987367493675189,0.750003642122611,0.022547475385105112,0.6022661293744658,-0.8640885192308554,-0.029400796817192095,0.7304087115930225,-0.9085423152393499,-0.011971339385431353,0.7968682528174199,1.0305951820954131,-0.015535798367324508,0.6971002181777866,1.1539994433061012,0.0,0.0,0.0,0.0
0.033643657751294735,0.2267931059437531,0.7847192409302095,-0.008582562277420965,-0.661187721008952,-0.00627655534693358,0.7501451473313143,0.024910734010828467,0.6055359439491892,-0.8545801960035199,-0.027816574749956666,0.7143328910353413,-0.8903676960653601,-0.013152014625664833,0.7849162896616098,1.0381731180128517,-0.010924291396694114,0.6999028356020692,1.1403923827289755,0.0,0.0,0.0,0.0
0.03030594269138378,0.22636588364848145,0.783383774316114,-0.00814643008119914,-0.6609827719902011,-0.006590173645496417,0.7503279152613236,0.027444058269123602,0.6087867650207216,-0.8455401343653898,-0.02623051668917728,0.6953382748007988,-0.8679301268716846,-0.015005570514786322,0.7720039000467959,1.0454342393694593,-0.006059189384496609,0.7020797977008265,1.1266123468072802,0.0,0.0,0.0,0.0
0.026642307751925737,0.22594538506501877,0.7820269622547102,-0.0076582182921595,-0.6607334373397757,-0.006926142035899613,0.750549601978612,0.030143620485789904,0.6125688261463149,-0.837109060619128,-0.02465194265154484,0.6740099404293299,-0.8419379962473468,-0.017372638428993767,0.7585115483155952,1.0521596441311107,-0.0007272957519539715,0.70428234911364,1.1129857249943609,0.0,0.0,0.0,0.0
0.02290675393356221,0.22546776572946836,0.7806585874662935,-0.007118371273029863,-0.6604061011181603,-0.007309579333652327,0.7508393173284778,0.03285618774376076,0.6172574730935235,-0.8288223475082541,-0.022907281822493845,0.6519912698970847,-0.8150742771907163,-0.01978624068343492,0.7448540843786244,1.0582171977925212,0.005202368309130451,0.7079501736634636,1.099622990686952,0.0,0.0,0.0,0.0
0.01951093415545809,0.22489690556666933,0.7794237654341537,-0.00657076270019833,-0.6600293849750544,-0.007703043735860822,0.7511715510881602,0.035864905989701885,0.6231861478463189,-0.8207581715743785,-0.020981972971638334,0.6319566025602434,-0.790806185872527,-0.021264213958838554,0.7323795800467645,1.0626954876244856,0.01307618652456457,0.714211699174808,1.0871677607597794,0.0,0.0,0.0,0.0
0.01674457609251187,0.22431992465942574,0.7785092942955001,-0.006086845106284642,-0.6596311538776688,-0.008057037694564412,0.7515216399374378,0.03870558022790596,0.6297659024712821,-0.8138624941318695,-0.019137927264829352,0.6157163304977964,-0.7711176307909111,-0.021850228498791084,0.7224982894005165,1.0647542450884995,0.024176146932113222,0.7229961144471383,1.0759361923066175,0.0,0.0,0.0,0.0
0.015021000258684112,0.22386595825291705,0.7780815234637977,-0.005786910683505313,-0.6592588797609661,-0.008300974967150173,0.7518479466857989,0.04065245447664383,0.634963437526082,-0.8095498485000086,-0.017734041710621127,0.6058313465517295,-0.7591486600221528,-0.021378817786087356,0.7166375851340843,1.0641082760047489,0.03888369380437358,0.7331969438959542,1.0660427052558816,0.0,0.0,0.0,0.0
0.014978790639741427,0.22376053662124587,0.7780254571519073,-0.005675316320334377,-0.659263206324266,-0.008301058935669795,0.7518450026383489,0.04068670340152082,0.6349912304570319,-0.8095631333720937,-0.017598612955666653,0.6056535356784986,-0.7591021148729196,-0.021400276543687004,0.7165117773734915,1.0640316633992026,0.03887607899910947,0.7332415429855346,1.066059544853828,0.0,0.0,0.0,0.0
0.014978790639741427,0.22376053662124587,0.7780254571519073,-0.005675316320334377,-0.659263206324266,-0.008301058935669795,0.7518450026383489,0.04068670340152082,0.6349912304570319,-0.8095631333720937,-0.017598612955666653,0.6056535356784986,-0.7591021148729196,-0.021400276543687004,0.7165117773734915,1.0640316633992026,0.03887607899910947,0.7332415429855346,1.066059544853828,0.0,0.0,0.0,0.0
0.014978790639741427,0.22376053662124587,0.7780254571519073,-0.005675316320334377,-0.659263206324266,-0.008301058935669795,0.7518450026383489,0.04068670340152082,0.6349912304570319,-0.8095631333720937,-0.017598612955666653,0.6056535356784986,-0.7591021148729196,-0.021400276543687004,0.7165117773734915,1.0640316633992026,0.03887607899910947,0.7332415429855346,1.066059544853828,0.0,0.0,0.0,0.0
0.015753678854955835,0.22373732082019834,0.77818984609428,-0.005584030799024605,-0.6595719254329726,-0.008295713494947477,0.7515749296765336,0.0406671620335971,0.6394321324329477,-0.8145146112250111,-0.01771242435866746,0.6103538280050699,-0.7646882316468825,-0.022473400143257372,0.7201709736266616,1.0640511818201108,0.03852278881050418,0.7365177005322022,1.0660472419444087,0.0,0.0,0.0,0.0
0.01724726666036241,0.22379375848559424,0.7783703725292397,-0.005579503153554725,-0.6598328133618745,-0.008273756273136064,0.7513461735529408,0.04054338937454108,0.6488618574521413,-0.8277509314590776,-0.01802617920822423,0.6197716544969794,-0.777943857238944,-0.023635309090223648,0.7249556483648787,1.0650253734820225,0.038483822944984786,0.7412845493547899,1.0663618943447994,0.0,0.0,0.0,0.0
0.01942124226743911,0.22384690048688358,0.7785820663754001,-0.005622616021886781,-0.6600768960816916,-0.00825607956101184,0.7511316226857395,0.0405143028655645,0.6625673275834625,-0.847758401170971,-0.018340126949078026,0.6336128171880525,-0.7981921247947866,-0.024667502166807968,0.7310957929572547,1.0664857445425493,0.03905529775465419,0.7476844501882987,1.0670383662530616,0.0,0.0,0.0,0.0
0.022232993088311497,0.22373035169500569,0.7789826381487606,-0.005657836182469377,-0.6603608666952507,-0.00829095233691677,0.7508813319936622,0.041018840289025305,0.6795676621411696,-0.8718153975629177,-0.018212206431703435,0.6517167564988559,-0.8243297565049718,-0.02490044366461663,0.7396276886651331,1.066518097808347,0.04105754429580752,0.7567323960858958,1.0671319525058347,0.0,0.0,0.0,0.0
0.025674003191832884,0.2231970939612616,0.780203523483946,-0.005593430634563712,-0.6610016581182354,-0.008475645856508602,0.7503157234964457,0.04275023225879867,0.6987963922044171,-0.8938878944400023,-0.016928060497659936,0.6740960636533727,-0.8525540315807649,-0.0236941387993081,0.7551184041300129,1.0593634587173317,0.04565256868552498,0.7728430992780191,1.062213007459117,0.0,0.0,0.0,0.0
0.028690815354271093,0.22294583504019486,0.7809379855889452,-0.005027255426114047,-0.6609156992412791,-0.008926997701196308,0.7503902144293558,0.04387596060057079,0.7163001682333142,-0.9173171967071937,-0.016144395776096086,0.6561747097158502,-0.8345039860066266,-0.013287692704554035,0.7416937555236384,1.0760919508897766,0.0384829704359005,0.7797452752947014,1.0582396606550346,0.0,0.0,0.0,0.0
0.03176792187645031,0.22269006026699906,0.7818516142239673,-0.004581676950597994,-0.6608617334630289,-0.009276016751379089,0.7504363617214913,0.04493663722009641,0.7339299170847761,-0.9401466147757259,-0.013440670966523521,0.6412078791906295,-0.8280490747865116,-0.0041813386677410115,0.7302367346628127,1.090568626710608,0.03312004829163399,0.7884584315135262,1.0527772991827464,0.0,0.0,0.0,0.0
0.03462552889121962,0.22239081709289835,0.7828913353054986,-0.004229504163016189,-0.660911695023694,-0.009545288525538313,0.7503910514807641,0.04602753300830075,0.7498724842886905,-0.9593955453212951,-0.010438863036046117,0.6298457228760945,-0.8289276008342532,0.0030620473657765462,0.7211920658818087,1.104381980714164,0.029795376453177487,0.7984559969467985,1.0462089705751945,0.0,0.0,0.0,0.0
0.03711728972718089,0.22205424635112783,0.7839859340771566,-0.003928680941111001,-0.6610147746055525,-0.00977506683362751,0.7502989279531405,0.047165361733693865,0.7634463237643966,-0.974503151187583,-0.007750514225786773,0.6211689821302353,-0.8336935204984365,0.009074340121539612,0.7137887673866374,1.1178653094726478,0.027747928010883792,0.8086243049756879,1.0389300699817128,0.0,0.0,0.0,0.0
0.039178446820164005,0.22169379681996873,0.7850889912014667,-0.003655677411660861,-0.6611381901549598,-0.009985441579968387,0.7501887899040742,0.048329011928578726,0.7744284861059125,-0.985488228519869,-0.005384789339822844,0.6142580909432716,-0.8404152531759388,0.014372720670356465,0.70727520137924,1.1310497980376033,0.02645314009930891,0.8182795500366589,1.031256353002294,0.0,0.0,0.0,0.0
0.04080532413288764,0.22132940551678673,0.7861739876105314,-0.0034015437337346446,-0.6612637197783616,-0.010182896465488657,0.7500766834295578,0.049469947823343706,0.7829182490245504,-0.9927381994110767,-0.003184383099255525,0.6083396702545983,-0.8480539736148454,0.01925555990733922,0.7010831472909049,1.1439369553753123,0.025542547046706644,0.8270833778387606,1.0233929524135457,0.0,0.0,0.0,0.0
0.0420337378058131,0.22098294724878478,0.7872266588011593,-0.003165378607911937,-0.6613822003025249,-0.010367158688873184,0.7499707244432805,0.050530894911543146,0.7892068402175497,-0.9968397652463086,-0.001010989419047213,0.602834474416876,-0.8560613413474055,0.023884986260303234,0.6948376532717467,1.156553628101491,0.024745851494354758,0.8349231005070338,1.0154602086740712,0.0,0.0,0.0,0.0
0.04292020841488089,0.22067374573323725,0.7882395252308619,-0.0029496074797820356,-0.6614898403338648,-0.010535536917305717,0.7498743184111969,0.05146126884582962,0.7936711322790575,-0.9984452372612436,0.0012069242970552956,0.5973512849247026,-0.8641534829930473,0.028349198482802575,0.688322333182436,1.1689500872532106,0.023872682771605987,0.8418194670074232,1.0075278189331627,0.0,0.0,0.0,0.0
0.04352781825647886,0.22041597099213567,0.7892086046233007,-0.002756951143188611,-0.661585883402526,-0.01068550196852285,0.7497881955262926,0.052225694391849736,0.7966986482805135,-0.9981806083648352,0.0034845789916569283,0.5916469814900268,-0.8721900525485855,0.03269644240544299,0.6814358147409836,1.1811850401560173,0.02279806571696096,0.8478596324192944,0.9996411160907668,0.0,0.0,0.0,0.0
0.043916934511646785,0.22021801246794703,0.7901315648937068,-0.002589209734204692,-0.6616713156615275,-0.010815434025409137,0.7497115394673725,0.05280534598896432,0.7986418781185738,-0.9965928435648995,0.0058054784089669,0.5855786090144126,-0.8801102071161347,0.03695430701151497,0.6741560840017033,1.1933098673748237,0.021455613607830853,0.8531561919086988,0.9918379292807719,0.0,0.0,0.0,0.0
0.044140095765069005,0.22008342954090268,0.7910061349220215,-0.002446980090853896,-0.6617479214240228,-0.010924672550312152,0.7496428164860174,0.05319474297655855,0.799796421304063,-0.9941314735196733,0.008141844803379358,0.5790658095409318,-0.8878955151984929,0.04114029778576955,0.6665181942585007,1.2053539478441526,0.019822409393440304,0.8578175949708811,0.9841614569306502,0.0,0.0,0.0,0.0
0.04424000142229179,0.22001276677365805,0.791828069435618,-0.0023299661034963284,-0.6618174656857069,-0.011013161027447062,0.7495804984492914,0.053396295295237456,0.8003960262059702,-0.9911566374768975,0.010465715260179184,0.5720799019214098,-0.8955390163711544,0.0452675200173026,0.6586067516336337,1.217306685977186,0.017901092066866305,0.8619245056273737,0.9766755672131651,0.0,0.0,0.0,0.0
0.04424949095302789,0.220005551846937,0.7925882379095708,-0.002237657700097594,-0.6618809549266111,-0.011080818685005003,0.7495237220066651,0.05341449965871149,0.8006176594722056,-0.9879649778471712,0.012751815785080485,0.5646738575949701,-0.9030044842012488,0.049346051357087056,0.6505625419293803,1.2290868322601023,0.01570738717071983,0.8655088582995379,0.9694882385154733,0.0,0.0,0.0,0.0
0.04419239472194877,0.22006198318873538,0.7932685069201656,-0.002169791660527717,-0.6619375828627391,-0.011127593089560085,0.7494732183807621,0.053252303038186004,0.8005902354579558,-0.9848251755396173,0.014977312044521499,0.5570609116202876,-0.9101656053449338,0.05336991910461091,0.6426033374028879,1.2404832081254382,0.013251350253926236,0.868524383737925,0.9627866469230719,0.0,0.0,0.0,0.0
0.044083057240866835,0.22018393577665402,0.7938373270160509,-0.00212750631124281,-0.6619856079375017,-0.01115081119853509,0.7494305758441715,0.05290461312473025,0.8003920516575251,-0.9819933685825224,0.017139319517616165,0.5497358401040545,-0.9167151975761912,0.05733867038210435,0.6350539827040669,1.2510361591755315,0.010574197817306485,0.8708388523715331,0.9568819338946951,0.0,0.0,0.0,0.0
0.043928498278666225,0.2203734569341713,0.7942467751038939,-0.0021138874027858655,-0.662022497714095,-0.011145900095570252,0.7493981004189288,0.05236432686778413,0.8000584370348163,-0.9797350605120142,0.019225660986861272,0.543595281401735,-0.9220709803130436,0.061194747100711135,0.628427423513909,1.2598449389860442,0.007767486150580529,0.8722254423117591,0.9522459929603833,0.0,0.0,0.0,0.0
0.04374468799137028,0.22063881782928463,0.7944376283362722,-0.0021359757813873897,-0.6620394047484391,-0.01110825149571839,0.7493836606949085,0.051613835068713976,0.7996969842929187,-0.978503421160243,0.021136122380954577,0.5398946549861509,-0.9253035338831421,0.06468430652506896,0.6236414991737781,1.265242695418337,0.004888066568394954,0.8723831352584164,0.9494425105257013,0.0,0.0,0.0,0.0
0.0435047617356142,0.22096878797023034,0.7943667738166265,-0.002199348502979995,-0.6620432719090695,-0.011030605649570981,0.7493812078809421,0.050672917645393244,0.799111833697856,-0.9781590730267702,0.022881489475205383,0.5397695612565107,-0.9253049014752255,0.06746352773719821,0.6221170378952764,1.2644700753846885,0.002273119866188165,0.8711320274644829,0.9489461134137145,0.0,0.0,0.0,0.0
0.04319022063270173,0.221372042568521,0.7940306504510474,-0.0023061371424432445,-0.6620348975930188,-0.010911225789179909,0.749390032794845,0.04951663801065436,0.7982155490492904,-0.9785873116230495,0.0244470605044073,0.5431901110443792,-0.9220357337292691,0.06949939343973043,0.6238544602921164,1.2575349386616057,-0.00014716743118513937,0.8684013775472482,0.950757480555607,0.0,0.0,0.0,0.0
0.04277575803068127,0.22186759971598857,0.7934657089722363,-0.00245234052018501,-0.6620141537672103,-0.010754522259750937,0.7494101590509846,0.048096840046283305,0.7969131934632068,-0.9794925155365541,0.025850622103530563,0.5489796751679378,-0.916579545471129,0.07111458045333212,0.6273766436803887,1.2471957847710375,-0.0027388207978575863,0.8642463577069591,0.9544229845986298,0.0,0.0,0.0,0.0
0.042228836937964226,0.22247145142873517,0.7927243487792375,-0.00263527476718156,-0.6619848787985699,-0.010564452689592016,0.7494381014522236,0.04637250037411078,0.7950601769572648,-0.9804238273985372,0.027111240341412508,0.5558511913111382,-0.9098240135775332,0.07247633013794248,0.6317867301497612,1.2351207151289807,-0.005784150390577675,0.8588371111351715,0.9593376046146178,0.0,0.0,0.0,0.0
0.041509683221840385,0.22319743572048664,0.7918491421223819,-0.002853474240616572,-0.6619501636908722,-0.01034430315282475,0.7494710360425331,0.04430909560790472,0.7924633455457625,-0.9808996190198382,0.02823812772534901,0.5628771432679637,-0.9023315297420486,0.07363770653651223,0.6365339444624989,1.222192855468161,-0.009484462622462487,0.8522950172616374,0.9649953613448804,0.0,0.0,0.0,0.0
0.04057342305896799,0.2240580094835414,0.7908676555841755,-0.0031055692352255485,-0.6619113369451731,-0.010097641564978634,0.7495076884849172,0.04187836288285451,0.7888933894357443,-0.9804476200632355,0.02922903485298176,0.5695354177729534,-0.8944016614308427,0.07459962864592859,0.6412593230933042,1.2088398670207434,-0.013989893005333084,0.8446556545499758,0.9710359640801253,0.0,0.0,0.0,0.0
0.03937247844719993,0.2250631350625477,0.789795436845763,-0.0033891111233524777,-0.6618682028037562,-0.009829161326106074,0.7495481196232466,0.03906219222195978,0.7840935077628413,-0.9786006349837226,0.030074899717599458,0.57560125452297,-0.8861793059680598,0.07535380229178318,0.6457227021083277,1.1952379672540414,-0.019403018165498075,0.8358908724873197,0.9772153812559152,0.0,0.0,0.0,0.0
0.03785941367496602,0.2262178071036645,0.7886413395454102,-0.0036997876270220545,-0.6618199802714098,-0.009544959989775451,0.7495929021968252,0.03585916662201743,0.7777868320817516,-0.9748784870271588,0.030765835268780392,0.5810309082733319,-0.8777522465072345,0.07591371914005786,0.649764602398054,1.181425832872525,-0.025756176747708096,0.8259548227028863,0.983359715547265,0.0,0.0,0.0,0.0
0.03599129208926495,0.22751956581890187,0.7874126485844324,-0.004029196780215342,-0.6617652608021994,-0.009254755223626192,0.7496431515557612,0.03229345113059556,0.7696928768257809,-0.9687841332282078,0.03130180775274732,0.5858831944979275,-0.8692216896426262,0.07633057234462899,0.6532827175626877,1.167364901719706,-0.03303491408738879,0.8148114823073788,0.989320245455454,0.0,0.0,0.0,0.0
0.03373734093321517,0.22895556824513116,0.7861207260874823,-0.004366448648946199,-0.6617044702447795,-0.008968773674634037,0.7496983988798729,0.0284178377010322,0.7595608828431034,-0.9598242247432174,0.0317026835828906,0.590311431030039,-0.8607471998444415,0.076745060640248,0.6562264316003172,1.152974220368721,-0.04110364708524238,0.8025140318934142,0.9949399632077521,0.0,0.0,0.0,0.0
0.031091557862460057,0.23050287524183416,0.7847853990005048,-0.004695390877200221,-0.6616390149081534,-0.008700538762914678,0.7497573393312756,0.024315108463058163,0.7472419529916439,-0.9475976374047097,0.032032162853295056,0.5945873565963664,-0.8525741694479338,0.07743848487574553,0.6586037579345583,1.138159857980276,-0.04980702786916147,0.789215966848594,1.0000190358367382,0.0,0.0,0.0,0.0
0.028093106341512228,0.23213131919111804,0.7834383502376724,-0.004994625343135533,-0.6615725543185943,-0.008465570104809868,0.7498167397523563,0.020086390142076648,0.732814738038231,-0.9319752793770849,0.032420200211547394,0.5991797140927189,-0.8450561930422691,0.07897119659581808,0.6605178970880459,1.1228556928121767,-0.05902783504162579,0.7752160836016979,1.0043020434332737,0.0,0.0,0.0,0.0
0.024857422890744836,0.23381166440165874,0.7821190592782961,-0.005233661273874239,-0.6615094246352836,-0.008286313941246466,0.749872807154409,0.015833134423614975,0.7167976892838697,-0.9134556002472151,0.033077679679824945,0.604836518850447,-0.8386937475778437,0.08242605883504112,0.6622347677001649,1.1070762315533302,-0.06889801257358748,0.7609201675311313,1.0075253353695401,0.0,0.0,0.0,0.0
0.021657612451944978,0.23555912950633437,0.7808526793355536,-0.005369486501752792,-0.6614087631334702,-0.008182212985997962,0.7499617777297802,0.011521590335182724,0.7008223447013353,-0.8945584921492636,0.03418008708925354,0.6123456252004373,-0.8338779822911724,0.0900796200019202,0.6643198497399672,1.0905886125477358,-0.08016007151653974,0.7466498904237276,1.009510995821834,0.0,0.0,0.0,0.0
0.018876869672697714,0.23731805990446075,0.7797553405417694,-0.005335994712624746,-0.6612882349931191,-0.008215347071082048,0.7500679339183978,0.0073377118571885695,0.6871113269900434,-0.8780955699709025,0.035475321039463575,0.6226516476220864,-0.8321488305118613,0.10493409710972304,0.6664660943001426,1.0734030104483965,-0.09353815013307268,0.7334495842547617,1.009741943423882,0.0,0.0,0.0,0.0
0.01681258685255172,0.2388934885922127,0.7789217814890642,-0.005046756227122857,-0.6612184302510778,-0.00845230475959805,0.7501288397949616,0.003781381420826672,0.6771091465317993,-0.8655282168165319,0.03697531264230898,0.6362729474707226,-0.8367628151498971,0.13103578325392443,0.6672724776577277,1.0553316770682661,-0.10880129075175578,0.7223011486998325,1.0085089149399027,0.0,0.0,0.0,0.0
0.01583970680653914,0.23997163548728837,0.7783641298432799,-0.004508764367286853,-0.6613358776654283,-0.00889269665735901,0.7500236315627249,0.0015806456408589847,0.6724642180302729,-0.8588426486832883,0.03861224457148022,0.6529749029773972,-0.8526589826398429,0.16621454518257622,0.6666363311009404,1.03743151291502,-0.12398850071904165,0.7144581927396182,1.007655502794505,0.0,0.0,0.0,0.0
0.015770905958856832,0.24016208542948284,0.7782788915010174,-0.004643517938932102,-0.6613796139911282,-0.008929594648787717,0.7499838040101302,0.0013442772356944237,0.6723069568740119,-0.8588220643915018,0.03860131789600022,0.6530025927801961,-0.852668481698343,0.1662387049770851,0.6666651712202077,1.0374411132810928,-0.12396344247023644,0.7143066534262295,1.0075671678481568,0.0,0.0,0.0,0.0
0.015770905958856832,0.24016208542948284,0.7782788915010174,-0.004643517938932102,-0.6613796139911282,-0.008929594648787717,0.7499838040101302,0.0013442772356944237,0.6723069568740119,-0.8588220643915018,0.03860131789600022,0.6530025927801961,-0.852668481698343,0.1662387049770851,0.6666651712202077,1.0374411132810928,-0.12396344247023644,0.7143066534262295,1.0075671678481568,0.0,0.0,0.0,0.0
0.015976539506406116,0.240817968434481,0.7782001900149064,-0.004904362489024929,-0.6611018259406921,-0.008840465206352573,0.7502280780811887,-0.00017145726695455793,0.6755027700596876,-0.8659838952415159,0.0370973034067747,0.6531285142375862,-0.8539931511004687,0.16359044600038608,0.6655256208674605,1.0401906138337358,-0.1259638923450577,0.7136842537154775,1.0057079674425273,0.0,0.0,0.0,0.0
0.016742068836034345,0.24180792720010783,0.7781392975556296,-0.00517928813872725,-0.6609841546872856,-0.008709212701657391,0.750331441324984,-0.00261581672911763,0.6826977550007725,-0.8788216827429399,0.03472519049440362,0.6558133709816754,-0.8584768117605761,0.1597008624014122,0.6657871986043805,1.0449965501045635,-0.13135220441944778,0.7140688509674832,1.0034216772295743,0.0,0.0,0.0,0.0
0.018214286572120535,0.2431076816454961,0.7781689885955868,-0.005497881604234062,-0.6610207545394983,-0.008525948623029259,0.7502990360955928,-0.0059425494367800705,0.694662999531594,-0.8982666642145124,0.03154393935682402,0.6620100545606543,-0.8673219147603582,0.15505477066766443,0.6679834407838378,1.0512432580651283,-0.1397696680680931,0.7161920305075135,1.0002525711522399,0.0,0.0,0.0,0.0
0.02048523893668974,0.24484416463393693,0.7785955157011202,-0.005924861524017155,-0.6612256685628515,-0.00824130047327919,0.7501183854672809,-0.010534520746453216,0.7121616445383018,-0.9242720804631818,0.027182875629491836,0.6719998707182263,-0.8794929187305529,0.14939968587723615,0.673879482229149,1.0567378388932984,-0.15165239906194614,0.7220306496824122,0.9930573509511587,0.0,0.0,0.0,0.0
0.02369134462897752,0.24742333597464924,0.7804991679313411,-0.006714257178101226,-0.6620540655963477,-0.007542474702882062,0.7493880463773421,-0.017821339617279584,0.7366049857906346,-0.9531718755221354,0.020217669634010938,0.6853516830649581,-0.8870830350920293,0.14418221957342112,0.689691208940578,1.0540669860736747,-0.16747259218966648,0.7399659428059372,0.9715990743316126,0.0,0.0,0.0,0.0
0.02572047257120201,0.24999634529189851,0.7819005321248012,-0.006675392822241873,-0.6615184962998266,-0.007758967487918655,0.7498589978171938,-0.016013603504889506,0.699044769022332,-0.9006772299744006,0.014250770521389755,0.6931793447381731,-0.8960500036621699,0.12149122211925525,0.7029312382564646,1.0529505128260424,-0.12890992391167466,0.7263515366887933,1.0124684689782053,0.0,0.0,0.0,0.0
0.028480706489469168,0.25243296863136977,0.7834607551544304,-0.00683532352658721,-0.6612952255080479,-0.007715373017643683,0.7500549153840307,-0.014954266194034657,0.6726327591677346,-0.8733046516882242,0.008227662142003243,0.7051182706779737,-0.9088677403607893,0.10307209312419421,0.7179676771406026,1.0506548452244242,-0.1003815290885827,0.7177755884514945,1.0437106529379525,0.0,0.0,0.0,0.0
0.03146155886822526,0.25465620114727266,0.7850489148008792,-0.007163088937667926,-0.6612433504717576,-0.007505065048039134,0.7500997237783653,-0.014159214695508612,0.6548101422568247,-0.8617637818471455,0.002484640700189749,0.7182783841103477,-0.9222156204935933,0.08832341385946008,0.7332759280063569,1.0472542981581612,-0.08409556938954613,0.7118709834885348,1.0675513313796925,0.0,0.0,0.0,0.0
0.03434992152089424,0.25665927905542635,0.7866355978247889,-0.007567949270372512,-0.6612838901730645,-0.007214225636391728,0.7500628624921291,-0.013452070167432056,0.6426848436775462,-0.8591992311209413,-0.0028551601833079407,0.7309624255636918,-0.9341088650611412,0.07603651559572328,0.7483473591444438,1.0426634583294094,-0.07547945538586606,0.7074204696507143,1.086994253355069,0.0,0.0,0.0,0.0
0.03696559479838513,0.2584541432546634,0.7881711134290752,-0.00798779038502514,-0.661356447185978,-0.006897263200066214,0.7499975151496533,-0.012782340616503634,0.6340443824162226,-0.8616349028889537,-0.0077437551013636845,0.7422468804649609,-0.9437549403479667,0.06531495551139482,0.7626491415242083,1.0372345925413393,-0.07108583429829105,0.7036644423678442,1.1037953182803288,0.0,0.0,0.0,0.0
0.03922763693657339,0.26005283709097116,0.7896209021616688,-0.008389510679669167,-0.6614321231770649,-0.00658325013782475,0.7499292122311668,-0.012110023533202612,0.6273444465545116,-0.8668252575918176,-0.012160295162810513,0.7517557160625148,-0.9509647332526552,0.05570108817773012,0.7758392078314017,1.0313335558265273,-0.06886898240020889,0.7001023002799409,1.119003754464764,0.0,0.0,0.0,0.0
0.041119619097478056,0.26146568761356753,0.7909701003256095,-0.008756989929929123,-0.6614999839036271,-0.006287174665526704,0.749867693568401,-0.011388573937381137,0.6215575021201174,-0.8734939350524632,-0.0160985895864137,0.759456129299849,-0.9558796867433696,0.047005500550127643,0.7877744122443319,1.025213159771972,-0.06769749527840711,0.696418473745708,1.1332657445801193,0.0,0.0,0.0,0.0
0.04266318392065066,0.26270313295358394,0.7922179497828393,-0.009083654259992593,-0.6615578253990118,-0.006016051663468453,0.7498150025179531,-0.010574880149830367,0.6160339975114739,-0.88090802653428,-0.019566511500087085,0.765504646733836,-0.9588031975288922,0.03917382064517317,0.7984547579412712,1.0190170180320188,-0.06696190479883338,0.6924374507788541,1.1469886011850725,0.0,0.0,0.0,0.0
0.04389926989600753,0.26377715671364066,0.7933711614476652,-0.00936828705190918,-0.6616069434075089,-0.005772279132973588,0.7497700770411535,-0.009637611164174094,0.6103827993216582,-0.8886456547359766,-0.022585656339835097,0.7701422795660905,-0.9600968737718216,0.03219952803293402,0.8079638626936156,1.0128181619250227,-0.06633845417608729,0.6880841988970134,1.1604306340529171,0.0,0.0,0.0,0.0
0.044875636582703715,0.26470153648647515,0.7944388883313904,-0.009612456422732106,-0.6616497790846397,-0.005555920121325452,0.7497308198749562,-0.008559104317862398,0.6043783146540689,-0.8964678791821769,-0.02518827837134712,0.7736289394310304,-0.9601191820423364,0.026070585952528227,0.8164255837978609,1.006656919443561,-0.06566100753194178,0.6833544531443903,1.1737508838709065,0.0,0.0,0.0,0.0
0.0456390980990176,0.2654909715825539,0.795429184561019,-0.009819281546938811,-0.6616884629412927,-0.005365609175517491,0.7496953847786894,-0.0073336260261451566,0.59789672266845,-0.904241980720529,-0.027412899295825216,0.7762069366032242,-0.9591964995950288,0.02075801987787143,0.8239664614211843,1.0005686859387726,-0.06484889278658836,0.6782956091451686,1.1870338695392741,0.0,0.0,0.0,0.0
0.046231251246653025,0.26615993146737377,0.7963461830645898,-0.009992262616059124,-0.6617244638387594,-0.0051997070424230525,0.7496624918533613,-0.0059633370496527255,0.5908929021921301,-0.9118845618289887,-0.029299021911765737,0.7780831970972857,-0.9576148469714342,0.01620976611649464,0.8306918380442081,0.994609250553411,-0.06387150848203663,0.6730003238501623,1.2002945735214088,0.0,0.0,0.0,0.0
0.04668644661664529,0.26672150560634483,0.7971871183947826,-0.010134572352932188,-0.6617582851106476,-0.005056954477538656,0.749631702732782,-0.0044547280874187075,0.5834222552603068,-0.9193026055248552,-0.030882812762492103,0.7794230199078964,-0.9556275712746208,0.012356216019684497,0.8366622432067023,0.9888821847111468,-0.06272686450247061,0.6676105938091005,1.2134593694261584,0.0,0.0,0.0,0.0
0.047031020186924836,0.2671866862739115,0.7979387649021293,-0.010248542074133726,-0.6617892671320831,-0.004936979629733541,0.7496036015963841,-0.0028162791757398616,0.5757129246591038,-0.9263190740436368,-0.03219436349706953,0.7803488245864214,-0.9534712163510962,0.00911427448923453,0.841869882428864,0.9835735013675613,-0.061425298277287155,0.6623330963377385,1.2263108391317823,0.0,0.0,0.0,0.0
0.047282886621154374,0.2675643974787803,0.7985735621734399,-0.010335373563315799,-0.661815432214857,-0.004840561615604998,0.7495799374975389,-0.0010578475761233899,0.5682766203793114,-0.932581441006275,-0.033257323951505206,0.7809383827852315,-0.9513803740751239,0.006386092510585819,0.8462151855274342,0.9789915137196235,-0.059967915067351066,0.6574721856961968,1.2383745694324584,0.0,0.0,0.0,0.0
0.04745089138293476,0.2678625483928937,0.799047426979847,-0.010395054498769835,-0.6618334595280553,-0.004769603941974678,0.7495636501120705,0.0008085557440841704,0.5620042352704089,-0.9374733040413232,-0.03409148852066263,0.7812188467856939,-0.9495876376422592,0.004049004102678912,0.849494026557846,0.9755933877687061,-0.058309654875905524,0.6535025238832637,1.2487161100107125,0.0,0.0,0.0,0.0
0.047534157854634045,0.2680899780036009,0.7993050611961797,-0.010426441316281603,-0.6618390685071424,-0.004726755050075346,0.7495585330751513,0.002768606516421413,0.5581082902230123,-0.9400830019247642,-0.0347178785076447,0.7811590606707448,-0.948288123027462,0.0019395513716741431,0.8514284332349158,0.973941788521638,-0.05629881292212547,0.6512305730108277,1.2556184184089738,0.0,0.0,0.0,0.0
0.047523473378577374,0.26825709381193996,0.7993050321651628,-0.010428063711590494,-0.6618305878088768,-0.004713817261424741,0.7495660801120935,0.004810551608322543,0.5576653571673659,-0.9393529564975028,-0.0351614835236272,0.780676317186065,-0.9475307893708865,-0.00012055833573022161,0.8518098708732232,0.974468966715625,-0.05361310293499275,0.6520484429601343,1.2562998607776192,0.0,0.0,0.0,0.0
0.04740209680016724,0.2683636638402213,0.7990446713479199,-0.010399016721512996,-0.6618088206298319,-0.004732279789859763,0.7495855861179342,0.006924930057892553,0.5606486612284084,-0.9352542976743068,-0.03541758375735085,0.7796754091239871,-0.9471812005451404,-0.002150323251154553,0.8506003113409156,0.9771901982045569,-0.05026776113832246,0.655910016926679,1.2507380475254009,0.0,0.0,0.0,0.0
0.04714711951157594,0.2683997435965706,0.7985603666573299,-0.010339029039543634,-0.6617763647302322,-0.004783129741291282,0.7496147472087487,0.00909510832016033,0.5659430450175573,-0.9288184871697011,-0.035454593226824496,0.7780541915928657,-0.9469308175747729,-0.004013240184099955,0.8479349801080216,0.9817011262664586,-0.04660664474433162,0.6613454345273354,1.2416677324988237,0.0,0.0,0.0,0.0
0.04672887159148779,0.26835866768134575,0.7979033056043869,-0.010247477453054094,-0.6617372522023803,-0.004866165679302364,0.7496499974555285,0.011300241568555573,0.5723059282926525,-0.9209449881941845,-0.03525016685285232,0.7756634728743889,-0.9463311149411606,-0.005598292740213833,0.8440243810605856,0.9874587775107163,-0.04279700087562072,0.6674855009612491,1.2307674845855785,0.0,0.0,0.0,0.0
0.046108766950560987,0.2682370614921916,0.7971148313734889,-0.01012273918154185,-0.6616936029623427,-0.00498128233175126,0.7496894642293617,0.01351902126733583,0.5788204067571199,-0.912235871134609,-0.03479055275106686,0.7722939062011724,-0.9448880273960433,-0.006849780631579242,0.8390114171915627,0.9940175846420775,-0.03889623097034586,0.6738040667496329,1.2189409429073865,0.0,0.0,0.0,0.0
0.045240016106814794,0.26803421777382164,0.7962213444131779,-0.00996244866737599,-0.6616453022186524,-0.005128417818476884,0.7497332478950212,0.015733369392987837,0.5849549022114238,-0.9030326152122796,-0.03406954043565298,0.7676794064843316,-0.9420869481217247,-0.007758432525496376,0.8329428349596613,1.0010747880057693,-0.03491201741691037,0.679953980769893,1.2066359830207578,0.0,0.0,0.0,0.0
0.04406947449816382,0.2677527055092645,0.7952368415806105,-0.00976384873739974,-0.6615898513305492,-0.005307191734932415,0.7497835484925923,0.01793267376830112,0.5904679253969853,-0.8935127205623432,-0.033090876622100696,0.761503361797331,-0.9373891106127625,-0.008361892202477201,0.8257884086891003,1.008443722249796,-0.03083579400663588,0.6856911624181143,1.194047556113637,0.0,0.0,0.0,0.0
0.04254055484278862,0.26739981471501484,0.7941675474710085,-0.009524069508001488,-0.661522208557768,-0.005516487565075285,0.7498448026423894,0.020120479045185883,0.5952943189864249,-0.883785065632619,-0.03187297372873641,0.7534077170381557,-0.9302229814877592,-0.008754108127355494,0.8174757366327133,1.016009812109504,-0.026656598287365153,0.6908373761394508,1.1812350032350405,0.0,0.0,0.0,0.0
0.04059822260713305,0.2669890008835293,0.7930167498251083,-0.009240227641251722,-0.661434723979281,-0.005754258937182313,0.7499237378638404,0.022322144472720875,0.5994677124933842,-0.8739604060664561,-0.03045344562454906,0.7430125629840754,-0.9199902419193154,-0.009095586648041238,0.8079308023984004,1.0236872865505156,-0.022362614743710936,0.6952618042593807,1.1681885815698851,0.0,0.0,0.0,0.0
0.038197776691265145,0.26654019375126714,0.7917894413524545,-0.008909351278145529,-0.661317546805157,-0.006017815772481723,0.7500290071995482,0.024588024284308993,0.6030922296523314,-0.8641911798227871,-0.028890132393174763,0.7299587766163732,-0.9061069001485716,-0.009611170461410511,0.7971238210077767,1.0313799954568963,-0.017935037475453868,0.6988817440871599,1.1548744142118044,0.0,0.0,0.0,0.0
0.035319877830013995,0.26607723839649333,0.7904965805150209,-0.008528423815447314,-0.6611603787520546,-0.006304678106846184,0.750169627877344,0.026984065013713785,0.606361477404037,-0.8546786702451405,-0.02725390114883869,0.713993202499676,-0.8881088483416585,-0.010553429301790422,0.7851217522628896,1.0389481794147153,-0.013336536372244101,0.7016984981336978,1.141284988813423,0.0,0.0,0.0,0.0
0.031995455931886095,0.2656198246933894,0.7891577642269761,-0.008095448223122883,-0.6609569607678443,-0.00661358409830601,0.7503509980242418,0.02956314262165825,0.6096173651685537,-0.845641289270967,-0.02560701657498304,0.6951285661002198,-0.8658744046327066,-0.012098510679074316,0.772143860995148,1.0461934498459238,-0.008492004827478986,0.7039047255874842,1.1275230379050085,0.0,0.0,0.0,0.0
0.02834521944291274,0.2651661457596738,0.7877978052544617,-0.007612934139181609,-0.6607093850170812,-0.006942314921676156,0.7505710866051737,0.0323208781713027,0.6134083785579288,-0.8372246633618821,-0.02396430775718979,0.6739363937780767,-0.8400905384875845,-0.014115621399617025,0.7585753850097288,1.0528971156712295,-0.0032090281133885443,0.7061394940225189,1.1139050024354842,0.0,0.0,0.0,0.0
0.024621186909916448,0.2646565885630088,0.7864271341757888,-0.007081820574708721,-0.6603848848397484,-0.00731519164258118,0.7508582686924158,0.0351067723657146,0.6181155566227488,-0.8289812253969865,-0.022163215060374178,0.6520392176585441,-0.8133986447892719,-0.016171146017547038,0.7448403200190401,1.0589299974738795,0.0026104386213202857,0.7098178456136491,1.1005389961257166,0.0,0.0,0.0,0.0
0.02123645839737297,0.26405669229613,0.7851885347691143,-0.006542807042093976,-0.6600102894944969,-0.007698909695824101,0.7511886156132132,0.03819821345438619,0.6240688917607302,-0.8209698406720123,-0.020187531322654807,0.63212206619624,-0.7893083484732643,-0.017352447536538845,0.7322955761428158,1.063402913142269,0.010237171130287787,0.7160731273516617,1.0880417258085306,0.0,0.0,0.0,0.0
0.018480668344493592,0.2634584365502542,0.7842680512692193,-0.006063140782891007,-0.6596156799142318,-0.008049037909782031,0.7515354989113018,0.041128599423900646,0.6306998106424212,-0.8141568560990166,-0.01830375895193072,0.6159814891350939,-0.7697842093087044,-0.01781144141379534,0.7223864945177081,1.0655021160845772,0.020855548510441232,0.7248187091877356,1.0767184519811526,0.0,0.0,0.0,0.0
0.016767119777653775,0.26299559827387226,0.7838337041483807,-0.005756257981606524,-0.6592521952004904,-0.008302291936024641,0.7518540287622276,0.043161552137154925,0.6360100036993445,-0.8099827785989652,-0.016872398899009027,0.6061651738872108,-0.757936529039783,-0.017509313880362413,0.71659940761462,1.064951543529878,0.03479461632342731,0.7349452475262093,1.066687321965016,0.0,0.0,0.0,0.0
0.01672455225103324,0.2628897366233645,0.7837776754680317,-0.00564457691562973,-0.6592567664901665,-0.008302254158140454,0.7518508676355087,0.0431959487043198,0.6360378914229289,-0.8099960238242941,-0.01673671933446273,0.6059878549628379,-0.7578904596594956,-0.01753099874239292,0.7164734054125127,1.0648750606170008,0.03478678438678819,0.7349898536688694,1.0667041250986462,0.0,0.0,0.0,0.0
0.01672455225103324,0.2628897366233645,0.7837776754680317,-0.00564457691562973,-0.6592567664901665,-0.008302254158140454,0.7518508676355087,0.0431959487043198,0.6360378914229289,-0.8099960238242941,-0.01673671933446273,0.6059878549628379,-0.7578904596594956,-0.01753099874239292,0.7164734054125127,1.0648750606170008,0.03478678438678819,0.7349898536688694,1.0667041250986462,0.0,0.0,0.0,0.0
0.01672455225103324,0.2628897366233645,0.7837776754680317,-0.00564457691562973,-0.6592567664901665,-0.008302254158140454,0.7518508676355087,0.0431959487043198,0.6360378914229289,-0.8099960238242941,-0.01673671933446273,0.6059878549628379,-0.7578904596594956,-0.01753099874239292,0.7164734054125127,1.0648750606170008,0.03478678438678819,0.7349898536688694,1.0667041250986462,0.0,0.0,0.0,0.0
0.017496954877064215,0.26286858450227174,0.7839389118218891,-0.005550892966005927,-0.6595638544520469,-0.008301408572887121,0.7515821951745164,0.043181530794141915,0.6404613567556622,-0.8149293954308007,-0.016847876699308723,0.6106753282582419,-0.7634832852478634,-0.018635704090451233,0.7201233787727339,1.0649116308940283,0.03429381374907132,0.7382093826903683,1.0666709273628836,0.0,0.0,0.0,0.0
0.018985704546530376,0.2629258466584617,0.7841162845500731,-0.0055453666381671506,-0.6598245369206731,-0.00828177545862845,0.7513536062211456,0.04306735647203138,0.6498488806052297,-0.8281027091531978,-0.017156873331287403,0.6200717972806039,-0.7767202486346148,-0.01976434644788702,0.7248855634863504,1.065884404570803,0.03413110262976693,0.7429360036271411,1.0669492025080465,0.0,0.0,0.0,0.0
0.021152469883925214,0.26297700800287527,0.7843255311051945,-0.005588528228549606,-0.6600698658924676,-0.008264502648918913,0.7511379623537239,0.04305603117709098,0.663484119401758,-0.8479938568273019,-0.017460244411519273,0.633887248042567,-0.796929585569482,-0.02068277877198396,0.7309899098794637,1.0673145578570031,0.034605462190924884,0.7493165154907052,1.0675739046175858,0.0,0.0,0.0,0.0
0.02395498173664059,0.26285524243330716,0.7847241215128742,-0.005625313513101904,-0.6603565657860215,-0.008297035460247074,0.7508852915550701,0.043586033097536434,0.6803874898803941,-0.8718869822195846,-0.017316300230473123,0.6519623970015345,-0.8230093637534143,-0.02069338723996042,0.7394611015192694,1.0672890105981387,0.03655960841620934,0.7583718324039638,1.0676072187281058,0.0,0.0,0.0,0.0
0.02738570104528122,0.26231393941220327,0.7859400691839988,-0.0055664699587523615,-0.6610001267789124,-0.008475328339592957,0.7503172766370212,0.04534818788449541,0.6994979182685815,-0.8937842956508213,-0.01601268928305713,0.6743067985074718,-0.8511670385587786,-0.019085116931095596,0.7548188438067203,1.0600759482663682,0.04118191723289079,0.7745049010876992,1.0626455957032803,0.0,0.0,0.0,0.0
0.030389393428195934,0.2620501553482479,0.7866729106337996,-0.005020880170745947,-0.6609036273882689,-0.008909594914525221,0.7504010962050882,0.04650908435678074,0.7168945452019978,-0.9171291096670738,-0.015190876861517596,0.6565137790883082,-0.8333894427776329,-0.009697789578223402,0.74169000371787,1.0767740198510714,0.03435681245506134,0.7814680036641402,1.0586330837024334,0.0,0.0,0.0,0.0
0.033438338736758236,0.26177500353470234,0.7875829123243354,-0.004587723209987235,-0.6608473365797608,-0.009248087078438796,0.7504493476688314,0.047626801171931105,0.7342960103934304,-0.9396396114703232,-0.012438341267877377,0.6416132100825339,-0.8271142975493966,-0.001299249584865823,0.7303836001079208,1.0912617894952437,0.02930114005258123,0.7902102951178972,1.0531652836513359,0.0,0.0,0.0,0.0
0.03627141495248766,0.2614589592237115,0.7886179656182457,-0.004243653884660549,-0.660895204838348,-0.00951052118352546,0.7504059365504798,0.0487708692177226,0.7500425083791481,-0.9586214554474568,-0.009409550893206461,0.6302845808013552,-0.8280980667590611,0.005534956072994156,0.7214065893967537,1.105081936609593,0.026208056821367443,0.8002152438741159,1.0466011546366512,0.0,0.0,0.0,0.0
0.03874283354319975,0.26110861279995934,0.7897076163460316,-0.003947640717059542,-0.6609965592819695,-0.009736221746357354,0.7503153808474624,0.04995479847579422,0.7634535032305372,-0.973510971816475,-0.006701969767761403,0.6216258780487399,-0.8329229795816415,0.011323080940155732,0.7140270501389012,1.1185694610892276,0.024323876422638786,0.8103748355348427,1.0393326819507023,0.0,0.0,0.0,0.0
0.04078778282274674,0.26073760236560173,0.790806103981047,-0.0036772300469042336,-0.6611184204176256,-0.00994445467310132,0.7502066515200597,0.05115565370202841,0.7743049506161109,-0.984323377273283,-0.0043198710304749605,0.6147251368897381,-0.8396759060338398,0.016499980278400456,0.707516942472063,1.1317569202293152,0.023132645423790572,0.82000990774619,1.0316704919541193,0.0,0.0,0.0,0.0
0.042402209900439934,0.2603657392982184,0.7918872614247008,-0.0034243373982230873,-0.6612424861021772,-0.0101410129981356,0.7500958661012382,0.05232440091033788,0.7826932764624241,-0.9914408704264603,-0.0021053811372287903,0.6088125340783727,-0.8473296629003103,0.021315896093182823,0.7013199196578506,1.1446467825086406,0.02227620105123274,0.8287862870653394,1.0238164636319558,0.0,0.0,0.0,0.0
0.043621361573592865,0.26001452586239143,0.7929369240728831,-0.003188689133062715,-0.6613595625937133,-0.010325098264097806,0.7499911689968766,0.05340437224923561,0.7889056785486774,-0.9954441028898365,7.912638848687256e-05,0.6033106447680902,-0.8553431568174416,0.02590641105593019,0.6950663205710222,1.1572663021180034,0.02149561321423975,0.8365946022133204,1.0158896272150004,0.0,0.0,0.0,0.0
0.04450110654987325,0.25970276380729734,0.7939475701240667,-0.0029731346223334,-0.6614658556125453,-0.010493635387674153,0.7498959700822716,0.054346294518529105,0.793314388921595,-0.9969789351761835,0.00230465756064399,0.5978293888656019,-0.8634368533912298,0.03034569121790212,0.6885418384473407,1.169665799791017,0.02061227207608929,0.8434583053489682,1.0079596694503077,0.0,0.0,0.0,0.0
0.04510388658460233,0.25944405470796983,0.7949151063847506,-0.0027806331413285034,-0.6615606038658361,-0.010643863437053277,0.7498110052960925,0.05511644647278576,0.7963022613006532,-0.9966650463097714,0.0045864966942827,0.5921263736923611,-0.8714728862980965,0.03467482200062417,0.6816457341729588,1.1819038754374154,0.019511339351561113,0.8494663187622071,1.000072576935352,0.0,0.0,0.0,0.0
0.045489511032237896,0.2592462427361674,0.7958370763144191,-0.002613108814471917,-0.6616447927632545,-0.010774021931928418,0.7497354602278087,0.055697670093487944,0.7982175505385292,-0.9950436973937041,0.006908700446046296,0.5860591699252693,-0.8793917628598351,0.038918032404552355,0.6743561053943834,1.194031746556997,0.018134953347182466,0.8547325205913795,0.992267068928143,0.0,0.0,0.0,0.0
0.045710086519463525,0.259112417458727,0.7967110908785328,-0.0024712086660281163,-0.6617202027962503,-0.01088337525101843,0.7496678054192828,0.05608596651827014,0.7993524048251918,-0.9925597909699942,0.009244326314654796,0.5795477608947672,-0.8871757440056537,0.043091445628344896,0.6667079708841912,1.2060786288137286,0.016466659303059523,0.8593661922198602,0.9845872321375798,0.0,0.0,0.0,0.0
0.04580802464667158,0.25904276244234503,0.7975327989419804,-0.0023546427789609744,-0.6617885852933058,-0.010971837723940555,0.7496065253250054,0.056284928479356545,0.7999381282255202,-0.9895702716539644,0.011566329483492734,0.5725636203571882,-0.8948181674478274,0.047207777415935716,0.6587858804844104,1.218033777999734,0.014513283207462035,0.8634483838997595,0.9770976919502286,0.0,0.0,0.0,0.0
0.04581602129919707,0.2590365719034656,0.7982929788134483,-0.00226289065923993,-0.6618509237641169,-0.011039321358006728,0.7495507770807819,0.05629987309735234,0.8001503652475613,-0.9863702319685933,0.013850248313842331,0.5651597256423057,-0.9022828138316507,0.05127735959942721,0.650730574980597,1.2298157994757755,0.012292713390666834,0.867011125085153,0.9699069615201352,0.0,0.0,0.0,0.0
0.04575789944194524,0.25909395324847095,0.7989734314345319,-0.002195677955452442,-0.6619063997144358,-0.011085742884969363,0.7495013030809737,0.05613410822811409,0.8001178751801313,-0.9832284628017989,0.01607360798974384,0.5575491941970272,-0.9094428685363559,0.05529572361943854,0.6427597091952909,1.2412133435349255,0.009815621452993471,0.8700083012883897,0.9632023911070614,0.0,0.0,0.0,0.0
0.04564824855153626,0.25921681318673634,0.7995425682781389,-0.002154099642231718,-0.661953080312457,-0.011108618386262023,0.7494598574420978,0.055782953266498805,0.7999208756748198,-0.9804046973786252,0.018230893907811373,0.5502266017177521,-0.9159904513630183,0.059260142766583174,0.6351992159767753,1.2517668226833107,0.007119384326370137,0.8723063679882894,0.9572945703711546,0.0,0.0,0.0,0.0
0.045493688053631694,0.259407238237751,0.7999525694218597,-0.0021412068977120615,-0.6619883312358,-0.011103307502970037,0.7494288365836721,0.055239100397675364,0.7995930476232561,-0.9781620860277479,0.020310637215593036,0.5440870161305431,-0.92134169596235,0.06311579180695116,0.628561864056083,1.2605725287443308,0.004295922111583094,0.873678516608647,0.9526536353217667,0.0,0.0,0.0,0.0
0.04530505551608848,0.25967090660729214,0.8001443286071129,-0.002163324354045044,-0.6620046473669646,-0.011065514259707076,0.7494149193113573,0.05449105650462233,0.7992054223521667,-0.9768905645959312,0.022226871800882838,0.5403847371517683,-0.9245727174394165,0.06661447744890821,0.6237524629591344,1.2659604999825322,0.0014254594769775798,0.8738229347839592,0.9498491829847091,0.0,0.0,0.0,0.0
0.04506078120282132,0.25999941576480157,0.8000746059498782,-0.0022268937137282304,-0.6620077045739863,-0.010987433608254892,0.7494131813170714,0.05355162801728288,0.7986006735253592,-0.9765173406293398,0.023976207162809102,0.5402546856316937,-0.9245672377524492,0.06940765092585903,0.6222068754596809,1.265171484600692,-0.0011731845118746337,0.8725640273778581,0.9493495884825494,0.0,0.0,0.0,0.0
0.04474216346008816,0.26040121171887703,0.7997397312054851,-0.002334012113899588,-0.6619986342170499,-0.0108673120291807,0.749422619228612,0.052396236588581176,0.7976895103294389,-0.9769238697751552,0.02554598608358672,0.5436676428645008,-0.9212874713230642,0.07146273539311983,0.6239240337259904,1.2582152201145151,-0.0035671691099477152,0.8698314961545881,0.951158149188507,0.0,0.0,0.0,0.0
0.04432393736144454,0.260895331617097,0.7991761405208057,-0.0024805344959834205,-0.6619772101607097,-0.010709799509658844,0.7494433403339579,0.05097680017054074,0.7963774906699151,-0.9778152217218632,0.026954282415579935,0.5494475647165066,-0.9158196177910473,0.07310090594244431,0.6274254518107903,1.2478522094458953,-0.006130046391422104,0.8656766033459357,0.9548217806510767,0.0,0.0,0.0,0.0
0.0437736311606305,0.2614978470795963,0.7984363430370351,-0.0026637218614782698,-0.6619471699554696,-0.010518977231050705,0.7494719473681465,0.049252004003871884,0.7945206779331048,-0.9787413001932633,0.02821967578839463,0.5563079801511114,-0.9090524959028978,0.07448755086605563,0.6318143405483347,1.2357518020500349,-0.009148652218069287,0.8602673464549067,0.9597349504838569,0.0,0.0,0.0,0.0
0.04305153050197266,0.26222270305255296,0.7975630671960802,-0.0028820795380512833,-0.6619115466815295,-0.010298199714536048,0.7495056671365742,0.047186834058084555,0.7919265782872621,-0.97922100635177,0.02935076341345086,0.5633219514189236,-0.9015489401636422,0.07567429475121884,0.6365405439876186,1.2227977996139954,-0.012826918672718441,0.8537240762617168,0.9653909215959161,0.0,0.0,0.0,0.0
0.042112823176392346,0.26308247052900713,0.7965840479732414,-0.003134199453351725,-0.6618716295885015,-0.010051091922748053,0.7495432597861236,0.04475246168723097,0.7883666090794869,-0.978782587470761,0.030344781348956802,0.5699677721421146,-0.8936085923726075,0.07666123293640495,0.6412457613663464,1.2094181016010892,-0.017316761198761257,0.8460818195547195,0.9714286618491318,0.0,0.0,0.0,0.0
0.04091000383127599,0.2640872048456736,0.7955149992940969,-0.0034175675761107414,-0.6618271825119278,-0.009782411095659378,0.7495848218536323,0.04193024150132167,0.7835847250268585,-0.9769593909191199,0.031192337847807453,0.5760208787485364,-0.8853761456159902,0.07743999102515235,0.6456904016459143,1.195788856624005,-0.022721835009053434,0.8373121354485515,0.977603555971006,0.0,0.0,0.0,0.0
0.039395717610608096,0.2652419369590056,0.7943649196055766,-0.0037277597763178253,-0.6617773613907146,-0.009498340651753158,0.749630982072284,0.0387183691741148,0.7773046826190622,-0.9732717069647754,0.03188349104027701,0.5814374854883751,-0.8769388650393087,0.07802479519114965,0.6497154995650916,1.1819484699719285,-0.02907472183087105,0.827368982007119,0.9837414727058446,0.0,0.0,0.0,0.0
0.03752711140332886,0.26654412624196533,0.7931412085005091,-0.004056300000278485,-0.6617207188802536,-0.009208578235663865,0.7496828921095811,0.03514078343051867,0.7692462171893686,-0.9672225530698122,0.032418371616792896,0.5862765057084586,-0.8683969470744926,0.07846932691306681,0.6532193704643519,1.1678579473061246,-0.036357656813909844,0.8162172507154901,0.9896941998528761,0.0,0.0,0.0,0.0
0.03527347415089701,0.26798075131272925,0.7918552446798066,-0.004392122912779082,-0.6616575199591563,-0.008923404340393848,0.749740227273951,0.031250426663829996,0.7591583259908066,-0.9583187089573195,0.03281748333373701,0.5906907732706853,-0.8599081402099543,0.07891818836119038,0.6561516750706498,1.1534356424892789,-0.04443236073848614,0.803909915431384,0.9953059214908528,0.0,0.0,0.0,0.0
0.03262884530988131,0.2695285712378934,0.7905267462427618,-0.004718933546187248,-0.6615889335548252,-0.00865627361585143,0.7498018962306399,0.027130503934912977,0.7468913395391035,-0.9461594514368539,0.033145349149663765,0.5949511652718772,-0.851714628837132,0.07965991373396458,0.6585199546084072,1.1385863861422716,-0.053138844355723164,0.7906001681690795,1.0003789318080654,0.0,0.0,0.0,0.0
0.02963242020242957,0.2711571031238184,0.7891870914349486,-0.005015119680879675,-0.6615181236787581,-0.00842264479304547,0.7498651076519108,0.022882843978250942,0.7325231582105315,-0.9306180207074725,0.033532569003816765,0.5995237622375517,-0.8441644308636546,0.08126641244544029,0.6604245363392025,1.123241462175976,-0.06235844310673444,0.7765840435703053,1.0046601081580537,0.0,0.0,0.0,0.0
0.026399674910417725,0.2728370189849783,0.7878751892676574,-0.0052497569594772715,-0.6614481574076823,-0.008245234422911916,0.7499271906146353,0.01860998181847899,0.7165730260974781,-0.9122014609770751,0.0341895265766195,0.6051490275859279,-0.8377495760560779,0.08483598427619339,0.6621234416119349,1.1074081173096504,-0.07223235857223423,0.7622579274855421,1.007885998567559,0.0,0.0,0.0,0.0
0.023197091583749965,0.27458110512807093,0.7866150872185372,-0.0053791728276724815,-0.6613390404187175,-0.008142538293940094,0.7500236244198389,0.014283610316270883,0.7006261563049065,-0.8933578646142573,0.03531590109091502,0.6126027312354144,-0.8328624490211005,0.09270793981351398,0.664137683248263,1.0908424202486193,-0.0834816995561114,0.7479354813461888,1.0098859175414558,0.0,0.0,0.0,0.0
0.020414295188331735,0.2763366548764584,0.7855199950695363,-0.005336963533732846,-0.6612046506816555,-0.008176822977834243,0.7501420307536291,0.010084877998580268,0.686951020702693,-0.8769972745541488,0.03662928842685657,0.6228089722864073,-0.8310097204129274,0.107922677269028,0.66614982262425,1.0735407199059275,-0.09687834680690442,0.7346384172197584,1.0101462257516571,0.0,0.0,0.0,0.0
0.018347979405548637,0.27790837828520953,0.7846815510987963,-0.0050367017117908044,-0.661114965156382,-0.008412867487020125,0.750220539670028,0.00651231085167071,0.6769831190854729,-0.864583624295194,0.03812352934858773,0.6362554255752446,-0.8354231093615362,0.1345907344952755,0.6667120513334358,1.055301947382143,-0.1121738898788607,0.7233403955370735,1.0089771592689167,0.0,0.0,0.0,0.0
0.017371676239967878,0.2789828635875008,0.7841095796823127,-0.00448712827727499,-0.6612081825957394,-0.008848116379800784,0.750136864701897,0.004292612019664118,0.6723540705767321,-0.8580821644069291,0.03969906534870895,0.6526844939577615,-0.8510270860669067,0.1704391660224568,0.6657254803462206,1.0372155409194093,-0.1273840470650633,0.7153033950176997,1.0082346624594638,0.0,0.0,0.0,0.0
0.01730232770217659,0.2791730162862337,0.7840242273167551,-0.004620651316020315,-0.6612520506692041,-0.008885147836160774,0.7500969465443235,0.004055769288585624,0.672197059524283,-0.858062049914381,0.03968837957464009,0.6527121465536249,-0.8510364215903338,0.17046352949871046,0.6657543938317303,1.0372252784539946,-0.12735806838314687,0.7151510750238568,1.008145532509824,0.0,0.0,0.0,0.0
0.01730232770217659,0.2791730162862337,0.7840242273167551,-0.004620651316020315,-0.6612520506692041,-0.008885147836160774,0.7500969465443235,0.004055769288585624,0.672197059524283,-0.858062049914381,0.03968837957464009,0.6527121465536249,-0.8510364215903338,0.17046352949871046,0.6657543938317303,1.0372252784539946,-0.12735806838314687,0.7151510750238568,1.008145532509824,0.0,0.0,0.0,0.0
0.017510069198862596,0.2798249746102065,0.7839412643854897,-0.004897866308780034,-0.6609923024489028,-0.008790275899740557,0.7503252081987688,0.002556595759912521,0.6753919910222246,-0.8651828677757704,0.038198912007042035,0.6528276960284561,-0.8522553629274694,0.1680503626453061,0.6645825663184365,1.0400182218019591,-0.12918160146745364,0.7146226546211742,1.006379589475912,0.0,0.0,0.0,0.0
0.01827598929675927,0.28081628116586776,0.7838751679320285,-0.0051819881606667995,-0.6608857137774474,-0.008656744416290423,0.7504187371725785,0.00011939622611636383,0.682598660299355,-0.8780247395436763,0.03583077569957615,0.6555018407589647,-0.8566796858021644,0.16429537334210464,0.6648093089571661,1.0448873339445979,-0.13454553035024924,0.7150317628993484,1.004137627727556,0.0,0.0,0.0,0.0
0.019746873967322096,0.2821261217247516,0.7839021188730537,-0.005504692293493564,-0.660926972882863,-0.00847444502793087,0.7503821817314945,-0.0032155949451255312,0.6945954683133331,-0.8975175959485562,0.03263631515636292,0.6616800444637847,-0.8654810086549068,0.15968134169940534,0.666984453184683,1.0511970942949107,-0.14309833316361997,0.717135662246962,1.0009175727702584,0.0,0.0,0.0,0.0
0.022016230070237397,0.28388333902459145,0.7843312692326745,-0.0059309870681976086,-0.6611314102896801,-0.00819509773052484,0.7502019208812802,-0.007833453791294324,0.7121570914999827,-0.9236147976860164,0.028242796514508117,0.671644890255853,-0.8776093851457899,0.15394095693862786,0.6728983633452835,1.056741928149738,-0.15530094509326287,0.7229265747327307,0.9935422148035341,0.0,0.0,0.0,0.0
0.02522507497142712,0.28649617696535823,0.7862501234715052,-0.006710540442967598,-0.6619576352252425,-0.007507368327005868,0.7494736134346363,-0.01517245595126296,0.7367235603436073,-0.9526491141369448,0.021219373470934562,0.6849754014122335,-0.8851370977876595,0.1484776785393853,0.6888319084402721,1.0540709523594083,-0.1717281426167938,0.7408141429053409,0.9716932445090446,0.0,0.0,0.0,0.0
0.027251106718005805,0.28911304080636696,0.7876667355323691,-0.006657816185183735,-0.6614437512047173,-0.007744732464798103,0.7499252340033137,-0.013570747838658203,0.6993833990131688,-0.9002558894316726,0.015178876956246893,0.6926862975338705,-0.8937938387907567,0.1252984261021091,0.7023510224696515,1.0530532147913274,-0.13241373023456576,0.7274316081885952,1.0127775272650552,0.0,0.0,0.0,0.0
0.030008544205247928,0.2915954553912335,0.7892345729596781,-0.006803741089610438,-0.661237001660237,-0.007718407387314633,0.7501065010583288,-0.012683899708246196,0.6731077624382201,-0.8729813945818625,0.009072119824569059,0.7045145633770215,-0.9063656895411011,0.10633143399936587,0.7176232409822967,1.0508937206926872,-0.10325346760324997,0.7190066190367395,1.0442021887473418,0.0,0.0,0.0,0.0
0.032989914139707366,0.2938594928436314,0.7908260092620022,-0.007122397870936514,-0.6611942869368269,-0.007519296177008738,0.7501432173629722,-0.01200358981792446,0.6553507485871365,-0.861509911553875,0.003250239401513818,0.7176007786343485,-0.9195681112633738,0.09109425004485862,0.7331097143329355,1.0476185922645243,-0.08657804814273412,0.7131810035913284,1.0681523557232089,0.0,0.0,0.0,0.0
0.035881503590439,0.29589657807634107,0.7924146285301488,-0.007522510811087634,-0.6612397969376171,-0.007234833266963427,0.7501019930413431,-0.0113675868874359,0.643259862058422,-0.8589942182870126,-0.0021582361329298286,0.7302406878854114,-0.9313783276670563,0.0784077352943235,0.7483202443740333,1.0431252094928039,-0.07774059012378491,0.7087785883097004,1.0876604649645512,0.0,0.0,0.0,0.0
0.03850244338512106,0.29771812960432553,0.7939517831940847,-0.007940875540011666,-0.6613153594604361,-0.006920714924164514,0.7500340269229862,-0.0107394403777591,0.634643768124942,-0.86146591268055,-0.007102662987356669,0.741504707164041,-0.9409810665589836,0.0673837532991775,0.7627317412024117,1.0377647041457931,-0.07322219247089923,0.705064646925608,1.1045042755028422,0.0,0.0,0.0,0.0
0.04077114779691276,0.29933649446664934,0.7954030633587805,-0.00834315572667391,-0.6613932198245892,-0.006607249833473791,0.7499638289759186,-0.010089149364338289,0.6279662426989446,-0.8666846645481197,-0.011561464162746747,0.7510118660219249,-0.9481757465050182,0.057558658413854547,0.77600728122187,1.0319079511900124,-0.07093131043830915,0.7015480445552158,1.1197449689489962,0.0,0.0,0.0,0.0
0.042670583069941787,0.30076276419253506,0.7967534951490265,-0.0087122808052005,-0.6614628910827773,-0.00631031075002052,0.7499007400061846,-0.009376833533055127,0.622201179129966,-0.8733773003758819,-0.015529234779654778,0.7587249290848661,-0.9530971384926934,0.04873194956215279,0.7880062851007249,1.0258137469351318,-0.06970922795447919,0.6979148066555593,1.1340346881287602,0.0,0.0,0.0,0.0
0.04422186004177857,0.30200839568951665,0.7980022124941031,-0.009040980819943308,-0.6615222989592892,-0.006037563488696849,0.7498466886454526,-0.008563660493009925,0.6166982395674538,-0.880812788229769,-0.019015537733708853,0.7647962473126633,-0.9560435263418565,0.040834585968876104,0.7987312801059459,1.019631144439739,-0.06893162088349851,0.693987931417339,1.1477836558387964,0.0,0.0,0.0,0.0
0.0454654933013704,0.30308648468301685,0.7991558990599825,-0.009327554738426754,-0.6615727942384282,-0.005791910787138451,0.749800565761052,-0.007621027475549195,0.6110654693732895,-0.8885702536254636,-0.022044043651812294,0.7694629806257608,-0.9573716561656805,0.033843246858326535,0.8082694394001705,1.013437607746531,-0.0682678599778961,0.689690459194907,1.1612516002234226,0.0,0.0,0.0,0.0
0.04644892389632896,0.30401186026445004,0.8002237485036195,-0.00957335232490712,-0.661616769520676,-0.005573659390155098,0.7497603187254512,-0.006533209001749582,0.6050765016910346,-0.8964111202163815,-0.02464923414962468,0.772981781633093,-0.9574356466290139,0.027731739616548203,0.8167475398926674,1.0072764601726854,-0.0675486501430453,0.6850164794255362,1.1745981692010055,0.0,0.0,0.0,0.0
0.04721876827880171,0.30480018190439506,0.8012139070000622,-0.00978137179372899,-0.66165636483579,-0.005381639887107046,0.7497240943108646,-0.005295823639256355,0.5986075055240527,-0.9042027388414959,-0.026871663542862998,0.7755922994037494,-0.9565578145940142,0.02245741964992114,0.8242957702745166,1.001185278805339,-0.06669306834717594,0.6800124774603852,1.18790811304897,0.0,0.0,0.0,0.0
0.04781651873727412,0.30546673420547044,0.8021306137987033,-0.009955109563162055,-0.6616930468165302,-0.005214290486359114,0.7496906153627418,-0.0039121193676729575,0.5916135557025822,-0.9118616099042014,-0.028752644327655622,0.7774994743072624,-0.9550208410749099,0.01795752462827476,0.8310225272133162,0.9952212470578945,-0.06567127194806938,0.6747705516914994,1.2011963557375696,0.0,0.0,0.0,0.0
0.04827649109348799,0.30602528084132474,0.802971204937901,-0.010097793392708403,-0.6617273270723488,-0.0050703699168322255,0.7496594363597308,-0.0023895258498674286,0.5841503793046426,-0.919294530103412,-0.030329874720740748,0.7788672087069055,-0.9530754374427098,0.014154155068377196,0.8369909295705673,0.9894888654007071,-0.06448271308019171,0.6694321306167854,1.2143889310594957,0.0,0.0,0.0,0.0
0.04862502639142226,0.30648736592163855,0.803722528924204,-0.010211845004142819,-0.6617585692671452,-0.004949486722487751,0.7496311204881346,-0.0007374716915417054,0.5764464358314607,-0.9263241968431069,-0.031634722065839095,0.7798169753886536,-0.9509561300142054,0.010957997544548126,0.8421952397705442,0.9841749162596132,-0.06313971549933957,0.664202870815809,1.2272676870949892,0.0,0.0,0.0,0.0
0.048880057228844795,0.30686236884054136,0.8043570538576633,-0.010298578257634366,-0.6617848452158916,-0.004852383782685228,0.7496073720956027,0.0010330551252480584,0.5690136895872964,-0.9325976612684905,-0.03269188988783572,0.7804258926960947,-0.9488959439241409,0.008266509193781725,0.8465374657604067,0.9795886132152811,-0.061646130035676996,0.6593852376594971,1.2393568585865062,0.0,0.0,0.0,0.0
0.04905044427844669,0.30715857530987484,0.8048306717693735,-0.010358106132403644,-0.6618029241825392,-0.004780934156607868,0.7495910497393765,0.0029086161349425126,0.5627432388932161,-0.937497782489348,-0.033522011360323095,0.7807206443972263,-0.9471262031811903,0.005953276264914004,0.8498147468430413,0.9761883360827569,-0.05996086076920504,0.6554509043645995,1.2497197077011737,0.0,0.0,0.0,0.0
0.04913533100674679,0.3073851121279242,0.8050880274277539,-0.010389398376395263,-0.6618086607684208,-0.004737800926401465,0.7495858257569094,0.004873338605190332,0.5588477887804132,-0.9401116142178679,-0.03414665960614675,0.7806698141844866,-0.9458410777090253,0.0038512950564438303,0.8517504672337475,0.9745381540007736,-0.057937748477853525,0.6532025330947535,1.2566356783174861,0.0,0.0,0.0,0.0
0.04912556457400297,0.30755252526517013,0.8050876588226519,-0.010390990696183235,-0.661800472265285,-0.004724909283323855,0.7495931145988881,0.006914596006894447,0.5584038012478215,-0.9393796295155002,-0.03459092720407508,0.7801908841772468,-0.9450896506834277,0.0017778970995997985,0.8521379369541717,0.9750712286338464,-0.05525979749640859,0.6540289281364559,1.2573189309704726,0.0,0.0,0.0,0.0
0.049004585232661255,0.3076604370714545,0.8048268745421209,-0.01036197134337737,-0.6617791448912294,-0.0047437379139746265,0.7496122263460727,0.009023253728411786,0.561384557530438,-0.9352733906496039,-0.03484980548484129,0.7791898823058578,-0.9447395255815623,-0.0002846499853828596,0.8509390342888178,0.9778028085151718,-0.051941728827961726,0.6578840412294843,1.2517475917130951,0.0,0.0,0.0,0.0
0.04874979273501307,0.3076984770351221,0.8043420518619606,-0.010302049958703681,-0.6617471690198626,-0.00479513468620525,0.7496409532197309,0.011184164651406677,0.5666751678378273,-0.9288270926026736,-0.034891022861055734,0.7775669618759755,-0.9444860641275686,-0.0021928448306725574,0.8482870214748646,0.9823275615074221,-0.04832111459464111,0.6633016653397833,1.2426615599923667,0.0,0.0,0.0,0.0
0.048331883620554024,0.30765940641394357,0.8036844087592561,-0.010210493349386458,-0.6617084510410144,-0.004878855675859719,0.7496758422236625,0.013378550272720476,0.5730331328666126,-0.9209421233502667,-0.034691105225408435,0.7751757493809649,-0.9438856203861246,-0.0038289675884082843,0.8443909399153099,0.9881009865680402,-0.04455869362868367,0.6694170106249899,1.2317437322302742,0.0,0.0,0.0,0.0
0.04771266574886014,0.3075391918550627,0.8028953031536971,-0.010085581165776208,-0.6616650485500429,-0.004994779021407684,0.7497150770541734,0.015586944729496729,0.5795417238683345,-0.9122217752748455,-0.03423490147027443,0.7718100099691463,-0.9424492917972774,-0.005129892541397164,0.8393923028142888,0.9946761061076375,-0.04070699248957453,0.6757076760268732,1.2199007245805464,0.0,0.0,0.0,0.0
0.046845758199195016,0.30733640334178125,0.8020011155517944,-0.00992489421040677,-0.6616168378655065,-0.0051428069575415085,0.7497587664471538,0.017792709139253775,0.5856696320873431,-0.9030082628648757,-0.03351463730140448,0.76720700271158,-0.9396678606163419,-0.006077705352194196,0.8333361755027638,1.001749019211215,-0.03677015368792674,0.6818293483197605,1.2075823460082313,0.0,0.0,0.0,0.0
0.04567843636507946,0.3070528321737957,0.8010157956730634,-0.009725687955446708,-0.661561353009087,-0.005322472798443687,0.74980908135464,0.019986391525045038,0.5911757654192138,-0.8934794737597479,-0.03253239414411519,0.7610536708515834,-0.9350081304485891,-0.006700013291572274,0.8261902659787717,1.0091320995366302,-0.032737048630616286,0.6875402347721091,1.1949847984792106,0.0,0.0,0.0,0.0
0.04415453107884784,0.3066949615407047,0.7999455082364568,-0.009485200656459077,-0.6614936250585532,-0.005532495716779776,0.7498703931123996,0.022172630375311104,0.595995592365357,-0.8837444155800043,-0.03130491344147452,0.7529955999490808,-0.9279040510774843,-0.007079588158646969,0.8178798079143035,1.0167099167383657,-0.028595092029340522,0.6926643902012025,1.1821682650880623,0.0,0.0,0.0,0.0
0.04221937949856912,0.30627547934091176,0.798793480904904,-0.009200790738551942,-0.661406115783467,-0.005770556930039902,0.7499493290394554,0.024378017859905184,0.6001636776731374,-0.8739138189135021,-0.029868333262879892,0.7426562384186074,-0.9177620581249588,-0.007365470536122369,0.8083282904209222,1.0243960027315215,-0.024332055224937657,0.6970737215472239,1.1691235388044638,0.0,0.0,0.0,0.0
0.03982850777319037,0.305813725399976,0.7975646588121336,-0.008869891025258777,-0.6612891110955064,-0.006033568619125977,0.750054419778614,0.026654420377996514,0.6037853265966339,-0.8641401394812437,-0.028279569677481117,0.729678771219196,-0.9040009951020458,-0.007772656259202124,0.7975036099046633,1.032093859898985,-0.01993044832558485,0.7006886687122215,1.1558167847907392,0.0,0.0,0.0,0.0
0.03696248659973407,0.305333364363365,0.7962699892658355,-0.008490032481717468,-0.6611324186739852,-0.006318552977007545,0.7501945882336278,0.029069530332768004,0.6070551568683703,-0.8546250738447858,-0.02660965328975249,0.7138099975587464,-0.8861558325964032,-0.008548851840347179,0.7854710664892502,1.0396639286502876,-0.015356625437681539,0.7035131410084521,1.142239344470072,0.0,0.0,0.0,0.0
0.0336515907392486,0.3048546432422715,0.7949291468992716,-0.008059770015094045,-0.6609297270094986,-0.006623769307049864,0.7503752806047255,0.031677807920568055,0.6103149515589881,-0.8455883662371321,-0.024922753343812866,0.6950584011973211,-0.8640978398169363,-0.00987523777471048,0.7724496410802002,1.046908461054784,-0.010542667753445045,0.7057392548609458,1.1284901773529787,0.0,0.0,0.0,0.0
0.030015085960737677,0.30437742347601393,0.7935672100064153,-0.007581885202543859,-0.6606829349925674,-0.0069469024742201775,0.7505946409163845,0.034475783063849255,0.6141110286349057,-0.8371782062316486,-0.02323765744392349,0.6739849819294293,-0.838497435908428,-0.01164204302350381,0.7588277619374669,1.0536093428621036,-0.005313240689563864,0.7079971195717493,1.1148779984407458,0.0,0.0,0.0,0.0
0.026303404233798733,0.3038453195956253,0.7921950446285406,-0.00705775018643601,-0.6603601827250513,-0.007311622417912392,0.7508802550415483,0.03731783677718015,0.6188282641286493,-0.8289593142443576,-0.021400070670302997,0.6521960196770082,-0.8119626573365752,-0.01343979281164324,0.7450367102400884,1.0596398720068128,0.00040210154819627763,0.711683004895116,1.101509969168876,0.0,0.0,0.0,0.0
0.02293069081359728,0.30322485862366255,0.7909533349692032,-0.00652572446052382,-0.6599870644645432,-0.007687835939008794,0.7512092829819896,0.040479030292514026,0.6247917070777257,-0.8209714824755028,-0.019391463830774336,0.6323851981796395,-0.7880367761963321,-0.014405101319440908,0.7324386907292952,1.0641287795586594,0.0078102405263867376,0.717935760077287,1.0889814841175944,0.0,0.0,0.0,0.0
0.02018617113917448,0.3026115426849345,0.7900274099947321,-0.006049897020583507,-0.6595955334144127,-0.008034984540920212,0.7515534379332075,0.04349260732315424,0.6314452389152011,-0.8141918250815176,-0.01748121594901492,0.6163363752803571,-0.7686656569389289,-0.014771209204035143,0.7225056310213828,1.0662822275050576,0.01801523764379671,0.726654714420208,1.0775895919167227,0.0,0.0,0.0,0.0
0.018482337627659506,0.30214244870828394,0.7895866924363871,-0.005738724748225969,-0.6592391728512802,-0.008294945207902821,0.7518656621369417,0.045610379305476983,0.6368113974549837,-0.8100738333306422,-0.016030859724312386,0.6065827390431644,-0.7569296736040217,-0.014588327550787409,0.7167655895778626,1.0658259298625106,0.031312949391954364,0.736722207097768,1.0674556558534507,0.0,0.0,0.0,0.0
0.01843954314800225,0.3020364145640946,0.7895307961741531,-0.005627129082687273,-0.6592439200443664,-0.008294828935540295,0.7518623445257474,0.045644926652011746,0.6368393524259351,-0.8100870000241294,-0.01589519128094979,0.606406074153468,-0.7568840130166912,-0.01461024216208756,0.7166395008348962,1.065749653700182,0.03130493341042093,0.7367668067850162,1.067472425260207,0.0,0.0,0.0,0.0
0.01843954314800225,0.3020364145640946,0.7895307961741531,-0.005627129082687273,-0.6592439200443664,-0.008294828935540295,0.7518623445257474,0.045644926652011746,0.6368393524259351,-0.8100870000241294,-0.01589519128094979,0.606406074153468,-0.7568840130166912,-0.01461024216208756,0.7166395008348962,1.065749653700182,0.03130493341042093,0.7367668067850162,1.067472425260207,0.0,0.0,0.0,0.0
