root_pos_x,root_pos_y,root_pos_z,root_rot_x,root_rot_y,root_rot_z,root_rot_w,FL_hip_joint,FL_thigh_joint,FL_calf_joint,FR_hip_joint,FR_thigh_joint,FR_calf_joint,RL_hip_joint,RL_thigh_joint,RL_calf_joint,RR_hip_joint,RR_thigh_joint,RR_calf_joint,FL_foot_joint,FR_foot_joint,RL_foot_joint,RR_foot_joint
0.0,0.0,0.741806,-0.006758711164040804,-0.6597561136286221,-0.007681651322997147,0.7514101294140303,0.0,0.610812,-0.785317,0.0,0.610812,-0.785317,0.0,0.698123,1.0472,0.0,0.698123,1.0472,0.0,0.0,0.0,0.0
0.0009332737907593197,-6.719792058299679e-06,0.7420123066581659,-0.006604472802267132,-0.6600757425190029,-0.007698545450003901,0.7511305661966801,-0.0001382772070586279,0.6164741251114678,-0.7919822412166331,-0.00013827720705862704,0.6166476848056252,-0.7926676532386181,-0.0016198546896450331,0.7022558662238358,1.047499793114635,-0.0016198546896450353,0.701345072483495,1.047250559304881,0.0,0.0,0.0,0.0
0.0026770707124873327,-5.185295781435168e-05,0.7422546126185765,-0.006547015682513705,-0.6603528764292889,-0.007702387534565539,0.7508874006157544,-0.00015994633386715644,0.6276190802811402,-0.8076716798513759,-0.00015989419448423416,0.627917632895368,-0.8087150066984519,-0.00216517025056949,0.707532820691555,1.0484176845482727,-0.002161150283400812,0.7062769189975625,1.0481686398373005,0.0,0.0,0.0,0.0
0.005172148043149289,-0.0002407922974547746,0.742553134993001,-0.006535285742813486,-0.6606244854807586,-0.0077153146238639735,0.7506484217953153,0.0001880728383606018,0.643265371025475,-0.8303446272628637,0.00018821781958986572,0.6442168607597634,-0.8325598582747937,-0.0012641976250469394,0.7141820631943383,1.0493403627636884,-0.0012627300063000261,0.7130807321723359,1.0499737055758056,0.0,0.0,0.0,0.0
0.00836182104960306,-0.0007654397926218377,0.7430723720521216,-0.006512971218953416,-0.6609601995235089,-0.007779062250308204,0.7503523719175212,0.0014093679324528967,0.6622373713939532,-0.8568612620402698,0.0014101315325753998,0.6653017743533892,-0.8628431911333694,0.0021217230792138463,0.7232354257605591,1.0481636370063376,0.0021173475453975174,0.7228988172938523,1.0517320816057458,0.0,0.0,0.0,0.0
0.012225604039690037,-0.00189695241341634,0.7444975258529094,-0.006394973258242828,-0.6616995291258005,-0.007993734329120337,0.7496992314809958,0.004305662775210814,0.6833552386938759,-0.8806588112597405,0.004310950874279362,0.6912086718179281,-0.8954253511851292,0.009210415457639667,0.7395057626819159,1.0385194459504483,0.009271778983021901,0.7405322901100265,1.048657461663887,0.0,0.0,0.0,0.0
0.015402400251928194,-0.002748865644181463,0.7452944395374228,-0.005853251469220949,-0.6615320604941605,-0.00834471408569768,0.7498476099397906,0.006467218817420524,0.7011670970238288,-0.9050157837280717,0.004474069724521336,0.6666519555923509,-0.8657471465918313,0.011196943185966854,0.726909511417045,1.0591764354291082,0.009449403658390192,0.7490167502301998,1.0469092684550687,0.0,0.0,0.0,0.0
0.01886803352616761,-0.003509330227855378,0.7462731468796633,-0.005418606980721803,-0.6613609728225435,-0.008648737630814246,0.749998334440151,0.008431377807116046,0.7207140315778874,-0.9313615443439561,0.006617007999343328,0.6477925476142381,-0.8521233532653899,0.014543477430293756,0.7169075957563436,1.0763318070490027,0.009934263191657402,0.7592700129702512,1.043506792848736,0.0,0.0,0.0,0.0
0.022113540581778265,-0.004268157544988066,0.7474105782623635,-0.005047213197025392,-0.6613520828927447,-0.008902361358784507,0.7500057973473335,0.010385157797354045,0.7384376495464489,-0.9533513130205258,0.009571752163169918,0.6344272373913492,-0.8489665179612788,0.0188120048785375,0.7089957025251626,1.0917658164951776,0.011450582022296367,0.7709683877721902,1.0385476719846753,0.0,0.0,0.0,0.0
0.02495759593760352,-0.005000873113256333,0.7486229804295893,-0.004705231347937917,-0.6614271984948064,-0.009137683127192738,0.7499389472726039,0.01229626880405264,0.7535785507228834,-0.97053191812007,0.012538800849809212,0.6247640610545391,-0.8515332996480547,0.023461955003707447,0.7023506500343258,1.1061140046919038,0.013284588073740895,0.7828296154156386,1.0323518474437037,0.0,0.0,0.0,0.0
0.027321819969337816,-0.00568767043534538,0.7498437123566715,-0.00437922084475052,-0.6615380759663014,-0.009367135019523971,0.7498402851628625,0.014119877580273827,0.7658977458344044,-0.9830968699152234,0.015330714861888604,0.6173920391968669,-0.8571224307848582,0.02827066113540473,0.6962968409080247,1.1196834436573684,0.014980048038673111,0.7940113879537024,1.0253567501021366,0.0,0.0,0.0,0.0
0.029199142127602697,-0.006309868108264032,0.7510320480905598,-0.004068733088376552,-0.6616577297401437,-0.009590627504388965,0.7497336286643721,0.01579983647095804,0.775500393787425,-0.9915761301577695,0.01797948318003437,0.6112698981656864,-0.8642372921240365,0.03311221812788148,0.6903570221884641,1.1326637788815597,0.01626375088750753,0.8040815007165858,1.0179056000487052,0.0,0.0,0.0,0.0
0.03062693873833566,-0.006851654102349751,0.752167105842706,-0.0037787029829917692,-0.6617724944537267,-0.009802968196317355,0.7496311018112847,0.017282786855656467,0.7826910941418257,-0.9966487193049123,0.020555517010045585,0.6056739453898867,-0.872055660171575,0.037915956515313896,0.6842244416665852,1.1452009626202615,0.016987806605544064,0.8128985519426346,1.0102235135941908,0.0,0.0,0.0,0.0
0.03166584649417555,-0.007302312407397434,0.7532403158368054,-0.003514821459257247,-0.6618765488302056,-0.009998295379046717,0.7495379338153868,0.01852956242644943,0.7878636955706081,-0.9990212148111614,0.023105005853649673,0.6001353142037053,-0.8801310397660033,0.04264808228698188,0.6777244044053861,1.1574168557807096,0.01709734293870051,0.82049940440974,1.0024479642411084,0.0,0.0,0.0,0.0
0.03238439835054033,-0.007657108465811801,0.7542497587872528,-0.0032812828513719907,-0.6619684979357978,-0.010172139169678115,0.749455447980856,0.019519812413144166,0.7914251072761689,-0.9993515783544543,0.025642209320033735,0.594370282538344,-0.8882281334745351,0.047297660005905906,0.6707785167699257,1.1694111829750946,0.016604943055653756,0.8270133163923775,0.9946642553683148,0.0,0.0,0.0,0.0
0.032848960579819925,-0.007916653696495341,0.7551964283703814,-0.0030801019521520504,-0.662049277777712,-0.010321980414141329,0.7493828951119076,0.02025056832886975,0.7937488487595019,-0.9982085729502184,0.028160550679941342,0.5882158328334791,-0.8962322194927528,0.05186653418421886,0.6633771816560647,1.181258009894872,0.015565259994545545,0.8326021002047954,0.9869324838173315,0.0,0.0,0.0,0.0
0.03311800825714625,-0.008085214230091488,0.7560815529404317,-0.0029113520430904664,-0.6621207989239241,-0.010446987716702341,0.7493186452433122,0.020731060867235356,0.7951519120935698,-0.996059569588125,0.030645068159173783,0.5815834619392427,-0.9040953279107693,0.05636292924379547,0.6555633310464177,1.1929991029543396,0.01405085465488997,0.8374197491530222,0.9793074549047238,0.0,0.0,0.0,0.0
0.0332396364425874,-0.008168565265905018,0.756904056812835,-0.00277384694825252,-0.6621849513337759,-0.010547398918571503,0.7492610682373967,0.020976129516645313,0.7958881719590679,-0.9932803491642225,0.033079982054982436,0.5744435582684322,-0.9117948076195979,0.060797405021568836,0.6474285443184038,1.2046311502273626,0.01213225933070436,0.8415839030313957,0.9718579861526345,0.0,0.0,0.0,0.0
0.033251222514128626,-0.008171944686080396,0.7576574468358973,-0.0026659556867702117,-0.662242775911878,-0.010623830574071002,0.7492092716035619,0.021000084938680066,0.7961519167187677,-0.9901804880976924,0.035450901842336416,0.5668523643155072,-0.9192862870293539,0.06517866165883458,0.6391214939521124,1.2160786835647384,0.009865045653404975,0.8451523217412272,0.9646925906055479,0.0,0.0,0.0,0.0
0.0331801842909789,-0.008098624982462723,0.7583257462102589,-0.0025864125081238214,-0.6622938233315571,-0.010676613777649713,0.7491636750173148,0.020812444463195398,0.7960850659646825,-0.9870361799022535,0.03774366699931832,0.5590302142133041,-0.9264380129940157,0.06950456752195162,0.6308691844290129,1.2271377552909064,0.0072878774014113485,0.8481002214790252,0.957996746467961,0.0,0.0,0.0,0.0
0.03304479380975485,-0.007949692307359544,0.7588787976375136,-0.0025352481148651408,-0.6623361930987754,-0.010704930191719964,0.7491259869327775,0.020416647567346534,0.7957809791668533,-0.9841170676966752,0.03994263199413111,0.5514848377703947,-0.9329434158610012,0.07374194870877428,0.6230162760973501,1.237367690557409,0.004441707254713347,0.8503019241992407,0.9520816470120658,0.0,0.0,0.0,0.0
0.03285724830989758,-0.007723960059739589,0.7592690981786481,-0.0025156328758056765,-0.6623677010695066,-0.010705027390812472,0.749098192869061,0.019808254234573542,0.7953003322518436,-0.9817222151401065,0.04202176937388952,0.5451306080142059,-0.9382233154397228,0.07778946142392475,0.6161092756378372,1.2459039633795261,0.0014113731768216767,0.8515368774319613,0.9474229545825036,0.0,0.0,0.0,0.0
0.03264656779590274,-0.007406989682906351,0.7594371800483503,-0.0025374049646632196,-0.6623788181167208,-0.010669102121836135,0.74908880190953,0.01894829308674175,0.794837517681285,-0.9804487918560477,0.04387043107730999,0.541237602545652,-0.9413359935929408,0.08137757230781499,0.6111266716070496,1.2511294910365895,-0.0017598553789906096,0.851527485040248,0.9445798256844076,0.0,0.0,0.0,0.0
0.03237859203037522,-0.007012777366918648,0.7593394997768517,-0.0026082002387463454,-0.6623810819329319,-0.010587869839867594,0.7490877095515097,0.01786344566235486,0.794142713085401,-0.9800596377115148,0.04550360434403964,0.5409692014684127,-0.9412056519823749,0.08410891344099714,0.6095093493686013,1.250344808632132,-0.004691424482627443,0.8501018976927975,0.9440406835352823,0.0,0.0,0.0,0.0
0.032028258107715826,-0.006529984950846145,0.7589712854796609,-0.0027294588293484395,-0.6623754404392117,-0.010460662293615695,0.7490940531747919,0.016524929944478895,0.7930918166318186,-0.9803858769505165,0.04690306113068938,0.5442867359125338,-0.9377964653282647,0.08593165624117685,0.6112494822778421,1.2435599184370159,-0.0074946337326373185,0.847162395564385,0.9457980991478777,0.0,0.0,0.0,0.0
0.0315675171561482,-0.0059303303891286106,0.7583665248968353,-0.0028951103370708957,-0.6623583046005965,-0.010294814758356773,0.7491108806123769,0.014867534690890657,0.7915913849968202,-0.9811541433413941,0.04807259162149662,0.5499766629936567,-0.9321697942408418,0.08718016733121231,0.6148413399383751,1.2334844781945873,-0.010651397193224086,0.8427152370850848,0.9493708306605112,0.0,0.0,0.0,0.0
0.030960481259686312,-0.005188110584415561,0.757574368146035,-0.0031017847993850983,-0.6623317300413372,-0.010095550153730032,0.7491362614228477,0.01283134757370483,0.7894935791205963,-0.9819274194543498,0.04901974704738539,0.5567252882703461,-0.9252054654833984,0.08803543876414609,0.6193543601157893,1.2217516848977439,-0.014529792392877244,0.8368948553529083,0.954133630557529,0.0,0.0,0.0,0.0
0.03016438627853802,-0.004279929971204619,0.7566334769463205,-0.0033483097683414233,-0.662298196771588,-0.009866407167464935,0.7491678993285842,0.010363143456367319,0.7866005397923368,-0.9822348899921356,0.04974151107894975,0.5635867233014809,-0.9174676561979327,0.08855047668522523,0.6242142625345208,1.2092263405852393,-0.019389224927726836,0.82979791128695,0.9595672099446412,0.0,0.0,0.0,0.0
0.02913211813504708,-0.003183968086251569,0.7555671811492284,-0.00363372618090703,-0.662258932037357,-0.00961122077571468,0.7492045964928284,0.007417272119665785,0.7826789251336062,-0.9816146260673737,0.050222421188733844,0.5700262816654049,-0.9092631555505345,0.08871619050373174,0.6290493992891275,1.1963282652797758,-0.02542400579227695,0.8214417033783316,0.9652993394311603,0.0,0.0,0.0,0.0
0.02781478007443348,-0.00188129124506791,0.7543869808342519,-0.003955781008800032,-0.6622139793563885,-0.009335273742260257,0.7492461878486564,0.003960378328085264,0.7774694870510674,-0.9796085877618006,0.05044054821839676,0.5758126047899906,-0.9007483243188037,0.08851174060945052,0.6336149471879504,1.1832299487562439,-0.03276748992789921,0.8117886277156942,0.9710702168324555,0.0,0.0,0.0,0.0
0.02616460715689898,-0.00035880056986043645,0.7530984894441347,-0.004309829892114007,-0.662163116954036,-0.009045889597530953,0.7492927357137569,-2.0453704593268417e-05,0.7706947052688368,-0.9757416652324493,0.05037683347428787,0.5809014369118352,-0.892028342995388,0.08794002584252746,0.6377514700528845,1.1699650158726513,-0.04147100864014046,0.8007944074293434,0.9766818418623223,0.0,0.0,0.0,0.0
0.024139406612928075,0.0013870956138238993,0.7517079751672773,-0.0046879427976489986,-0.6621070041361137,-0.008752771836879454,0.7493435308664496,-0.004508231963683053,0.7620740938137847,-0.9695091417433661,0.0500278662335074,0.5853645775442753,-0.8832312505075223,0.08706074888449766,0.6413590914476875,1.1564838744057016,-0.05148178677613228,0.7884618187285156,0.9819487942298184,0.0,0.0,0.0,0.0
0.021710057320893608,0.003347123920767318,0.7502292949947379,-0.005077995636539232,-0.6620482410144244,-0.008468334889694194,0.7493961754867834,-0.009448110770177431,0.7513590840331907,-0.9603932225546457,0.049425378831803424,0.5893753037816404,-0.8745581990751912,0.0860372962231029,0.6443836297101215,1.1426840976104182,-0.06264316630334386,0.7748933508381529,0.9866516670392348,0.0,0.0,0.0,0.0
0.018872967599358068,0.005497281016042595,0.7486910602458423,-0.005462441397920535,-0.6619922949906125,-0.008208353690177988,0.749445785922326,-0.014744363296322022,0.7384020089453373,-0.9479329779398447,0.048665232322119396,0.5932483049889841,-0.8663190482622162,0.08522109676912779,0.6468182325587883,1.12843652640527,-0.07473684654020821,0.7603390466007793,0.9904945735720666,0.0,0.0,0.0,0.0
0.015670066157851374,0.007799530547574231,0.7471420574519069,-0.005816313404552888,-0.6619485491521977,-0.007993422559238903,0.7494840852009267,-0.020265405891970012,0.723278143924567,-0.9318865733395348,0.04794251996902978,0.5975300820693287,-0.8589692773894232,0.0853173273990724,0.6487269849410093,1.1136239059632709,-0.08757857478455933,0.7452297133480623,0.9930868915259068,0.0,0.0,0.0,0.0
0.012220112426910002,0.010205003431488151,0.7456472443356066,-0.006103542933546879,-0.66193353717637,-0.00785237847788903,0.749496550543815,-0.02585643180558784,0.7064843088729229,-0.9125479074493742,0.04757471089909929,0.6031227915599732,-0.8531673623156366,0.08773614682638596,0.650291967224159,1.0982105065063172,-0.1011730169203896,0.7301612028997728,0.9940286072040075,0.0,0.0,0.0,0.0
0.008867618289657575,0.012713344272591087,0.7442565987293306,-0.0062664578518979745,-0.6618976221102177,-0.007834586103009826,0.7495271099909757,-0.03149893442067162,0.6900823192110607,-0.8930190642386255,0.04764164474578732,0.6110373174548208,-0.8494313025874641,0.0950482543552712,0.6521620093180892,1.0819224316481562,-0.11643566693304129,0.7155590695897873,0.9930503156371301,0.0,0.0,0.0,0.0
0.005964147269881129,0.015190474693780966,0.7431045542650738,-0.006228953052967846,-0.6618946785680727,-0.008017586903181008,0.7495280868168861,-0.03682658391006307,0.6759769023147356,-0.8753809274548495,0.048269572191056424,0.6225701408486246,-0.849904479789322,0.11104783640140906,0.6537500389761576,1.0646747840887436,-0.13363262623879704,0.7025830969169184,0.9898669762450392,0.0,0.0,0.0,0.0
0.0038434127149370462,0.01734299592466251,0.7422224975658285,-0.005913203997494333,-0.6620244204519422,-0.008484115452312117,0.749410915672267,-0.04109866222295114,0.6656895375846698,-0.8613463096741261,0.04976435109094463,0.6387482339372694,-0.8587526233250906,0.14012053564786772,0.6539170057763515,1.0461166913052158,-0.15214884415873664,0.6918803713244467,0.9859257277927288,0.0,0.0,0.0,0.0
0.0029098671576772255,0.018641756384636204,0.7413484194120395,-0.005371647387552217,-0.6624568047280507,-0.009231103874741374,0.7490239742458842,-0.043084260018413256,0.6606689107597098,-0.8535591049211638,0.05258640122785612,0.6596212175402727,-0.8820919815014975,0.17838140346846512,0.65411562952091,1.026537207837797,-0.16890635864561532,0.6831732052629886,0.9867467360497881,0.0,0.0,0.0,0.0
0.002839968232840498,0.018884679748119117,0.7412347314398833,-0.0055437107235153105,-0.6625167942613862,-0.009277822527037894,0.7489690825409195,-0.04337701418869884,0.6604853679509957,-0.853542231849137,0.05258036289177216,0.6596498216946765,-0.8821047650433849,0.17840825373593272,0.6541421115343443,1.0265445250995011,-0.1688877051122891,0.6829976990018589,0.9866419557756282,0.0,0.0,0.0,0.0
0.002839968232840498,0.018884679748119117,0.7412347314398833,-0.0055437107235153105,-0.6625167942613862,-0.009277822527037894,0.7489690825409195,-0.04337701418869884,0.6604853679509957,-0.853542231849137,0.05258036289177216,0.6596498216946765,-0.8821047650433849,0.17840825373593272,0.6541421115343443,1.0265445250995011,-0.1688877051122891,0.6829976990018589,0.9866419557756282,0.0,0.0,0.0,0.0
0.002825283227068119,0.019958259794114076,0.7412270552944795,-0.004896243210730399,-0.6612423632415498,-0.009571332403256265,0.7500952962478686,-0.04604800002542457,0.6639984183466003,-0.8643301562373942,0.0500375745012967,0.6595408011282969,-0.8887727494402341,0.16167242550807173,0.6538951905172028,1.0292631828476124,-0.17994783873719145,0.6769636998360726,0.9792948888568849,0.0,0.0,0.0,0.0
0.003441350094925695,0.021371337672921015,0.7412150389828734,-0.0046068849913064374,-0.6604436706663752,-0.009665852108023346,0.7507992446655944,-0.04969836710044722,0.6715410678768337,-0.8799853907311184,0.046607368005098467,0.6616995730609391,-0.8962117065636093,0.1480857573301241,0.6544021245592991,1.0345369406114897,-0.19097529472778133,0.6740926909234228,0.9726937403715991,0.0,0.0,0.0,0.0
0.004986563934994708,0.022895433643474888,0.741217926133007,-0.004933736138568148,-0.6606122873495659,-0.009463700236002395,0.7506513854169143,-0.05377052175783588,0.6838217579967588,-0.8995038216696393,0.04285141697566327,0.6675826797462543,-0.9040029195532944,0.14239749243478506,0.65667676595606,1.0424737658475733,-0.20009491596597945,0.6766170060958115,0.9692523737123429,0.0,0.0,0.0,0.0
0.007629159495743188,0.024607416733395785,0.7416358350426693,-0.006281248429077475,-0.6622888519767984,-0.008779891610508506,0.7491708322997728,-0.05846482370245336,0.7015307824456165,-0.9203583716861339,0.03853062970216643,0.6773373501824819,-0.9075708515749932,0.14916925479685214,0.6633890577865832,1.0506089210991332,-0.20617470976389288,0.6892585942844015,0.9666581264287809,0.0,0.0,0.0,0.0
0.011367047354896843,0.027115758012709917,0.7437273460152414,-0.009129409315945204,-0.6659263386590563,-0.007302912842143458,0.7459258896363002,-0.06540240868270573,0.7259736580251867,-0.9381741330182146,0.03196925726465915,0.6895926300856309,-0.8965673001316791,0.17187252532917593,0.6807952091371368,1.050008538680061,-0.20961330012991317,0.7219426524629582,0.9517551557592525,0.0,0.0,0.0,0.0
0.012252634127276882,0.029976718505380043,0.7455180290068513,-0.006357366002533143,-0.6606208465672782,-0.008045136775641885,0.7506496897704706,-0.06229435670146924,0.6771400549268075,-0.888489948866668,0.02401076599716391,0.6984954246657334,-0.9312411893122879,0.11143884787118793,0.6902138549324465,1.0399952616747028,-0.15028110570350783,0.6866523185587036,0.9926185712202669,0.0,0.0,0.0,0.0
0.014850741452575204,0.032515221331540285,0.7471709145941545,-0.006035226479281937,-0.6595598353814572,-0.008090770455301887,0.7515842860427355,-0.05811347499356857,0.6504943340766167,-0.8636732452785666,0.017547024794222005,0.7103909034302808,-0.9480218266282014,0.09026459495531411,0.7027682124543341,1.0356264939420845,-0.11382500472045019,0.6771081521974076,1.0250815322553788,0.0,0.0,0.0,0.0
0.01849095450103875,0.03440483706425448,0.749066245407541,-0.007205914925330354,-0.6607813271447446,-0.0074868446116233495,0.7505065353777275,-0.05263106277285917,0.6390121773390471,-0.8547749230088689,0.012625430578808404,0.7262291898740177,-0.9571224195171798,0.09287499563220405,0.7192592872701103,1.0307401603156503,-0.09447681850835012,0.6816307171521293,1.0532342634390575,0.0,0.0,0.0,0.0
0.022119225313009406,0.03604195323246505,0.7509054219439123,-0.00827474105336716,-0.6619428733819073,-0.006909503003880768,0.7494767640211691,-0.04724714903315,0.6322194959912036,-0.8537591827046169,0.008267665385669976,0.7424714086051707,-0.9673985077722231,0.09647567610472602,0.735740373590388,1.0248586280278495,-0.08385171011869152,0.6865358557110569,1.0766562319190103,0.0,0.0,0.0,0.0
0.025225886422865017,0.03768659299556777,0.7525647717038738,-0.008879305614447696,-0.6624284334465153,-0.006509388242785289,0.7490442953244525,-0.042987083419546025,0.6258916074491014,-0.8567355628958695,0.0037939445923514037,0.7564458622163764,-0.9785117074390707,0.09325620180042557,0.7505891512663913,1.0188426662418602,-0.07633691723408309,0.6875177088085223,1.0957976509650786,0.0,0.0,0.0,0.0
0.027661853905945118,0.0393829909494808,0.7540315436705217,-0.009047465298500978,-0.6621920094730073,-0.0062539019608616265,0.749253478251544,-0.03980036563723047,0.6185976304049551,-0.8618264833177967,-0.0009581204703980007,0.7672816454057738,-0.9893254957019665,0.08207819337602641,0.7633552990780821,1.013100381363063,-0.06959434783630063,0.6839435577940155,1.1119702131212366,0.0,0.0,0.0,0.0
0.029693554888063283,0.040974895348850036,0.755423968571006,-0.009357798843303677,-0.6622046730216296,-0.0059584902913570655,0.7492408818414629,-0.03705889800956299,0.6128773051936101,-0.8683814359021726,-0.005406211973619446,0.7755627109287972,-0.9951509006553941,0.07283782588160777,0.775385173821969,1.0074332156919257,-0.06537800602526649,0.6810745387749358,1.1271987713755034,0.0,0.0,0.0,0.0
0.03146917237171911,0.042411877433491146,0.7568038682339466,-0.010145964610565368,-0.6630347857518455,-0.005527298383170854,0.7484994196776033,-0.03460606572326556,0.609986825931625,-0.8757512255477834,-0.009254568399204148,0.7815401934337215,-0.9931950221224001,0.07154956701960584,0.7874489967922433,1.0017702315296702,-0.06448585261929332,0.6821675409112292,1.1420161543798548,0.0,0.0,0.0,0.0
0.032413771128352954,0.04399938051807148,0.7579755127020343,-0.010089793845736916,-0.6624629830792624,-0.0053874714537518265,0.7490073212333844,-0.03262905224128026,0.6023289936791785,-0.8829241296600772,-0.013695433037368438,0.7843239397670688,-0.9946967503467842,0.05495571146998936,0.7966741236372404,0.9963989628805684,-0.06041517079380297,0.6747445906322641,1.1550510650861008,0.0,0.0,0.0,0.0
0.032973893364068065,0.045553471781820336,0.7590491045390163,-0.01002757105026435,-0.6618734385355303,-0.005266526814682617,0.7495300280010774,-0.030973101532078162,0.5941153456344865,-0.8899840414495174,-0.018000334489877784,0.7849779630914563,-0.9934674512456823,0.03787242598162978,0.8047144171091283,0.991431187486619,-0.05651457267960762,0.666640893998484,1.1672497479234876,0.0,0.0,0.0,0.0
0.03335379964904551,0.04696994718798745,0.7600492313691453,-0.010012659045269118,-0.6614255099015427,-0.005146913958577913,0.7499263635764717,-0.029131431438749394,0.585916233220484,-0.897078379038371,-0.021886505221774634,0.7846968870534784,-0.9904757614073751,0.022660787346283823,0.8120696687128071,0.9866166271639946,-0.053059472270705316,0.6589718186703682,1.1795342625223515,0.0,0.0,0.0,0.0
0.03364223377133005,0.04820180870208555,0.7609599930647418,-0.009895160274605528,-0.6609195887006513,-0.0050685727239510705,0.7503743683291986,-0.02671338570033598,0.5771350978430951,-0.9042851910687291,-0.025315023817118823,0.7843859209574162,-0.9882722263125283,0.007788322106528842,0.8186822908933804,0.9818621916769404,-0.04939539717350826,0.6508364006333925,1.1924577144513488,0.0,0.0,0.0,0.0
0.03435581428141765,0.04901841731946086,0.7618765286431111,-0.01036964589611993,-0.6614692814354508,-0.004796236560183155,0.749885228735782,-0.023207101427061557,0.5713406298230111,-0.9114305723109211,-0.027486494759551186,0.7859255790621171,-0.9833997249218183,0.006377750594870729,0.8262496966035209,0.9769772261606651,-0.04761483549068472,0.6493633247893124,1.2068684221280255,0.0,0.0,0.0,0.0
0.03511404599634368,0.049641209628713115,0.7627067649130711,-0.010887233976395275,-0.6621657128041403,-0.004518677384489526,0.7492647185592173,-0.019248573942097738,0.5658448804717953,-0.9182780012751134,-0.02912578982540626,0.7879070658554571,-0.9789003148561966,0.007813275038263753,0.8333906524750108,0.9723892076575089,-0.04592615950052905,0.6491161705947227,1.2214622265082842,0.0,0.0,0.0,0.0
0.03559137148808786,0.05028195116120847,0.7633859529132624,-0.01105765484371511,-0.662328052941124,-0.00438055460544832,0.7491195427286126,-0.01550014013014547,0.5588928369914601,-0.9242759816481724,-0.030875188038825965,0.7889767256753256,-0.9765423156647939,0.003583452402185357,0.839051695791423,0.9685322442815718,-0.042600620181913136,0.6460615546183712,1.2344693098412445,0.0,0.0,0.0,0.0
0.035786812180726386,0.05095825699930309,0.7638856986466839,-0.010968893643502798,-0.6620501444590529,-0.004346663579985777,0.7493666633295792,-0.012093573024550533,0.5516612761100699,-0.928766451855652,-0.03276534712859205,0.7889532919350469,-0.9755952417651854,-0.0054171888153802285,0.8430606270890144,0.965870344036588,-0.03779723784004402,0.6412049793005725,1.244809152904838,0.0,0.0,0.0,0.0
0.0358227641416753,0.051604206988800784,0.7641651635108504,-0.010778821452344118,-0.661617508332741,-0.004359998829960045,0.7497513455045455,-0.008758849101419029,0.5463566664502016,-0.9310867948557978,-0.0345853015789255,0.7882603127765726,-0.9753782336459637,-0.015800044436404023,0.8454616973450519,0.9649316888468962,-0.03228325649024969,0.6370342686091425,1.2515152768802138,0.0,0.0,0.0,0.0
0.03600721629596759,0.052054495312788815,0.7642077703101392,-0.010835502827866975,-0.6616160565245225,-0.004301416107550188,0.7497521480108454,-0.004953508360696541,0.5459233477157199,-0.9301454900570557,-0.03580767829070085,0.788150831432853,-0.9747820346092871,-0.02016965089742882,0.8468042722880292,0.96609633750723,-0.027062615760737777,0.6389570762457246,1.2526609909127315,0.0,0.0,0.0,0.0
0.03622549991335496,0.052358128886703735,0.7639962139946849,-0.010985736155614965,-0.6618068791965359,-0.00421710237514324,0.7495820063854378,-0.000792139882785938,0.5495651250865213,-0.9260003873283502,-0.03661839138410332,0.7882195932808153,-0.9745321436860696,-0.021482091805712658,0.8467814257849143,0.9694045036409296,-0.021550441527361366,0.6453413434214448,1.2481003918764484,0.0,0.0,0.0,0.0
0.036301640769428996,0.05259891622000982,0.7635569215201173,-0.011024869204654508,-0.6618616120634628,-0.004188705999600984,0.7495332637567351,0.003454157379376056,0.5551074425740307,-0.9195950327943039,-0.037269641702438384,0.7877798816206371,-0.9752402868706026,-0.02392122828013747,0.8452101174298489,0.9744371937530992,-0.01527717304525619,0.6525607609262719,1.239971884689061,0.0,0.0,0.0,0.0
0.03621176918118176,0.05278409322321473,0.7629480108964063,-0.011006159857663416,-0.6618571415859573,-0.004199378594342939,0.749537426548051,0.007666992515211878,0.5615335405055442,-0.911760393987096,-0.0377484918076186,0.7865773122711524,-0.9758671704534405,-0.02674375831560426,0.8424008242695641,0.9806967036353599,-0.008622979465640584,0.6601448381078088,1.2298331468737593,0.0,0.0,0.0,0.0
0.035937516297749036,0.05291498125058765,0.7622145194901381,-0.01098202047172552,-0.6618790306808953,-0.004228998265295458,0.7495182849970701,0.011822063956108231,0.5682039467402563,-0.9031065950350271,-0.03803426256459126,0.7843894880958725,-0.9754334241657425,-0.029089935568961514,0.8386043715685989,0.9878015359734901,-0.001962156528011112,0.6680428255633026,1.2186941755199332,0.0,0.0,0.0,0.0
0.03542812211349795,0.053008696147030125,0.761384183226373,-0.010949922452523367,-0.66192489712674,-0.0042782048898972165,0.7494779694727246,0.015923680965044873,0.5745967777709392,-0.8939639640035828,-0.03816253081284745,0.7809015455866523,-0.9733556924113428,-0.03116136859086149,0.8339036933167961,0.995488230065698,0.004599127169989819,0.6759260380816436,1.2070625657307372,0.0,0.0,0.0,0.0
0.03463066145773993,0.053088455309086124,0.7604741865074698,-0.010948141324147525,-0.6620509015387721,-0.004328964780568522,0.7493664003924743,0.019942090588685183,0.5806644679809784,-0.8845302115487184,-0.03817683106158253,0.7756712614552227,-0.9685624608353394,-0.03255766431766632,0.8283333105539129,1.0036549937208292,0.010806790176376846,0.6839150066514458,1.1952262516661638,0.0,0.0,0.0,0.0
0.033447533345712925,0.05320802584256625,0.7594964849716537,-0.010964971023864139,-0.6622240806646791,-0.004383476678671686,0.7492128012323827,0.023781771521418804,0.5862723681448715,-0.8749017518985863,-0.0382076224540155,0.7680458072918249,-0.9601352954267024,-0.03404399015690601,0.8218137796654388,1.0122289709977332,0.016626826747823606,0.6916476383600298,1.1831897731965695,0.0,0.0,0.0,0.0
0.03174026445479794,0.053452186943936664,0.7584660038366019,-0.010927016333685011,-0.6623088976437976,-0.004471100800466853,0.7491378602590666,0.027267011588520042,0.5910794971968767,-0.8651147644322272,-0.0384700461115832,0.7571940525616327,-0.9474008457464629,-0.037709148134272674,0.8142084525716131,1.0210747687536386,0.022346015974999606,0.6981894965008678,1.1706786606522683,0.0,0.0,0.0,0.0
0.029376585075143877,0.0539105361188501,0.7574033971877638,-0.010727595768247262,-0.6621297945534409,-0.004638708442663826,0.7492980289828841,0.030220775555708904,0.5947043228853448,-0.8552095444634832,-0.03918770094887324,0.742338403330642,-0.929955689812158,-0.04607350309909547,0.8054206177463589,1.0299552605395093,0.028453071077506834,0.7024306820984871,1.1573235950168594,0.0,0.0,0.0,0.0
0.026300854577419177,0.05463743796269855,0.7563276248689,-0.010269492840856436,-0.6615630818617426,-0.004936681533497778,0.7498029443859378,0.03259704789038349,0.5970093238198388,-0.8452781308033965,-0.04047886592163565,0.7231131220573334,-0.9077839796520085,-0.06072602648471101,0.7954545538424413,1.0385728189929935,0.03539437005498333,0.7036961058766558,1.1429491507418685,0.0,0.0,0.0,0.0
0.022609346100745227,0.055609032009409545,0.7552398349300202,-0.00953392404735941,-0.6606551130588648,-0.005392030930192056,0.7506096534710205,0.03457838314130759,0.5984736203144259,-0.8354715657013794,-0.04223945384035596,0.6999206119385779,-0.8812545881802393,-0.08076992614492638,0.7844708138611489,1.0467418988435058,0.04328560248935456,0.7025624987030938,1.1279151110123722,0.0,0.0,0.0,0.0
0.018581758548103972,0.05669799785866358,0.7541074845790766,-0.008621057659223458,-0.6596413329171968,-0.005982737063835605,0.7515072828185267,0.03654934411095163,0.6002167208046086,-0.8258198407173236,-0.04410668922741937,0.6741596222634486,-0.8514025478896704,-0.10264945793167839,0.7728011565874358,1.0546192046513256,0.05219854844829455,0.7012994128067068,1.1132782708301139,0.0,0.0,0.0,0.0
0.014774707273586991,0.05761093788319133,0.7529090052642029,-0.0077129926817503455,-0.6587751954710208,-0.006651903924246682,0.7522708978487684,0.03940804019456591,0.6031637136192787,-0.8152226354854583,-0.04536103968767784,0.6493538334839474,-0.8224280813910058,-0.12125441306548983,0.7611548314541032,1.0622916569222287,0.0640468859855604,0.7042386521148098,1.0999878203628215,0.0,0.0,0.0,0.0
0.011390939958933017,0.05829018527651618,0.7517832000322942,-0.0069240346874517005,-0.6581482152476295,-0.007301939942300099,0.752821138241406,0.04312244973184147,0.6072628971078308,-0.8040994813122878,-0.045988466573632626,0.626846121711183,-0.7953102541652725,-0.13530352910897234,0.750582419507247,1.0689171823458494,0.08161307892022876,0.7118978338639287,1.0893093428956881,0.0,0.0,0.0,0.0
0.008675445930076506,0.0586780218644849,0.7509205030064094,-0.006369642163595922,-0.6577539800265911,-0.007843361250754915,0.753165062321784,0.047227512291642404,0.6111215767837387,-0.7922876299414527,-0.04597495122500251,0.6085084309821158,-0.772167203277709,-0.14358265497899125,0.7421236311531306,1.073207608100363,0.1094518562586563,0.7247568039674425,1.0817330203908924,0.0,0.0,0.0,0.0
0.006935712436674627,0.058733414490718124,0.7504913741727728,-0.006263353104505939,-0.6574497609976254,-0.008090634359495858,0.7534289109184186,0.05040192747516316,0.6112259143375186,-0.7796112036489861,-0.045458705749662695,0.5968996992460959,-0.7567359624861779,-0.1428246359581109,0.7356473590301552,1.0738807177204819,0.14929241345663072,0.7406423248224896,1.076948424387368,0.0,0.0,0.0,0.0
0.006915801468969006,0.05866814546240689,0.7504482236854174,-0.006164920631718702,-0.6574444261284507,-0.008109750969857261,0.7534341724699269,0.0504420268592835,0.6112518578607221,-0.7796223962401919,-0.0453517577354644,0.5967337946298209,-0.7566809329674247,-0.14284769359004998,0.7355246844446088,1.0738077299660604,0.14929095369942622,0.7406870619886202,1.0769656393508142,0.0,0.0,0.0,0.0
0.006915801468969006,0.05866814546240689,0.7504482236854174,-0.006164920631718702,-0.6574444261284507,-0.008109750969857261,0.7534341724699269,0.0504420268592835,0.6112518578607221,-0.7796223962401919,-0.0453517577354644,0.5967337946298209,-0.7566809329674247,-0.14284769359004998,0.7355246844446088,1.0738077299660604,0.14929095369942622,0.7406870619886202,1.0769656393508142,0.0,0.0,0.0,0.0
0.006915801468969006,0.05866814546240689,0.7504482236854174,-0.006164920631718702,-0.6574444261284507,-0.008109750969857261,0.7534341724699269,0.0504420268592835,0.6112518578607221,-0.7796223962401919,-0.0453517577354644,0.5967337946298209,-0.7566809329674247,-0.14284769359004998,0.7355246844446088,1.0738077299660604,0.14929095369942622,0.7406870619886202,1.0769656393508142,0.0,0.0,0.0,0.0
0.007643228878801334,0.05864697817161989,0.7506640784639426,-0.0060800812286681645,-0.6577339266281911,-0.008097812693209232,0.753182275285405,0.050420491707548386,0.6155125527171925,-0.7842223073724923,-0.04549654978466317,0.6011107688040253,-0.7616226748876307,-0.14522397385587277,0.7396846129274086,1.0733914118682106,0.15041360068213702,0.7445188077652747,1.0766047400817391,0.0,0.0,0.0,0.0
0.009046402983975525,0.05873298139874536,0.7509037924622326,-0.006094779450991632,-0.6579482295313621,-0.008053645517527347,0.7529954314030516,0.05022660848637133,0.6247538287671991,-0.7972880371945281,-0.04597477506311636,0.6098313598379961,-0.7736809428108226,-0.14850677348416935,0.7450644182356205,1.073886927948122,0.15252189178666567,0.7499182271911283,1.0764699414038648,0.0,0.0,0.0,0.0
0.0111094264312342,0.058928682048141376,0.7511537320640852,-0.006196132169836157,-0.6581261839456042,-0.007972911351492492,0.7528399342728254,0.04982824043223403,0.6385958549773737,-0.8179976601957155,-0.04681277843499032,0.6225085364915214,-0.7920351385074381,-0.15300455412560765,0.7518463459313025,1.0753750915653921,0.1556837430174967,0.7570009008199169,1.0766506706505536,0.0,0.0,0.0,0.0
0.013805629904871908,0.05918248943920333,0.7515107956803749,-0.0063641896590998295,-0.6583421599871383,-0.007865734281891966,0.7526508006357656,0.049337278107653565,0.6563325088991471,-0.8443288227638255,-0.047885627554832846,0.6387630894118236,-0.8153004875686294,-0.15883592472326002,0.7609215833526648,1.076866803671752,0.16048074264363008,0.7666512270717323,1.0764525697669256,0.0,0.0,0.0,0.0
0.017125256525585594,0.05936980005792,0.7525204352833234,-0.00656209644423773,-0.6589766683697437,-0.007704268408959012,0.7520952956127648,0.048933385359838086,0.6769079600554632,-0.8705419321341098,-0.04896000068684756,0.6582024480607757,-0.8388859179682955,-0.16618187766708636,0.776671744534856,1.0737976460046919,0.1696203234093405,0.7837757108733164,1.0720514243993156,0.0,0.0,0.0,0.0
0.020314326843594053,0.06012216670251149,0.7532289833640373,-0.005210786880236155,-0.6593668788177813,-0.009000065838160976,0.7517494034803718,0.048525594489736826,0.6970011402465909,-0.8943096974391931,-0.046190688080843645,0.6443563809784179,-0.8267165752784226,-0.11829469762395893,0.7566039503242147,1.0840123744414305,0.137090578331516,0.785658749464017,1.066052921867905,0.0,0.0,0.0,0.0
0.02370411287018733,0.06093938096738511,0.7541346319655672,-0.004344621834386674,-0.6596899431241228,-0.009777576087148814,0.751461710407036,0.04737992860506877,0.7185803145174529,-0.9209840659430053,-0.04156911178222262,0.6324702045468229,-0.8241946621727888,-0.08190354470209746,0.7405370674593014,1.093973085002657,0.1128704127343324,0.7914328716744073,1.0583078542948012,0.0,0.0,0.0,0.0
0.02681205618757499,0.06160683983966072,0.755121590688119,-0.0038406379569930244,-0.6600324510207437,-0.010186406881840764,0.7511582058491211,0.0461723527741617,0.737935414607164,-0.9443939659276072,-0.0367859771814542,0.6231154676617251,-0.8276601801867264,-0.05779983326717369,0.7288377907110656,1.1050933013704944,0.09689908507199427,0.7997160118033634,1.0500658185641671,0.0,0.0,0.0,0.0
0.029490620953524865,0.062107101340133974,0.7561260679232525,-0.0035273003222281987,-0.6603554392378298,-0.01041611149509658,0.7508726634009066,0.04516532298411683,0.754286535126121,-0.9634071324767253,-0.03257245694830216,0.615729354371849,-0.8342097332368816,-0.04146599355171208,0.7200002672686439,1.1170364158910844,0.0859416955350264,0.8086741194847699,1.0416984536944933,0.0,0.0,0.0,0.0
0.03168110244729292,0.06245423226542163,0.7571236061910935,-0.0033014610652211886,-0.6606471671401419,-0.010569873137120819,0.7506148804056614,0.04443932996290692,0.7674432412377598,-0.9777339518885667,-0.028865940364705644,0.6096957507488705,-0.8422344149663202,-0.029531308221724388,0.7126820297322258,1.1293682320046776,0.07799640251769334,0.8173407140952167,1.0333318850761906,0.0,0.0,0.0,0.0
0.03338809506915973,0.06268004986884805,0.758105463390257,-0.0031129431056106686,-0.6609045922674287,-0.010694365992952504,0.750387273373592,0.04396768339465864,0.7775882285530761,-0.9876749477205395,-0.025385950858573286,0.6044297104954005,-0.8508815116451666,-0.02001282583875763,0.7059670971372902,1.1417794519781264,0.07186180107075665,0.8252746221200735,1.0249934612506817,0.0,0.0,0.0,0.0
0.03465653015903479,0.06282348912007021,0.7590670924158772,-0.002941483744850601,-0.6611286094011696,-0.01080698929482113,0.7501889885135852,0.043673857224446846,0.7851080125989649,-0.9938515553009469,-0.021891597408639697,0.5994540865275565,-0.8597135493346493,-0.011807839182158483,0.6992989930809305,1.1541018601148545,0.06678323950695397,0.8323250635748957,1.0166830660370323,0.0,0.0,0.0,0.0
0.035551900492984255,0.06292264044294256,0.7600041374977031,-0.00278172388003592,-0.6613220595210874,-0.010911611303050177,0.7500175546890977,0.043468930132581726,0.7904707703131871,-0.9970078174362648,-0.018252141326054058,0.5944276705060684,-0.8685148737021012,-0.004313648757590444,0.6923731539254373,1.1662694990927307,0.06227167421833138,0.8384941605091677,1.0084022422395449,0.0,0.0,0.0,0.0
0.036145243808338036,0.0630098921867406,0.7609117264897042,-0.002634630849830533,-0.6614887909992602,-0.011006765482302013,0.7498696481497565,0.04327284887269805,0.7941441824238298,-0.9978790704868907,-0.014432730011671255,0.5891303357418766,-0.8771874830280246,0.002797447559946053,0.6850469003270176,1.1782749124748477,0.05801249498925751,0.8438574591698694,1.0001641387589515,0.0,0.0,0.0,0.0
0.03650326297772577,0.06311005165257626,0.7617846352597043,-0.002503004928274835,-0.6616330914060512,-0.011089597177977256,0.7497415609109788,0.04302333560119666,0.7965466725847626,-0.9971171349009538,-0.010456185470840401,0.5834286431827563,-0.8856964656525612,0.00970396336101415,0.6772775902555009,1.190133621262144,0.05381050317562793,0.8485159731056755,0.9919957398390279,0.0,0.0,0.0,0.0
0.03668294083976851,0.0632407237845818,0.7626170731187678,-0.002389531889576205,-0.6617592200327699,-0.0111573963511442,0.7496296000996973,0.04267632399295694,0.7980245734440479,-0.9952602249332274,-0.00636926461894493,0.5772454871032343,-0.894038335867081,0.01650443250557057,0.6690877749159702,1.2018565849150322,0.04955129417767029,0.8525657033644004,0.9839401397745521,0.0,0.0,0.0,0.0
0.03672954792317189,0.06341408852513343,0.7634014279406899,-0.0022962515282129894,-0.6618708436951088,-0.011207948893014548,0.7495305833499095,0.042201668147338056,0.798847794148688,-0.9927365384885922,-0.0022219915708408177,0.5705526128830409,-0.9022132821628583,0.023254718051290035,0.6605525695829483,1.2134244150670763,0.04516955251262597,0.8560741416918013,0.9760648953626252,0.0,0.0,0.0,0.0
0.03667685736796877,0.0636392400518177,0.7641256812257485,-0.002224761094460615,-0.6619703677255396,-0.011239340275837355,0.7494424326934993,0.041577066554389044,0.7992168402491087,-0.9898907361094498,0.0019406684499055742,0.5634020172571725,-0.9101863417078404,0.02998622037527185,0.6518047361448099,1.224752440842307,0.04062426292074981,0.8590580434861707,0.968481249877484,0.0,0.0,0.0,0.0
0.03654842606973527,0.06392435761459872,0.7647694891882005,-0.002176733846222182,-0.6620582666666642,-0.011249563825808145,0.7493647714443372,0.040782440532364565,0.7992742543786626,-0.9870220010593954,0.006078715041449081,0.5560067256252668,-0.9178260240320207,0.03670951261703974,0.6430550043386102,1.2356295822513899,0.035883426861310415,0.8614594986791123,0.9613768925988697,0.0,0.0,0.0,0.0
0.03635886016960081,0.0642780055985322,0.7652995396131885,-0.002154580345186882,-0.6621327296554151,-0.011236030064434395,0.7492992444484353,0.03979652487180869,0.7991133388831062,-0.9844191356015609,0.010152841941480516,0.548864295493726,-0.9248177518168839,0.04340136109003002,0.6346315292536044,1.2456053820045536,0.03092472096684156,0.8631230139184187,0.9550593129521309,0.0,0.0,0.0,0.0
0.03611417954988899,0.06470881617659485,0.765666488182331,-0.002162501028956093,-0.6621903832325039,-0.01119454288221783,0.7492488919934067,0.03859678753363848,0.7987775143266719,-0.9823711406632724,0.014119553125218127,0.5428723032397199,-0.9305700392762352,0.04996921127721455,0.6270584934159121,1.2537896842921994,0.025769094496071076,0.8637917861379637,0.9499909733235803,0.0,0.0,0.0,0.0
0.03581113303426572,0.06522337622835168,0.7658098017254018,-0.002208173737864949,-0.6622290097430329,-0.011117388129278927,0.7492157675227399,0.03716235536048478,0.7982496829361616,-0.98112384818491,0.017928307706983,0.5392916758447249,-0.934165923255672,0.0561910039486588,0.6212198248687425,1.258529914597068,0.02055208603739622,0.8631635339554632,0.946755247026442,0.0,0.0,0.0,0.0
0.035437177140499834,0.06582512438572158,0.7656835946784156,-0.0023031909104549095,-0.6622534683081664,-0.010993256292848474,0.7491956936218426,0.035475628404246826,0.7974495369081401,-0.980746863473529,0.02152235333600559,0.5392754591904251,-0.9344863361915634,0.06167477799363889,0.6185977987513802,1.257113896081047,0.015532493244350527,0.8610586657273698,0.9458121664467939,0.0,0.0,0.0,0.0
0.03496999472726099,0.0665297890191695,0.7652815100919164,-0.002451109258673507,-0.6622658898309385,-0.010819807407187316,0.7491867691020102,0.03349451973936957,0.7962778454048585,-0.9811158403280612,0.024872313621300744,0.5427907084909377,-0.9314907760696188,0.06635400193971358,0.6192044953395738,1.2495778494922125,0.010580832096407849,0.8573790342977947,0.9471617010953306,0.0,0.0,0.0,0.0
0.034379343204031756,0.06736634593202177,0.764637076511934,-0.0026464494985530608,-0.662264068973303,-0.010604608352285654,0.7491907911431308,0.031151510426354966,0.7946293437677896,-0.9819351156133541,0.027982143542209337,0.5486300434435382,-0.9262478965947967,0.07051064890473055,0.6215662793535309,1.2386768382960751,0.005183931624348401,0.8521158266437969,0.9503267548383388,0.0,0.0,0.0,0.0
0.033628393988010694,0.06836216825525722,0.7637993079656327,-0.002885691612490719,-0.6622503435156117,-0.010353910089892367,0.7492055471252347,0.028382627868258944,0.792353756331483,-0.982761611049584,0.030852245045214107,0.5554821836419924,-0.9196394903928728,0.07428318433303915,0.6247843730559579,1.2260780460043685,-0.0010614428019377342,0.8453898679839063,0.9546754152329175,0.0,0.0,0.0,0.0
0.03267416617156542,0.06954299724334345,0.7628067465694115,-0.0031668279915271695,-0.6622268586092579,-0.010072814491387541,0.7492290019381312,0.02512960995621982,0.7892559116014393,-0.9831274011780914,0.033470718104427886,0.5624020484865022,-0.9122290956009617,0.07769626544717033,0.6283092795701901,1.212667187744984,-0.008447911964461938,0.8372869259402458,0.9596756415065214,0.0,0.0,0.0,0.0
0.031469883093001916,0.07093296579314921,0.7616825158611308,-0.003487491420618877,-0.6621942405881104,-0.009767077400386914,0.7492604549384558,0.02134260970201249,0.7851070724820433,-0.9825764128867264,0.03581476055007749,0.5688551612663437,-0.9043230977757633,0.08072108166754727,0.6317884255449263,1.1988754983684635,-0.017190409760209552,0.8278190372113413,0.9649404290793545,0.0,0.0,0.0,0.0
0.029967536574962456,0.07255244717441313,0.76043782547441,-0.003843532443153408,-0.6621519242535846,-0.009444058654613422,0.7493002510487781,0.016986888968724773,0.7796519999802466,-0.9806546257454902,0.037858419779420865,0.5746103040857341,-0.8960791620571872,0.08332431734555065,0.6349930885827062,1.1848804158806623,-0.02741719328743679,0.8169530634008125,0.9701963028568283,0.0,0.0,0.0,0.0
0.028120789907599936,0.07441419997209159,0.7590779794858568,-0.00422807225408401,-0.6620992508037127,-0.009112977244666597,0.7493488234033032,0.012052861668289318,0.7726141950515731,-0.9768849141588118,0.039583713368525876,0.5796239300204612,-0.8876058914530114,0.0855063768990272,0.6377792374356618,1.1707154562913176,-0.03913697464684379,0.8046626150496043,0.9752354875170992,0.0,0.0,0.0,0.0
0.025889305396090266,0.07651884316416606,0.7576090510474436,-0.004630722302713903,-0.6620365736839969,-0.00878496896521779,0.7494057351234971,0.006567358109918492,0.763709003653131,-0.9707511731368591,0.040996099667697274,0.5839692691855318,-0.8790363691420888,0.08733925749084276,0.6400622516875876,1.1563254494993775,-0.05221481257595951,0.7909816078316478,0.9798686606875174,0.0,0.0,0.0,0.0
0.023246016620672074,0.0788508113201715,0.7560450474865157,-0.005036704019873114,-0.6619660225751837,-0.008473263430219372,0.7494690256277772,0.0006030330700920071,0.7526767940898568,-0.9617126899374626,0.042147269166260014,0.587821344499174,-0.870577112280033,0.08901997127876536,0.6418009658585733,1.1415945021007665,-0.06638176911568683,0.7760523841267011,0.9838790479935331,0.0,0.0,0.0,0.0
0.020189292777157187,0.0813760613211024,0.7544153411611094,-0.005425508518804496,-0.66189191240567,-0.008193832304948698,0.7495348699436442,-0.0057177927557062426,0.7393510782575543,-0.9492736803713334,0.04316637596543583,0.5914961185729307,-0.8625417406242465,0.09096459222439424,0.6429933400398431,1.126367123820413,-0.08129447686845982,0.7601657666632315,0.9869796649308583,0.0,0.0,0.0,0.0
0.016762678918136712,0.08404264424372086,0.7527700590852261,-0.005768543354477948,-0.6618211214790104,-0.007967069473367715,0.7495972604511298,-0.012228148568578864,0.7237807307158444,-0.933148107324308,0.044292833061025126,0.5955396770377882,-0.855386196017682,0.09399027483690792,0.6436878196860915,1.1104786892751681,-0.09665065589637338,0.743783555774097,0.9887966542286039,0.0,0.0,0.0,0.0
0.013086295426072717,0.08678395661913298,0.7511745933960642,-0.006024464950016143,-0.6617663948982161,-0.007822527936856423,0.749645084331353,-0.01872820871584641,0.7064291141711525,-0.9135802134236667,0.0458893422674181,0.600851943322398,-0.8497698624168055,0.0996937266430627,0.6440073687189022,1.0938252126856474,-0.11237043151676131,0.7275037050209616,0.9889695592169252,0.0,0.0,0.0,0.0
0.009549264542815092,0.08960218748905178,0.7496761356747652,-0.006130221834410477,-0.6616598620562337,-0.007809320666797598,0.7497383955985647,-0.02520942860957449,0.6896474966755961,-0.8942121721711731,0.04797053992733928,0.6083965984128521,-0.8461023718603888,0.1109945908901753,0.644574560698352,1.076005339632503,-0.12949453739944503,0.7117200787960336,0.9872557889243712,0.0,0.0,0.0,0.0
0.006479931556399999,0.09233038192646789,0.7484020210218535,-0.006001680755420706,-0.6615528657996235,-0.008001861196548289,0.7498318183418242,-0.031236458031213735,0.6751427976237451,-0.8768557641027206,0.050653932849913125,0.6193742123020796,-0.8465760543707606,0.13217616743627833,0.6444978346986782,1.0567061454146047,-0.1480978947434807,0.6975091757298348,0.9835374747025898,0.0,0.0,0.0,0.0
0.004225155415905949,0.09464973558460155,0.7473532265773148,-0.0055617564248115585,-0.6615332456967892,-0.008472614776814956,0.7498473487998648,-0.0360303133192211,0.664477177670124,-0.8634774898819756,0.05392808225107161,0.634633827251929,-0.8553364684003617,0.16774055948698624,0.6425311847188566,1.0352519582756667,-0.16742956106486914,0.6853166757284563,0.9796824591736887,0.0,0.0,0.0,0.0
0.0032005142274457365,0.09598657536035018,0.7462043447931783,-0.004888616707183075,-0.661785262001164,-0.009189961583023055,0.7496211796840077,-0.038286065129407194,0.6590451427041133,-0.8568759962484989,0.05775635414092971,0.6540969904410607,-0.8785500089303977,0.21190926474904465,0.6408464512627112,1.011711700302695,-0.18405197156872108,0.6745717323210709,0.9821493540010241,0.0,0.0,0.0,0.0
0.0031280239557386967,0.09624362499335218,0.7460774878794176,-0.005059458415658041,-0.6618513222074424,-0.009242188532145265,0.7495610789815175,-0.03859818304001413,0.6588521203864244,-0.8568651696589135,0.057754228734855015,0.6541258378059709,-0.8785627722333522,0.211939447346551,0.6408730967099551,1.0117187648967494,-0.18403052597316324,0.6743859769345477,0.9820357976519826,0.0,0.0,0.0,0.0
0.0031280239557386967,0.09624362499335218,0.7460774878794176,-0.005059458415658041,-0.6618513222074424,-0.009242188532145265,0.7495610789815175,-0.03859818304001413,0.6588521203864244,-0.8568651696589135,0.057754228734855015,0.6541258378059709,-0.8785627722333522,0.211939447346551,0.6408730967099551,1.0117187648967494,-0.18403052597316324,0.6743859769345477,0.9820357976519826,0.0,0.0,0.0,0.0
0.003235095208716883,0.09727011026978381,0.7460333698468284,-0.004858898540853314,-0.6611829591010179,-0.009383812352810304,0.7501502714557388,-0.041016387493511046,0.6623236870577338,-0.8654976952582226,0.055412414303336543,0.6537664630503217,-0.8815182202252637,0.20159275097702467,0.6404996326628396,1.0155205227190531,-0.1915762739153592,0.6714033117384797,0.9767516987275408,0.0,0.0,0.0,0.0
0.003942890471072884,0.09870241198966666,0.7459989761543665,-0.004875572565231452,-0.6608086421437038,-0.009380997473513833,0.7504799558594203,-0.04460214222040499,0.6700176427290615,-0.8799200549799401,0.052016411323428643,0.655763846157805,-0.8863868847873645,0.19219436568857326,0.6409070723394132,1.0219557684633602,-0.20096129946909025,0.6704342531674669,0.9714338028832812,0.0,0.0,0.0,0.0
0.005457878062696149,0.1003999042116158,0.7460251489637563,-0.005158260321254376,-0.6608436528751843,-0.009223218820763494,0.7504491928436098,-0.04903529165390382,0.6826713763219788,-0.9005200866876627,0.04792070689247994,0.6614622156168294,-0.8945131022284095,0.18532045062564315,0.6428304288767113,1.0304653337737844,-0.2115368608010875,0.6723954496445821,0.9666805777689191,0.0,0.0,0.0,0.0
0.00790085393464536,0.10246046132952139,0.7464836580248753,-0.005847368707930002,-0.661447237599637,-0.008821824179537705,0.7499170191222149,-0.05464463643515553,0.7010268438024949,-0.9263710187254562,0.042800996186473025,0.6712552458186161,-0.9039844267350424,0.1820719748705165,0.6485305454530768,1.0383908900497985,-0.2233659797225499,0.6802603651320986,0.959239419894277,0.0,0.0,0.0,0.0
0.011426870462184489,0.10536802460968449,0.7486903039183898,-0.007524294042880015,-0.6634673574826797,-0.007739431693158078,0.7481273633220303,-0.06295240747749702,0.7265237554978282,-0.9514392665936051,0.035051480104707496,0.6844147860438468,-0.9031453794033035,0.18772275953195108,0.6654327384167816,1.0369634404126065,-0.23608019988391363,0.70563818601824,0.9373300929576918,0.0,0.0,0.0,0.0
0.013174868038218667,0.10838129725170874,0.7505389373746844,-0.006694974777698495,-0.6615606070673595,-0.008057477827324272,0.7498185230710527,-0.059300872079944236,0.6860142228172985,-0.8986622037832871,0.027594850960881795,0.6924492079939089,-0.9179354324524558,0.15459358562157188,0.6786734834147442,1.032194112529518,-0.1803405736944588,0.6881976751762026,0.9843201957682857,0.0,0.0,0.0,0.0
0.01591727062386367,0.11120560236937321,0.752416426995567,-0.0066541391533234,-0.6609524403424467,-0.007966541771365989,0.7503560010086531,-0.055274495512733626,0.6594308281873422,-0.8714766984980027,0.020405845193474152,0.7044340267641127,-0.9314496220927242,0.13413201298806177,0.6936159783929197,1.0286433324342446,-0.13845918103716945,0.681371993408942,1.0204079348298958,0.0,0.0,0.0,0.0
0.01927633534669515,0.11364046224286238,0.7543144957784135,-0.007121893742948783,-0.6610951892530255,-0.007632276529735313,0.750229416732638,-0.05090970466891593,0.6433086480337354,-0.8601356463954355,0.014061767991225986,0.7193835794151304,-0.9451567474376591,0.12300364688612433,0.7097542629987061,1.024638429292001,-0.11391190993869857,0.6798756804088949,1.048379248928569,0.0,0.0,0.0,0.0
0.022597172122786658,0.11584470718420083,0.7561776433139891,-0.007700859781071661,-0.6614212664979301,-0.007233900883295096,0.7499401813884338,-0.047064452936677346,0.6329965912300297,-0.8577189556925567,0.008194581933622236,0.7339981775061017,-0.957296503791441,0.11465009634670001,0.7259485849076722,1.0197508386628984,-0.10002238016045545,0.6794737799589252,1.0709238330083781,0.0,0.0,0.0,0.0
0.02561066031963965,0.11789077153995595,0.7579431550279736,-0.00823136418687782,-0.6616975121916927,-0.006854179897329578,0.7496943825459029,-0.043879146690639505,0.6256816016668245,-0.8601584645699495,0.002670115912083941,0.7469614733452246,-0.9674398857561077,0.10625298941047169,0.7414129372453253,1.0143134781770244,-0.09180811119410855,0.6786907946639762,1.0898380634970422,0.0,0.0,0.0,0.0
0.028196066593494936,0.11981474921162703,0.7595736495337966,-0.008673262612689315,-0.6618618148891117,-0.006515561443274136,0.749547370061707,-0.04125005018220732,0.6197319157960969,-0.8652429749129861,-0.0025736100014417986,0.7576588253855464,-0.9751935009834006,0.09681649941077503,0.755700733681328,1.0087486363847,-0.08645197837515181,0.6770089629618031,1.1063989012604074,0.0,0.0,0.0,0.0
0.030334609939971245,0.12162111286692094,0.7610632692110333,-0.0090386962058222,-0.6619345163352534,-0.006214261338996072,0.7494814080488746,-0.03895756284067703,0.6142799504404085,-0.8717558139018234,-0.00752653460741607,0.7660184872219122,-0.9804198618455674,0.08645906881433602,0.7686774055185253,1.0032764330393324,-0.08254577935696158,0.6744281383660501,1.1215233238174493,0.0,0.0,0.0,0.0
0.032065152668844146,0.1233013533206551,0.7624240262578231,-0.009357718189765237,-0.6619713677181445,-0.005939025865768989,0.7494471758592568,-0.03679807881503445,0.6089258548885351,-0.8790150670559848,-0.012146622118815778,0.7722667345632629,-0.9831693417304824,0.07582564047367663,0.7804087670188506,0.9979625019724825,-0.07943317087559272,0.671208030709011,1.1358368991415249,0.0,0.0,0.0,0.0
0.033425016498146554,0.12485756632024905,0.7636653300955897,-0.009604790914044734,-0.6619291670383167,-0.005704910975603242,0.7494831417758628,-0.03460560579067632,0.6031426140446271,-0.8865353729645554,-0.016425266628114166,0.776715003691793,-0.9841480644673076,0.06460011742859378,0.7909297256552513,0.9928027366061478,-0.07651013269179512,0.6671342238244167,1.149620082324243,0.0,0.0,0.0,0.0
0.03449980562900893,0.12627407843473865,0.7648085254875537,-0.009820871131846235,-0.661889423640585,-0.005496667169147627,0.749516996480385,-0.032266881291724565,0.5970123613131009,-0.8941359021235661,-0.02030940328968298,0.7798046737572445,-0.9835373819007998,0.053763646394214895,0.8004796528669537,0.9877541530720149,-0.07376002731121901,0.662673682791507,1.1632274849856599,0.0,0.0,0.0,0.0
0.03535683712070689,0.12754572298478806,0.7658653281929566,-0.010015313711611965,-0.661867862919749,-0.005307600588258736,0.7495348256760974,-0.029718845968463987,0.5904680551373676,-0.9016962947774653,-0.023789312459068745,0.7819253830653359,-0.9818046326647185,0.04371019682869337,0.8091752603098497,0.9827888992953557,-0.07101072261006584,0.6580093377249013,1.1768316498717573,0.0,0.0,0.0,0.0
0.03604650589161021,0.12867628406463194,0.7668399283840653,-0.01018668691649179,-0.661856391566452,-0.005135084847865942,0.7495438474538403,-0.026948615049243823,0.5834254784529641,-0.9091245608196362,-0.026883225091165204,0.7833744765052808,-0.9794212402052077,0.03453508709321898,0.8170660725857286,0.9779319843153704,-0.06808282237140947,0.6532256191322747,1.190458611469927,0.0,0.0,0.0,0.0
0.036611371318440486,0.1296713681878638,0.767731753246851,-0.010337389817160203,-0.6618588914259187,-0.004979674743629671,0.7495406253510677,-0.02395358625463098,0.5759512905087107,-0.9163257940292214,-0.029605341260805836,0.7843805364532671,-0.976717639320158,0.02630429767954441,0.8242157961385024,0.9732652355832576,-0.06495305395545072,0.6484820399597343,1.2040498717896886,0.0,0.0,0.0,0.0
0.037081861156360106,0.13053820335290917,0.7685296156222801,-0.01046711497308583,-0.6618729020402824,-0.004843079604967155,0.7495273481527241,-0.020739427167186443,0.5682693420711046,-0.923124309873102,-0.03197495841252066,0.7851037312594543,-0.973993986980596,0.01898621285210373,0.8306144067278892,0.9689564716619468,-0.06160449287714629,0.6439797720733721,1.2173891992169263,0.0,0.0,0.0,0.0
0.03747843453947809,0.13128410462798856,0.7692072958797764,-0.010577868978990341,-0.6618957361659117,-0.004723500016919938,0.7495063920213352,-0.01732479508977087,0.560890214295654,-0.9291822642456817,-0.03401613834550928,0.7856419205019176,-0.9715091551866744,0.012586782674703634,0.8361346351205647,0.9653032070038142,-0.057991917757250315,0.6400422391061951,1.230004887113912,0.0,0.0,0.0,0.0
0.03781060937540357,0.13191777166976132,0.7697232998328243,-0.01066769488044564,-0.6619219007359488,-0.00462471986587651,0.7494826279362375,-0.013720107407981364,0.5546994127586113,-0.9338865062347388,-0.03574928482489489,0.7860277390097586,-0.9695081192105635,0.00697608372629451,0.8405776784795052,0.9627489584383486,-0.05406294636971018,0.6371398877765537,1.240966546206276,0.0,0.0,0.0,0.0
0.03807636470949878,0.13245103558210597,0.7700244651019301,-0.010732541798627168,-0.661941070126864,-0.004550816211107591,0.7494652242083387,-0.009941880793550769,0.5508884440439098,-0.9363272666346552,-0.0372035392806119,0.7862242116468089,-0.9682000308176874,0.0019428420304169617,0.843660557323692,0.9618460595205566,-0.04964182629886724,0.6360560484371134,1.2485585420387226,0.0,0.0,0.0,0.0
0.03826486012741368,0.1328987399407252,0.7700692184424132,-0.010771940555986601,-0.6619443479006722,-0.004498537535648308,0.7494620795871212,-0.006023002956120467,0.5505032190226765,-0.9354586394339411,-0.038424258944859194,0.7861372650846041,-0.9676398770158376,-0.002645094716135705,0.8451183036417075,0.9630305177238573,-0.044347953921194026,0.6381606370839118,1.2500007975326755,0.0,0.0,0.0,0.0
0.03835857039993301,0.13326694631709143,0.7698549467546774,-0.010787115202085662,-0.6619309005672707,-0.004466116492225148,0.7494739320505395,-0.001994967915842705,0.5535073225657972,-0.9312470515619047,-0.03942670005289384,0.7856561350704159,-0.9676687398148066,-0.00680233301107068,0.8448967981327463,0.9663304135406197,-0.03821300078689786,0.6433820347794327,1.2452472038932936,0.0,0.0,0.0,0.0
0.03833589105286018,0.13355419846859556,0.7694192426080697,-0.01078313610716629,-0.6619133021469474,-0.004453930384294563,0.7494896042779713,0.0021044311218506454,0.5588282693481917,-0.9247214264488566,-0.04019567454666107,0.7846570362164864,-0.9678892369045541,-0.010419905728419783,0.8431816471992671,0.9713651896935429,-0.03167593857999678,0.6502665782462067,1.2369971013448857,0.0,0.0,0.0,0.0
0.03816704838532727,0.1337658016510052,0.7688167309597299,-0.010761860586395581,-0.661906767140964,-0.004467777790539171,0.7494955990073129,0.006244703253936262,0.5652771839366845,-0.9167675701931064,-0.04072343854600666,0.7829551451175017,-0.967740879028466,-0.013569481660824695,0.8402966970299952,0.9776130377389107,-0.025049470370292398,0.657952276908039,1.226900186047012,0.0,0.0,0.0,0.0
0.03780848456046087,0.13391485138966738,0.768090605189751,-0.010723150075506055,-0.6619154839291885,-0.004509458145541627,0.7494882060276065,0.010375713454739217,0.5719542849441206,-0.9079794669971446,-0.041030407471561524,0.7802792897794765,-0.9666185613446898,-0.016396406720747814,0.8364407600310524,0.9846623249279176,-0.018468863922230235,0.6658960888471135,1.2158350314355568,0.0,0.0,0.0,0.0
0.03720305579880569,0.1340213684312559,0.7672671071140356,-0.010666252044275484,-0.6619327023443373,-0.004575061343010336,0.7494734134364998,0.014430697317347613,0.5783049708514812,-0.8986920391651139,-0.04116539974400197,0.7762712640826961,-0.9638872692446384,-0.019065321044137336,0.8316416095330845,0.9922585106035887,-0.011959334915051491,0.6737103978655372,1.2042318532117986,0.0,0.0,0.0,0.0
0.036283600438582454,0.13411215441765253,0.7663606958768222,-0.010590243309698873,-0.6619496053759971,-0.0046602774851629775,0.7494590372415055,0.018344948715899274,0.58406739773765,-0.8890795336970453,-0.04119454933593722,0.7704921407823659,-0.9588362063171681,-0.021811220408899813,0.82584796038871,1.0002669046189243,-0.0055429457027568385,0.6811120791123245,1.1922790715005702,0.0,0.0,0.0,0.0
0.034971805187870214,0.1342239562803754,0.7653808524832456,-0.010483190297913177,-0.6619425634300382,-0.004769719663596554,0.7494660734250606,0.022066281252460507,0.5891287985163122,-0.8792402383326544,-0.041202125232600036,0.7624240641839938,-0.9507298630058217,-0.025199457694479614,0.8190039678906141,1.0086056613514676,0.0007838640383193204,0.6878044825943531,1.1800001571264112,0.0,0.0,0.0,0.0
0.03318557188515564,0.13440199622063906,0.7643367098450494,-0.010320608126970167,-0.6618736442608233,-0.004916886875030702,0.7495282438335761,0.0255614500307012,0.5934431367579139,-0.8692571932083359,-0.041288271484562336,0.7515078854107543,-0.9388408579053337,-0.03008846487450946,0.8110837601232803,1.0171943243472399,0.007055825568019852,0.6934517268501786,1.1673218392095241,0.0,0.0,0.0,0.0
0.03085332889393488,0.1346943432787212,0.7632372032646643,-0.01006664988362789,-0.661689449057343,-0.005118695006425547,0.7496929601695226,0.028814156432429495,0.5969954487194616,-0.8592670881409131,-0.04156492887303855,0.7372288424816607,-0.9225719589023328,-0.03741659577489651,0.8020543087505403,1.025925523114504,0.013445712796560386,0.697700566402495,1.1541381736902263,0.0,0.0,0.0,0.0
0.02794106039392165,0.13513850625480686,0.7620935240742094,-0.00967655114013025,-0.6613382278040189,-0.005399340231286206,0.7500059732616393,0.03186255482372505,0.5998455542517912,-0.849418492735333,-0.04211371945597861,0.7192746473647533,-0.9016181841149737,-0.04798973513783649,0.7919595636610536,1.0346326681514135,0.020187055626404295,0.7002921443384037,1.1404027639306706,0.0,0.0,0.0,0.0
0.024492803542774354,0.13573927546140602,0.7609136003086052,-0.009118179504810652,-0.6608020806111056,-0.005778018392860388,0.7504825671299791,0.03479605714146688,0.6022695749296687,-0.8398809250739899,-0.04293758059596421,0.6977753682665009,-0.8761883055136245,-0.06185020846404148,0.7809106544349363,1.0431312317334773,0.027611215679152503,0.7013781778949265,1.1263066542721765,0.0,0.0,0.0,0.0
0.02068333471282818,0.13643777836053841,0.7596936716485826,-0.008411699142903087,-0.66015457851279,-0.006253803963674352,0.7510566328327802,0.03774387341730127,0.6049525036864205,-0.8307232403415078,-0.043883638387491916,0.6736208984869587,-0.8472407820498856,-0.07761617966235941,0.769180081897415,1.0513494417915925,0.036122866906079604,0.7020729185539637,1.1125364381822997,0.0,0.0,0.0,0.0
0.016959658849941463,0.13701820977264104,0.7584135079419937,-0.007616681878343252,-0.6594712445066888,-0.00683189419494984,0.7516601552880611,0.041289538501086326,0.6084495921490883,-0.820855570108636,-0.04441561874692644,0.6498136811513325,-0.8191637180307882,-0.09242503328878635,0.7572273949118967,1.0592665121629257,0.04725234251260433,0.7055596799271737,1.0995877071065716,0.0,0.0,0.0,0.0
0.013602981121352355,0.1374160478272979,0.7572171793983187,-0.00685863369918032,-0.6588931765971542,-0.007428258639956351,0.7521685728286377,0.04543399565100411,0.6130468055304218,-0.8106588055961796,-0.04446255430074411,0.6281150252294382,-0.7933524739146748,-0.104289920615029,0.7462571021525747,1.0659755011105592,0.06323945271389922,0.7129324181863803,1.0886457267727756,0.0,0.0,0.0,0.0
0.010882675311529644,0.13760050133963087,0.7562960087217169,-0.006268910920925173,-0.6584578992495758,-0.007946014516006374,0.7525495043683255,0.04970149044328435,0.6177022034439892,-0.8004110787747448,-0.04406552566841233,0.6104111216878745,-0.7717154040269812,-0.11173265925258538,0.7373864845309095,1.0702667920964994,0.0877070910292243,0.7247346087004841,1.0802785849762293,0.0,0.0,0.0,0.0
0.009147647723474251,0.13756026505525268,0.7558332481731233,-0.0060663868579443475,-0.6581068567740417,-0.008212547555147326,0.752855310189239,0.052851912863736694,0.6194339917367118,-0.7905149353441695,-0.04339477574437159,0.599291346666855,-0.7576073589193395,-0.11196727185737836,0.7310228658079789,1.0710010944293022,0.12196253099879507,0.7392944329602857,1.0743169951055198,0.0,0.0,0.0,0.0
0.009119828911348556,0.13748609767582504,0.7557878389255521,-0.005963308925718189,-0.658104528383116,-0.008227959223839273,0.7528580007911875,0.05289169490059915,0.6194607669462339,-0.790526796971811,-0.043281409709241894,0.5991221498446347,-0.7575552729390178,-0.11199022937664527,0.7308984332975197,1.0709269298865554,0.12195955178303278,0.7393391730307367,1.0743341079420767,0.0,0.0,0.0,0.0
0.009119828911348556,0.13748609767582504,0.7557878389255521,-0.005963308925718189,-0.658104528383116,-0.008227959223839273,0.7528580007911875,0.05289169490059915,0.6194607669462339,-0.790526796971811,-0.043281409709241894,0.5991221498446347,-0.7575552729390178,-0.11199022937664527,0.7308984332975197,1.0709269298865554,0.12195955178303278,0.7393391730307367,1.0743341079420767,0.0,0.0,0.0,0.0
0.009119828911348556,0.13748609767582504,0.7557878389255521,-0.005963308925718189,-0.658104528383116,-0.008227959223839273,0.7528580007911875,0.05289169490059915,0.6194607669462339,-0.790526796971811,-0.043281409709241894,0.5991221498446347,-0.7575552729390178,-0.11199022937664527,0.7308984332975197,1.0709269298865554,0.12195955178303278,0.7393391730307367,1.0743341079420767,0.0,0.0,0.0,0.0
0.009869714769798749,0.13747388293587695,0.7559842592052887,-0.005861447513681235,-0.6584023237101586,-0.00823628880782074,0.7525982906655992,0.052877201901672444,0.6238252286911885,-0.795275602173765,-0.0434279341885925,0.6036269194909766,-0.7627935852414729,-0.11445629229525206,0.7350489979593952,1.070757711474559,0.12231695747457626,0.7429149410380607,1.0740925708939504,0.0,0.0,0.0,0.0
0.011315563421558912,0.1375580137354856,0.7562102039968537,-0.0058667265417077456,-0.6586411135251542,-0.008205503778947763,0.7523896163569533,0.05271427247455475,0.6331926046383726,-0.8084263449541136,-0.04388569499719744,0.6125993754627479,-0.7752334492190942,-0.11744503352471607,0.7404314205821697,1.0714563747898114,0.12377039330284302,0.7482138660523906,1.0740911131667992,0.0,0.0,0.0,0.0
0.013431970147693893,0.13772719052920823,0.7564461441997157,-0.00596261540459554,-0.6588595713769297,-0.008131869038627608,0.7521983682038161,0.052401285328171066,0.6470869340263842,-0.829019941195659,-0.044649796466853235,0.6256260581970129,-0.7940430550439191,-0.1211059566172847,0.7471514884216244,1.0730950788199263,0.1264641825849634,0.7553133131891514,1.0744909564347576,0.0,0.0,0.0,0.0
0.01618384884969593,0.13789908801439718,0.7568219888877803,-0.006123393000034643,-0.6591332622668674,-0.00802754346979587,0.7519583799502767,0.05212261608281539,0.6646979355300646,-0.8547195150436012,-0.045521403249471154,0.6423656346202118,-0.8177751922148294,-0.12519380735964794,0.7561859141347914,1.074292086759646,0.1312073364669255,0.7652912120982541,1.0743899807469333,0.0,0.0,0.0,0.0
0.01955391266864692,0.137934108605954,0.7579010409676306,-0.006323574518295906,-0.6598084952091963,-0.0078562708180155,0.751366116526372,0.05209204780078323,0.6850147153911565,-0.8799793994290216,-0.04623607556461285,0.6624780965907671,-0.8419772104391384,-0.129021154606844,0.7716102897856933,1.0701830157707382,0.14084944196172447,0.783048597903991,1.069785673433311,0.0,0.0,0.0,0.0
0.02269115999958064,0.1385059377173702,0.7585697349666478,-0.005133311801393681,-0.6599569569133333,-0.009004467010938192,0.7512319107342893,0.05202186043191879,0.7046478447487292,-0.9045351894608527,-0.04335158776740454,0.647469227697173,-0.8289319244097918,-0.09027629831650684,0.7524773573041548,1.0819280985191873,0.11227761010818291,0.784725577935948,1.0641146404906445,0.0,0.0,0.0,0.0
0.025914714050272368,0.1390903482416007,0.759463165311896,-0.004359181005606129,-0.6601207973121885,-0.00969130447068477,0.7510842889546667,0.051388552859456975,0.7247785011110615,-0.9297892677851622,-0.03828923853703238,0.6347543926103908,-0.8257441493098951,-0.06034559573829674,0.7370377066755065,1.0927631087548266,0.09174387782617294,0.7904121776350236,1.0566952921224924,0.0,0.0,0.0,0.0
0.02887223674133147,0.1395473685083796,0.7604619949672966,-0.0039032797745271602,-0.6603595949359833,-0.010047569736480933,0.7508721702962338,0.05067748131887465,0.7428184513019608,-0.9515933355815026,-0.03311493159003179,0.6249499397666053,-0.8287635300297125,-0.03991077353024876,0.7256658022096324,1.1042973823528495,0.07872094509360847,0.7987756623930323,1.0486651696772293,0.0,0.0,0.0,0.0
0.031423068485576064,0.13987109248429708,0.7614882290113449,-0.0036086856544601986,-0.6606149550331607,-0.010251465179029905,0.7506462322799371,0.0501095114424764,0.758067712640843,-0.9691057594353184,-0.02856936821518527,0.6173216859945511,-0.8350242391417637,-0.025499664396157393,0.7169064722976637,1.1163830127901948,0.06996626243975759,0.8078430029484766,1.0404202342070066,0.0,0.0,0.0,0.0
0.033509339240059256,0.1400793895478782,0.7625090452531944,-0.0033849334347243547,-0.660859539502131,-0.010396033693616316,0.7504299659249456,0.049743677155596785,0.7703491693361398,-0.9821744197169341,-0.024589582792686134,0.611141031400648,-0.8428577241276527,-0.014520292272354853,0.709508986189344,1.1286927583143216,0.06356636893490698,0.8165774630811252,1.0321070832384809,0.0,0.0,0.0,0.0
0.035133553374134714,0.14020256256714644,0.7635113659810653,-0.0031906330184945956,-0.6610819073399686,-0.010520240212620208,0.7502332012078372,0.04954722516882576,0.7798243473159608,-0.9911297983808445,-0.020891738325886828,0.6057679475938754,-0.8513720893254229,-0.0054415584110541985,0.7026250157083166,1.1409891145565159,0.058444040121740114,0.824519709428078,1.023774666048613,0.0,0.0,0.0,0.0
0.03633699884422409,0.14027507162872113,0.7644888010703544,-0.0030108917985791185,-0.6612784490372471,-0.010636397473449008,0.75005907395235,0.049448449318428754,0.786845043139071,-0.9965716771571344,-0.017230227255313275,0.6007005191690302,-0.8601057956456064,0.0025941334748385367,0.6957387280707021,1.1531479226026549,0.0539719583400064,0.8315235239483644,1.01544097280181,0.0,0.0,0.0,0.0
0.03718093338157719,0.1403292516858372,0.7654366354198282,-0.002843220620706604,-0.6614494770347302,-0.01074539706472578,0.7499073555239375,0.04936959507936584,0.7918414167126814,-0.9992005600840492,-0.01346820884297737,0.5955870264138454,-0.8688283331865397,0.010061771973602706,0.6885671739913771,1.165127515893524,0.04977705351350796,0.8376037540596706,1.0071208168984853,0.0,0.0,0.0,0.0
0.03773226384452424,0.14039156432994027,0.7663504584273125,-0.0026898787606479415,-0.6615973781716079,-0.010844187658976271,0.74977601811656,0.049244283309773186,0.7952450756164942,-0.9997019804669481,-0.009563643013828406,0.5902034152429959,-0.8774323933572187,0.017225144133163586,0.6809780013187606,1.1769321205056382,0.045643614142019555,0.8428506374488334,0.9988362095776391,0.0,0.0,0.0,0.0
0.038054098090468544,0.14048144257089756,0.7672258576553549,-0.002553985172731891,-0.6617254974109643,-0.010929286424545001,0.749662186544179,0.04902381552722813,0.7974432085598275,-0.9986806576870801,-0.005531697810300874,0.584414858356662,-0.8858770860004338,0.02423187744557031,0.6729326463407806,1.1885815518215332,0.041452387420561204,0.8473772500756472,0.9906193789285788,0.0,0.0,0.0,0.0
0.038200571616677115,0.14061202988738558,0.7680579353028317,-0.002438072592721232,-0.661837445008578,-0.010997864272495586,0.7495627386470021,0.04867596681717123,0.7987570519154188,-0.9966349458668801,-0.001411869840477452,0.5781439971046253,-0.8941550071175305,0.031166063392144457,0.6644549118822722,1.2000871708532377,0.03714357310733592,0.8512884360009986,0.9825159910454013,0.0,0.0,0.0,0.0
0.03821490254264843,0.14079211210282613,0.7688398897602166,-0.002343811087290504,-0.6619363752105708,-0.011047889154802794,0.7494749401200154,0.04817997837023314,0.7994379652219443,-0.9939625830477635,0.002752035296310259,0.5713626828966586,-0.9022636834765725,0.038076547293696965,0.6556203086155679,1.2114284270576932,0.03268649854864042,0.8546567855252303,0.9745941967002092,0.0,0.0,0.0,0.0
0.03812955795519663,0.14102845953034113,0.769560353169901,-0.002272344166437186,-0.6620242351380435,-0.011077817324946579,0.7493971113536485,0.0475203377792838,0.7996742357098208,-0.9909876464227373,0.0069197945302218586,0.5641229991327784,-0.9101662670679449,0.04499040014777515,0.6465625396363457,1.222519618591296,0.028057502537473817,0.8575005921658394,0.9669643663169448,0.0,0.0,0.0,0.0
0.03796744057406715,0.14132789656841147,0.7701994349537239,-0.0022248710212526895,-0.6621010688972553,-0.01108614211839628,0.7493292480391922,0.046681375559814255,0.7996018756847862,-0.9879979939797725,0.011054469332527676,0.556637736155089,-0.9177299969538402,0.051913816389171516,0.6374951786417445,1.2331503048751504,0.023228108374136257,0.8597604895313888,0.9598124208257732,0.0,0.0,0.0,0.0
0.03774303610875648,0.14169841572658506,0.7707240394382073,-0.0022033549079395094,-0.6621646947004973,-0.01107085231890135,0.7492733136501525,0.04564430389909023,0.7993123158922104,-0.9852789238820716,0.01511821689426023,0.549403544946691,-0.924639874125169,0.058816614791482265,0.6287528344534443,1.2428741321813235,0.018170032787167938,0.8612773773270027,0.9534441955641199,0.0,0.0,0.0,0.0
0.03746263061860928,0.1421485412300702,0.7710847937117834,-0.002211839494294339,-0.6622116730222769,-0.011028064689228019,0.7492324003060056,0.04438754639631451,0.7988500721164177,-0.9831209324120312,0.01906764993916009,0.543317067490218,-0.9303055079650432,0.06559393964215181,0.6208723053388207,1.2508108100307367,0.01290037833869484,0.8617927038259678,0.948322480792855,0.0,0.0,0.0,0.0
0.03712340456449081,0.14268484505155932,0.7712209967038911,-0.002258572971789202,-0.6622403919779707,-0.010949549643356891,0.7492080281494603,0.0428899108775127,0.7981998033996404,-0.981772119432655,0.022851476648692366,0.5396401123939768,-0.9338128988594291,0.07200316495830175,0.6147583542323044,1.2553255168181745,0.007567741194666527,0.8610102979567741,0.9450343530821373,0.0,0.0,0.0,0.0
0.036713070441154405,0.14331073540569506,0.7710867632118774,-0.002356441129976382,-0.6622568132891519,-0.01082264607923594,0.7491950552220309,0.04113238859274984,0.7972818350391512,-0.9813019432008853,0.0264121401499159,0.5395289942684142,-0.9340456062425527,0.07762599533757682,0.6119181141127885,1.2537286256375018,0.002458520638565,0.8587641392894918,0.9440437513013387,0.0,0.0,0.0,0.0
0.03620942333946319,0.14404279019825922,0.7706756773625794,-0.0025085607957946905,-0.6622626521018121,-0.01064576719485853,0.7491919342829585,0.03907144629397212,0.7960003907330219,-0.9815919550238973,0.02971974913704695,0.5429481365759066,-0.9309642348424054,0.08238358495631516,0.6123684335723245,1.2460623643070405,-0.0025792789578899505,0.8549477008818833,0.9453466921058445,0.0,0.0,0.0,0.0
0.035582215427889516,0.1449114394982485,0.7700212525491478,-0.002707672726589561,-0.6622541946940744,-0.010428679277521637,0.7492017703976914,0.03663796000048293,0.794255573762533,-0.9823561945042596,0.0327772368998937,0.5486843003800235,-0.9256367817951112,0.08656462699625209,0.6146199773166706,1.235068458748687,-0.008107865581804378,0.8495320012426227,0.9484550051222944,0.0,0.0,0.0,0.0
0.034794412961084174,0.14594498637426498,0.7691727149357419,-0.002949200747213054,-0.6622329784490231,-0.010178788398404756,0.7492230487219603,0.033766298856473545,0.7918995300134759,-0.9831551729223855,0.03558412392399762,0.5554244312363248,-0.9189435293855561,0.09031458965508547,0.6177600575588771,1.2224016336130505,-0.014547317778728815,0.8426318789723873,0.9527267869345887,0.0,0.0,0.0,0.0
0.03380287848627519,0.14716940415601995,0.7681687327729609,-0.003230567465465051,-0.662200974253833,-0.009901658782688087,0.7492538890686365,0.030397483393984594,0.7887373279845192,-0.9835203097873316,0.03812814644242658,0.5622237775090927,-0.9114478142609911,0.09366165905375369,0.6212309960240125,1.2089397215686994,-0.022181801380967505,0.8343367607363686,0.9576247478992872,0.0,0.0,0.0,0.0
0.032560818730147593,0.14860833255106123,0.7670324157779729,-0.003549007900143074,-0.6621589389962552,-0.009603195653903612,0.7492934823442088,0.02648244933323163,0.7845389830340399,-0.9829923338177945,0.04038676195505176,0.5685486109989253,-0.9034568607823461,0.09657979086438807,0.6246764495819972,1.1951091775135507,-0.031202215298405313,0.8246672852747795,0.9627610914964922,0.0,0.0,0.0,0.0
0.031020311601015205,0.15028086330689863,0.7657748603983595,-0.003900062385988581,-0.6621065671530819,-0.0092906737407347,0.7493419557368918,0.021988999965468665,0.7790463815075415,-0.9811116329215965,0.042335114615288945,0.5741685759047613,-0.8951295044194985,0.09904059597172381,0.6278663821040159,1.181083809724778,-0.04170188664446426,0.8136017783587672,0.9678653982922506,0.0,0.0,0.0,0.0
0.029135104261953544,0.15219762106296184,0.7644011876521225,-0.004276688295634363,-0.662043486922182,-0.008972899140858998,0.7493995052321215,0.01691189578925319,0.771977980840372,-0.9773927530778247,0.04395753917385273,0.5790411888425087,-0.8865751576074453,0.10105363397564389,0.6306563460179543,1.1668929042394802,-0.0536468088293184,0.8011267364182556,0.9727367519896778,0.0,0.0,0.0,0.0
0.026864825131336166,0.15435628771756446,0.7629172263622609,-0.0046685096991465344,-0.6619701977563336,-0.008660227305685744,0.7494655847753406,0.011283941834416856,0.7630416466918579,-0.9713088440622422,0.04526359076510797,0.583240526927271,-0.8779264467020634,0.10270561701929058,0.6329609422254204,1.1524748252334696,-0.0668576810208556,0.7872876651375789,0.9771962959868327,0.0,0.0,0.0,0.0
0.024182185974326025,0.15673777849430992,0.7613366862121631,-0.005060905117000861,-0.6618885942029097,-0.008364761983328693,0.7495384625624324,0.005184840106956811,0.7519682524765208,-0.9623075555535072,0.04631143054002242,0.586941252222484,-0.8693867974270428,0.10421568873737862,0.6347366469238588,1.1377031425115536,-0.08102737034663063,0.7722339634743512,0.9810404744354854,0.0,0.0,0.0,0.0
0.02108517378646666,0.15930436712262058,0.7596885849388478,-0.005433553987292644,-0.6618020800896434,-0.008101061867170755,0.7496151386389636,-0.0012560220375440944,0.7385811777465695,-0.9498837456187151,0.04723946990147543,0.5904560067571613,-0.861262071293759,0.10603387649070685,0.6359755054730283,1.122405096581594,-0.09578764949796242,0.7562561223803568,0.9839966508524828,0.0,0.0,0.0,0.0
0.017616967512094586,0.16200088525506473,0.7580225483225592,-0.005757829346383759,-0.6617155847384892,-0.00788793373055668,0.7496913450326603,-0.007866149665578016,0.7229210880929847,-0.9337498711597679,0.04829878650431798,0.5943212455011226,-0.85399296929248,0.1090337832630949,0.636711807865977,1.1063874167199526,-0.11083063644215096,0.7398055304596558,0.9857044718931556,0.0,0.0,0.0,0.0
0.013897751564561127,0.1647587738755968,0.756402850138972,-0.005991587152229266,-0.661638570451185,-0.0077535175968099805,0.7497588852021598,-0.014443410868847121,0.7054489127673675,-0.9141650837054678,0.049863904567763906,0.5994145925137909,-0.8482130914664101,0.11491512985949469,0.6370347610378644,1.0894997541536062,-0.12609747052323045,0.7234547655836228,0.9858166195760567,0.0,0.0,0.0,0.0
0.010327361240026384,0.16758594466451213,0.7548735126255427,-0.006069455966267771,-0.6614957181407527,-0.007745810665376732,0.7498843770894681,-0.02099489613787443,0.6885964645740535,-0.894943784249523,0.051934693728435816,0.6066454790559149,-0.844270945303461,0.1268136675383397,0.6375055980142479,1.071274025731818,-0.1427155085487082,0.707554376366091,0.9840945292801665,0.0,0.0,0.0,0.0
0.007227801627027897,0.1703136433702339,0.7535586131412996,-0.005905205341350809,-0.6613334554521524,-0.007935974398588789,0.7500268058942542,-0.027086737779741493,0.6740324111876304,-0.877877203700147,0.0546154440483416,0.6171211777593025,-0.8443105043533078,0.14925353446776313,0.6371068945991349,1.0512688740939358,-0.1607632948823982,0.6931299350958603,0.9804488831302526,0.0,0.0,0.0,0.0
0.004946875729746844,0.17262531799392972,0.7524529264635306,-0.0054230623612179325,-0.6612337269427085,-0.008389017448565532,0.7501134401771038,-0.031956411677428485,0.6633274489606631,-0.8650078434388512,0.0578096222749645,0.6315537734321534,-0.8523807182250817,0.18684498903809682,0.6345091614820357,1.0286407018648265,-0.17949065843382014,0.6805741682723135,0.9768109712208778,0.0,0.0,0.0,0.0
0.0038987117720845014,0.17394943307897073,0.751235303556277,-0.004713332552470902,-0.6613878833056532,-0.009058254690793984,0.749974533124075,-0.03431789211807593,0.6578464838464417,-0.859067410978503,0.06137836609518588,0.649826649078314,-0.8745497573920042,0.2331376538728029,0.63210254020506,1.0033922207922568,-0.19542731474224626,0.6693610625849644,0.979669000700442,0.0,0.0,0.0,0.0
0.0038256488222620463,0.1742039930766903,0.7511068377162198,-0.004880963288024456,-0.6614535702257666,-0.009109853363645974,0.749914902642067,-0.03462858363659021,0.6576499113933557,-0.8590595286059712,0.061376775785144,0.6498555231421445,-0.874562161865705,0.23316942797346285,0.6321292143870505,1.0033994193382474,-0.19540593510355445,0.6691744685290908,0.9795533462594763,0.0,0.0,0.0,0.0
0.0038256488222620463,0.1742039930766903,0.7511068377162198,-0.004880963288024456,-0.6614535702257666,-0.009109853363645974,0.749914902642067,-0.03462858363659021,0.6576499113933557,-0.8590595286059712,0.061376775785144,0.6498555231421445,-0.874562161865705,0.23316942797346285,0.6321292143870505,1.0033994193382474,-0.19540593510355445,0.6691744685290908,0.9795533462594763,0.0,0.0,0.0,0.0
0.003989646631907326,0.17520769743380252,0.7510576957504695,-0.004853067326202993,-0.6610016192014205,-0.00920075813340011,0.7503123704167474,-0.03692595532399434,0.6612084787388368,-0.8670677108093252,0.059142435742053336,0.6495138611571769,-0.8763224877211334,0.22528057136354654,0.6316895386430451,1.0075582129924436,-0.20164668594351265,0.6673413410775062,0.9749841620543911,0.0,0.0,0.0,0.0
0.004750190531229679,0.1766598957937979,0.7510188804888991,-0.004965908810822043,-0.6607614302841529,-0.009177792687947894,0.7505234440841273,-0.04050451515961166,0.6691424036499092,-0.8813925400413557,0.05575346636167621,0.6516077475512979,-0.8806183195533811,0.21728318111615139,0.6320202068275015,1.0145208827860195,-0.21066852615380272,0.6669940418887615,0.9699800011448668,0.0,0.0,0.0,0.0
0.006295783812095347,0.17844639958826627,0.7510549132226342,-0.005251634546730435,-0.6608001120417674,-0.009041203137247735,0.7504890997916001,-0.04510159761703814,0.682179402751469,-0.9025518812716329,0.05150884023589136,0.6573969490456367,-0.8888583041186001,0.21032484023779888,0.6338539079439819,1.023577853168178,-0.22196206882008546,0.6689646144233783,0.9647366842607048,0.0,0.0,0.0,0.0
0.008738271056567989,0.18067351473182666,0.751536577915065,-0.005812526717305003,-0.6612144109650262,-0.008719578912095629,0.75012378059153,-0.05107409298330569,0.7010662267722622,-0.9298604147856029,0.0460643259285964,0.6672915133235264,-0.899509309964395,0.20492307125620196,0.6394148467267252,1.0320148612789166,-0.23575641831842176,0.6759834490655752,0.9557727070344371,0.0,0.0,0.0,0.0
0.012240493910312055,0.1838245786028234,0.7537938346831621,-0.007127924957429252,-0.6627789246111542,-0.007783300584026742,0.7487407495315731,-0.06004454660281321,0.7273213530617426,-0.9575794103923517,0.03772943067203508,0.6807394931242079,-0.9015910655150988,0.20521008221612597,0.656291552406957,1.0309423645237148,-0.25230194271538736,0.6993380627162317,0.9309543268475051,0.0,0.0,0.0,0.0
0.014158870810977662,0.18702526127659838,0.75572550979476,-0.0066353823608308665,-0.6615108980539081,-0.008070951084923061,0.7498627629142697,-0.05667152913472477,0.6881342471912671,-0.9030964289346003,0.030053841983042427,0.6884555559682612,-0.9121774333122306,0.17600147576008668,0.6707632540221994,1.0275102550773785,-0.19652097393337004,0.6852060544460676,0.9797970820197143,0.0,0.0,0.0,0.0
0.016978151270352154,0.1900813294831392,0.7576820607599871,-0.006638479924132216,-0.6610893549329573,-0.008008060507473358,0.7502350740571464,-0.05303667356582374,0.661774191800825,-0.8749766099648316,0.022406035462630952,0.7002767723191511,-0.9242477567864105,0.15506785914006496,0.686684336199497,1.0248484252451782,-0.15287064239465553,0.6794633482973111,1.0171787499685008,0.0,0.0,0.0,0.0
0.02034664583883781,0.1927854467517815,0.75960923001991,-0.006995172027237321,-0.6611295193390906,-0.007743898336793421,0.7501992123864979,-0.04917875112323794,0.6450374488940073,-0.8630122575505723,0.015454739793320713,0.7149874457054474,-0.9381449619551634,0.14092220900930613,0.7032334199460767,1.0217399418881101,-0.12686362618777489,0.6773814643348934,1.0455466340709518,0.0,0.0,0.0,0.0
0.02366289781855834,0.19525715025145357,0.7614944141833705,-0.0074728054919492234,-0.6613263070702141,-0.007402915238668898,0.7500245793311852,-0.04588516840409885,0.6341345281587387,-0.8602710519958204,0.00895496651692612,0.7292656106676878,-0.9504397143694095,0.1294008216378854,0.7197115046614309,1.0176794150510913,-0.11221495593874613,0.6760928245008869,1.0681043733772013,0.0,0.0,0.0,0.0
0.026690974539057964,0.19753570625612657,0.7632891054270595,-0.007951249424688724,-0.6615225225821757,-0.007054825946579001,0.7498499577781976,-0.04317808703046412,0.6265094531188657,-0.8625904423855162,0.0028678231967548496,0.7419656831838715,-0.9605129474442662,0.1185660529683972,0.7354976422982347,1.0129076571969184,-0.10381500521146453,0.6746877920051652,1.0869577409468614,0.0,0.0,0.0,0.0
0.029322727971312728,0.19964391012397947,0.7649565487130622,-0.008385405209219368,-0.6616675389843771,-0.006727205362020532,0.7497202795322081,-0.04090302921926757,0.620546049386908,-0.8676846306732954,-0.00282413447243532,0.7525732797895311,-0.9680871122508745,0.10761766623213559,0.7501859775791693,1.007821356788051,-0.0986154507365589,0.6727951092248537,1.1035050550323366,0.0,0.0,0.0,0.0
0.031534045809312586,0.20158870188890962,0.7664845199206989,-0.008765119276083477,-0.6617574496858949,-0.006428175710257448,0.7496391992327605,-0.03884400598024361,0.6152543168343634,-0.8742716953680985,-0.008110246506157713,0.7610228703191753,-0.9732072239889652,0.09642287150559632,0.7636075124357783,1.002677044634124,-0.09498520691826937,0.6702962220604141,1.118659381188369,0.0,0.0,0.0,0.0
0.033350455511558824,0.2033697600110787,0.7678782931345948,-0.009093973678355976,-0.6618069470200747,-0.006158108835438374,0.7495938515051176,-0.03681040618168592,0.6100592869803079,-0.8816169074343703,-0.01296975770875903,0.7675088907968888,-0.9761266092386172,0.0851797303279896,0.7757616112223374,0.9975846336653764,-0.09208113404139433,0.6672079330265553,1.1330191586662912,0.0,0.0,0.0,0.0
0.034820598694860636,0.20498699666002382,0.7691507212785162,-0.009376809385321115,-0.661829039575858,-0.0059159699587428335,0.7495728110859516,-0.03466895302369573,0.6046208010472028,-0.889287337563683,-0.017389843194582654,0.7723410483095404,-0.9772326592011601,0.07414020663865485,0.7867298171933363,0.9925693576026892,-0.08943749535933422,0.6635874173903548,1.1469604689038282,0.0,0.0,0.0,0.0
0.036003456843873044,0.20644191260165312,0.7703169841682507,-0.009621455082219545,-0.6618402329349158,-0.005698456029136395,0.7495615126656658,-0.03234228115638124,0.5987713222138065,-0.8970418212981986,-0.02136834001973032,0.7758633469939102,-0.9769206209745811,0.06360217472808546,0.7966380858514337,0.9876226453015138,-0.08681393401009176,0.6595469831280333,1.1607301271300647,0.0,0.0,0.0,0.0
0.03695567652082659,0.2077396680434668,0.7713898406631463,-0.009833301097774244,-0.6618502586937167,-0.00550326270153397,0.7495513693911969,-0.029793757452603924,0.5924179372660912,-0.9047419866434377,-0.024916561444878853,0.7783947432044362,-0.9755815867569293,0.05376733456591361,0.8056107619933041,0.9827404306444768,-0.08407231376182948,0.6551995815115487,1.1744630468468402,0.0,0.0,0.0,0.0
0.037726549503790376,0.20888824590207727,0.7723769436772673,-0.01001615693556705,-0.6618638211286,-0.005328606139828967,0.7495382344069562,-0.02701402171418727,0.5855280637756451,-0.9122981833263939,-0.028056029456669317,0.7802036304755559,-0.973568795396822,0.04475010603721639,0.8137449304565559,0.9779503053002001,-0.08113588616210046,0.6506699449850647,1.1882005265869908,0.0,0.0,0.0,0.0
0.03835648044703339,0.20989683239452217,0.7732782364614031,-0.010173396854925526,-0.6618832338143062,-0.005172747430259685,0.7495200660929441,-0.024009224813473798,0.5781651014285144,-0.9196164884875262,-0.03081306025218743,0.7815015700469065,-0.9711878371445372,0.03661241953300183,0.8210896468685819,0.9733375338543062,-0.07796643416597375,0.6461227219962514,1.2018833717157105,0.0,0.0,0.0,0.0
0.03887615167642634,0.2107747142112513,0.7740828312281465,-0.010307066076024262,-0.661907909998236,-0.005034962584921458,0.7494973864013403,-0.020790990055026725,0.5705591561436968,-0.9265192674996414,-0.03321421256155832,0.7824431998495774,-0.9687152857933543,0.029360053793102317,0.8276260338321344,0.9690751538953525,-0.0745495926938122,0.6417768143817418,1.2153031989832896,0.0,0.0,0.0,0.0
0.03930660574991044,0.21153092114327213,0.7747655021662182,-0.010417958452125408,-0.6619352867308124,-0.004915971032620019,0.7494724648384978,-0.017372762563447903,0.5632233389372587,-0.9326561106894066,-0.03528402703589797,0.7831266586665834,-0.9664107023538878,0.022948344081089256,0.8332485026084882,0.9654614157181588,-0.07086796793805873,0.637949261514771,1.2279917314844087,0.0,0.0,0.0,0.0
0.03965886274959522,0.21217488127244957,0.7752846061646487,-0.010505501534950827,-0.6619605909830893,-0.004817612474098492,0.7494495320119077,-0.013769675830001432,0.5570470770694297,-0.9374134635515127,-0.037047073679208606,0.7835904131730721,-0.9645210952212149,0.017280271191482267,0.8377497549570462,0.9629438329465276,-0.06685831120444341,0.6351262233272335,1.2390232981445726,0.0,0.0,0.0,0.0
0.03993320170285431,0.2127184000362167,0.775586947999059,-0.01056787606844507,-0.6619762838156693,-0.004741882259282578,0.749435276867614,-0.01000228547623636,0.5532357039934062,-0.9398869551411713,-0.03853414397001866,0.7838066823174863,-0.9632521184557601,0.012198659655192932,0.8408428371940595,0.9620779604796975,-0.06233219226413967,0.6341215812341623,1.246692045627101,0.0,0.0,0.0,0.0
0.04012109365490507,0.21317613521375453,0.7756327678930348,-0.010604253049573499,-0.6619782434545111,-0.004689094210135505,0.7494333642196811,-0.006093697801323493,0.5528619593917524,-0.9390288754584175,-0.039783435692632915,0.7836896284159747,-0.9626485942127573,0.007533864687395394,0.8423096702856155,0.9632935703888352,-0.05694074476466902,0.6363287146526263,1.2482275862838026,0.0,0.0,0.0,0.0
0.04020599001320136,0.21355407747018754,0.7754207531648906,-0.010614995846480377,-0.6619675796973783,-0.004660494637890809,0.7494428097476847,-0.002068475135964272,0.5559036205884994,-0.9348069095851471,-0.04080494989866612,0.7831320419149175,-0.9625484388338947,0.003225348432025637,0.842129362130714,0.9666124683920734,-0.05074538929710194,0.6416777704464999,1.2435795201742568,0.0,0.0,0.0,0.0
0.04016444474853049,0.21385117922126295,0.7749879826179521,-0.010602052910166564,-0.6619495959959388,-0.004657221941213692,0.7494588975512223,0.0020338104283767833,0.5612573314169425,-0.9282425123370118,-0.04158624591503393,0.782008341705469,-0.96258942752629,-0.0006728942633143285,0.8404712147540269,0.9716516492874286,-0.044180736430129715,0.6486637007557811,1.2354264989271375,0.0,0.0,0.0,0.0
0.03996526023271868,0.21407204882610908,0.7743861058641767,-0.010567625768258265,-0.6619311192320247,-0.0046786911582661255,0.7494755689993546,0.0061638411809739335,0.5676927048079591,-0.9202298135039768,-0.0421299596854402,0.7801358022303768,-0.9622528374601982,-0.004146220484364908,0.8375775185485744,0.9778982096401031,-0.037495904435179125,0.6563876519974776,1.2254067256991712,0.0,0.0,0.0,0.0
0.03956650365880346,0.21422705183839308,0.7736573924054689,-0.010511510443562579,-0.661914690051911,-0.004725139941221031,0.7494905765212884,0.010270774715861106,0.5742985605326952,-0.9113677398495268,-0.042452906624276684,0.7772593023706208,-0.9609666162984436,-0.00728585217362057,0.8336243652768393,0.984938284473579,-0.030809180844050772,0.6642941798803561,1.2143984037727078,0.0,0.0,0.0,0.0
0.03891587572946572,0.2143316281473042,0.7728297300720315,-0.010431587857312373,-0.6618987107149783,-0.004797492718138699,0.7495053454060511,0.014305336856811839,0.5805457879079311,-0.9019982612267657,-0.04258459399671146,0.7730518649174831,-0.9581229765337469,-0.010272995762808445,0.8286923946201556,0.9925015485734439,-0.024174183988692567,0.6720091187365635,1.2028345793164643,0.0,0.0,0.0,0.0
0.03795173001405627,0.21440688572355895,0.7719192217516873,-0.010322788195285941,-0.6618757011558288,-0.004897933217312325,0.7495265215544771,0.018224415755561177,0.5861847008743818,-0.8922955834413864,-0.042568910634315324,0.7671185170019138,-0.9530803099678405,-0.013398820147550294,0.8227854995092436,1.0004320942573577,-0.017618216272385804,0.6792470557624057,1.1908978169469782,0.0,0.0,0.0,0.0
0.03660581131357041,0.21448052398257186,0.7709341251594738,-0.01017649915537692,-0.6618306428024975,-0.005029386063407516,0.7495674381857838,0.0219947118189044,0.5911259144364653,-0.8823649913475062,-0.04246826938053937,0.7590067973986118,-0.9451661283878955,-0.01706278932019243,0.8158528654723146,1.0086460592258593,-0.011137747559665036,0.6857632438871786,1.1786329195128686,0.0,0.0,0.0,0.0
0.03480897995455784,0.21458664180878942,0.7698792717125026,-0.009978626960527676,-0.6617393132101225,-0.005196474950534757,0.7496495881438652,0.02560271631664782,0.5953563745160528,-0.8723114240043802,-0.04236351424450513,0.7482356341386927,-0.9337091008104446,-0.02177886038905799,0.8078240003840013,1.0170843215051568,-0.004681103802876638,0.6913224457838143,1.1660096869600596,0.0,0.0,0.0,0.0
0.03250276704168373,0.2147624747777509,0.7687604406420635,-0.00970742743044292,-0.6615696191884697,-0.005408101294412,0.7498014118817696,0.02906933276697433,0.5989128344725394,-0.8622721311233035,-0.042343461662846575,0.7343602339476406,-0.9181168303269824,-0.028152654190829594,0.7986612653238706,1.0256656521175613,0.0018638361435757153,0.695701937317225,1.1529705669895107,0.0,0.0,0.0,0.0
0.02966017977454056,0.2150395601562135,0.7675869585297433,-0.009335079869056405,-0.6612895013171921,-0.0056782006130664245,0.7500512047649117,0.03245843290012258,0.601917641922661,-0.8524206457381478,-0.04248120768408786,0.7170955596483419,-0.89801966250544,-0.03672710402869715,0.7884081324015346,1.0342550352485662,0.00868305102935556,0.6987706377013743,1.1395035889846565,0.0,0.0,0.0,0.0
0.026318982094679328,0.2154267082549492,0.766370831003105,-0.00883792500504794,-0.6608859410284369,-0.006021878406351305,0.7504101551904941,0.035870213208949495,0.6046746720339387,-0.8429336121872459,-0.04279272244823308,0.6965238862382187,-0.8735038346260667,-0.04763552164502058,0.7772282937095863,1.0426699306005658,0.01604865014639202,0.7007010360116208,1.1257771940812407,0.0,0.0,0.0,0.0
0.0226286742884703,0.215883220996815,0.7651194543757154,-0.008218986298213458,-0.6603941318158513,-0.006444151952346698,0.7508465301464958,0.039410773328264335,0.6077835604638039,-0.8338833889205622,-0.043178417606921454,0.6734148577641682,-0.845496129435145,-0.06009467972442843,0.7654284241571401,1.0507657927981409,0.024411093413111373,0.702397181622606,1.112325809874498,0.0,0.0,0.0,0.0
0.018935882166676007,0.21625331146947654,0.763821766142746,-0.00749836040799781,-0.6598295419148898,-0.00696645233962969,0.7513456053969958,0.04332268462319656,0.6116623558824125,-0.8244497700379669,-0.04324533402009795,0.6501214971941663,-0.817652245180188,-0.07235600511172642,0.7533747458775676,1.0584601351642595,0.03481830886657644,0.7062078027312086,1.099496201418991,0.0,0.0,0.0,0.0
0.015592689180099595,0.21645879253312758,0.7626213413841255,-0.006782956076409632,-0.6593072692937693,-0.0075154935410447835,0.7518054492487356,0.04778782851969503,0.6166468698168226,-0.8148295742422181,-0.042894131638498326,0.6289044517230943,-0.7922999044499626,-0.08233066169944246,0.7422980488537366,1.0648011054050135,0.049473298536477715,0.7135099923173527,1.0883297526471407,0.0,0.0,0.0,0.0
0.012874552847074137,0.21649326224453427,0.7617092232330317,-0.006196411598593289,-0.6588699664505655,-0.00800150036771262,0.7521887713763062,0.05226434047906918,0.6218544258481493,-0.8055266024564268,-0.04221351831859809,0.6116356430880436,-0.77132427738265,-0.08873346271842343,0.7333662554094953,1.0686395583610808,0.07133676535811573,0.7247121914012198,1.0793733606062337,0.0,0.0,0.0,0.0
0.011149490075797248,0.21637466845072365,0.7612657867886002,-0.005944175627081407,-0.6585014299875135,-0.008273339184616214,0.7525105217465404,0.05550617562686987,0.6246231693110866,-0.7972906759576011,-0.0414077972827976,0.6008876200993333,-0.7579146428002664,-0.08934466337697282,0.7272890739034491,1.069033320219992,0.1013796640100237,0.7383691208942988,1.072517564177138,0.0,0.0,0.0,0.0
0.011117173295442269,0.21629424075890322,0.7612188727490331,-0.0058383621915239796,-0.6585007744119158,-0.008285887223536289,0.7525117857540481,0.055545956872055456,0.6246503434794414,-0.7973030183358684,-0.041290208921329605,0.60071622865147,-0.7578641590208952,-0.08936725552217226,0.7271643026247895,1.0689584323036945,0.10137553753701069,0.7384138253665875,1.0725346262836253,0.0,0.0,0.0,0.0
0.011117173295442269,0.21629424075890322,0.7612188727490331,-0.0058383621915239796,-0.6585007744119158,-0.008285887223536289,0.7525117857540481,0.055545956872055456,0.6246503434794414,-0.7973030183358684,-0.041290208921329605,0.60071622865147,-0.7578641590208952,-0.08936725552217226,0.7271643026247895,1.0689584323036945,0.10137553753701069,0.7384138253665875,1.0725346262836253,0.0,0.0,0.0,0.0
0.011117173295442269,0.21629424075890322,0.7612188727490331,-0.0058383621915239796,-0.6585007744119158,-0.008285887223536289,0.7525117857540481,0.055545956872055456,0.6246503434794414,-0.7973030183358684,-0.041290208921329605,0.60071622865147,-0.7578641590208952,-0.08936725552217226,0.7271643026247895,1.0689584323036945,0.10137553753701069,0.7384138253665875,1.0725346262836253,0.0,0.0,0.0,0.0
0.011880395046150844,0.2162885566224724,0.7614050512574815,-0.005721882138331182,-0.6588004295821323,-0.008312430059065823,0.7522500631795959,0.05554250790498572,0.6290780356991001,-0.8021369340702973,-0.04143222308586362,0.6053022672208295,-0.7633086006125585,-0.0919153387907099,0.731315800073201,1.0689273975893492,0.10109867397307756,0.7417759518874721,1.0723233414762199,0.0,0.0,0.0,0.0
0.013351736553443938,0.21637178995786105,0.7616206647102478,-0.005719976771048838,-0.6590516959348784,-0.008291924463047868,0.7520301775459534,0.05540478385889504,0.6385166874497484,-0.8153437294268331,-0.041873025424748786,0.6144325141248812,-0.7760102455721682,-0.09465430587683515,0.7366579842152252,1.069758330684122,0.10201008229449282,0.7469523083964664,1.0723905361582886,0.0,0.0,0.0,0.0
0.015500092635977727,0.2165167000414304,0.7618519708473083,-0.005811541538971722,-0.6592935097264179,-0.008223555169475875,0.7518182407722873,0.055170384660518795,0.6524141984586717,-0.8358057782854454,-0.04256805322071073,0.627700933046329,-0.795136920042449,-0.0976007888796158,0.7432988293382612,1.071417095962636,0.1043280578939639,0.7540437405201497,1.072883145214937,0.0,0.0,0.0,0.0
0.018285889418051704,0.21662422226306122,0.7622400269387638,-0.005969814762245424,-0.6596023497079057,-0.008117655563722521,0.7515472075922196,0.05505997273285587,0.6699074130001408,-0.8610554863822184,-0.0432817781911982,0.6447812892255319,-0.8192166110481196,-0.10024760316587239,0.7522059355163262,1.0723612637529194,0.10903507220377553,0.7642186722879968,1.0728498399820032,0.0,0.0,0.0,0.0
0.021687674508182042,0.21654589337648958,0.7633521123349032,-0.00617581501586393,-0.6603037041725283,-0.007935324641179808,0.7509313605035863,0.05531200925327643,0.6900100151268207,-0.8856857552096654,-0.043726958909396846,0.6653612947900998,-0.843904291116102,-0.10140687314310255,0.7672428250733708,1.0676028533266375,0.1190446008169197,0.782336281246702,1.0682379122745145,0.0,0.0,0.0,0.0
0.024786880441707047,0.21698458658325986,0.764010153487361,-0.005098969891879415,-0.6603063994471182,-0.008978188081747798,0.7509253301720439,0.055499816494429616,0.7092640924027791,-0.9105316278344444,-0.04072422671586609,0.649624834350901,-0.8302386929110611,-0.06963212739370613,0.7490978791805594,1.0803811266198322,0.09355373947426009,0.7841510197538136,1.0627190991016393,0.0,0.0,0.0,0.0
0.027900472757300152,0.21740101702381506,0.7648997188860168,-0.004387456216748661,-0.6603777089996212,-0.00960364260733883,0.7508593754712184,0.05524764741799183,0.7283953417328498,-0.9347146476082174,-0.03535745588723444,0.6363982950878989,-0.8266140427954952,-0.04444288758299964,0.7342590738181841,1.0918639333310447,0.07570138890356859,0.7899238712572828,1.0555411959512595,0.0,0.0,0.0,0.0
0.030762154364670526,0.21770695433513323,0.7659056786770609,-0.0039658316025600795,-0.6605555712082136,-0.009922764237274319,0.7507011044852552,0.054900560769181574,0.7455549870607808,-0.9554195075864378,-0.02992754865132631,0.6263236512620698,-0.8293489114200896,-0.026659290666038647,0.7232015760004824,1.1037149552304164,0.06480537179394164,0.7984284484923281,1.0477007349047953,0.0,0.0,0.0,0.0
0.03323316527330013,0.21790416129827528,0.766944038054217,-0.0036854706493687278,-0.66077035420329,-0.01010764574651108,0.7505110204451458,0.05465254552052816,0.760075231822395,-0.9719374621033681,-0.0251635434264436,0.6185537234660163,-0.8354277796558803,-0.013626870586679943,0.7145438599508839,1.1159181586174456,0.05763649321093311,0.8076221374159016,1.0395851477676836,0.0,0.0,0.0,0.0
0.035254865006223955,0.2180130827770185,0.767977904290169,-0.003463792530406859,-0.6609855733785572,-0.010245301060155077,0.7503206699358034,0.054548726887281004,0.7717799025189459,-0.9841820796882039,-0.020998724909508524,0.6122866877284148,-0.8431412070409604,-0.0033258322347584843,0.7071151090160406,1.1282237796393404,0.05233964111265683,0.8164300999502125,1.0313452941185632,0.0,0.0,0.0,0.0
0.036827767676583245,0.21806294339978907,0.7689918236787109,-0.0032653600189056697,-0.6611849702705085,-0.010369595029532937,0.7501441488215829,0.054552548026421156,0.7808139588391632,-0.9924949876476825,-0.017149019578580654,0.6068472603718102,-0.8515716936038603,0.0054470130608368535,0.7001225670747565,1.1404456331125055,0.04792229853708968,0.8243855767566584,1.0230426788842983,0.0,0.0,0.0,0.0
0.03799051125072551,0.21808497592976234,0.7699782886196508,-0.0030792685098671112,-0.6613625684697269,-0.010489048748928486,0.7499867005413579,0.054595809593926604,0.7875051173002395,-0.997458396757725,-0.013368487915412234,0.6017188773304715,-0.8602422500883655,0.013372164755986808,0.6930841918195821,1.1524909838498416,0.04385305674803356,0.831351500823629,1.0147089069383504,0.0,0.0,0.0,0.0
0.03880151041752259,0.21810732808088568,0.770932294657186,-0.002905367493229758,-0.6615175227314208,-0.01060206968133052,0.7498491328777314,0.054608679237852786,0.7922576470022946,-0.9997424225521383,-0.009518161800179576,0.5965447479579198,-0.8689129142144912,0.020832726086066757,0.6857357609231219,1.1643357619868364,0.03985133551059705,0.8373580107551444,1.0063703396869215,0.0,0.0,0.0,0.0
0.03932500758075017,0.21815217683947286,0.7718496045402553,-0.0027469954621725055,-0.6616515553785196,-0.010704287156220278,0.7497300124161989,0.054534631609317534,0.7954788959443246,-0.9999991331885549,-0.0055519927648125895,0.5910993275574317,-0.8774704366832228,0.028046478545918997,0.6779541431740378,1.175992989176515,0.035777660376934944,0.8425093178563512,0.9980575075126056,0.0,0.0,0.0,0.0
0.03962186549240547,0.2182350603889497,0.7727262241017144,-0.0026076257556205676,-0.6617675972290981,-0.010791603736279796,0.7496268330538495,0.05433476105478022,0.7975352168860937,-0.9988019552764166,-0.001480139555146291,0.5852477936066485,-0.8858701650861665,0.035138983218958364,0.6697049181678185,1.1874860656935657,0.031571763978171685,0.8469298802187482,0.9898083336058016,0.0,0.0,0.0,0.0
0.039744500838862114,0.2183659102961898,0.773557750180139,-0.002489722774837858,-0.6618689171848403,-0.010861058238253878,0.749536773720287,0.053985444690048075,0.7987313989063222,-0.9966232700181382,0.0026630102279492883,0.5789130934888453,-0.8941022289594447,0.042184008392567536,0.6610134533225366,1.1988271293026735,0.027214104949414297,0.8507319599048878,0.981671701581588,0.0,0.0,0.0,0.0
0.03973494395886105,0.21855111183599757,0.7743378220291119,-0.0023945804059580297,-0.6619582693186901,-0.010910912602005043,0.7494574488598239,0.053472890706218405,0.7993070259355035,-0.9938416708736915,0.006838326685039955,0.5720668983585989,-0.9021625143135041,0.049224528371344514,0.6519557868876258,1.209995268580985,0.02269440280144849,0.8539902924379702,0.9737169731055704,0.0,0.0,0.0,0.0
0.03962497733387575,0.21879574107942976,0.7750555141469456,-0.0023231444660826535,-0.6620373956888654,-0.010939718931138528,0.7493873579524823,0.05278640800072813,0.7994428265316702,-0.9907682482629006,0.011008817198203097,0.564762159522896,-0.9100130098103257,0.05628516270262586,0.6426669733438183,1.2209044691334905,0.01800518694825003,0.8567266044227639,0.9660544227535687,0.0,0.0,0.0,0.0
0.03943722668261628,0.21910572275201548,0.7756911884344451,-0.002276077049823266,-0.6621059014895027,-0.01094661186229366,0.7493268755188034,0.05191374368435644,0.7992714465574062,-0.9876849586421107,0.015140007604763708,0.5572107916848971,-0.9175201527779149,0.06336752387911553,0.6333626947483303,1.2313452364414978,0.013113037596012195,0.8588776658298046,0.9588685322564701,0.0,0.0,0.0,0.0
0.03918624032090018,0.2194886682931627,0.7762118821478786,-0.0022549386407186454,-0.6621613037570847,-0.010930111549149274,0.7492782231721188,0.050838023867264055,0.7988839937710788,-0.984876105092669,0.01919523200821792,0.5499085676518478,-0.9243687324345377,0.07043541040576361,0.6243826410415056,1.2408747479164761,0.007982543438357869,0.8602810336509644,0.9524637527108415,0.0,0.0,0.0,0.0
0.038878596102012976,0.21995299047286807,0.7765682026855046,-0.002263705448344714,-0.6622001835166088,-0.010886494865231418,0.7492444706621211,0.04953841314019014,0.7983263852730363,-0.9826340326998588,0.023131244961353187,0.5437516714916216,-0.9299692579359824,0.07737437065407764,0.6162735313665593,1.2486205626911546,0.0026299583433556113,0.8606781262430282,0.9473032410686362,0.0,0.0,0.0,0.0
0.03851182847927417,0.2205051936999556,0.7766993137416786,-0.002311069021456276,-0.6622214194724558,-0.01080712748131922,0.7492267057089371,0.04799362342329079,0.7975848181296499,-0.9812088319925677,0.02689651438053608,0.5400025217072864,-0.9334099216693887,0.08392552603446295,0.6099561217578974,1.2529615989469274,-0.002785428393379694,0.8597779205496757,0.9439770843109611,0.0,0.0,0.0,0.0
0.038073853367353236,0.22114854900592013,0.7765594063104908,-0.0024111180292341523,-0.6622319567742291,-0.010678009133530997,0.7492189279895223,0.04618346227162535,0.796579976539708,-0.9806694767476749,0.030432729239459406,0.539820689419381,-0.9335758784350223,0.08965210514052477,0.6069565243795335,1.2512254518201815,-0.00794901250739858,0.8574282204473392,0.9429523826894012,0.0,0.0,0.0,0.0
0.037542618179974625,0.22190033229515552,0.776142005879357,-0.002566363238140787,-0.6622330084633431,-0.010498494187616145,0.7492200196878834,0.04406359287985978,0.795219409746986,-0.9809030562067509,0.033710004437302855,0.5431676347094214,-0.9304286537187393,0.09446419357523769,0.6072950368004093,1.2434592073707074,-0.013038444619069216,0.8535124649908716,0.9442215916767952,0.0,0.0,0.0,0.0
0.03688803477432651,0.22279207747237603,0.7754806807321525,-0.0027682139142449123,-0.6622197586124373,-0.010280001266023058,0.7492340421183363,0.04156363621083058,0.7934082482294643,-0.9816318899146527,0.036730105760637406,0.5488263831208258,-0.9250363401440275,0.09865610455304717,0.6094709259972281,1.2323948848688477,-0.01865242796912134,0.8479870222743331,0.9472879266507824,0.0,0.0,0.0,0.0
0.03607305900987549,0.22385281400081466,0.7746248505229417,-0.0030111714708722023,-0.662193062521165,-0.010030978819502639,0.7492600751802648,0.038616794835200946,0.7910013604157528,-0.9824203183701022,0.039491792565890776,0.5554824654527545,-0.9182784440987438,0.10237841074027229,0.6125611046756311,1.219677973336109,-0.02522740360957486,0.8409607262481192,0.9515016863706186,0.0,0.0,0.0,0.0
0.03505454922913364,0.225108654840419,0.7736133106106863,-0.0032921852102104606,-0.6621547421591113,-0.009757393890667156,0.7492963714160138,0.0351636149056115,0.7878045300008629,-0.9827998751504853,0.04198253637325978,0.5621915042390445,-0.9107184188737012,0.1056621368782558,0.6160018596189304,1.2061803567293383,-0.03304193626610899,0.8325253683285712,0.9563218563886337,0.0,0.0,0.0,0.0
0.033785800394018704,0.2265826981705144,0.7724692486823354,-0.003608553925484996,-0.6621059130918049,-0.009464773812595783,0.7493418153580584,0.031155347811044617,0.7835868515034982,-0.9823084677276812,0.044179559872755056,0.5684219938383945,-0.9026643324073337,0.10848641195826186,0.6194343351371007,1.1923248129569646,-0.04225827963930676,0.8227127681143669,0.961361299168679,0.0,0.0,0.0,0.0
0.032219007017702875,0.2282930435234894,0.771203678879046,-0.0039554719874679845,-0.6620463756111152,-0.009160487880302109,0.7493964479788634,0.026561844939630846,0.7780883194632886,-0.9804827171710783,0.04605926968069961,0.5739437455778947,-0.8942759292257341,0.11082607038192943,0.6226272455339829,1.1782822322070756,-0.05294792849776469,0.8115077294722312,0.9663523226180907,0.0,0.0,0.0,0.0
0.030308011004062815,0.23024865826972912,0.7698216124951972,-0.004325816253039648,-0.661975982670212,-0.008852988230570501,0.7494602793216872,0.02138107167705125,0.771023634928436,-0.9768309411948646,0.04760792986886784,0.5787151962972297,-0.8856631147949853,0.11269835537977482,0.6254356093235315,1.1640785023585976,-0.06504508885353082,0.7989061748565897,0.9710998925661216,0.0,0.0,0.0,0.0
0.028012421750820787,0.23244494116511935,0.7683287083512629,-0.004709400627967719,-0.661895428120233,-0.008551831042319925,0.7495326076729967,0.015650102791727953,0.7620947925590841,-0.9708179345360674,0.04883818343922551,0.5828116631420416,-0.8769579481526656,0.11420278020650938,0.6277733013331002,1.1496469326677865,-0.07833454409659081,0.7849632313126589,0.9754343908367029,0.0,0.0,0.0,0.0
0.0253047508538681,0.2348601629597724,0.7667383984331944,-0.0050917234372964285,-0.6618063807509275,-0.008268317419629261,0.7496119153781139,0.009453849962362223,0.7510252195185811,-0.9618825820795974,0.04981324769206888,0.5864074287374196,-0.868361114978117,0.11557518691356605,0.6295949026971367,1.1348529666621374,-0.09248297666401158,0.7698319128818906,0.9791635101858082,0.0,0.0,0.0,0.0
0.022182639849556967,0.23745382115087135,0.7650793083229416,-0.005452713501053933,-0.6617115799562759,-0.008015872248870251,0.7496958040827854,0.002926860672235812,0.7376300574101221,-0.9495124872684456,0.050678331535633586,0.5898129498389978,-0.8601720809353752,0.11729149059199503,0.6308881053224463,1.1195106901548162,-0.10710310771706917,0.7538016352206475,0.9820275513242775,0.0,0.0,0.0,0.0
0.018688908072685983,0.24016832669168667,0.7634004269543431,-0.0057638583512063385,-0.6616145265722155,-0.0078120414563271085,0.7497812802236494,-0.0037542545759717307,0.7219429163502445,-0.9334188371932572,0.05169277227595713,0.5935576137716644,-0.852819395150427,0.12026684451624707,0.6316769027166671,1.1034049700646065,-0.12188195759592689,0.7373146891300462,0.9836793725247365,0.0,0.0,0.0,0.0
0.014943657003461348,0.24293368822542424,0.7617647581421032,-0.005982550660524995,-0.6615220858343056,-0.007683989011856999,0.7498624509560999,-0.010385283652543272,0.7044219829922731,-0.9138729861543022,0.05323912225190526,0.5985012894918683,-0.8469169358749413,0.1262726562515048,0.632026078627893,1.0863488604056717,-0.13677661896000068,0.720921579891977,0.983784763662274,0.0,0.0,0.0,0.0
0.01135063630474721,0.2457607047627253,0.7602133810118693,-0.006042146521697652,-0.6613548718521732,-0.007678140502500322,0.7500095146738005,-0.01698120744291566,0.6875304436311613,-0.8947693635174838,0.05531981975329351,0.6055128725509225,-0.8427761970285299,0.1386057294974909,0.6324407703206514,1.067821968788024,-0.15295999175390063,0.70494094342114,0.9821144457536323,0.0,0.0,0.0,0.0
0.00823098180724459,0.24848092900103289,0.7588667664044173,-0.005855675300281233,-0.6611549439561221,-0.007863030756176939,0.7501853263670799,-0.02311270421083155,0.6729336202026518,-0.8779313183452919,0.05801910559351954,0.6156308321680912,-0.842496525231845,0.16194907137024014,0.6318285616031768,1.047286365541929,-0.17052628170564982,0.69035815119824,0.978606105619117,0.0,0.0,0.0,0.0
0.0059328931826591646,0.2507797268725169,0.7577149310767104,-0.0053492864423455464,-0.6610011474344254,-0.008297469500613988,0.750319945239907,-0.02802982484516752,0.6622039852702285,-0.8654467477085032,0.061179391781654484,0.6294690705772771,-0.8500566587810845,0.20098260238684576,0.62880541853635,1.0237737782827054,-0.18872144122621787,0.6775339427606459,0.975238493023394,0.0,0.0,0.0,0.0
0.0048690006783009415,0.25209216434383885,0.7564515532052731,-0.004623139487788279,-0.6610894746399327,-0.008923672590031816,0.7502397624553634,-0.030471209470163796,0.6566960884719111,-0.8599746219308944,0.06457178776338626,0.6468962331072989,-0.8714323095765802,0.2487721606229242,0.6259269942930829,0.997244953944534,-0.20407608995719126,0.6660442492658917,0.9783881712135272,0.0,0.0,0.0,0.0
0.004795234716856819,0.2523444859344693,0.7563223610421372,-0.004788892489078299,-0.6611546635381539,-0.00897425990725763,0.7501806716049112,-0.030780725930300304,0.6564966203290942,-0.8599689569029642,0.064570674420671,0.6469251125725054,-0.871444401874396,0.2488051154968672,0.6259536818292668,0.9972522400759906,-0.2040548184937426,0.6658571285194267,0.9782710521252286,0.0,0.0,0.0,0.0
0.004795234716856819,0.2523444859344693,0.7563223610421372,-0.004788892489078299,-0.6611546635381539,-0.00897425990725763,0.7501806716049112,-0.030780725930300304,0.6564966203290942,-0.8599689569029642,0.064570674420671,0.6469251125725054,-0.871444401874396,0.2488051154968672,0.6259536818292668,0.9972522400759906,-0.2040548184937426,0.6658571285194267,0.9782710521252286,0.0,0.0,0.0,0.0
0.0049881498391916666,0.25333549826365287,0.7562671078178206,-0.004860921292064502,-0.6608124469564975,-0.00903465552477861,0.750480950052103,-0.03301105735319334,0.6601145091731891,-0.8677206013772346,0.06239663323397957,0.6465962455568183,-0.8726019869526281,0.24230099731545032,0.6253971336277285,1.0016275313048628,-0.2095373661763955,0.6646167412171489,0.9741113000260562,0.0,0.0,0.0,0.0
0.005776701718236233,0.2548056177391141,0.7562236007191465,-0.0050279444044657945,-0.6606401689845356,-0.009000824197942023,0.7506319151640886,-0.03659759933743109,0.6682107492182471,-0.8820832419946921,0.05900020430266377,0.6487454394190078,-0.8766220956066353,0.23508910823256643,0.6256141194907101,1.008947553901085,-0.21839162834709208,0.6645823578276063,0.969243899491905,0.0,0.0,0.0,0.0
0.007341978228462368,0.2566566605525067,0.7562644050687487,-0.005319042494616623,-0.6606850927648746,-0.008876718580618852,0.750591846380208,-0.04131141032921328,0.6815176357423259,-0.9036372027726377,0.05464717335301749,0.6545873297973114,-0.8849088728999063,0.22813264568586974,0.6273472890877422,1.0184318388985711,-0.23016908280293324,0.666573482491969,0.9636549989416316,0.0,0.0,0.0,0.0
0.009794017267027437,0.2590009028863424,0.7567625881409702,-0.005824710945548533,-0.6610242167535604,-0.008598204724220519,0.7502926952085187,-0.047523993357844914,0.7007915189238499,-0.9317727283391329,0.048982308516898374,0.6645338205422867,-0.8960351008838116,0.22173089868607576,0.6328366932858513,1.0273373509826027,-0.2451637156382403,0.6732632569231067,0.9537413940445344,0.0,0.0,0.0,0.0
0.013298507595933547,0.26232910128729753,0.7590646127701943,-0.006960169352417126,-0.6623848323723576,-0.0077461167192227915,0.7490913746409056,-0.05692852835553566,0.7276175153046249,-0.9609355144476683,0.04025583345508042,0.6781204104557816,-0.8993904858909636,0.2192708464358657,0.6498212826846779,1.0266519757735846,-0.26407513100215824,0.6957742434894615,0.9270090305526253,0.0,0.0,0.0,0.0
0.01529323276909211,0.26568495423716537,0.7610745040540587,-0.00658450757634142,-0.6613958967056575,-0.008056826618361506,0.7499647989244148,-0.05389241751044757,0.6890875709333429,-0.9055017624924432,0.032357210665379416,0.6856244229426811,-0.9079215994189199,0.1911495818953462,0.6651527586019139,1.0238929565188037,-0.20809807133019131,0.6829878707703607,0.9769169519076213,0.0,0.0,0.0,0.0
0.01815597409068221,0.2689287094417659,0.7630826095030555,-0.006583971699482413,-0.6610759893697717,-0.008037508545956432,0.7502470166897109,-0.050642283311941066,0.6629406975987967,-0.8769120124769777,0.024348627264795544,0.6972684071165123,-0.9190899508021023,0.1694125969482153,0.6817367498773468,1.0219659907535235,-0.16335459401720448,0.6778230282855706,1.0150428741278403,0.0,0.0,0.0,0.0
0.02154428298165226,0.2718330004092159,0.7650332130384648,-0.006884199421301266,-0.6610960938391583,-0.007821729043317864,0.7502288871162636,-0.047175128203741104,0.6460431158702614,-0.8646911908857768,0.01696697649434968,0.7117961611692321,-0.9328213923200096,0.1534661448171996,0.6986619289339591,1.0196028984348329,-0.13650928782588104,0.6756049136808128,1.0437007757413592,0.0,0.0,0.0,0.0
0.024878672386786697,0.27449430053767354,0.7669363398078061,-0.007312483900659427,-0.6612500920966972,-0.007517827657306905,0.7500922113637943,-0.044246823441698425,0.6349534308267576,-0.8618355852227925,0.010038466404732535,0.7259003060407979,-0.9450696609606838,0.14010280617060616,0.715429434565333,1.0161993213142935,-0.12148255391239347,0.673991041212372,1.0663207232837866,0.0,0.0,0.0,0.0
0.027933593653135445,0.27693772476287437,0.7687518801702019,-0.007763694781980805,-0.6614156384753184,-0.007192314039826473,0.7499448972040357,-0.04184855759145703,0.6272392802366731,-0.8641328842793876,0.0035676182135733567,0.738481748927395,-0.9550734595080461,0.12775774331124973,0.731502129136438,1.0119458924478737,-0.11304051141118202,0.6723240120322358,1.0851642409330866,0.0,0.0,0.0,0.0
0.03060504209778948,0.27917998656195675,0.7704436435566434,-0.008190646882349004,-0.6615503927357747,-0.006875755963497166,0.74982445622607,-0.03981045773090732,0.6213004714215277,-0.8692609252485829,-0.0024408482512954027,0.7490597366757809,-0.9625732408435559,0.11573482266544521,0.7464944817776024,1.0072360037637995,-0.10797872487823025,0.6703196131933264,1.1017017314280797,0.0,0.0,0.0,0.0
0.032867760478650684,0.2812281512710804,0.7719967096112222,-0.008575989994926524,-0.6616464954378346,-0.006580373397433641,0.7497379983410128,-0.037918901264224626,0.6161143683359224,-0.8759141057465945,-0.007972622332475962,0.757573807291205,-0.967663001743684,0.10386299019517758,0.7602243029560378,1.0023510422641628,-0.10454469637905847,0.6678490712761596,1.1168686239746441,0.0,0.0,0.0,0.0
0.034743324639783656,0.2830854062805995,0.773413643854415,-0.008916677260271382,-0.661711595331777,-0.0063099474928424255,0.7496788926151972,-0.03599448116598201,0.6110637902746212,-0.8833415246082692,-0.013013671715137391,0.764202830261261,-0.9706256701844815,0.09224950701044497,0.7726707027884153,0.9974329275352866,-0.10181972012253637,0.6648850229923737,1.131261874606547,0.0,0.0,0.0,0.0
0.03627640372238532,0.28475611011012925,0.7747060187177736,-0.009213626656467869,-0.6617547157015611,-0.006065105307134787,0.7496392597964667,-0.03391757467946963,0.6057858349019385,-0.8911063319271972,-0.017561878517827034,0.7692342788637805,-0.9718439319342437,0.08107041475574546,0.7839042532827024,0.9925331758231372,-0.09931557214844705,0.6614453459557131,1.1452596284017134,0.0,0.0,0.0,0.0
0.03752099674972017,0.2862471454106969,0.7758884076761299,-0.009471616624276272,-0.6617869276396,-0.005844197535726233,0.7496093624275412,-0.031623916986225006,0.6000852277209268,-0.8989565572073951,-0.021627724177672898,0.7729828149919439,-0.97170022358958,0.07053153434845227,0.7940399026589264,0.9876635626303731,-0.09677745679090832,0.6576011107229476,1.1590955764981243,0.0,0.0,0.0,0.0
0.038529873341198985,0.2875684962414407,0.776973540519224,-0.009694820482308941,-0.6618145877732642,-0.00564504607784145,0.7495836146295484,-0.029089457716492136,0.5938537121351043,-0.9067491009347072,-0.02523517251189224,0.7757418982921988,-0.9705633429814354,0.06077631369029278,0.8031920942186935,0.982834115751154,-0.09406430247368264,0.6534388028559254,1.1728975663831422,0.0,0.0,0.0,0.0
0.039350253239499956,0.2887323432510333,0.7779696950610708,-0.009886156542725545,-0.6618429396337446,-0.005467227358246441,0.7495574004642936,-0.02631226843648258,0.5870627437706806,-0.9143935171380494,-0.02841417969725119,0.7777604468646888,-0.9687549395408067,0.0518614308907803,0.8114709430479455,0.978085078279682,-0.0911183237419529,0.6490778728854008,1.1867045310302982,0.0,0.0,0.0,0.0
0.04002110324985104,0.2897508543140781,0.7788775871385537,-0.01004903092451948,-0.6618734321364288,-0.005309040056879428,0.7495294463215549,-0.023303528103650988,0.5797737321517057,-0.9217911427976035,-0.031198187891223427,0.7792375884205787,-0.9665624735875965,0.04381993959055324,0.8189276406814331,0.9735043488268235,-0.0879121970982502,0.6446749038654617,1.2004550926450221,0.0,0.0,0.0,0.0
0.040572635446041776,0.29063544170261996,0.7796871482591352,-0.010186011947577834,-0.6619053478131995,-0.005169539619353773,0.7495003879632185,-0.02007844566187473,0.572218807782425,-0.9287612071948951,-0.0336188050011049,0.7803213873977064,-0.9642488911792271,0.036646359367404104,0.8255460387954686,0.9692646929796643,-0.08444041368420993,0.6404481772123879,1.213938771729311,0.0,0.0,0.0,0.0
0.04102610773274722,0.29139669060612017,0.7803736511076383,-0.01029833871378663,-0.6619363103516906,-0.005049187298739509,0.7494723283519868,-0.016653188347062763,0.564913800261615,-0.9349503214293966,-0.03570440471778709,0.7811078774782524,-0.9620667821352248,0.030290510213633833,0.8312232854535775,0.9656655202950459,-0.08069284948636349,0.6367164756105862,1.22668795805569,0.0,0.0,0.0,0.0
0.04139331920931569,0.292045378472612,0.7808956162857644,-0.010385345528144381,-0.6619626820943665,-0.004950404339948931,0.7494484943006855,-0.013044611082513804,0.5587553856233817,-0.9397446990564247,-0.037481838685784384,0.7816358971964782,-0.9602588770548719,0.0246366332277905,0.8357628614190548,0.9631603180478769,-0.0766131181207109,0.6339739524450029,1.2377789838365012,0.0,0.0,0.0,0.0
0.041675692517628836,0.2925939238223882,0.7811998999028146,-0.010445803610438774,-0.6619784501024171,-0.0048751389880019765,0.7494342197996976,-0.009274280390009984,0.5549558373053981,-0.9422385751450395,-0.03898288249716805,0.7818810056086646,-0.9590282170522768,0.0195292741190478,0.8388844623555892,0.962308909868986,-0.07201860821723766,0.6330452501840089,1.2455114306719963,0.0,0.0,0.0,0.0
0.041865625760991884,0.2930572489425374,0.7812467328900647,-0.010479194951876807,-0.6619806027291224,-0.004823635121212825,0.7494321854762883,-0.005366738742508628,0.5545937299298086,-0.941384266867823,-0.04024615844351746,0.7817606222016908,-0.9584192328666725,0.014800496377143554,0.840374919293446,0.9635441529275796,-0.06655886411608011,0.6353341522558376,1.2471196618150016,0.0,0.0,0.0,0.0
0.04194693921999707,0.29344102372058245,0.7810347414963741,-0.010486011872521765,-0.6619694471936268,-0.004796686615491656,0.7494421167339651,-0.0013472573080667875,0.5576449266438372,-0.9371515580712408,-0.04128161347212082,0.7811710658292911,-0.9582780758796686,0.010398807769033964,0.840208106862566,0.9668862393750988,-0.06029096100501787,0.6407676164367577,1.242550637636239,0.0,0.0,0.0,0.0
0.04189636467734247,0.2937432989505009,0.780601389122805,-0.010467282707061652,-0.6619489006962602,-0.0047962256930095684,0.7494605293668537,0.0027486833828002195,0.5630015434515161,-0.9305618055705575,-0.042073998125136944,0.7799914843982395,-0.9582563571517816,0.006367950952115204,0.838555654150119,0.9719450951971504,-0.05366026321723603,0.6478246507928817,1.2344755032568484,0.0,0.0,0.0,0.0
0.041683037378839806,0.2939672323718299,0.7799985070402998,-0.010424405592858782,-0.6619242280274193,-0.004822064058026719,0.7494827521808363,0.0068748979991654574,0.5694276405169478,-0.9225110784848444,-0.042622433184969506,0.7780458536095207,-0.9578531113870546,0.0027251997090203574,0.8356569605813989,0.978200564629539,-0.0469148107981943,0.6555933691312847,1.2245261543279375,0.0,0.0,0.0,0.0
0.04126620288223756,0.2941210630106859,0.779268106636174,-0.010356843020875755,-0.6618976014473567,-0.004874440030194707,0.749506865102161,0.010983246545830907,0.5760092899543277,-0.9136021028621216,-0.04293886129650395,0.7750902215453509,-0.9565164127413845,-0.0005992590884464012,0.8316836171491829,0.9852351895314796,-0.040166219327155576,0.663514281634486,1.213579067119722,0.0,0.0,0.0,0.0
0.040595638422683454,0.2942172766819857,0.7784375006942503,-0.010262276829213796,-0.6618675307439502,-0.004954128916968463,0.749534198037595,0.01502851459053371,0.5822139059532585,-0.9041783065079636,-0.04304611702670489,0.7708151075422915,-0.953667252869085,-0.0037518475422001945,0.8267104837067286,0.9927762652024644,-0.03345879640024501,0.671212736627372,1.2020679571423338,0.0,0.0,0.0,0.0
0.03961312687551775,0.2942730890104274,0.7775219330951472,-0.010136071918205394,-0.6618284073484971,-0.005062934130601553,0.7495697338944589,0.018973384577692386,0.5877952945336018,-0.8944189015241633,-0.04297904818911738,0.7648504975957885,-0.9486969698515243,-0.006968654303462961,0.8207383382841835,1.0006677583699595,-0.026809309725419735,0.678414875805701,1.190180542494852,0.0,0.0,0.0,0.0
0.03825510445999202,0.29431108645807075,0.7765289666632047,-0.009971350664324839,-0.6617687429094107,-0.0052027631700574915,0.7496236617993216,0.022794693013675423,0.5926730224745775,-0.8844326993244982,-0.04278816173924251,0.7567768835933889,-0.9409686384377757,-0.010560535732625482,0.813713760362025,1.0088223808872023,-0.020210043327402623,0.68489835014355,1.1779702802837233,0.0,0.0,0.0,0.0
0.03645821423394863,0.2943596222462287,0.7754630242344753,-0.009757350279220848,-0.6616711894044124,-0.005377065940490726,0.7497113567164035,0.026494887224019395,0.5968552995125869,-0.8743275709838829,-0.04253986488394372,0.7461500307574876,-0.9298356170593605,-0.014934635293804267,0.8055751989946985,1.0171785633163983,-0.013625210992717934,0.6904685561912565,1.165420505574388,0.0,0.0,0.0,0.0
0.03416955107709871,0.29445072939534245,0.7743293446410245,-0.009477961050567531,-0.6615128177270347,-0.005592053890145724,0.7498531117295256,0.030112169092259163,0.6004086984998614,-0.8642474696197111,-0.04231103188562197,0.7325569680475165,-0.9147092305056169,-0.020571598715047573,0.7962942344605506,1.0256593810694772,-0.006970421211457909,0.6949584555166817,1.152491139723825,0.0,0.0,0.0,0.0
0.03136514384661432,0.2946130874731994,0.7731369632692199,-0.009112957858864928,-0.6612701791964327,-0.005856965801676812,0.7500695968083083,0.03372372423718822,0.6034841491603021,-0.8543758040419595,-0.04217114244769081,0.7157257892562808,-0.8951916493051749,-0.02790229021686222,0.7859178501460627,1.0341394876424301,-9.199447079726985e-05,0.6982906723299458,1.1391827889314148,0.0,0.0,0.0,0.0
0.02808014602344157,0.29485750522127335,0.7718992616137768,-0.008644524949206638,-0.6609325185318161,-0.006182242299421133,0.7503700807040112,0.03743372454604557,0.6063970045555582,-0.8448995085080648,-0.04214656240482882,0.6957182259363467,-0.8713116092303893,-0.03705427447014706,0.7746148216128534,1.0424399335975367,0.007253081967336422,0.7006514429074177,1.1256531032897612,0.0,0.0,0.0,0.0
0.024453287210357263,0.2951524266671782,0.7706284420953005,-0.008071678607241433,-0.6605205083650744,-0.006572267427751822,0.7507358465761865,0.04133956147989628,0.6097166334092444,-0.8359050366773291,-0.04216724135098296,0.673247182034009,-0.8439580596446284,-0.04745854428374382,0.7626980308913999,1.0503888731342408,0.015505011831962137,0.7028638053263138,1.1123663081509065,0.0,0.0,0.0,0.0
0.020781963631492987,0.2953735906995252,0.7693187596640906,-0.0074013706597084615,-0.6600282791732042,-0.007054381687331932,0.7511711696431286,0.04551244352351705,0.613817843935722,-0.826719554885917,-0.041913109007020506,0.6503262443374084,-0.8163438872693702,-0.05788339973750388,0.7505129217239255,1.0578837106191383,0.025398240713891115,0.7068880366430756,1.0995902758729768,0.0,0.0,0.0,0.0
0.01745241010908914,0.29544042077606303,0.768113966036021,-0.006723036786680658,-0.6595465156223306,-0.007564898524505879,0.7515956138889593,0.05022699570890636,0.6190422850081561,-0.8174497091080151,-0.04128137052743205,0.6294686291546818,-0.7913316865963266,-0.06636929264713166,0.739313912783437,1.063951346578648,0.039020547775124134,0.714158674283428,1.088262788843762,0.0,0.0,0.0,0.0
0.014742027516504368,0.29536538520424865,0.7672047047772359,-0.006149545452254737,-0.6591155256676845,-0.008022830310831381,0.7519737635771252,0.054897189496732085,0.6245928646928353,-0.8087314315883471,-0.04039603646339102,0.6125278893075904,-0.7708147909751811,-0.07188201994527477,0.7303136084105151,1.067491276769594,0.05887819635208194,0.7249643796682834,1.0788836877374366,0.0,0.0,0.0,0.0
0.013029014404086398,0.29518932341526627,0.7667697313955554,-0.005869049360678181,-0.6587425563865139,-0.008297373405228693,0.7522997755280382,0.05826018327928784,0.6280117391336718,-0.801525910481059,-0.03948761121910979,0.602054601392817,-0.7578926136064786,-0.07269214523833702,0.7244350702636139,1.0676973033590043,0.08569442683756334,0.737967631462268,1.0713787909750665,0.0,0.0,0.0,0.0
0.012993770574039554,0.2951044974917247,0.7667217019752003,-0.005761581226449467,-0.6587431005764305,-0.008307771072468441,0.7523000149970284,0.058300033187830856,0.6280391864349921,-0.8015385253062628,-0.03936715695617078,0.6018820711303776,-0.7578432751040687,-0.07271450257753762,0.7243100439740969,1.0676220320258119,0.08568942904374582,0.7380122793017312,1.0713957940260281,0.0,0.0,0.0,0.0
0.012993770574039554,0.2951044974917247,0.7667217019752003,-0.005761581226449467,-0.6587431005764305,-0.008307771072468441,0.7523000149970284,0.058300033187830856,0.6280391864349921,-0.8015385253062628,-0.03936715695617078,0.6018820711303776,-0.7578432751040687,-0.07271450257753762,0.7243100439740969,1.0676220320258119,0.08568942904374582,0.7380122793017312,1.0713957940260281,0.0,0.0,0.0,0.0
0.012993770574039554,0.2951044974917247,0.7667217019752003,-0.005761581226449467,-0.6587431005764305,-0.008307771072468441,0.7523000149970284,0.058300033187830856,0.6280391864349921,-0.8015385253062628,-0.03936715695617078,0.6018820711303776,-0.7578432751040687,-0.07271450257753762,0.7243100439740969,1.0676220320258119,0.08568942904374582,0.7380122793017312,1.0713957940260281,0.0,0.0,0.0,0.0
0.013764176137856483,0.29510393762216314,0.7669005476821753,-0.005632659338859854,-0.6590410224493692,-0.008350450189931162,0.7520395427497731,0.05830890081816449,0.6325015242287365,-0.8064236639672939,-0.039501865549433315,0.6065177466913333,-0.7634409217399664,-0.07534986283846358,0.7284584811094197,1.0676845099293528,0.08488801225756071,0.7411840976836859,1.0711847908086605,0.0,0.0,0.0,0.0
0.015249732099512891,0.2951869708904026,0.7671064990796488,-0.005625008836991329,-0.6592977004055052,-0.008338276485811326,0.7518147209657726,0.05819241738048335,0.6419727687127481,-0.8196651004087407,-0.03992807888418912,0.6157431692682988,-0.7763272048370269,-0.07790202714093925,0.7337389395864028,1.0686167964472943,0.08535675596199128,0.7462282085126514,1.0712936748495139,0.0,0.0,0.0,0.0
0.017415923392523555,0.29531110080147727,0.7673359472977525,-0.005713107824154607,-0.6595528466208599,-0.008273907377287391,0.7515909428472526,0.058026955261390935,0.6558407333808092,-0.8399921942910359,-0.04056214712466428,0.6291735138562405,-0.7956727513502126,-0.08027867866565741,0.7402961045850799,1.0702482553076929,0.08738221898688193,0.7532950028278551,1.0718216275401427,0.0,0.0,0.0,0.0
0.02022085438124169,0.29536806040899766,0.7677326033126567,-0.005871233444360277,-0.6598838392882732,-0.008164303927090078,0.7513003336917908,0.0580502948695571,0.6732159059860509,-0.86488856694633,-0.041151298510868906,0.6464874918614,-0.8199925891113393,-0.08177936431165228,0.749058702243133,1.0709745738978482,0.09208209486691803,0.7636015410303467,1.0718245894301828,0.0,0.0,0.0,0.0
0.023641208068845884,0.2952042371587894,0.7688662626770598,-0.006085214342930577,-0.6606045905701768,-0.007969314560892246,0.750667060093514,0.05851664968692632,0.693129564660498,-0.8890325499826173,-0.04139341991245546,0.6673880040696042,-0.8449978144657135,-0.08089878332081885,0.7637614256885612,1.0657326474096471,0.10242047651297835,0.7819931650994353,1.0672202385394292,0.0,0.0,0.0,0.0
0.026710290953830103,0.29554251203296206,0.7695199594928599,-0.005086767374724652,-0.6605168269482341,-0.008939130989300763,0.7507407928526784,0.058910289840033714,0.7120619342611382,-0.9139241612873282,-0.03828278118951908,0.6511917778095019,-0.8309203129264239,-0.05428132253729678,0.7464625836347422,1.0792422647995465,0.07919159250991131,0.7839937860701508,1.061811683640797,0.0,0.0,0.0,0.0
0.029751428614493803,0.2958373648747843,0.7704070798339363,-0.004420117894435739,-0.6605312820281691,-0.009521284729368203,0.7507251382211234,0.0589422187880064,0.730505249154099,-0.9373444551431998,-0.03271147963722285,0.6376462027092415,-0.8270209361682272,-0.03258808725007868,0.7321414653449335,1.0912141021846786,0.0632799375352504,0.7898929740271773,1.054821501247387,0.0,0.0,0.0,0.0
0.03255116645906014,0.2960335048884841,0.7714168377458221,-0.004024740667820554,-0.6606723175274493,-0.009812283184437762,0.7505995000092754,0.0588643971869518,0.7470630836478652,-0.9572898754077545,-0.027113788893763084,0.6274091274029427,-0.8295826679764926,-0.016744098404955617,0.7213527081870044,1.1033132088918798,0.053948892427283665,0.7985528336336793,1.04713920216922,0.0,0.0,0.0,0.0
0.034970954310697036,0.2961384030119439,0.7724620141155831,-0.003756123373046815,-0.6608623258132091,-0.009982007211271831,0.7504313675413603,0.058853292286732965,0.7610845264918763,-0.9731268645057313,-0.022202688923062094,0.6195560623318124,-0.835552501872403,-0.004716254705679511,0.7127889746455985,1.1156141786521763,0.04795343603128812,0.8078747692371047,1.0391376032884032,0.0,0.0,0.0,0.0
0.03695120475928359,0.29617470064863965,0.7735033580459951,-0.003536539221147996,-0.661058773363305,-0.010114201808103145,0.7502576184028554,0.05894437286938559,0.7723933946965023,-0.9848083133330705,-0.017908552532212997,0.6132365999780447,-0.8431935852896577,0.005092405646067976,0.7053464266821144,1.1279252964767628,0.04346046703760855,0.8167533730149921,1.0309668469351403,0.0,0.0,0.0,0.0
0.03849094091797504,0.29617095391559956,0.7745240722127318,-0.0033350946451909955,-0.6612426778648348,-0.010238785380962567,0.7500947709374945,0.05909777985630417,0.7811234191482334,-0.9926813525658121,-0.013949585039510288,0.607754266777958,-0.8515721911077522,0.013645699385240394,0.698278145922678,1.1400984142609705,0.03954270429739062,0.8247224247145009,1.0226966675218536,0.0,0.0,0.0,0.0
0.03962696752770159,0.29615608720759856,0.7755159473256006,-0.0031440745812219705,-0.6614068941321118,-0.010361191951143055,0.7499491188680021,0.059247489657048735,0.7875859143716697,-0.9973155253802913,-0.010081761511733013,0.6025842739680171,-0.8602020159298438,0.021494668224629074,0.6911294813988755,1.1520640014956989,0.03574496494604751,0.8316567652839171,1.0143691303947502,0.0,0.0,0.0,0.0
0.0404157955832727,0.29615520809695145,0.7764737244204861,-0.002965214996825643,-0.6615500823652897,-0.010477812327664128,0.7498219198391891,0.059329314987393966,0.7921674143261357,-0.9993600322508408,-0.006165901370127975,0.5973672538138527,-0.8688375748237877,0.028955100516977646,0.6836510585422956,1.163811088058989,0.03185896863165667,0.83760113623242,1.0060200878623506,0.0,0.0,0.0,0.0
0.04091992629086348,0.29618734393384727,0.7773932039528522,-0.002802786039849167,-0.6616737324611826,-0.010583132174267672,0.7497119536693304,0.05929390082806689,0.7952585701428644,-0.9994439463564221,-0.002153738823993363,0.5918773164048428,-0.8773622195817798,0.03621121073819445,0.6757270728990515,1.1753594098598554,0.027805812223284907,0.8426729131501255,0.9976874761041769,0.0,0.0,0.0,0.0
0.04119878931415206,0.2962651667051162,0.7782705917094399,-0.0026605778152525342,-0.6617806084578278,-0.010672534935641102,0.7496168652004327,0.059109596931405585,0.797211460812778,-0.998119391216391,0.0019479776133558566,0.5859799641476113,-0.8857291407548146,0.043372453650595416,0.6673263310406634,1.1867352921732353,0.0235705502054585,0.8470063584232794,0.9894143728374093,0.0,0.0,0.0,0.0
0.041303736349331724,0.2963962377860112,0.7791017511066354,-0.0025410154614982695,-0.6618737975375123,-0.010742951286097948,0.749533994139933,0.05875922686669474,0.7983196990303113,-0.9958412138008265,0.006108597089506804,0.5795985206426629,-0.893927065512561,0.0505049249347264,0.6584754714013324,1.1979517474500714,0.019163642219391378,0.8507197737224065,0.9812527854457056,0.0,0.0,0.0,0.0
0.04127610258379181,0.29658513928286,0.7798806142791161,-0.0024452288952591453,-0.661955879626427,-0.010792706708903357,0.7494611075736676,0.058234123372676236,0.7988149468150731,-0.9929750104410807,0.01029228396546769,0.5727051715257068,-0.9019509091855418,0.057647982351898025,0.649251270009834,1.2089878605881275,0.014593481658524825,0.8538915842463843,0.9732734894884798,0.0,0.0,0.0,0.0
0.04114730044842127,0.2968357583970757,0.7805964891643536,-0.0023738069350812724,-0.6620283076166236,-0.010820722432330013,0.7493969555055228,0.057527452142397996,0.7988732621769243,-0.9898239750132672,0.014464747980433337,0.5653526903859674,-0.9097619464181169,0.06482316643576329,0.6397895183339665,1.2197576655850744,0.009856758963511944,0.8565428663692656,0.9655866656438208,0.0,0.0,0.0,0.0
0.040939866305465186,0.29715333236236696,0.7812299344459114,-0.0023270953011186035,-0.662090442790077,-0.010826495201688761,0.749342122928604,0.056629465641422704,0.7986253726144904,-0.9866664106251634,0.01859320608625817,0.5577528496051736,-0.917226096160829,0.07202918287792452,0.6303078304965252,1.230052606818746,0.004918944795580369,0.8586091150815369,0.958375793028956,0.0,0.0,0.0,0.0
0.04066846843058921,0.2975452043709109,0.7817480655392709,-0.0023062939906065786,-0.6621395535718919,-0.010809025712491765,0.7492990441517935,0.0555248339693047,0.7981626917793623,-0.9837866949678776,0.02264198285103436,0.5504005583922893,-0.9240280143921972,0.07922485994941438,0.6211497696994533,1.2394327338251943,-0.00026293915746838405,0.8599246972417107,0.9519441661995556,0.0,0.0,0.0,0.0
0.04033993135407967,0.2980197226680302,0.7821014346632494,-0.0023152023316945925,-0.6621721700979741,-0.010764886198756665,0.749270828346487,0.05419348204665152,0.7975325665829514,-0.9814791983899691,0.02656827733657352,0.5441910621795344,-0.9295788572932723,0.08628749313617048,0.6128694702278624,1.247031690882272,-0.00567728496420284,0.8602293712637387,0.9467551025544176,0.0,0.0,0.0,0.0
0.03995205156151789,0.2985832554170842,0.7822291305538872,-0.002363015462518396,-0.662187682336236,-0.010684881568297054,0.7492581149550264,0.052613950954564344,0.7967222257656918,-0.9799951854491614,0.030320302267853927,0.5403878626458649,-0.9329683727990578,0.09294682651887871,0.6064000501380392,1.2512388242048624,-0.01115037537004623,0.8592389410104943,0.943401339008168,0.0,0.0,0.0,0.0
0.03949286352699426,0.29923893955328407,0.782085391895542,-0.002464703927521813,-0.6621937527550326,-0.010554031611928881,0.7492542769070396,0.05076525010230605,0.7956525045880279,-0.9794032356296539,0.03383946750030224,0.540152563691104,-0.9330825477593807,0.09875181730736167,0.6032818652763554,1.2493946937852576,-0.016346785200678803,0.8568113993405898,0.9423524510658896,0.0,0.0,0.0,0.0
0.03894047777816881,0.30000453979178293,0.7816637701139244,-0.0026224803043232575,-0.6621913276814728,-0.010372190956001004,0.7492584239067811,0.04860225935709346,0.7942337131358121,-0.9795946663210205,0.03709554277934779,0.543445190361356,-0.9298836368014745,0.10360540420632039,0.6035381161871184,1.241550231643339,-0.021459121455015495,0.8528248353020347,0.9435982159532474,0.0,0.0,0.0,0.0
0.038265022272391536,0.3009125734058197,0.7809978300605414,-0.002826328740772119,-0.6621744704857402,-0.010152612876433228,0.7492755881213266,0.046053964949833374,0.7923759098063817,-0.9802998170818928,0.04008983304876271,0.5490445820285828,-0.9244402989374408,0.10780325284559035,0.6056592617951231,1.2304305110691824,-0.027127841744570263,0.8472183042029879,0.946634522430657,0.0,0.0,0.0,0.0
0.03742955514574919,0.3019925931792744,0.7801372160310731,-0.0030702164752885964,-0.6621436396740633,-0.009904321625972306,0.7493051972481629,0.04305244184356946,0.7899365507479846,-0.981086333308635,0.042819987276536374,0.5556362549431851,-0.9176317991713977,0.11150100382123476,0.608714835568462,1.2176742655118622,-0.03379718534601613,0.8400983344234739,0.9508059300287112,0.0,0.0,0.0,0.0
0.03639102234843726,0.30327076958265814,0.779120898430902,-0.0033509469363783885,-0.6621006863840496,-0.00963331081802983,0.7493454821156148,0.03953758145888338,0.7867223069891907,-0.9814860251217935,0.045272794892667424,0.562277213099853,-0.9100218901078975,0.11473350040686517,0.6121369002715913,1.2041489887854988,-0.04173595831132448,0.8315611450722853,0.9555690220143713,0.0,0.0,0.0,0.0
0.035102830595417515,0.30476991808164394,0.7779720900620476,-0.003665454694692437,-0.6620467018891906,-0.009345383170814726,0.7493953514486977,0.03546113499307537,0.7825022996226043,-0.9810359736008119,0.04742589971710983,0.5684360153696868,-0.9019192994041692,0.11748091301934503,0.615564365759499,1.1902746510964337,-0.05109739030822678,0.8216412777502705,0.9605364784946036,0.0,0.0,0.0,0.0
0.03351732569891553,0.3065072858330736,0.7767018131973841,-0.004009002315568502,-0.6619818024663225,-0.009047532433743127,0.7494545771831225,0.030794099249061048,0.7770150828899975,-0.9792696118718827,0.049256181007770926,0.5738840596799817,-0.8934845333616619,0.11972315931270147,0.6187653322277576,1.1762199196484087,-0.06192685678130318,0.8103327255560743,0.9654437203219204,0.0,0.0,0.0,0.0
0.03158845735005837,0.3084905467655114,0.7753149919521026,-0.004374486789349537,-0.6619060543078681,-0.008747837467215797,0.7495229912921728,0.025536704003948335,0.7699725633892608,-0.9756906877389637,0.05075139479782448,0.5785807730788757,-0.8848278463910035,0.12148403049833088,0.6215944499721212,1.1620080457809772,-0.0741329843064782,0.7976389736074746,0.9701011384218603,0.0,0.0,0.0,0.0
0.0292758320488235,0.31071340853515084,0.7738171089105372,-0.0047517053810059275,-0.6618201703353828,-0.008455466316135194,0.7495998856207183,0.019729288757324836,0.7610724077938432,-0.9697581856972448,0.05192684965284884,0.582601779199582,-0.8760806254084768,0.12287182055467574,0.6239649467068854,1.147568380131771,-0.08747805221584416,0.7836198974152948,0.9743466192683558,0.0,0.0,0.0,0.0
0.026551816335193476,0.31315207838987774,0.7722213211006919,-0.0051263843700250595,-0.6617257162795196,-0.00818093369392574,0.7496838459787852,0.013460517031366501,0.7500320674562634,-0.9609042572528899,0.05284944643076509,0.5861216550133619,-0.8674411376341141,0.1241364196787463,0.6258301568645125,1.1327601031639398,-0.10160525962041406,0.7684321613845072,0.9779981123529923,0.0,0.0,0.0,0.0
0.023413767426862932,0.3157639059935173,0.7705557935006366,-0.005478649843720295,-0.6616248922355995,-0.007936808730553378,0.749772961260471,0.006868878874902135,0.7366599323096007,-0.9486111345318686,0.05366953502728739,0.5894491754716551,-0.8592034770054572,0.12577321631254196,0.6271748157430658,1.1173870644805852,-0.11611263667689493,0.7523631746259876,0.9808078620951043,0.0,0.0,0.0,0.0
0.01990419032854905,0.3184894023985728,0.7688687868474596,-0.005780137489479897,-0.6615200899848482,-0.007739635171981761,0.7498652269604489,0.00013422930745811672,0.7209835275266048,-0.9325892260616969,0.05465239237144377,0.5931081978809843,-0.8517861815082652,0.1287283642832131,0.6280155873379978,1.1012169660150215,-0.13068199553183535,0.7358471487659222,0.9824414635389905,0.0,0.0,0.0,0.0
0.01614303933718322,0.3212574653374182,0.7672220449492932,-0.005987931709128925,-0.6614160037857758,-0.007615910736325863,0.7499566737575962,-0.006537240327559135,0.7034583037215681,-0.9131202291591355,0.05618605878470465,0.5979437266649784,-0.8457873839777589,0.13482382153998793,0.6283994532629131,1.0840331885882155,-0.14528260254157568,0.7194154488716499,0.9825765837445087,0.0,0.0,0.0,0.0
0.012533659466116464,0.3240799800946295,0.7656543026686667,-0.006034672974272366,-0.6612311850595801,-0.007610314317220388,0.7501193143379191,-0.013163536908525583,0.6865479380530596,-0.8941191362041372,0.0582860763460686,0.6047928984618213,-0.8414963500755941,0.14747855714628016,0.6287803912767937,1.0652728471714983,-0.16110818178814196,0.7033637039911982,0.9809921412364673,0.0,0.0,0.0,0.0
0.009399680457010047,0.3267904389086767,0.7642834099620678,-0.0058332419079507045,-0.6610034475459808,-0.007789379835819087,0.7503197592912932,-0.019322255949531235,0.671937364791601,-0.8774718935717634,0.06101247514688185,0.6146416268961215,-0.8409687698519529,0.17148227104678743,0.6280217968020607,1.0443249001348955,-0.17827976702031695,0.6886490942238472,0.977638319689911,0.0,0.0,0.0,0.0
0.0070893279829345466,0.3290769937035298,0.7630990278385694,-0.005312111365437064,-0.6608094108017236,-0.00820641611073251,0.7504900790838862,-0.02427644791154355,0.6612017500994025,-0.8652913159914254,0.06415947780734146,0.628033288635825,-0.8481231748092605,0.21155723750902677,0.6247020593760769,1.0201265151009171,-0.1960383623678747,0.6756320534285644,0.9744929921450275,0.0,0.0,0.0,0.0
0.006013881943896911,0.33037937881285834,0.7618030765010451,-0.004577841122044894,-0.6608495621024665,-0.008796288731054073,0.7504528798959995,-0.026780914783673376,0.6556801714651572,-0.8601748088435306,0.06742899275476992,0.6448228745436028,-0.8688720389132467,0.2604456554163715,0.6214855875248962,0.9926062086519821,-0.2109258283925546,0.6639533771547913,0.9778695205749663,0.0,0.0,0.0,0.0
0.005939394808934671,0.3306297189263085,0.7616735876365293,-0.004742229749035952,-0.6609142681153306,-0.008845856443053007,0.7503942912112092,-0.027089458581843057,0.6554784580270733,-0.8601708827528678,0.06742830813624609,0.6448517571205632,-0.8688838524400498,0.2604794826101645,0.6215122919721346,0.9926135552217141,-0.21090451155357226,0.6637658543523771,0.977751341034004,0.0,0.0,0.0,0.0
0.005939394808934671,0.3306297189263085,0.7616735876365293,-0.004742229749035952,-0.6609142681153306,-0.008845856443053007,0.7503942912112092,-0.027089458581843057,0.6554784580270733,-0.8601708827528678,0.06742830813624609,0.6448517571205632,-0.8688838524400498,0.2604794826101645,0.6215122919721346,0.9926135552217141,-0.21090451155357226,0.6637658543523771,0.977751341034004,0.0,0.0,0.0,0.0
0.006148610362980759,0.3316106698684931,0.7616111077641471,-0.004879933763094254,-0.6606378271455797,-0.008885673975558226,0.7506363249862312,-0.029271757759142893,0.6591314491165381,-0.867793020078689,0.06529797132515595,0.6445305650327423,-0.8696872065765118,0.25487494747740913,0.6208357209708546,0.9971407029622437,-0.21588020884828407,0.6628723100247711,0.9738819507328115,0.0,0.0,0.0,0.0
0.006952798078668211,0.33309270805201635,0.7615617286058709,-0.005082409881613821,-0.6605063826278096,-0.008844698754599872,0.750751129817106,-0.03286118677150262,0.6673336569092103,-0.8822108918913063,0.061898452698177876,0.6467128873310863,-0.8735507876032854,0.24818406572642648,0.6209356873661991,1.0047204985034575,-0.22462933964031745,0.663012228978615,0.9691083132147413,0.0,0.0,0.0,0.0
0.00852952480958123,0.33498942646622326,0.7616040090611971,-0.005379312032746129,-0.6605572373853253,-0.0087283074577109,0.7507056785377642,-0.03765331025835115,0.6808277911123685,-0.904044424766221,0.0574711032501034,0.6525848913067633,-0.8818564721280415,0.24127032886655753,0.6225686710565935,1.0145306597673724,-0.23674177628720502,0.6650152357636028,0.9632772944901561,0.0,0.0,0.0,0.0
0.010988695637608433,0.33741850984711447,0.7621136347975659,-0.005854704135181034,-0.6608572962065729,-0.008477400392900673,0.7504408638744334,-0.04403105606774782,0.7003834473863516,-0.9327280002781503,0.05165164573221126,0.6625591384580962,-0.8932268522200908,0.2342983417178396,0.6279992628479171,1.0238113443339103,-0.2525648012724683,0.671531821791601,0.9526949273127513,0.0,0.0,0.0,0.0
0.014499472199715167,0.34087865407649703,0.7644529556140285,-0.006882488652073173,-0.6621082919217963,-0.007681860931072194,0.7493371938793583,-0.05373692363970041,0.7276440422983338,-0.9628063510351117,0.04264915425853492,0.6762245152247252,-0.8972446398360097,0.23017360434459855,0.645110592936664,1.02345019191877,-0.27313027733846207,0.6936177817995178,0.924570609603198,0.0,0.0,0.0,0.0
0.01653639904404904,0.34435676659045905,0.7665293830589547,-0.006554273057520977,-0.6612780927761513,-0.008026278021420611,0.7500692663882089,-0.05102256094948165,0.6895916318552348,-0.9068310943339113,0.03456972249544944,0.6835722999850284,-0.9045008415557815,0.20234974074145057,0.6611050521083788,1.021100904681822,-0.216925083276936,0.6815641737264326,0.9751538792328739,0.0,0.0,0.0,0.0
0.019424991375047086,0.3477492559281676,0.7685736142092605,-0.006536130025446389,-0.6610237136291395,-0.008049845106474768,0.7502933619711649,-0.04811555681427082,0.6636505265093483,-0.8780036678188603,0.026282234202841485,0.6950548159947716,-0.9150321511289102,0.1798177817249977,0.6781788127009176,1.0197744068785064,-0.17137361211713986,0.6767769398852844,1.013747938665406,0.0,0.0,0.0,0.0
0.022828812327678853,0.350807324937126,0.7705410237456355,-0.006797556848364544,-0.6610438767749555,-0.007872179844653594,0.7502751595139773,-0.04496358467322449,0.6467290464451614,-0.8656805075875922,0.018580401320278505,0.7094300391829141,-0.9285466400416188,0.1625797447816095,0.6954102404577965,1.0180201465339302,-0.1439293404382294,0.6745404437972025,1.042604746025504,0.0,0.0,0.0,0.0
0.026181190906810026,0.35361043589502356,0.77245704757722,-0.007194856466425241,-0.6611817035428132,-0.007595782978990478,0.7501528464397018,-0.0423042592660586,0.6355801488521134,-0.8627935243175318,0.01134129285369094,0.7234181756834814,-0.940707080089265,0.1479476649749727,0.7124209665552839,1.0151395774622478,-0.12864731355909345,0.6727844460795737,1.065280122061491,0.0,0.0,0.0,0.0
0.029260247176475084,0.356175997039326,0.7742874693588908,-0.007629603413545112,-0.6613347775356169,-0.007286825795592651,0.7500166687104314,-0.04012510236554806,0.6278496824970251,-0.8651039705038996,0.0045942625212902115,0.7359320882367126,-0.950644884139214,0.13455874581835456,0.7287260264743304,1.0112903013957166,-0.12018632312375976,0.6709952665940376,1.0841281048257783,0.0,0.0,0.0,0.0
0.031962831014247836,0.3585179770895712,0.7759962646557029,-0.008051829852673479,-0.6614656659732927,-0.0069789725953066884,0.7498997497772926,-0.03825506755043895,0.6219494697240421,-0.8702715537256437,-0.0016437299554349534,0.7465005190951661,-0.9580977618822819,0.12175883967423375,0.7439525900361061,1.006872366129662,-0.11522542936586655,0.6689397240922704,1.1006624407493297,0.0,0.0,0.0,0.0
0.03426265133168974,0.3606437405924978,0.7775668213297958,-0.008440397495332484,-0.6615658268640777,-0.00668689001162388,0.7498097771553411,-0.03648507216891561,0.6168428184873168,-0.8769791043423113,-0.007356060206430252,0.7550621805281945,-0.9631749368153425,0.10936664235231641,0.7579098250880557,1.0021879610767586,-0.11192775813096191,0.6664933002734932,1.1158353034364468,0.0,0.0,0.0,0.0
0.036178889652322355,0.362558797798396,0.7789999683650939,-0.008788107124251161,-0.6616394346898963,-0.006416558448489986,0.749743192976158,-0.03464297895938912,0.6118902795911056,-0.8844689093628245,-0.012532862268996487,0.7617862405495665,-0.9661740873369346,0.09743908904024737,0.7705645433787008,0.9974027280891911,-0.10932516659623465,0.6636056661854194,1.1302477220123175,0.0,0.0,0.0,0.0
0.03775401623852273,0.36427047517954814,0.7803064036083831,-0.009094316185058932,-0.6616943385191526,-0.006169597197446275,0.7496931584690156,-0.03261760814388309,0.6067166211548517,-0.892299642329085,-0.017178185367595467,0.766946159013834,-0.9674682233587056,0.08612075659936572,0.7819796611115609,0.9925882523116494,-0.10691067846613199,0.6602810795917855,1.1442773683907104,0.0,0.0,0.0,0.0
0.03903921466968856,0.36578934480344566,0.781500191535459,-0.0093611177441429,-0.6617381617562232,-0.005945742598361991,0.7496530016581197,-0.030352596325710697,0.6011110228193854,-0.9002161343131643,-0.021311114729827507,0.770840212484168,-0.9674369708600825,0.07555157613713077,0.7922653287088319,0.9877726555183014,-0.1044207736373544,0.6565635204376173,1.1581541676434883,0.0,0.0,0.0,0.0
0.0400854044722662,0.3671287761251682,0.7825942476993135,-0.009591664260604356,-0.6617766551039682,-0.00574386874326581,0.7496176803597788,-0.02783028819734665,0.5949619534875215,-0.9080727335113188,-0.024962687499794235,0.7737470280539027,-0.9664311151673095,0.06582832608580357,0.8015408759940622,0.9829780235799782,-0.1017222647970424,0.6525287819957506,1.1720027163556737,0.0,0.0,0.0,0.0
0.040938335089438324,0.3683036252523654,0.7835971390893641,-0.009789098981145663,-0.6618135701558693,-0.005562943494384844,0.7495839016136604,-0.025055199857158948,0.5882346896985087,-0.915776282303741,-0.028170262034996247,0.775904457630445,-0.9647598477129721,0.05699131019130501,0.809909867719448,0.9782492725122948,-0.0987578044940248,0.648286346595716,1.1858591110037087,0.0,0.0,0.0,0.0
0.04163627829189851,0.36932858963860804,0.7845100668809405,-0.009956345182358245,-0.6618504872886671,-0.005402070744758921,0.7495502793662557,-0.02204224375751119,0.5809930060761074,-0.9232264980921242,-0.030972318362672724,0.777503029947787,-0.9626966235488861,0.049039024229622266,0.8174325552217269,0.9736805154083358,-0.09551234144129794,0.6439895401863276,1.1996601264056272,0.0,0.0,0.0,0.0
0.042209219475608274,0.37021702612618707,0.7853233209888395,-0.010096018663530937,-0.6618867696470307,-0.005260490806364786,0.7495173792580396,-0.01881000545369021,0.5734709576406456,-0.9302412294611586,-0.03340478401900178,0.7786856565125997,-0.9604948910041878,0.041946023965872624,0.8240978954952265,0.969448686586416,-0.09198781000568895,0.6398558511629403,1.213194120150664,0.0,0.0,0.0,0.0
0.04267861836909678,0.37098101768164815,0.7860125433133097,-0.010209225858155231,-0.6619204882159802,-0.0051391307032967945,0.7494869100410693,-0.015376635413549652,0.566188302382884,-0.936465788635091,-0.03549891838910326,0.7795461383803745,-0.9584011141763673,0.03564106446873552,0.8298117134447043,0.965856479737758,-0.08818315638202864,0.636205107324611,1.2259931706943217,0.0,0.0,0.0,0.0
0.04305669503040655,0.3716320904889402,0.7865364082607316,-0.010296160077746785,-0.6619478701652047,-0.005039527402123565,0.7494622134804168,-0.011761756330161854,0.5600419598921053,-0.9412848435645065,-0.037284247440956875,0.7801243279681384,-0.9566572349999034,0.030019400090068253,0.8343734139128633,0.963357551202246,-0.08404181284129607,0.6335330945790253,1.237134083737684,0.0,0.0,0.0,0.0
0.04334560396579547,0.3721833663824034,0.7868419396047066,-0.01035547327321733,-0.6619640808618378,-0.004964232726573797,0.7494475806989215,-0.007987719386649479,0.5562508207119701,-0.943792181586359,-0.03879320805520127,0.7803973821660246,-0.9554637844027007,0.02491152915951336,0.8375132221918893,0.9625153289161503,-0.07938872857320024,0.6326705084254365,1.2449186218069683,0.0,0.0,0.0,0.0
0.04353831638343976,0.37265000262966214,0.7868894104047952,-0.0103867971088154,-0.6619666224154325,-0.004913516201260999,0.7494452365665316,-0.004080207161427403,0.5558965690252249,-0.9429393268496868,-0.04006477822742788,0.780284927678222,-0.9548659295051314,0.020148151565712747,0.8390213628039322,0.9637641930388946,-0.07387312697673826,0.6350259145540272,1.2465828315957055,0.0,0.0,0.0,0.0
0.043619047735713665,0.37303735524472387,0.786677425445903,-0.010390762101134007,-0.6619555663035308,-0.004887975053963058,0.7494551140679483,-6.417175562744258e-05,0.5589543579623489,-0.9386965630173648,-0.041108387655197885,0.7796862692785365,-0.9547150162361903,0.015683929571337563,0.8388698987613608,0.9671233102786548,-0.06755280777688694,0.6405245129695791,1.2420723144900085,0.0,0.0,0.0,0.0
0.04356477603230267,0.373342749399969,0.7862433950383093,-0.010368018907471636,-0.6619340046305913,-0.004889686992509617,0.7494744616454639,0.0040271687661354175,0.5643131038866682,-0.932087274475642,-0.041907163824834816,0.7784842002200303,-0.9546726661192811,0.011563645843075518,0.8372283579484504,0.9722002372728483,-0.06087611724613602,0.6476372030272974,1.2340546644515886,0.0,0.0,0.0,0.0
0.04334498709197639,0.3735681720494888,0.7856391054989196,-0.010319520422397227,-0.6619064400840243,-0.004918627462085903,0.7494992856417108,0.008150298037471256,0.5707335248888447,-0.9240093331994063,-0.04245753564188767,0.7765076816385712,-0.9542498174760878,0.007810536823081316,0.8343334797848372,0.9784712317047335,-0.054089354129167634,0.6554459698431914,1.2241591054119902,0.0,0.0,0.0,0.0
0.04291972191790623,0.37372011255696475,0.7849064610860339,-0.010244572509346215,-0.661874796181338,-0.00497498636073704,0.7495278863556201,0.012260104626688119,0.5772997052746863,-0.9150673538748634,-0.04276745404707022,0.7735208588819589,-0.9529086645632191,0.004374080681760077,0.8303530358116323,0.9855146540596877,-0.04729934610376113,0.6633894726543224,1.2132615503509159,0.0,0.0,0.0,0.0
0.042240140594909936,0.3738087428631418,0.7840726014887895,-0.010140858806266289,-0.6618379560926595,-0.005059468892889046,0.749561261427166,0.016315297417037307,0.5834791022513128,-0.905606620964508,-0.042854301433891163,0.7692262401628559,-0.9500877421204245,0.001136091527764691,0.825359116287045,0.9930535364772796,-0.040545196886941054,0.6710951818514499,1.2017969828886637,0.0,0.0,0.0,0.0
0.041250033218875576,0.37384834326230787,0.783152452239558,-0.010004361310807501,-0.6617912182502368,-0.005173287303880891,0.7496035841030255,0.020283068871950586,0.5890267022580687,-0.8958080558941235,-0.04274643311101642,0.7632700071784566,-0.945199411619472,-0.0020916388095902237,0.8193465210038535,1.000927405608882,-0.033837153710976904,0.678295690158438,1.1899558647021904,0.0,0.0,0.0,0.0
0.039888493341149904,0.3738582948891507,0.7821531873873143,-0.009829031745191848,-0.6617254147324504,-0.005318043120343449,0.7496629803114789,0.024146594766689154,0.5938686366084379,-0.88578252283108,-0.04248658521861477,0.7552515891396845,-0.9376266366653561,-0.0055730868923418286,0.8122630672959068,1.0090470808132566,-0.027167134679789165,0.6847825337758197,1.1777964490527544,0.0,0.0,0.0,0.0
0.038095141339771536,0.37386359762639704,0.7810787775892278,-0.009605827210162262,-0.6616264757718338,-0.005496310525986213,0.7497519091085754,0.02791597650434465,0.5980230012124936,-0.875640252129677,-0.042133478056577287,0.744746862436989,-0.9267392559413237,-0.009656388286501678,0.8040485053025264,1.0173506517672584,-0.020503718558659942,0.6903815684550606,1.1653086448033187,0.0,0.0,0.0,0.0
0.035819937503557414,0.3738932273822312,0.7799341021528406,-0.009321940474675034,-0.6614760186312395,-0.005712369684300087,0.7498866227864988,0.031637981758098316,0.6015707271735777,-0.8655285929486087,-0.04175780815206883,0.7313602911795478,-0.9119523701881318,-0.014747975398497183,0.7946751073862008,1.025762673904185,-0.013775661102706145,0.6949544845638757,1.1524602000016422,0.0,0.0,0.0,0.0
0.033040481948308706,0.37397421015380755,0.7787282740973765,-0.008961452346349551,-0.6612551502626017,-0.005972743216002962,0.7500837586306637,0.03539754185402901,0.6046783659926654,-0.8556360102712794,-0.04142720541963294,0.7148274121701854,-0.892852884942919,-0.021217994160902854,0.7841925889117615,1.034160527242478,-0.006851847172676813,0.6984519286724983,1.13925644621424,0.0,0.0,0.0,0.0
0.029790525988725974,0.3741186366303683,0.7774758265811186,-0.008510036775246041,-0.6609546985305498,-0.0062852701931285235,0.7503512251892931,0.03930243546438097,0.6076696472199051,-0.846156179457053,-0.04117417456477759,0.6951985799538246,-0.8694347795643983,-0.029193317186770127,0.7727766651016856,1.0423646791401218,0.00048226660901907505,0.7010676555944726,1.1258464800472028,0.0,0.0,0.0,0.0
0.026202958302429375,0.37430056890899854,0.7761919462836293,-0.007965705606839695,-0.6605884935132303,-0.006653324868083683,0.7506764436428691,0.04344669801356867,0.6111006987769247,-0.8371867465805607,-0.04094648509711701,0.6731533566240757,-0.8425544004242466,-0.038212923952319566,0.7607460821214432,1.0501876227660654,0.008635249541529213,0.7035799326972353,1.11265369802556,0.0,0.0,0.0,0.0
0.022549140070430854,0.37441442734141095,0.77487415728167,-0.007330776058801032,-0.6601414067272898,-0.00710560335595096,0.7510719627621835,0.04781504301952014,0.6153318545648637,-0.8281446295061557,-0.040468468741228635,0.6505170719331579,-0.8151601182940109,-0.0473086636416992,0.7484396176304974,1.0575199711831251,0.018146083873429794,0.7077423133188854,1.0999018719571823,0.0,0.0,0.0,0.0
0.019233071796673447,0.3743806361215718,0.7736656536695553,-0.006681761495699572,-0.6596870637472957,-0.007586196347896149,0.7514724090828334,0.05272602135648417,0.6206995985652031,-0.8190845944499658,-0.03963887192580338,0.6299379977455891,-0.7904286055504396,-0.05467333023602268,0.7371303068062912,1.0633866812447477,0.030965074025592954,0.7149885217530039,1.0884532286557407,0.0,0.0,0.0,0.0
0.016532867906318034,0.3742256901086369,0.7727563579891804,-0.006122325319470433,-0.659263270775038,-0.008021731183093805,0.7518444711298392,0.0575670924022181,0.6264584613827585,-0.810724215366685,-0.038606808283108904,0.6132520409388249,-0.770260027359962,-0.059489310672377387,0.7280685303274479,1.0667297444580794,0.04926735047498891,0.7255153962483418,1.0787651520434474,0.0,0.0,0.0,0.0
0.014832212931052453,0.37400760839945346,0.7723241290221391,-0.0058248097392049145,-0.6588913694999977,-0.00829833687900638,0.7521697763104831,0.0610579298800079,0.6302844679168217,-0.8041556413722577,-0.037621567419843724,0.6029874419755071,-0.7576965778141949,-0.060415940520506535,0.7223307792248816,1.0668384705507412,0.07359430654753575,0.7380349300113649,1.0707871197169165,0.0,0.0,0.0,0.0
0.014795028500472743,0.37391974290007046,0.7722753235308575,-0.005716388966986094,-0.6588927759666043,-0.008307137769201431,0.7521692789115252,0.06109789284443502,0.6303121053629805,-0.8041683896997164,-0.03749925962510598,0.6028144482550539,-0.7576480997653995,-0.06043817844559383,0.722205567149615,1.0667630397059935,0.07358863603814188,0.7380795162521445,1.0708040655832534,0.0,0.0,0.0,0.0
0.014795028500472743,0.37391974290007046,0.7722753235308575,-0.005716388966986094,-0.6588927759666043,-0.008307137769201431,0.7521692789115252,0.06109789284443502,0.6303121053629805,-0.8041683896997164,-0.03749925962510598,0.6028144482550539,-0.7576480997653995,-0.06043817844559383,0.722205567149615,1.0667630397059935,0.07358863603814188,0.7380795162521445,1.0708040655832534,0.0,0.0,0.0,0.0
0.014795028500472743,0.37391974290007046,0.7722753235308575,-0.005716388966986094,-0.6588927759666043,-0.008307137769201431,0.7521692789115252,0.06109789284443502,0.6303121053629805,-0.8041683896997164,-0.03749925962510598,0.6028144482550539,-0.7576480997653995,-0.06043817844559383,0.722205567149615,1.0667630397059935,0.07358863603814188,0.7380795162521445,1.0708040655832534,0.0,0.0,0.0,0.0
0.015568321233907341,0.37392309352348846,0.772448575017014,-0.005577037858738965,-0.6591871328311404,-0.008363960057966592,0.7519117399873015,0.06111981752335074,0.63478740427277,-0.8090775028032873,-0.03762478062843755,0.6074767699103807,-0.7633573926302022,-0.06316255700152576,0.7263487826529526,1.0668902321809979,0.07235485895178348,0.7410837687651426,1.0705778969357918,0.0,0.0,0.0,0.0
0.017059681522959492,0.3740057718125732,0.7726460239821483,-0.005564448881089697,-0.6594452254048095,-0.008359057196182462,0.7516855444680578,0.06102345159549564,0.6442565831045596,-0.822318065180362,-0.03803611127062703,0.6167501578745848,-0.7763625613267718,-0.0655830623906866,0.7315636546789638,1.0678957972771386,0.07246272320611809,0.7459985956938638,1.0707068304807157,0.0,0.0,0.0,0.0
0.01923227756931408,0.3741124284490901,0.7728734878803444,-0.005649723950447297,-0.6597080522545432,-0.008297684321656456,0.7514549320116933,0.06091742500757346,0.6580597416990016,-0.8424898712966634,-0.038617012456942275,0.6302704434051379,-0.7958339623171301,-0.06751416538366171,0.7380326826813253,1.069488235244799,0.07426440869779902,0.7530262443873353,1.0712458528604112,0.0,0.0,0.0,0.0
0.022042694503623957,0.3741281601605898,0.773276277637743,-0.005808464920474162,-0.6600542542846628,-0.00818350591033864,0.7511508991986902,0.061050635727426875,0.6752887931912782,-0.8670432794809144,-0.03910334013730861,0.6477194942156077,-0.8202734392013845,-0.06810265078790737,0.7466515658463355,1.07002182778124,0.0789926162563192,0.7634258526034662,1.071262320531899,0.0,0.0,0.0,0.0
0.02546653867516156,0.3738964935452221,0.7744254571067308,-0.006030198776306418,-0.660790951561023,-0.007975532173076382,0.7505033950118761,0.06168659589016146,0.6949874423693652,-0.8907146784963618,-0.03918388005730708,0.6688066752762278,-0.8454205026804453,-0.06562845192570699,0.7610674527010565,1.0643896367886623,0.08965681319640677,0.7820403988523718,1.066658132016669,0.0,0.0,0.0,0.0
0.02850397251896462,0.37415557018502416,0.7750772783022647,-0.005084214558813633,-0.6606462791481119,-0.008896327274114404,0.7506274042233647,0.06225383528144968,0.7136002012663945,-0.9154489742119223,-0.03595841218687748,0.6523353031501997,-0.8311230334834964,-0.04281394093792715,0.7444457174888406,1.0784150876618417,0.06804250180110433,0.7841860668126993,1.0613298760082646,0.0,0.0,0.0,0.0
0.03150995814435551,0.3743682896862576,0.7759621801679322,-0.004452594530326472,-0.6606206378748454,-0.00944649054428769,0.7506472613899139,0.06248583311596786,0.7316677284861259,-0.9385152066374265,-0.030283509353485585,0.6386097975715983,-0.8270779286569484,-0.02371043618743014,0.7305746265275738,1.0907646450302293,0.0534906933824808,0.7902145747138736,1.0544690270678432,0.0,0.0,0.0,0.0
0.03427678414932532,0.3744865352259259,0.776973108677083,-0.004078994211173423,-0.6607383177473255,-0.009714888914446109,0.7505423760188624,0.06260351282692792,0.7478575951198917,-0.9580162845812767,-0.02458819777132607,0.6282900396005113,-0.8295566603116863,-0.009290081878761052,0.7200131695308294,1.103066241197803,0.045310254717865345,0.7990329652595923,1.0469128989516001,0.0,0.0,0.0,0.0
0.03666705492287296,0.3745237756993117,0.7780216812773217,-0.0038209265926327147,-0.6609133358017497,-0.00987157280364502,0.750387576609421,0.06276887598278805,0.7615513465525878,-0.9734107956437255,-0.019579797224142444,0.620397962776793,-0.8354772981095205,0.0020021327981651696,0.7115300091920115,1.115450210958709,0.04020226011704245,0.808486708590271,1.0390075806548376,0.0,0.0,0.0,0.0
0.03862167045215923,0.3745057407628764,0.7790671732153189,-0.0036035966763449515,-0.6610980653101748,-0.009999028734655063,0.7502242208556729,0.06300845040986938,0.7725867653215087,-0.9847031226898132,-0.01519256941525874,0.6140516498250229,-0.8430854375750377,0.011449975604653809,0.7040796400667456,1.127771486180895,0.03631432292306358,0.8174378603240179,1.0308974667491053,0.0,0.0,0.0,0.0
0.040139567662913565,0.37446123495350725,0.7800920474670886,-0.0034001739046285524,-0.6612719389460032,-0.010123519192093876,0.7500702473363271,0.06327742324387794,0.7810980491255016,-0.99225772161036,-0.011151726722297077,0.6085452053700993,-0.8514381600204778,0.01984499419025157,0.6969552288135006,1.139911858130014,0.03277405347474871,0.8254286227472828,1.0226572883074923,0.0,0.0,0.0,0.0
0.04125690233031175,0.37441812364629706,0.7810873544176701,-0.003205017728355172,-0.6614267071654476,-0.010248746203339586,0.7499329317418282,0.06351070259010243,0.7873904815972883,-0.9966453007791928,-0.007216657390218374,0.6033474239482772,-0.8600447052344337,0.027639589593112072,0.6897233170091247,1.1518199987679325,0.029162480106729595,0.8323359960482412,1.014336633803837,0.0,0.0,0.0,0.0
0.042029332512547285,0.3743993481119501,0.7820477129411533,-0.003021945155867133,-0.6615612113121452,-0.010368745551314127,0.7498133905515254,0.06364715410580968,0.7918405902784703,-0.9985038707454241,-0.0032498519155274687,0.5981002502620193,-0.8686572649507174,0.03510250971205349,0.6821471175375111,1.1634948252963755,0.025342676679099396,0.838225800081888,1.0059793444920806,0.0,0.0,0.0,0.0
0.042518436747453814,0.3744216986761465,0.7829687486344024,-0.00285575925991079,-0.6616767471313365,-0.01047740071577019,0.7497105781693252,0.0636429628358563,0.794828783941865,-0.9984491328474072,0.000798696975675816,0.5925768173047711,-0.8771581398319946,0.042390941033290414,0.6741156762364218,1.1749613898030211,0.021274701742270433,0.8432232441742071,0.9976298371489085,0.0,0.0,0.0,0.0
0.042782881857590126,0.3744954945612451,0.7838468674141572,-0.0027110911968830326,-0.6617765021225336,-0.010568865861777932,0.7496217781637499,0.0634714887081473,0.7966972484623484,-0.9970177964284871,0.004924089712215736,0.5866456332994167,-0.8854999652976732,0.04960551303436266,0.6656011122125687,1.1862483216186226,0.016999587668492834,0.8474807308487446,0.9893366119435939,0.0,0.0,0.0,0.0
0.04287342845500341,0.3746264836097955,0.7846780280825799,-0.0025902627072473543,-0.6618634486489956,-0.010640086954394981,0.7495444312588604,0.0631207172524486,0.7977320952957185,-0.9946529866123799,0.00909866938039643,0.5802301195240996,-0.8936711216753795,0.05680613420373248,0.6566306676137444,1.1973695350730342,0.012548699670816075,0.8511207219362715,0.9811547254090579,0.0,0.0,0.0,0.0
0.042831036502489435,0.3748179278676865,0.7854562971028837,-0.002494047191150064,-0.6619399057825665,-0.010689758575431214,0.7494765306017088,0.06258623871268502,0.7981598913010868,-0.9917119947640678,0.013289357901814099,0.5733020397102806,-0.9016661344441954,0.06402841198161398,0.6472811496719449,1.2083043162221085,0.007936580923685557,0.8542212695780628,0.9731559394000402,0.0,0.0,0.0,0.0
0.04268695155017947,0.3750727805212514,0.7861711915301999,-0.002422837588211844,-0.6620071880423403,-0.01071697583076089,0.7494169462104107,0.06186415776718083,0.7981536424635285,-0.9884925098976829,0.01746367507819501,0.5659146308914573,-0.9094458784328985,0.07129252231930877,0.6376890576264587,1.2189668743085766,0.0031655394538472378,0.8568046404339339,0.9654502157184183,0.0,0.0,0.0,0.0
0.042463692030500225,0.37539582662389515,0.7868033380615759,-0.0023763985849359955,-0.6620642489713794,-0.010721976911128911,0.7493666139980124,0.060947081313291185,0.7978431864713267,-0.985271132078785,0.021590633283312618,0.5582782293961205,-0.9168759687808405,0.07859294827953989,0.6280730455678788,1.2291495151300564,-0.001811204589730605,0.8588004194207344,0.9582198166981543,0.0,0.0,0.0,0.0
0.042176050875974314,0.3757940833773599,0.7873199734797304,-0.0023559303224578746,-0.6621083975913473,-0.010703734906754546,0.7493279318765449,0.05982070372530194,0.7973200342230338,-0.9823317086211555,0.02563497033442257,0.5508884128932044,-0.9236410458553151,0.08588665629288429,0.6187801548053097,1.2384145089631542,-0.007032462770853674,0.8600452182374302,0.9517675668124028,0.0,0.0,0.0,0.0
0.04183102131738848,0.37627582118124964,0.7876715622300385,-0.0023650127698958967,-0.6621360940406897,-0.010659150058101266,0.7493040652520017,0.05846574984902665,0.7966325763822227,-0.9799701504174931,0.029554564691563128,0.5446392943730967,-0.9291527913573006,0.0930440541097703,0.6103700850987336,1.245900111650272,-0.01249234956686084,0.8602764344863548,0.9465571269867927,0.0,0.0,0.0,0.0
0.04142655061952552,0.37684725988794043,0.7877971206873297,-0.00241323743693824,-0.662147147746386,-0.01057857256802547,0.7492952854641629,0.05686071069789673,0.7957685821519376,-0.978438268583672,0.03329764707416663,0.5407950954642909,-0.9325019849439565,0.09978645835431141,0.6037852940823486,1.2500034457143554,-0.018005013178882187,0.8592155055973925,0.9431834899484838,0.0,0.0,0.0,0.0
0.04095070149668407,0.3775113885560387,0.7876509385745836,-0.002516326379348771,-0.6621498148383702,-0.010446149773306828,0.7492944473075842,0.05498391860718697,0.7946486509737135,-0.9778038882620848,0.03680543944094526,0.5405190099042508,-0.9325748749044855,0.10565259246587148,0.6005769591110649,1.24807465119412,-0.023215907841161443,0.856729549641307,0.9421182773671325,0.0,0.0,0.0,0.0
0.04038171217427874,0.3782863607469105,0.7872266075745764,-0.0026762761375281378,-0.6621448376764977,-0.010262111485257628,0.7493008344798933,0.05278958689164918,0.7931853824681016,-0.9779617581606184,0.040047380814697886,0.5437700452933576,-0.929334302790121,0.11053992172357288,0.6007706071544997,1.2401676658555882,-0.028329809712978066,0.8526923189416674,0.9433491212835814,0.0,0.0,0.0,0.0
0.03968995324028421,0.3792055275044126,0.7865577504635568,-0.0028819542105070575,-0.6621253948659792,-0.010041179029902482,0.7493202456474728,0.05020607415217216,0.7912933788999585,-0.9786492007203946,0.04302411075912724,0.5493241427002332,-0.9238497164822895,0.11474491912185475,0.60285018097692,1.2290026929407036,-0.03402245533006166,0.84702858033168,0.9463656661704559,0.0,0.0,0.0,0.0
0.0388386296251455,0.38029903268364,0.7856942267771976,-0.0031265834273198033,-0.6620913782667388,-0.009793298579763137,0.7493526023200625,0.04716465120846922,0.7888331428944861,-0.979437913319615,0.04573249065318786,0.5558656970211607,-0.9170001727354609,0.11842516156718265,0.6058792616492964,1.2162135895229014,-0.04075616370888495,0.8398381847317329,0.950506483275135,0.0,0.0,0.0,0.0
0.037784786833557564,0.3815932301407876,0.7846750685491036,-0.0034063551473364107,-0.6620443415971801,-0.009525155558960179,0.7493963957181433,0.043605096460684854,0.7856127021297271,-0.9798611624600292,0.048159551680423726,0.5624508841255087,-0.9093498505891611,0.12161411382831934,0.6092867910785528,1.2026646303715824,-0.048805867611600114,0.8312142916290367,0.955225671168255,0.0,0.0,0.0,0.0
0.03648201188923026,0.38311021474691875,0.7835236969886418,-0.0037194627411870217,-0.6619864385102875,-0.00924068248442059,0.7494496184618445,0.03947819149054109,0.781399978758245,-0.9794526692873862,0.050281136494546456,0.5685546713348909,-0.9012086139605016,0.12430319796677705,0.6127115763512847,1.1887737753936556,-0.05827244658876897,0.8212136439040811,0.9601401097741484,0.0,0.0,0.0,0.0
0.034882794514963796,0.3848667109731885,0.7822510886107532,-0.004060867158414914,-0.6619177377977551,-0.008947086060993214,0.749512086225193,0.03475598680142015,0.7759330708010271,-0.9777447437607713,0.05207513881128284,0.5739480218084134,-0.8927374658163348,0.12647362778746943,0.6159207767413041,1.1747080072029383,-0.06919452350485794,0.8098313047956984,0.9649872755237244,0.0,0.0,0.0,0.0
0.032941172470408335,0.3868698200991617,0.780862042928998,-0.004422341401320382,-0.6618377003877951,-0.008653681798288512,0.749584161407683,0.02944113406766854,0.7689231502648016,-0.9742400934390522,0.053531829915794714,0.5785867803761621,-0.8840463775225833,0.12814626409875546,0.6187681555285306,1.1604884685042967,-0.08149216105229007,0.79706281797135,0.9695783572409198,0.0,0.0,0.0,0.0
0.030616824850641215,0.3891116988344981,0.7793620206276339,-0.004794628623469963,-0.6617477047228588,-0.00836804478071327,0.7496645667609875,0.023575408352509618,0.760063957465803,-0.9683919079717517,0.05466702415149166,0.582550787338133,-0.8752661461551557,0.12944428912268946,0.621166966721077,1.146041662884465,-0.09488321171676198,0.7829839074952387,0.9737596966717049,0.0,0.0,0.0,0.0
0.027882009311537642,0.39156699103890613,0.7777638404263685,-0.005163415017793291,-0.6616490801234576,-0.008100365707402883,0.7497521043601962,0.01725053031201993,0.7490682873034411,-0.9596277041857156,0.05555099134266104,0.5860139537869193,-0.8665929488171077,0.13062620620795137,0.6230699881147844,1.131221903510461,-0.10899802257887921,0.7677507959926227,0.9773582189379302,0.0,0.0,0.0,0.0
0.024733867485713032,0.39419135380813075,0.776095188471068,-0.005508977632776197,-0.6615435863886874,-0.007862551467681436,0.7498452605423688,0.010608048066242935,0.7357389920544036,-0.9474257628389942,0.056338014505820294,0.5892837173148603,-0.8583161979248107,0.13220256572458933,0.6244599869512999,1.1158250900436584,-0.12342231417241661,0.7516487653755158,0.9801369794685049,0.0,0.0,0.0,0.0
0.021214645591725895,0.3969237496260851,0.7744035681642036,-0.005803130492211576,-0.6614327492190482,-0.007670296292287647,0.7499428034802459,0.003830451406661768,0.7200982910689423,-0.9314960416229893,0.05729766526499494,0.592879549328199,-0.8508459181431062,0.13514345457196633,0.6253483547639697,1.099605352630378,-0.13783167675360136,0.7351053136001366,0.9817736615009841,0.0,0.0,0.0,0.0
0.017444117830861725,0.39969216845397215,0.7727495012273349,-0.006002681103122572,-0.6613193769248987,-0.007549712793647492,0.7500424330396056,-0.002874042268771957,0.7025989264894054,-0.912129088554241,0.05882180461914764,0.5976335160067481,-0.8447672037664491,0.14130650952042506,0.6257687965070425,1.082321774554733,-0.15220559281002366,0.718634614199383,0.9819565572658616,0.0,0.0,0.0,0.0
0.013822583561569013,0.4025083732123312,0.7711697933170643,-0.006039883928735918,-0.6611211974636665,-0.007543693883287591,0.7502168851398442,-0.009523236527909928,0.6856859153572015,-0.893223288714417,0.06094507045250112,0.604357059980584,-0.8403563646968599,0.1542048917157891,0.626128676841953,1.0633762063470762,-0.16774277141682095,0.702515172584216,0.9804721333091765,0.0,0.0,0.0,0.0
0.010678078095717122,0.4052086311277403,0.769780194955309,-0.005827737044626727,-0.6608719097728114,-0.007717274705959028,0.7504364063831714,-0.0157024754342638,0.6710765652919208,-0.8767436154815125,0.06370169867958632,0.6139943581177955,-0.8396268313484956,0.17870090484515658,0.625266261883936,1.0421009435365869,-0.18459716280471622,0.6876829498020534,0.9772748012772006,0.0,0.0,0.0,0.0
0.008358566680167871,0.4074841171974172,0.7685722909577785,-0.005297055215663775,-0.6606464164692509,-0.008118923410243988,0.7506346226327678,-0.02068714918216359,0.6603482136730116,-0.864814760044765,0.06684732261303075,0.6270356669945784,-0.8464440344965098,0.21954391584067662,0.6217320364571871,1.0173594696236443,-0.20200367613935477,0.6745148869883536,0.9743157587684018,0.0,0.0,0.0,0.0
0.0072740166386360446,0.4087780348395595,0.7672524493497026,-0.004558546310259738,-0.6606492635890505,-0.008678518452932273,0.7506307038033047,-0.023243008075597246,0.6548217117761587,-0.859980303444509,0.07002867508021011,0.6433222060887497,-0.8666750294009289,0.2692571150229629,0.6182606837483489,0.9890557368978903,-0.2165198569416029,0.6626949443869488,0.977870923574807,0.0,0.0,0.0,0.0
0.00719881436357463,0.4090266454000272,0.7671228967756104,-0.004721821285737685,-0.6607135539470957,-0.008727158115542933,0.7505725419608488,-0.023550786303390296,0.6546183058977204,-0.8599777790796072,0.07002838818876644,0.6433510865960358,-0.8666865906370631,0.2692915892793371,0.6182874119593387,0.9890631315262779,-0.2164983351208685,0.6625070724160204,0.9777519288821149,0.0,0.0,0.0,0.0
0.00719881436357463,0.4090266454000272,0.7671228967756104,-0.004721821285737685,-0.6607135539470957,-0.008727158115542933,0.7505725419608488,-0.023550786303390296,0.6546183058977204,-0.8599777790796072,0.07002838818876644,0.6433510865960358,-0.8666865906370631,0.2692915892793371,0.6182874119593387,0.9890631315262779,-0.2164983351208685,0.6625070724160204,0.9777519288821149,0.0,0.0,0.0,0.0
0.007417790008493537,0.4099988748401221,0.7670530830227534,-0.0049050715253890955,-0.6604812885195583,-0.008753326404334965,0.7507754571546233,-0.025693463037106082,0.658290600248489,-0.8675188297872847,0.06793446524626974,0.6430337653354864,-0.8672596353153601,0.26430976391807187,0.6175079974604669,0.9937062204766353,-0.2211237352396748,0.6618295982676171,0.9741058715345103,0.0,0.0,0.0,0.0
0.008230717161681948,0.4114880754231105,0.7669973941690416,-0.005132191074393078,-0.6603772332608874,-0.008707797613675423,0.7508659964775276,-0.029278889328876425,0.66656192520129,-0.8819826575423928,0.0645380414451097,0.6452364761596739,-0.871024974820126,0.2579886572267583,0.6175036356916253,1.0014815228155924,-0.2298044625404902,0.6620692142569844,0.9694092242014599,0.0,0.0,0.0,0.0
0.009813316216237676,0.413417162679379,0.7670391504038659,-0.005434225093007391,-0.6604329023082837,-0.008596630559092303,0.7508161883506016,-0.03412176897400805,0.6801869324993518,-0.9040181878416127,0.06006120956429741,0.6511256940419526,-0.8793399396983493,0.25112729441620885,0.619045050081474,1.0115396958300376,-0.24216141621400794,0.6640712441148682,0.9634051219797015,0.0,0.0,0.0,0.0
0.012276290859911018,0.41590857947675774,0.7675566975939359,-0.005891889870919693,-0.6607105714470513,-0.008364394484133938,0.7505710248316102,-0.04061389457287254,0.6999496866038634,-0.9330856981289894,0.054132437536873156,0.6611141831578173,-0.890845865930669,0.2438066653923608,0.6244233831149931,1.0211111304453953,-0.2585857490466041,0.6704823838572558,0.9523300583537226,0.0,0.0,0.0,0.0
0.015792696388768478,0.4194681423606921,0.7699257197306334,-0.006850396251923284,-0.6618976551708332,-0.007608675780821632,0.7495242986077281,-0.05053357988368152,0.7275447917643351,-0.9637911248342692,0.044931332316018924,0.6748278171718866,-0.8952363665411056,0.2386020000575154,0.6416465469029038,1.021009131273271,-0.28036934140235814,0.6923298661053687,0.9231603332028424,0.0,0.0,0.0,0.0
0.017853804728038828,0.42304172172566373,0.772057245032149,-0.006539098325191192,-0.6611672884891916,-0.007987054986804114,0.750167490483013,-0.048113299617138804,0.6898818046853844,-0.9075180788648841,0.036710935320298094,0.6820554001635107,-0.9016280168834667,0.21076998053289017,0.6581662575594752,1.018923635052948,-0.22389558825397748,0.6807435661777856,0.9741795962034671,0.0,0.0,0.0,0.0
0.020757578068196288,0.426551444373919,0.7741271699284782,-0.006499839079296008,-0.6609597701106789,-0.008048842882135407,0.7503500186682484,-0.04550645490385101,0.664136742253377,-0.8785859496678833,0.028209138805069936,0.6933969597142775,-0.9116802341137423,0.18753572072075234,0.6756140527829063,1.0180870636002282,-0.17768215877176252,0.676243320085617,1.0130777636868902,0.0,0.0,0.0,0.0
0.02417179048240873,0.42972871189312256,0.7761058824524534,-0.006732086041825869,-0.6609874036960326,-0.007901944219800476,0.7503251898012292,-0.04261252133049798,0.6472471360415966,-0.8662397680577631,0.020266459149785726,0.7076440251409208,-0.9249840950910705,0.16932166012808053,0.6930898389755589,1.0168297231044667,-0.14975570307700786,0.6740427697461209,1.0420717721764152,0.0,0.0,0.0,0.0
0.02753824225539566,0.4326397462612832,0.778030341147352,-0.00710763510081679,-0.6611202138535144,-0.0076468899785205645,0.7502073509578624,-0.04015878117332077,0.6360904030370528,-0.8633612314177623,0.012798078447143858,0.721546913743007,-0.9370545816201646,0.15375815459199965,0.7102958399801607,1.0143685360670167,-0.13426264900091184,0.6722314322979063,1.0647913104096838,0.0,0.0,0.0,0.0
0.030636086205486055,0.435297323159554,0.7798708621638152,-0.007530829944841454,-0.6612684241801114,-0.0073508371019441136,0.7500755448463805,-0.03813992339838394,0.6283692787549684,-0.8656989172004608,0.005849112619033418,0.7340176049607988,-0.9469399890694024,0.1396000864140873,0.7267847746902809,1.0108376569289717,-0.12577253289925525,0.6703869410610281,1.083648626034874,0.0,0.0,0.0,0.0
0.03336199281165046,0.4377138637110868,0.7815915632986697,-0.007950065523460073,-0.6613982414353143,-0.007049289731383257,0.7499596457135072,-0.03639067098666362,0.6225062347991858,-0.8709038708851504,-0.0005563231190632003,0.7445856373065951,-0.9543644440428024,0.12622968105370178,0.7421880612145535,1.0066437867263829,-0.12086892448997993,0.6683144721299827,1.1001852447445124,0.0,0.0,0.0,0.0
0.03568866472555467,0.43989741277455136,0.7831745416708582,-0.008341140616938228,-0.6615013441724984,-0.006759245491935566,0.7498671279843956,-0.03470751012551313,0.617458787839131,-0.8776543988017275,-0.00640031146531588,0.7531860107617282,-0.9594411655021311,0.11345256483205436,0.756311137337925,1.002109304683399,-0.11765443739264918,0.6658950353633176,1.1153651213337255,0.0,0.0,0.0,0.0
0.037633749984376144,0.44185538337993935,0.7846193220645352,-0.008694214691679485,-0.661580755391217,-0.006488454196054398,0.7497954485651586,-0.03292432409280588,0.6125765837653055,-0.8851901377783472,-0.011675806635928376,0.759979970857901,-0.9624710129680366,0.10129419471675147,0.7691148098621338,0.9974209554393099,-0.11512716290283839,0.6630692554779153,1.1297928808187288,0.0,0.0,0.0,0.0
0.03923796937093434,0.44359755178005983,0.7859357456861812,-0.009006744839409761,-0.6616425544757899,-0.0062395918502696586,0.7497393388022874,-0.03093605206089287,0.6074730012733058,-0.893067803311716,-0.016392079740880805,0.7652309134769845,-0.9638264125900593,0.08986306655216038,0.7806557790204894,0.9926672993389715,-0.112762599439541,0.6598270715523786,1.14384602625657,0.0,0.0,0.0,0.0
0.040551087440990154,0.44513711111910387,0.7871376273867187,-0.009279522092136394,-0.6616936406244212,-0.006013483968620999,0.7496927733661969,-0.028691327926825008,0.6019322645307943,-0.9010307945887568,-0.020573466240525626,0.7692266961521224,-0.9638783000482972,0.07926108052397314,0.7910458729785368,0.987889870681481,-0.1102963079125313,0.6562024749091576,1.157753311118846,0.0,0.0,0.0,0.0
0.04162282502922462,0.44648976685823083,0.7882379525607222,-0.009515268943166285,-0.6617387637027761,-0.0058091615475357955,0.749651600353241,-0.026177320872010457,0.5958380454686008,-0.9089318115863102,-0.024256641858279325,0.7722370048133619,-0.962968792410933,0.06956046262784489,0.8004028246057416,0.9831181351776591,-0.10759499152482804,0.6522626777565125,1.1716376232304235,0.0,0.0,0.0,0.0
0.04249814700402709,0.4476724869306374,0.7892455890434341,-0.009716854088860864,-0.6617812304573222,-0.005625869154722896,0.7496129236861263,-0.02340228064922028,0.5891543703992022,-0.9166762285218127,-0.027483737406992646,0.7744923969117802,-0.9613974590615755,0.06077828628720232,0.8088327524348587,0.9784021108299767,-0.1046066458335107,0.6481118619710412,1.185533383059396,0.0,0.0,0.0,0.0
0.043214877534932174,0.4487017235702876,0.790162027179858,-0.009887318120665132,-0.6618222529717531,-0.005462610937008144,0.7495756841663984,-0.02038459111130059,0.5819442966312868,-0.9241624974112485,-0.030297515356606478,0.7761781639604316,-0.9594299547612257,0.05289931402526697,0.8163967200121232,0.9738391870192367,-0.10132017314779321,0.64390019459013,1.1993758175187303,0.0,0.0,0.0,0.0
0.04380292461258745,0.44959244957103506,0.7909778656648421,-0.010028908615047988,-0.661861513867398,-0.005319300228554885,0.7495401673681175,-0.017144908636948994,0.5744448928297128,-0.9312077743278493,-0.03273686972255601,0.7774334571092474,-0.9573126385598371,0.04587243213265122,0.8230924817192629,0.9696106852790708,-0.09774664232183868,0.6398442858387804,1.212952210976381,0.0,0.0,0.0,0.0
0.04428387228808584,0.4503578568231297,0.7916689419202724,-0.010142952165819256,-0.6618971157735608,-0.005196763958933559,0.7495080535233485,-0.013703701911298716,0.5671770982757806,-0.9374564687172737,-0.034835719280388575,0.7783506274815144,-0.955288380878607,0.039618080743888125,0.8288281800873112,0.9660214393326741,-0.09388902692708809,0.6362636153872291,1.2257937939600667,0.0,0.0,0.0,0.0
0.04467027923930118,0.4510102815030534,0.7921941336419472,-0.010229695567092053,-0.6619256362217615,-0.005096696021516045,0.7494823741294288,-0.010082085921135315,0.5610405847286899,-0.9422923602456941,-0.03662519583688115,0.7789696667401118,-0.9535970639776209,0.03402192961372173,0.8334082374178969,0.963526882964752,-0.08969661805809748,0.6336546752396175,1.2369770846124932,0.0,0.0,0.0,0.0
0.04496470534956389,0.4515631866399038,0.7925005092133189,-0.010288453100789342,-0.6619423223389945,-0.005021013681053519,0.7494673435519831,-0.0063046107040868014,0.5572548683068277,-0.9448081564350777,-0.03813910911300536,0.779269384934181,-0.9524394756583449,0.028924893623995692,0.8365600424129682,0.9626907274602108,-0.08499454488640153,0.6328495375219637,1.2448037901092015,0.0,0.0,0.0,0.0
0.04516052951127444,0.4520320612642276,0.7925483799993437,-0.010318620575454102,-0.6619451983786236,-0.004970455055675494,0.7494647256472075,-0.002397665510413322,0.5569047277656933,-0.9439545628568442,-0.03941657843205633,0.7791706298249546,-0.9518610533475507,0.024146690662506957,0.8380801110275125,0.9639497196549981,-0.07943543689374848,0.6352589758932035,1.2465098362883038,0.0,0.0,0.0,0.0
0.045242323181207536,0.452422155291117,0.7923363095002374,-0.010320586404596552,-0.6619345355909545,-0.004945983994278261,0.749474277964615,0.0016145972608908243,0.5599665938609165,-0.9397026838446375,-0.040466348854566674,0.7785745926889897,-0.9517160890267917,0.019635325720338215,0.837944243499404,0.9673240889652648,-0.07308047033682347,0.6408077181149651,1.242040231120584,0.0,0.0,0.0,0.0
0.045187315408057954,0.4527300489771049,0.7919016220138132,-0.010295133179558436,-0.6619127557134357,-0.004949298128534807,0.7494938415388719,0.005700592791800194,0.5653263359727961,-0.9330777550406035,-0.041270393629068404,0.7773673998518006,-0.9516739168946726,0.01544832977068949,0.8363162548912882,0.9724187088810943,-0.06637688225149213,0.6479622472837028,1.2340615943430842,0.0,0.0,0.0,0.0
0.04496531146000807,0.45295671152860506,0.791296084668293,-0.010243000544566507,-0.6618838764933731,-0.004980373171176601,0.7495198535469391,0.009819331483190134,0.5717425168377419,-0.9249791092161623,-0.041822936728998096,0.7753820955075448,-0.9512542353865923,0.011617783297613983,0.8334301121281457,0.9787065460637834,-0.05956846404887866,0.6558017763658115,1.2242026194083875,0.0,0.0,0.0,0.0
0.04453693266758287,0.4531072924367381,0.7905615310954685,-0.010163316381073399,-0.6618497882523107,-0.005039477401088545,0.7495506443583606,0.013928528198320828,0.5782985667601475,-0.9160127988437708,-0.042128755349663205,0.7723885763635413,-0.9499289166733058,0.008105865190447387,0.8294519427286342,0.9857629998798961,-0.05275874096320658,0.663765099435006,1.2133397550242004,0.0,0.0,0.0,0.0
0.04385422083977879,0.4531902207468103,0.7897249419528996,-0.010053871926849844,-0.6618095554933087,-0.005127110742854524,0.7495870494161823,0.01798973709216603,0.5844616116712228,-0.9065253141081483,-0.042201360784938344,0.7680974622285895,-0.9471485697548669,0.004818396675674637,0.8244498663756111,0.9933078108568122,-0.0459818898892734,0.671481749180368,1.2019092223717214,0.0,0.0,0.0,0.0
0.04286218698595997,0.4532177443576293,0.7888010393240696,-0.009910868052312049,-0.6617591367728579,-0.005244312588931643,0.7496326545565909,0.021973570960503955,0.5899880529225379,-0.8966985767669422,-0.04206441502325623,0.7621651413495208,-0.9423390086151728,0.0015947234838471487,0.8184162443948508,1.00117761935728,-0.03924456408640855,0.6786889677163286,1.1901034097250787,0.0,0.0,0.0,0.0
0.041501442996191,0.4532069639273791,0.7877967349788677,-0.009728900333177587,-0.6616905264668684,-0.005392235721692222,0.7496945507846694,0.025867102080276278,0.594807064595829,-0.8866443687043114,-0.0417555617209895,0.7542029410477205,-0.9348966719851073,-0.0017928995417852461,0.8112960829731652,1.0092807810788997,-0.03253653813284801,0.685186425340951,1.1779832626772844,0.0,0.0,0.0,0.0
0.03971332084410821,0.4531805984808957,0.7867157552809346,-0.00950006297191016,-0.6615917145744238,-0.005572855889105672,0.7497833655711783,0.0296851867748077,0.598943194968963,-0.876474144904521,-0.04132837194683033,0.7437987991500856,-0.9242007181094024,-0.005653597142275366,0.8030293236266571,1.0175542740201093,-0.025829788196450574,0.6908132995718335,1.1655423969750103,0.0,0.0,0.0,0.0
0.03744924004917078,0.45316563480249294,0.785562808675205,-0.00921365778887191,-0.6614467299391824,-0.0057890504413871825,0.7499132075499796,0.03347915255206389,0.6024848493486822,-0.8663371433586315,-0.040849901656658395,0.730566891833368,-0.909668263683937,-0.010345711691330441,0.7935860335576974,1.0259220369927005,-0.019060520404108116,0.6954476087289037,1.152752079331889,0.0,0.0,0.0,0.0
0.03468735454359959,0.45318825079610536,0.7843471808766744,-0.008856291548870127,-0.6612392536070213,-0.006045753185539282,0.7500984365119355,0.03733744167671838,0.605607375600428,-0.8564254158249094,-0.04038707777505898,0.7142449639553595,-0.8908740466289824,-0.016208491456068775,0.7830184863301014,1.0342621062100543,-0.012114112830381454,0.6990552914965892,1.1396183513086717,0.0,0.0,0.0,0.0
0.031459966060003675,0.45326175849741557,0.783084259658011,-0.00841592856295185,-0.6609608340396741,-0.006349015150435367,0.7503463453756679,0.041367172519709464,0.6086378813051492,-0.846938919871017,-0.039977440024277236,0.694872242270274,-0.8677843516245166,-0.02337065223552838,0.7715055172138833,1.0423933409106312,-0.004799343297732028,0.701830256144282,1.1262815541167637,0.0,0.0,0.0,0.0
0.027895663409675357,0.453364729956616,0.7817912537484962,-0.007890456319192577,-0.6606223867368303,-0.00670187854671562,0.7506469793885497,0.04565581854363234,0.6121264537457786,-0.8379862013786392,-0.039580977836702676,0.6730986175884961,-0.8412140452122461,-0.03144693870834346,0.7593761445903651,1.0501207269672437,0.0032432369027237742,0.7045125061161273,1.1131406269253277,0.0,0.0,0.0,0.0
0.024260600091843807,0.4534003485430966,0.7804684217535276,-0.007281554359981947,-0.6602045806658924,-0.007130920576850696,0.7510166713233485,0.0501871840465804,0.6164367456622383,-0.8290235392740198,-0.03894747503759736,0.6507041682451298,-0.8140439943614225,-0.03955843677544671,0.74697420498665,1.0573259352889646,0.012475027248821009,0.7087752410483525,1.100404087695514,0.0,0.0,0.0,0.0
0.020960083648124125,0.45329313392674825,0.7792570552099319,-0.006655773144680884,-0.6597689168022738,-0.007588107679045157,0.7514007570712529,0.05525959091936969,0.6218885665017583,-0.8200826494849168,-0.03797921096337943,0.630359125833539,-0.7895688705108916,-0.04607901737841654,0.7355767038241586,1.0630497316334173,0.024663948341978475,0.7160039233253496,1.0888663457692809,0.0,0.0,0.0,0.0
0.018272567127425404,0.45307979753585487,0.7783464653155907,-0.006109165576820486,-0.659351645200554,-0.008006243892767483,0.7517672419878423,0.0602501118189648,0.627771144206621,-0.8119344611556251,-0.03684292526914614,0.6138843058505279,-0.7696903301893384,-0.050363412736249266,0.7264672535880687,1.0662672234640618,0.04174562646690431,0.7263307230982559,1.078952251863578,0.0,0.0,0.0,0.0
0.016584582227783924,0.45283095297165454,0.7779140354463773,-0.005801229844838656,-0.6589830492832753,-0.008284530966185566,0.7520897905411785,0.06386500340648608,0.6318492076270289,-0.8057522904901742,-0.03580117280121578,0.6037867690710109,-0.7574079907151311,-0.05136089321419534,0.7208312964237196,1.0663337938975697,0.06413306278033211,0.738487511575883,1.0706295677595772,0.0,0.0,0.0,0.0
0.016546098177574384,0.4527410420931678,0.7778647455724288,-0.005692350576849812,-0.6589850755345464,-0.008292138734524885,0.7520887632472949,0.06390509726375597,0.6318769769180914,-0.8057650739046229,-0.03567776990520462,0.6036138056829488,-0.7573601927189938,-0.05138309939097413,0.7207059890436945,1.0662583817920126,0.06412686495069304,0.7385320313159002,1.0706464592535514,0.0,0.0,0.0,0.0
0.016546098177574384,0.4527410420931678,0.7778647455724288,-0.005692350576849812,-0.6589850755345464,-0.008292138734524885,0.7520887632472949,0.06390509726375597,0.6318769769180914,-0.8057650739046229,-0.03567776990520462,0.6036138056829488,-0.7573601927189938,-0.05138309939097413,0.7207059890436945,1.0662583817920126,0.06412686495069304,0.7385320313159002,1.0706464592535514,0.0,0.0,0.0,0.0
0.016546098177574384,0.4527410420931678,0.7778647455724288,-0.005692350576849812,-0.6589850755345464,-0.008292138734524885,0.7520887632472949,0.06390509726375597,0.6318769769180914,-0.8057650739046229,-0.03567776990520462,0.6036138056829488,-0.7573601927189938,-0.05138309939097413,0.7207059890436945,1.0662583817920126,0.06412686495069304,0.7385320313159002,1.0706464592535514,0.0,0.0,0.0,0.0
0.017320293663134978,0.452747391114982,0.7780332280369134,-0.005543885539364444,-0.6592750558108155,-0.008361704108142135,0.7518349207260729,0.06394066368896052,0.6363554192125987,-0.8106868783021537,-0.03579289826565451,0.608292969996794,-0.7631618484282646,-0.05420418972593517,0.7248459994657733,1.0664356412484206,0.06252639598203572,0.7413868486204522,1.0704002368714838,0.0,0.0,0.0,0.0
0.018813888012856526,0.4528290458209852,0.7782239193821803,-0.005527068400597155,-0.6595329731628817,-0.008363066358021896,0.751608786501938,0.06386458414266463,0.6458094929884679,-0.8239106207730279,-0.03618851650721854,0.6175958785420201,-0.7762538394613332,-0.05653247688475888,0.7300069914513383,1.0674902150014558,0.062347006661517185,0.7461929331011474,1.0705331062696868,0.0,0.0,0.0,0.0
0.020988647891444265,0.4529210063352287,0.7784496913124019,-0.005610388429863024,-0.6598006784105293,-0.008303597147640625,0.7513738341099464,0.06380992025981426,0.6595455132800596,-0.8439425235796838,-0.03672374254554462,0.6311761187350774,-0.7958108447859409,-0.058114229197589705,0.7364004060112135,1.0690404393850101,0.06398883412116972,0.7531910881347387,1.071067916968237,0.0,0.0,0.0,0.0
0.023800416138066587,0.4529040939179223,0.778856827299309,-0.005771125866956759,-0.6601581400305105,-0.008183594373801353,0.7510598864543423,0.06403100160188106,0.6766445979230623,-0.86821477334744,-0.037128713342170265,0.6487168905823929,-0.8203201728817519,-0.057974343589327376,0.7448936721727962,1.069413965809669,0.0687839473996234,0.7636788148768019,1.071083027839937,0.0,0.0,0.0,0.0
0.02722444114339756,0.452621033353347,0.7800167673825728,-0.006002266117397902,-0.6609084374029986,-0.007960833124399807,0.7504003167023238,0.06479415262204362,0.6961620328062553,-0.8915110324087248,-0.03708924656130577,0.6699279206562432,-0.8455311791777111,-0.05423746536818401,0.7590689510377512,1.0634816347581186,0.079792059291961,0.7825067582067763,1.066472002299308,0.0,0.0,0.0,0.0
0.030237117050960365,0.45282208904814786,0.7806674472682594,-0.005091114647069773,-0.6607237723216938,-0.008850409522626414,0.7505596894930627,0.06549977532627586,0.7145251953824489,-0.9160848346856852,-0.03377865847247926,0.6532631831439426,-0.8310919987600055,-0.03423693515854254,0.7429722974038153,1.0778682503928037,0.05923196391302616,0.7847270996429314,1.0611831584215479,0.0,0.0,0.0,0.0
0.03321763050202573,0.4529747976997951,0.7815502563526023,-0.004483893326684145,-0.6606703311474144,-0.009379350506986702,0.7506041806613308,0.06588651527019342,0.7323149235346537,-0.9388780328855703,-0.028038119868178155,0.6394133804451525,-0.8269592730204135,-0.017049491111287427,0.7294469710863464,1.0904945235436727,0.04560436838955157,0.7908376556762722,1.0544054631484758,0.0,0.0,0.0,0.0
0.035960830960996365,0.4530346568486218,0.7825614103842025,-0.004128219940502114,-0.6607736073286716,-0.009628971820672398,0.7505121455110862,0.0661530670812956,0.7482293370838914,-0.9580411958267315,-0.02228124428090183,0.6290462059241863,-0.8293916811200461,-0.0036715689385195226,0.7190630610044674,1.102945739704967,0.03830552807099934,0.7997999531678333,1.0469425653188145,0.0,0.0,0.0,0.0
0.03832979573328801,0.4530205971667574,0.7836113602464497,-0.0038795051009619867,-0.6609395164090182,-0.009774179052111566,0.750365491286108,0.06645395376617554,0.7616752140166142,-0.9731010705316072,-0.01720587232414742,0.6211339245290113,-0.8352861104778607,0.007083091430938389,0.7106437748860224,1.1153917402164908,0.033891552900042504,0.8093724373136434,1.0391138900548207,0.0,0.0,0.0,0.0
0.040265796851945326,0.4529611313992279,0.7846587618554606,-0.0036647467509463923,-0.6611167324024182,-0.009897045610813407,0.7502088270988139,0.06680840673597664,0.7725023086199013,-0.9840990031981282,-0.012750725979955788,0.6147727208851385,-0.842875780973674,0.016269011543695693,0.7031887399474043,1.1277213859868018,0.030477139796354878,0.8183890856553809,1.031054562614297,0.0,0.0,0.0,0.0
0.04176771420779095,0.4528856096309066,0.7856856683231902,-0.003459842205333953,-0.6612833975401826,-0.010021591947164819,0.7500612410493368,0.06716767004064451,0.7808465482172467,-0.9914133421141431,-0.008647743484456826,0.6092493380842927,-0.8512121620194463,0.02454889784601689,0.6960213267073203,1.1398384129325847,0.02721281282242775,0.8263926965296042,1.022840422710645,0.0,0.0,0.0,0.0
0.0428712442636813,0.4528210517056781,0.7866827622979179,-0.003261221574301738,-0.6614309020867308,-0.010149555751725315,0.7499303385759369,0.06746670352199685,0.7870087628531094,-0.9956145669254625,-0.004660459277784286,0.604030176503892,-0.8598022654349983,0.032303779126036894,0.6887255563721081,1.1517045767243663,0.0237196475016955,0.833269214872976,1.0145265381443476,0.0,0.0,0.0,0.0
0.043631427549343835,0.45278858871882094,0.7876446548038558,-0.003074839086400163,-0.6615587335196319,-0.010272415017809892,0.7498166875698322,0.06764621624621399,0.7913575045477332,-0.9973309471138482,-0.0006537356901915791,0.5987606530631989,-0.8683975464599619,0.03976975351501316,0.6810754178253734,1.163325940125717,0.019934413220742707,0.8391098659463173,1.0061637759689592,0.0,0.0,0.0,0.0
0.04410918164187367,0.45280327076081156,0.7885668291676802,-0.0029061068500831544,-0.6616682496616602,-0.010383309868387905,0.7497191933042849,0.06766645591358739,0.7942654267258411,-0.9971679370803258,0.003423100212006665,0.5932140791848433,-0.876879987849626,0.04708528033571622,0.672963818951618,1.1747314233091974,0.015854563066481156,0.8440496391927598,0.997801862801899,0.0,0.0,0.0,0.0
0.044362601581834554,0.45287390792520643,0.7894455548233262,-0.002759444940172104,-0.6617623456319153,-0.01047664864626884,0.7496353935084109,0.06750550678467965,0.7960681280490919,-0.9956531513588547,0.007567436255500184,0.5872574518588166,-0.8852019648651713,0.054339948328652916,0.6643633681394122,1.1859514729434812,0.011533965175287781,0.8482411596688827,0.9894926419600684,0.0,0.0,0.0,0.0
0.04444204805836742,0.45300476162173264,0.7902769035592822,-0.0026374173359157036,-0.6618441650875276,-0.010548937273457648,0.7495625825051503,0.06715505143129004,0.7970458519406941,-0.9932203192313855,0.01175346916257251,0.58081574994842,-0.8933517540382836,0.06159113152587241,0.6553023316347989,1.197000632456444,0.007031648595732192,0.8518155922328224,0.9812939836290561,0.0,0.0,0.0,0.0
0.044388238815905236,0.453197909336388,0.7910550881589368,-0.0025409510152823718,-0.6619161695789524,-0.010598552374881871,0.7494986315567378,0.06661368896355566,0.7974208601959835,-0.9902194674782743,0.015949815574821447,0.5738623195339639,-0.90132381520577,0.06887412105437062,0.6458583471902011,1.2078583648623766,0.0023824184627338745,0.8548577197586993,0.9732794199153078,0.0,0.0,0.0,0.0
0.044232299178884694,0.4534556668537053,0.7917696169083446,-0.0024698598277404075,-0.661979274693544,-0.010625313287161554,0.7494427545758183,0.0658803784259226,0.7973641256461705,-0.9869451204315648,0.02012621407193257,0.5664488171697897,-0.9090788541298648,0.07620518623993491,0.6361677715950463,1.2184391059417083,-0.0024216038543215584,0.8573838754906483,0.9655588143189199,0.0,0.0,0.0,0.0
0.04399677955041946,0.4537823193270439,0.7924013026655546,-0.0024240019436935598,-0.6620325159650055,-0.010629282322216996,0.7493958168931398,0.06494904081580168,0.797004543484133,-0.9836716161400922,0.02425219720591207,0.5587869101547923,-0.9164822280290936,0.08357949851193075,0.6264507903727963,1.2285357674245705,-0.007418736316919606,0.8593275458071076,0.958313960242203,0.0,0.0,0.0,0.0
0.04369655706298301,0.4541848444228808,0.7929173272543859,-0.0024039187925916227,-0.6620727548579939,-0.010610329012995726,0.7493606003570119,0.06380680686902745,0.7964344448502927,-0.9806841149745051,0.028293772125602565,0.5513697554427763,-0.9232183902670135,0.09094868252761516,0.6170559267248411,1.2377123144461655,-0.012667727561054009,0.8605167432951022,0.9518462077334917,0.0,0.0,0.0,0.0
0.04333874499891435,0.4546714605352024,0.7932680969168012,-0.0024130157928361922,-0.6620964073084918,-0.010565599676526989,0.7493403051267471,0.06243499800897594,0.7957031107140936,-0.9782797805727214,0.032209342618556625,0.5450905397264605,-0.9286992505270468,0.09817828299941683,0.6085469638150307,1.2451103979407607,-0.018166732492855706,0.8606873981007122,0.9466192222923017,0.0,0.0,0.0,0.0
0.042921366416578594,0.4552481613139821,0.7933925568293952,-0.002461383053043738,-0.6621037731128281,-0.010484807141363578,0.7493347743448392,0.06081198835182355,0.7947982557771924,-0.9767101403373253,0.0359471678176842,0.5412146700597729,-0.9320164000451363,0.10498419419793391,0.6018737881515067,1.2491328990784232,-0.02371262471511822,0.8595685321308376,0.9432306658286428,0.0,0.0,0.0,0.0
0.04243247385416744,0.45591764137944585,0.7932451311400955,-0.0025658640801315617,-0.6621039385709737,-0.010350674749111353,0.7493361424638242,0.058915106702811505,0.7936396170719091,-0.97604116939829,0.039447591341149356,0.5409085535812871,-0.9320560084597866,0.11090118515667957,0.5985962926568924,1.247136944465423,-0.02891830290995317,0.8570422600473104,0.942154775941083,0.0,0.0,0.0,0.0
0.041850387658522364,0.45669861470107426,0.7928192885885978,-0.0027274621498691877,-0.6620968975516807,-0.0101648608327374,0.7493443366082854,0.05669876437109185,0.7921425003631869,-0.9761722863837923,0.04268111691872871,0.5441267897536495,-0.9287812304733936,0.11581682111841242,0.5987408403346137,1.239178843730769,-0.034025290043243665,0.8529665904393865,0.9433761464936034,0.0,0.0,0.0,0.0
0.04114574843763317,0.45762501515337944,0.7921487869711086,-0.0029345274181442065,-0.6620753853938086,-0.009942775551803097,0.7493655408535933,0.05409043689623978,0.7902253403652851,-0.9768462617177178,0.045647115497488996,0.5496448641516646,-0.9232625991899569,0.12003025471268963,0.6007869753188605,1.2279754815623798,-0.03972759067561758,0.8472594921771661,0.9463800961474292,0.0,0.0,0.0,0.0
0.04028193565225939,0.4587274249953743,0.7912836590376507,-0.003179826224340875,-0.6620389394124966,-0.009694934113788651,0.7493999864286687,0.05102060347399512,0.7877513014158937,-0.9776382947221927,0.04834164560828331,0.5561469511726754,-0.916379473841793,0.12370010122969943,0.6037944834532791,1.2151573090788896,-0.04649933112053458,0.8400164887212112,0.950501245516844,0.0,0.0,0.0,0.0
0.039216157270284414,0.46003229616375346,0.7902631774643402,-0.0034596438069116396,-0.6619892256425658,-0.009427823299764755,0.7494460702049973,0.047428114957421316,0.7845297794478616,-0.978082640885033,0.05075059857214541,0.5626911118089831,-0.9086963529256811,0.1268630957064723,0.6071903724298855,1.2015863560613123,-0.05460668786617914,0.8313352729966605,0.9551918755010824,0.0,0.0,0.0,0.0
0.03790214781895224,0.46156176397331367,0.7891108461141899,-0.003771657379251935,-0.6619281538895473,-0.009145961667422356,0.7495019980454805,0.04326388927239589,0.7803298810096473,-0.977714157176406,0.052850136835541746,0.5687513428180109,-0.9005233579510729,0.129509219261863,0.6106120682097163,1.1876791146623888,-0.06415539313745049,0.8212701358692382,0.9600673490733322,0.0,0.0,0.0,0.0
0.0362925551351297,0.4633321909304272,0.7878376505364313,-0.004110544199927244,-0.6618557963324333,-0.008856754691704157,0.7495675861347474,0.03850062920400451,0.774889673987507,-0.976064425668356,0.05461883878720237,0.5740984783047444,-0.8920219168314538,0.1316199205046283,0.6138267349914034,1.173601347442761,-0.0751762049325494,0.8098180983977031,0.9648664167016666,0.0,0.0,0.0,0.0
0.03434159445529452,0.4653496046554002,0.7864484549923405,-0.004469131421428935,-0.6617724557515642,-0.008567886145402001,0.749642471448811,0.033141180805707215,0.7679181545580973,-0.9726321805606443,0.05604648694329278,0.5786931426103766,-0.8833023803186121,0.1332279112299126,0.6166887461972107,1.1593728422180385,-0.08754433804426724,0.7969923373252706,0.9694069481164191,0.0,0.0,0.0,0.0
0.03200898498930674,0.46760530925338134,0.7849485150703516,-0.0048375931518676515,-0.6616791365344099,-0.008287434586837103,0.7497257074394231,0.02722956419524392,0.7591071013419404,-0.9668686161112815,0.05715156035041361,0.5826130942840567,-0.8744947833746335,0.1344572727889723,0.6191110805941257,1.1449177664736228,-0.10097885728570762,0.7828642509906678,0.9735396460473578,0.0,0.0,0.0,0.0
0.029266956559465776,0.4700727094536926,0.7833504532114829,-0.005201760468521997,-0.6615771022571123,-0.008025084184249333,0.7498161624564691,0.020859523583343115,0.7481657537031904,-0.9581975882305963,0.058006492647640163,0.5860325944479043,-0.865793162351498,0.13557610591384905,0.6210460367363282,1.1300868494926966,-0.11509378716747316,0.767592707419451,0.9770986552811236,0.0,0.0,0.0,0.0
0.02611250971931844,0.47270608208969195,0.7816815327823222,-0.005542106746562585,-0.6614678046473433,-0.0077921029849384975,0.7499126026404047,0.014174929746878801,0.7348923963430624,-0.9460942929905016,0.05876854120241033,0.5892583342785274,-0.8574827835390788,0.1371078265416533,0.6224751116874853,1.114669922427891,-0.12946197650622937,0.7514622496176585,0.9798566198973147,0.0,0.0,0.0,0.0
0.022587686154716208,0.47544312371519537,0.7799885254004064,-0.005830520526130664,-0.6613520138656057,-0.007603595187404456,0.7500144692781119,0.007360580191030425,0.7193047017948185,-0.9302685573263493,0.05971060404469241,0.5928058478229874,-0.8499662248976961,0.14004069613321543,0.6234057028946868,1.0984104757928297,-0.14375443072603783,0.7348939165149069,0.9815019837942103,0.0,0.0,0.0,0.0
0.01881207205715032,0.4782110060845394,0.778330734920135,-0.00602357247406909,-0.6612309104512927,-0.00748543943718142,0.750120902145005,0.0006268177067580436,0.7018526068609581,-0.9110184682383515,0.06122719306682919,0.5974960066009725,-0.843817520286996,0.1462582748277506,0.6238610185649697,1.0810477917807424,-0.15795813996475097,0.718386601403942,0.9817332854792218,0.0,0.0,0.0,0.0
0.01518154423516331,0.4810205349966439,0.7767430258393518,-0.006053335853921885,-0.6610221300306437,-0.007478783159404415,0.7503047171231466,-0.006041738724882364,0.6849518344105553,-0.8922058536798728,0.06337468757055745,0.604118940297603,-0.8393058013523015,0.1593473166883963,0.6242060798133519,1.0619539633453805,-0.17326665258723295,0.7022041523040291,0.9803472087118376,0.0,0.0,0.0,0.0
0.012029331955249047,0.48371066852465083,0.7753383696224165,-0.005833052086845696,-0.6607555411125663,-0.007647486042076886,0.7505395434949633,-0.01223718270995171,0.6703556975765326,-0.8758811199285482,0.06616246432407982,0.6135840105853779,-0.8384057440454227,0.1842206308296111,0.6232651726805379,1.040414855299362,-0.18986612948574477,0.6872606913121995,0.9773082310427782,0.0,0.0,0.0,0.0
0.009702870254631176,0.4859744503745295,0.7741083941189115,-0.0052953993509763505,-0.660505065057753,-0.008036042535479007,0.7507599082257491,-0.017243250810156874,0.6596377748113755,-0.8641736908478528,0.0693175659925252,0.6263363933686401,-0.8449403034770369,0.2256510289206865,0.6195650254406131,1.0152336007041987,-0.20698312453049428,0.6739410265339065,0.9745594532627657,0.0,0.0,0.0,0.0
0.008610644138622038,0.4872612267681244,0.7727713675995865,-0.004554967600101772,-0.6604774127997997,-0.008569979642312691,0.7507831876782906,-0.019842391999244806,0.6541126614543505,-0.8595707239526968,0.07243209625383298,0.642211204714485,-0.8647233215495134,0.27598213593214965,0.615899232405534,0.9863017651656791,-0.22119772250235836,0.6620127481436346,0.9782507798040013,0.0,0.0,0.0,0.0
0.008534735281513895,0.4875083236121265,0.7726419062861916,-0.004717288227146563,-0.6605413598936369,-0.00861778444717222,0.7507253777866237,-0.02014960344461123,0.6539080175985087,-0.8595693433498575,0.07243219330856628,0.6422400674366866,-0.8647346555349436,0.2760171015355906,0.6159259881885442,0.9863092065252297,-0.22117587787127674,0.661824553376371,0.9781310921296736,0.0,0.0,0.0,0.0
0.008534735281513895,0.4875083236121265,0.7726419062861916,-0.004717288227146563,-0.6605413598936369,-0.00861778444717222,0.7507253777866237,-0.02014960344461123,0.6539080175985087,-0.8595693433498575,0.07243219330856628,0.6422400674366866,-0.8647346555349436,0.2760171015355906,0.6159259881885442,0.9863092065252297,-0.22117587787127674,0.661824553376371,0.9781310921296736,0.0,0.0,0.0,0.0
0.008759771308776084,0.48847303004110165,0.772565416231346,-0.004932709341021928,-0.6603412750010014,-0.008635805193771344,0.7508997881057525,-0.022257213775974415,0.6575902504894469,-0.8670480260532819,0.07037076597800587,0.6419240321988058,-0.8651464796563529,0.27147737466945965,0.6150679435337767,0.9910451750942819,-0.22556406099085963,0.6612854460998453,0.9746598095977334,0.0,0.0,0.0,0.0
0.00957739548312694,0.48996625843485647,0.7725037787848569,-0.005177459740009787,-0.6602573241412428,-0.00858791732825344,0.7509725078219903,-0.025833151006330008,0.665907164008992,-0.8815421653290955,0.06698240651039807,0.6441393226443477,-0.8688433259399382,0.26542687081529587,0.6149788222184056,0.9989701966385065,-0.23420655727085546,0.6615821593116459,0.9700269761426944,0.0,0.0,0.0,0.0
0.011162274384086054,0.49191847731544075,0.772544111114375,-0.005483897963621304,-0.6603172791878297,-0.008480722422303742,0.7509188338404504,-0.030707212793862237,0.6796248411454925,-0.9037231180344101,0.06247390528976374,0.6500380526294866,-0.8771607008732086,0.2586170478719411,0.6164426820267058,1.0092171273674548,-0.24675272673400886,0.6635748585671581,0.9638946756186655,0.0,0.0,0.0,0.0
0.013626224938383572,0.49445627152652016,0.7730671031485372,-0.005930672911908609,-0.6605810088347602,-0.008261670970952258,0.7506858881572438,-0.03727839018856975,0.6995417335113508,-0.9330705411917242,0.05646772764560929,0.6600335236814768,-0.8887479535990648,0.2510705066186277,0.6217745637403636,1.019011180532243,-0.2636321091447031,0.6699117125722122,0.9524444873403065,0.0,0.0,0.0,0.0
0.017146603660231578,0.4980913807260599,0.7754590876638311,-0.006842489415782735,-0.661728997661353,-0.00753502009706286,0.7496740208015968,-0.04735076699154806,0.7273973313105127,-0.9642282463585268,0.04712281474621276,0.6737789824441826,-0.8933613867538349,0.24513301653063763,0.6390884731555229,1.0191149673103685,-0.28634775045098687,0.6916094117470212,0.9224755188383995,0.0,0.0,0.0,0.0
0.019221319492717395,0.5017393173522088,0.7776358136024735,-0.006534166369225129,-0.6610662951022295,-0.007943880512117169,0.7502569912450537,-0.045196755364144636,0.6900692138647703,-0.9078073826162711,0.038794090771427835,0.680911217493717,-0.8991291648448428,0.21717883572661462,0.6560299442217492,1.0172028535327868,-0.22955960561619326,0.6803701496752894,0.9737729372714751,0.0,0.0,0.0,0.0
0.022133154137958355,0.5053413598286987,0.7797239517077161,-0.0064738723790744605,-0.6608940523431458,-0.008038354461336052,0.75040823916814,-0.042851946623282615,0.6645054377132543,-0.8788494838308071,0.030127783684353995,0.69213176828032,-0.9088108361742708,0.19334578775692357,0.6737671046383485,1.0167653962061944,-0.18275988002284993,0.6761106872476352,1.012870522335828,0.0,0.0,0.0,0.0
0.025553228700876427,0.5086112887158901,0.7817097483703046,-0.006683451677994365,-0.6609312458271632,-0.00791588308508744,0.7503749453160102,-0.04017181786443092,0.6476673150931705,-0.866522458000406,0.022002856514722544,0.7062718022913338,-0.921929741121267,0.17438009651585734,0.6914322156420598,1.0159109671165198,-0.15440650552821986,0.6739749829332229,1.0419597964087288,0.0,0.0,0.0,0.0
0.028929563372157137,0.5116049544728805,0.7836392356912376,-0.007042952900075572,-0.6610639629250324,-0.0076773506987767425,0.750257217241225,-0.03787813420552426,0.6365229983621877,-0.8636716132899996,0.014364210491392155,0.720110225583524,-0.9339221012069882,0.15811599082696942,0.7087896474168458,1.013785387641832,-0.1387138924014802,0.6721561563015329,1.0647146668703344,0.0,0.0,0.0,0.0
0.0320412324301728,0.514332207462577,0.7854862855548824,-0.007458011767381339,-0.6612110757155223,-0.007390961282431928,0.7501264327451213,-0.03597844447234315,0.6288193107620499,-0.8660410842719343,0.00726696218927153,0.7325527437592938,-0.9437686171956212,0.14338672862682325,0.7254188169130297,1.0105053002751765,-0.13017209556148504,0.6702970257597083,1.0835846235469087,0.0,0.0,0.0,0.0
0.03478423155670932,0.5168049011371121,0.7872150407824386,-0.007875076750742062,-0.6613414768766104,-0.0070942526021331494,0.7500100704049584,-0.03431613527723883,0.6229891274981993,-0.8712794954798284,0.0007395452055161114,0.7431250900336909,-0.9511780014766172,0.12958854933043504,0.7409560805674837,1.0064866604850893,-0.12528958231299137,0.6682300054877213,1.1001286318786538,0.0,0.0,0.0,0.0
0.03713027587751841,0.5190317840486725,0.7888065674437345,-0.008267902758752886,-0.6614471048740891,-0.006805708018825435,0.7499153629417256,-0.03269442170754209,0.617986343710481,-0.8780640026781095,-0.005199980217939992,0.7517575670293862,-0.9562625463941908,0.11652023707770315,0.7552019088569889,1.0020682952770046,-0.12211804560351008,0.6658419811011398,1.1153182957479775,0.0,0.0,0.0,0.0
0.03909589085581019,0.5210218179463059,0.7902594203690678,-0.008624601016475275,-0.6615305181942628,-0.0065346068321841585,0.749840175416392,-0.030952135531315532,0.6131545681151239,-0.885633885624933,-0.010546650463272881,0.7586050719532577,-0.9593233283255314,0.10418217113240136,0.7681143682001447,0.9974542912062482,-0.11963047745832148,0.6630688397802401,1.129761207689284,0.0,0.0,0.0,0.0
0.040720707900810824,0.5227865230379046,0.7915828490990009,-0.008941724009832605,-0.6615970920561393,-0.006284114785912346,0.7497798631971586,-0.028988954942413523,0.6081006533353239,-0.8935451574560408,-0.01531345558721941,0.7639241658841236,-0.9607295042793613,0.09266590475147098,0.779745062104645,0.9927456852991278,-0.11728818771875976,0.6598944831855947,1.1438354629372334,0.0,0.0,0.0,0.0
0.042053464052625715,0.524341121094906,0.7927904237502426,-0.009218877024275046,-0.6616529677372388,-0.00605597357443149,0.7497290762502021,-0.02675707197197142,0.6026046627341701,-0.9015406652994898,-0.0195287681745362,0.7679954417403528,-0.9608478691107031,0.08204217223229877,0.790206995513312,0.9879946783423452,-0.11482476705479826,0.6563446211921357,1.1577691618556232,0.0,0.0,0.0,0.0
0.04314312334836922,0.5257031280097682,0.7938951395781115,-0.00945847979770136,-0.6617023797045581,-0.0058494042420053315,0.7496841216961013,-0.02424718505493284,0.5965475392609974,-0.9094722763084232,-0.023233419974552257,0.7710823577367569,-0.9600139693743271,0.07236464565220027,0.7996176682393414,0.983237298455842,-0.11210698350543317,0.6524815504671985,1.1716841042098545,0.0,0.0,0.0,0.0
0.04403418088224883,0.5268912002805272,0.7949060558746337,-0.00966303364422403,-0.6617485038188594,-0.005664106883211617,0.749642222241722,-0.021470094791358134,0.5898933891150272,-0.9172447199820329,-0.02647301306703148,0.7734103334441302,-0.9585204266551414,0.06362821508405142,0.8080875140448003,0.9785286751375939,-0.10908798887135614,0.6484061767098985,1.1856136912264572,0.0,0.0,0.0,0.0
0.04476421819207971,0.5279231375506348,0.795824904795896,-0.009835646887324044,-0.6617923856223846,-0.005499075019327217,0.7496024670159995,-0.018446606901062576,0.5827052714134794,-0.9247556543618952,-0.029293455745065436,0.7751611782426403,-0.9566272771542261,0.05580562847493595,0.8156795332007624,0.9739687349987021,-0.10576026350121659,0.6442666895729502,1.1994920521549783,0.0,0.0,0.0,0.0
0.045363099715324796,0.528815017770497,0.7966425205470317,-0.009978677289549822,-0.6618336396925275,-0.00535419687016473,0.7495652019316054,-0.015199407862407184,0.5752208599650978,-0.9318214899376777,-0.03173620897812934,0.7764719099457089,-0.9545767867792244,0.04883635264875821,0.8223937319743566,0.96974054718028,-0.10213888114450138,0.6402782959366582,1.2131053837499317,0.0,0.0,0.0,0.0
0.04585253266516773,0.5295809594465912,0.7973349216471127,-0.010093459358734892,-0.6618704993103771,-0.005230442949761008,0.7495319917704346,-0.011750603088921365,0.5679626237265104,-0.9380860323219798,-0.03383712425997479,0.7774337991449227,-0.9526089977466852,0.042630076243575475,0.8281421240435043,0.9661509871227881,-0.09823195934348997,0.6367595739994844,1.2259838794316071,0.0,0.0,0.0,0.0
0.04624529919438393,0.5302339731549174,0.7978610433333742,-0.010180435136197298,-0.6618996432574227,-0.005129412486743962,0.749505777245029,-0.00812315563972267,0.561831223657298,-0.9429324714351313,-0.03562894110540053,0.7780868449304987,-0.9509626881715335,0.03706827478092557,0.8327305823053947,0.9636574265503516,-0.09399231757401784,0.6342063128139663,1.2372029875355697,0.0,0.0,0.0,0.0
0.04654428839977051,0.5307880766367279,0.798167965857871,-0.010238847104354402,-0.6619168227457931,-0.00505334875002475,0.7494903264502475,-0.0043429107979424085,0.5580489230279306,-0.9454530528166057,-0.03714625788292022,0.778410315001629,-0.9498375397304408,0.031981526742315865,0.8358918166397642,0.9628266212419176,-0.08925100923624216,0.6334510000312149,1.2450634497158806,0.0,0.0,0.0,0.0
0.04674317035959451,0.5312589876944367,0.7982159824368771,-0.010268160261055018,-0.6619203222351036,-0.005003058635307894,0.7494871722059835,-0.00043734178774665605,0.5577017744141761,-0.9445975018142861,-0.03842855631365448,0.7783260666671438,-0.9492794237806936,0.027186420770876525,0.8374245459328814,0.9640968843979819,-0.08366308871661789,0.6359049641642356,1.2467997280799301,0.0,0.0,0.0,0.0
0.046826752347150155,0.5316517823942857,0.798003645487513,-0.010268727006050712,-0.6619103220339217,-0.0049795273125060905,0.7494961528509464,0.003569845684586106,0.5607661138277712,-0.9403373319595456,-0.0394841961810494,0.7777369863571358,-0.9491457309326052,0.022631105904568176,0.8373048883541843,0.9674880750218451,-0.07729070928439546,0.6414917352206992,1.2423563624087757,0.0,0.0,0.0,0.0
0.04677249126257657,0.5319624119982507,0.7975682623431772,-0.010241399813990849,-0.6618888630582804,-0.004984217261785883,0.7495154463168548,0.007648746335088502,0.5661263018411816,-0.933699583071185,-0.04029407115494074,0.7765318335154588,-0.9491111946120788,0.018382576870774176,0.8356933208067586,0.9726025893363704,-0.07057942815555282,0.6486760131666917,1.2344009048717917,0.0,0.0,0.0,0.0
0.046550469324722545,0.5321909746062151,0.7969616180667373,-0.010186815959448136,-0.6618596445010158,-0.005017039972773433,0.7495417727328536,0.011760681298669865,0.5725395963002409,-0.9255848990459126,-0.040850590627856474,0.7745469532183927,-0.9487019999748018,0.014482196478265243,0.8328214016916324,0.9789102581083418,-0.06376967824310471,0.6565365464540943,1.224563038478184,0.0,0.0,0.0,0.0
0.046121734948526914,0.5323415049951777,0.7962255066802638,-0.010104093569734768,-0.6618244225073988,-0.00507812598988762,0.7495735812462395,0.01586559306888509,0.5790885086068481,-0.9166003819852776,-0.04115618480636905,0.7715567288459975,-0.9473975800506769,0.01090670304491436,0.8288520517865572,0.9859834349432365,-0.056960597574782196,0.6645130432256136,1.2137203708964717,0.0,0.0,0.0,0.0
0.045438962474511485,0.5324211400704852,0.7953868223667917,-0.009990985028045796,-0.6617824527488594,-0.0051679720808909865,0.7496115377423457,0.019927459894359338,0.5852404442910558,-0.9070933972295568,-0.04122138177567164,0.767277542694159,-0.9446571196952503,0.007576727241777367,0.8238517557628349,0.9935394566033525,-0.0501830299543507,0.6722371921065536,1.202310500480311,0.0,0.0,0.0,0.0
0.04444798874632609,0.532440591487994,0.7944601121091469,-0.009843982476025673,-0.6617300039540616,-0.005287286068792523,0.749658950778283,0.023919111800197047,0.5907520778514138,-0.8972465099154847,-0.04106661301444059,0.7613730440203346,-0.9399164181002374,0.004356160768812797,0.8178086127952929,1.001412548502121,-0.043439417271660355,0.679449542508344,1.1905272764315058,0.0,0.0,0.0,0.0
0.043090471501656104,0.5324154073391124,0.7934521394758269,-0.009657856735310047,-0.6616600673307981,-0.005437276330524388,0.749722026573309,0.027830670529829772,0.5955558836088847,-0.8871720835014947,-0.04072568629996856,0.7534624851556205,-0.9325806855782356,0.0010344093567653625,0.8106691934288063,1.0095099768994653,-0.036720020641159666,0.6859558239717601,1.1784336324933165,0.0,0.0,0.0,0.0
0.04130881709271576,0.5323665885144638,0.7923664314196526,-0.009425751910442023,-0.6615615786725517,-0.005619045471004142,0.7498105488409714,0.031679644232097084,0.5996787825473642,-0.876981954914166,-0.04024895688134527,0.7431423050671787,-0.9220371227167075,-0.0026612075050316455,0.8023681524309658,1.0177667424817123,-0.029995993295561817,0.6916029581222238,1.1660251385126648,0.0,0.0,0.0,0.0
0.0390554141789926,0.5323198063658672,0.7912076277791751,-0.009138141402189015,-0.6614203044526494,-0.0058348456939520295,0.7499370838978466,0.03552078755332092,0.6032151061117801,-0.8668262722115633,-0.03970077100997486,0.7300330735410987,-0.9077041709908955,-0.007064431952600148,0.7928772744604629,1.0261067148831817,-0.023210753280077854,0.6962799861945095,1.1532751322604047,0.0,0.0,0.0,0.0
0.03630873968162547,0.5323006023709698,0.7899851203041331,-0.008783468208912347,-0.6612214143770897,-0.00608831632808096,0.7501146740730201,0.0394449583499252,0.6063450277378138,-0.8568989008291922,-0.039147755717715456,0.7138742857508003,-0.8891495980273616,-0.012489825801518311,0.7822481065514063,1.03440778154019,-0.016260322913501622,0.6999624327194328,1.1401894492047642,0.0,0.0,0.0,0.0
0.033100131566547585,0.532323165837986,0.7887149080122801,-0.008351185659114562,-0.6609570747038879,-0.0063844269423609145,0.7503500797558322,0.043559873575020065,0.6093982511963301,-0.8474033791940512,-0.038630759492312525,0.6946977919478106,-0.8663209243758976,-0.01907080878596617,0.7706633827457547,1.0424878958836186,-0.008972917155373914,0.702844598174728,1.1269020070434193,0.0,0.0,0.0,0.0
0.029555261882307993,0.5323691335998227,0.7874155167278502,-0.007839589223780877,-0.6606362383241867,-0.0067255187549600205,0.7506351103240159,0.04794989539361431,0.6129191786861008,-0.8384548622275682,-0.03811838015684675,0.6731336406342391,-0.8400044180065415,-0.02646372425224645,0.7584555688465083,1.0501467248916942,-0.00102546952746798,0.7056407745684847,1.1137943368054515,0.0,0.0,0.0,0.0
0.025936833627766165,0.5323481520699075,0.7860891015371175,-0.0072496413455140135,-0.6602377371328939,-0.007137355465966928,0.7509877704216956,0.05260223195049206,0.6172764880408671,-0.8295367640910055,-0.037377638228322345,0.6509299147249015,-0.8130295916250206,-0.033866376421436584,0.7459811223005361,1.0572630516234762,0.00797554418882089,0.7099701509693358,1.1010650409074398,0.0,0.0,0.0,0.0
0.022651072590733175,0.5321875971723831,0.7848753257193636,-0.006641568562909092,-0.6598148856099152,-0.007576932456718609,0.751360630050008,0.05780352974175737,0.6227754464252511,-0.8206616485904696,-0.036313057918360835,0.6307720866130219,-0.788771751898322,-0.039767497478584386,0.7345158069430107,1.0628908327657338,0.019656829791264582,0.7171836996600138,1.089460185913968,0.0,0.0,0.0,0.0
0.019976368778977766,0.5319315798756361,0.783962831519576,-0.00610576335581263,-0.6594030641968414,-0.007981827857446179,0.7517224281646205,0.06292560058055437,0.6287270241607515,-0.8126332050518713,-0.035103400449151646,0.6144677790733044,-0.7691301273997696,-0.04365176451323876,0.7253687480620674,1.0660318608491413,0.03576654967503178,0.7273626970629089,1.0793802235897016,0.0,0.0,0.0,0.0
0.01830031827096859,0.531660015224375,0.7835286962422803,-0.00579164409858586,-0.6590384055145176,-0.008261201920662369,0.7520416141799225,0.06665961088927358,0.6329546261206939,-0.8066745785462388,-0.034020596214751425,0.6045036367699356,-0.7570692196734035,-0.04468599294848311,0.7198034397409935,1.0660880906377412,0.05662722531404853,0.7392424090290899,1.0708072932211086,0.0,0.0,0.0,0.0
0.018260979146597883,0.5315687489401322,0.7834791240689241,-0.005682606321204847,-0.6590408666329098,-0.008267919839700566,0.752040215410496,0.06669986470619296,0.6329824897678049,-0.8066873395320233,-0.03389661413391533,0.604330977686081,-0.7570219452075025,-0.04470822664499524,0.7196780986667479,1.0660128104178537,0.056620606847130925,0.7392868701774843,1.0708241380919432,0.0,0.0,0.0,0.0
0.018260979146597883,0.5315687489401322,0.7834791240689241,-0.005682606321204847,-0.6590408666329098,-0.008267919839700566,0.752040215410496,0.06669986470619296,0.6329824897678049,-0.8066873395320233,-0.03389661413391533,0.604330977686081,-0.7570219452075025,-0.04470822664499524,0.7196780986667479,1.0660128104178537,0.056620606847130925,0.7392868701774843,1.0708241380919432,0.0,0.0,0.0,0.0
0.018260979146597883,0.5315687489401322,0.7834791240689241,-0.005682606321204847,-0.6590408666329098,-0.008267919839700566,0.752040215410496,0.06669986470619296,0.6329824897678049,-0.8066873395320233,-0.03389661413391533,0.604330977686081,-0.7570219452075025,-0.04470822664499524,0.7196780986667479,1.0660128104178537,0.056620606847130925,0.7392868701774843,1.0708241380919432,0.0,0.0,0.0,0.0
0.019034973946335475,0.531578095610507,0.7836420887655512,-0.005526467980222201,-0.6593262016035104,-0.008348587618236212,0.7517903425261137,0.0667471540437015,0.637460098482211,-0.8116241628336326,-0.03400286952535539,0.6090189214972407,-0.7629027559495508,-0.04763043331365424,0.7238095676018521,1.0662434538674104,0.054704140693852106,0.7420025431636874,1.0705656552990979,0.0,0.0,0.0,0.0
0.020528673411935736,0.5316573684660939,0.7838284542486764,-0.005505604466109011,-0.659583276855929,-0.008355915046568954,0.7515648793651764,0.06669397772053824,0.6468889427927211,-0.8248101211477643,-0.03437967488485319,0.618342790092476,-0.7760603939879527,-0.049895770976370594,0.7289354223630549,1.0673186390362206,0.05429386806914222,0.7467230736381694,1.070684690442415,0.0,0.0,0.0,0.0
0.022703077579548536,0.5317363517496504,0.7840528985543253,-0.005587598510700835,-0.659854463964696,-0.008297536301037122,0.7513268370157422,0.06668534913833776,0.660556995722551,-0.8447108081408858,-0.0348741042642269,0.6319642414008683,-0.7956751966270025,-0.051196963658900994,0.7352665985657462,1.0688241931667595,0.055829228836463886,0.7537049943405186,1.0712055694518672,0.0,0.0,0.0,0.0
0.025513785424266328,0.5316931153171097,0.7844632658481382,-0.005751540782449645,-0.6602212486824686,-0.008170456141444635,0.7510047045213701,0.06697742804615328,0.6775393793803781,-0.868744669832692,-0.035214098330929776,0.6495667255304938,-0.8202149535028039,-0.0504585059284409,0.743651560067427,1.0690626571072916,0.060731499882570684,0.7642873565002775,1.0712087511666806,0.0,0.0,0.0,0.0
0.02893599841703442,0.5313711222495106,0.7856308486507226,-0.005993457401644116,-0.6609838286937445,-0.007931206993284683,0.7503342939179596,0.06783487409036368,0.6969028078749541,-0.8917381989900166,-0.03508678797385102,0.6708564287237482,-0.8454302875852213,-0.045693300880910365,0.7576213228801901,1.0628960714062248,0.07210898107676529,0.783331287500073,1.0665815524658608,0.0,0.0,0.0,0.0
0.03192887440792869,0.5315308967643451,0.7862799555478897,-0.005103090490273872,-0.6607677915752032,-0.008804614200179703,0.7505213940009057,0.0686528665050245,0.7150739084935374,-0.9161749075406886,-0.031715365808331106,0.6540413887020914,-0.8309051187629637,-0.027794988296036223,0.7419195468199016,1.0775332490710254,0.052126651940167024,0.7855330546946904,1.0612965415958262,0.0,0.0,0.0,0.0
0.03488974922669615,0.5316396449610897,0.7871609228735272,-0.004513272244942617,-0.6606945527121585,-0.009319144707430307,0.7505834343575974,0.06915989607536865,0.7326504260894497,-0.9387484663090594,-0.025937296877700182,0.6401043000666361,-0.8267235468943351,-0.012029427976058393,0.7286570467165387,1.0903602675364559,0.0391236357375949,0.791691161160892,1.0545644514210397,0.0,0.0,0.0,0.0
0.03761472532529138,0.5316553365943351,0.788171602711939,-0.004172395507430476,-0.6607887834739858,-0.009553171557930696,0.7504995081036923,0.06954156141915882,0.7483495577159929,-0.9576436541519894,-0.02014348505628997,0.6297102230450831,-0.829133561285207,0.0005800192618008806,0.7184094774145439,1.1029207483755468,0.03250211714225366,0.8007763234050991,1.0471670774272894,0.0,0.0,0.0,0.0
0.03996714857694032,0.5316016085934916,0.7892217386250735,-0.003932560714397649,-0.6609496449679975,-0.009687437418081066,0.7503574183941786,0.06994781458257146,0.7615983495967255,-0.9724369076632015,-0.015022363964005386,0.6217911834659218,-0.8350162264913765,0.010942815145638739,0.7100405607965705,1.115411765074109,0.028657745862368217,0.8104612827764268,1.039398489647691,0.0,0.0,0.0,0.0
0.04188857827085524,0.5315099966389277,0.7902694207287494,-0.0037202531427877323,-0.661121856828808,-0.009806262024004263,0.7502052301636528,0.07039330732691561,0.7722587346224612,-0.9832016548575663,-0.01051606514842646,0.6154209302898274,-0.8425964342720866,0.01993576857169954,0.7025809996438045,1.127747459286678,0.025614055860834338,0.8195311612190213,1.0313811930853258,0.0,0.0,0.0,0.0
0.04337797538802887,0.5314101984722304,0.7912970439018693,-0.003514789023139838,-0.6612836116103368,-0.00993017019921958,0.7500620127652956,0.07082417539944998,0.7804683616423403,-0.990324371723242,-0.0063650376622031496,0.6098873486973864,-0.8509223943461247,0.028133806144580834,0.6953805831677942,1.1398470439707866,0.022573759774284947,0.8275486619502227,1.0231900961860614,0.0,0.0,0.0,0.0
0.04447066793797888,0.5313289152480425,0.7922948772664121,-0.003313586693048002,-0.661425626570553,-0.01006025151176,0.7499359652653679,0.07117577039671659,0.7865256950000786,-0.9943773115525478,-0.002336417575812237,0.6046525153169265,-0.8595003795205652,0.03586036627882949,0.6880355482916969,1.1516820575838864,0.0191649899138717,0.8343966397964331,1.0148829220861784,0.0,0.0,0.0,0.0
0.04522123641000763,0.5312858716455122,0.7932576236353907,-0.0031245689110058865,-0.6615481436097315,-0.010185587902675724,0.7498270097527263,0.0713897910741868,0.7907931749821436,-0.9959808585436027,0.0017020404077838615,0.599365912203433,-0.8680818020546817,0.043329364157334974,0.6803284609722254,1.1632635363801724,0.015390750726920114,0.8401910507226061,1.006515589506002,0.0,0.0,0.0,0.0
0.04569005328513579,0.5312948298045199,0.7941804486137776,-0.002953211060887051,-0.661652331083317,-0.010299300437157453,0.7497342167241319,0.07143026728654431,0.7936374485462978,-0.9957331357954737,0.005802159885813928,0.5937990748702399,-0.8765489589196394,0.050662092408966755,0.672154353661242,1.1746232840607032,0.011264687058473635,0.8450682687235115,0.9981422803543876,0.0,0.0,0.0,0.0
0.04593480293166444,0.5313629732078016,0.795059753156674,-0.002804981144906102,-0.6617418160499142,-0.010394283893043256,0.7496544936396293,0.07127798577568743,0.7953875796941048,-0.9941513506211058,0.009961747289051564,0.5878232043614805,-0.8848545215747079,0.05794678749583716,0.6634885344281838,1.1857928860367504,0.006895628609446089,0.8492015428088486,0.9898194961968074,0.0,0.0,0.0,0.0
0.04600552341481858,0.5314934323090668,0.7958915387580836,-0.002682345753357478,-0.6618196966846261,-0.010467089445677206,0.749585174706694,0.07092801873146384,0.7963192213988206,-0.9916624307952371,0.014156967789321018,0.581363196151256,-0.892986913012436,0.06523737713369938,0.6543593463007995,1.1967874180131048,0.002355186480202137,0.8527243617546052,0.9816076730358764,0.0,0.0,0.0,0.0
0.04594274158404652,0.5316875357239069,0.7966699937732715,-0.002585830802377042,-0.6618881560174947,-0.01051657428165505,0.7495243718974055,0.0703818563007345,0.7966518320657273,-0.9886121795934478,0.018358368730350523,0.5743913663541437,-0.9009404217454224,0.07256641557818834,0.6448438947588833,1.2075864720227933,-0.00232477489857107,0.8557183524287423,0.9735808861185473,0.0,0.0,0.0,0.0
0.045777512998293184,0.5319470658419196,0.7973846913286355,-0.0025150248937862267,-0.6619479576182813,-0.010542811717892078,0.7494714305267752,0.06964043252542483,0.7965547820680328,-0.9852923651598928,0.022536955383710654,0.5669592352429434,-0.9086755307644481,0.07994903685318423,0.6350787097236219,1.2181046123516908,-0.007152828452164564,0.8581988728711617,0.9658487431014042,0.0,0.0,0.0,0.0
0.04553240848562155,0.5322759750231387,0.798016524270253,-0.0024696645226339763,-0.6619980614023135,-0.010545996394644892,0.7494272809397644,0.0686989233052572,0.7961564258049232,-0.9819761141265845,0.026662982114080722,0.559278630095927,-0.9160573882906768,0.08737977053878371,0.6252848087545775,1.2281352248242292,-0.012167576158656032,0.8600993508475071,0.9585924373545036,0.0,0.0,0.0,0.0
0.04522236788670915,0.5326811631731883,0.7985326335141375,-0.0024498912643093835,-0.6620350753195743,-0.010526532802025193,0.749394922044823,0.06754552003673017,0.7955496165706856,-0.978949363142588,0.03070335848892849,0.5518412570191992,-0.9227703051509663,0.09480693813336882,0.6158119621598203,1.2372435054147208,-0.017439366535228783,0.8612428559180226,0.952112471666785,0.0,0.0,0.0,0.0
0.044854571294096764,0.5331707707303283,0.7988833340997025,-0.0024589932526958656,-0.6620554150919914,-0.010481725353176614,0.7493775511270501,0.06616207914622821,0.7947841527402957,-0.97651008934662,0.034617075699769906,0.5455395008847915,-0.9282264009370653,0.1020923951866648,0.6072270629640096,1.2445735972151497,-0.02296846641350438,0.8613644139485702,0.9468730276402157,0.0,0.0,0.0,0.0
0.044427065546218225,0.5337505361545288,0.7990075493138804,-0.0025077033471525767,-0.6620599424559745,-0.01040043096686154,0.7493745225551893,0.06452664207469504,0.7938473573780059,-0.9749090124189242,0.03835208200464905,0.5416405628203296,-0.9315177392003359,0.10895004779664466,0.600485715470899,1.2485325563264165,-0.028529656877932182,0.8602028230833335,0.9434743386573241,0.0,0.0,0.0,0.0
0.04392781640826112,0.534423096160023,0.798859649263596,-0.0026131064755409274,-0.6620579482557368,-0.010265110657459874,0.7493777901226735,0.06261632539507254,0.7926585641918902,-0.9742117607385189,0.04184922590798864,0.5413102787504243,-0.9315300559770812,0.11490719359238973,0.5971538092852525,1.2464825813259222,-0.03372962297650977,0.857642901932967,0.9423919713593566,0.0,0.0,0.0,0.0
0.04333525113548639,0.5352073418414713,0.7984332411959739,-0.002776475256840189,-0.662049551163815,-0.010077129058163504,0.7493871726009754,0.06038462665977534,0.7911346052275553,-0.9743196928050952,0.04507798797444243,0.5445043059619499,-0.9282268490741747,0.11985097644877613,0.5972594317268426,1.2384818051308324,-0.03880726754556218,0.8535448405264981,0.9436095261528737,0.0,0.0,0.0,0.0
0.0426202538821723,0.5361380165887473,0.797762045030386,-0.0029847867810327867,-0.6620264480028767,-0.009853787836829461,0.7494097517765784,0.05775907445892059,0.7891984138585434,-0.9749825927466172,0.04803809881198325,0.5499938970142335,-0.9226796555096515,0.12407546358687235,0.5992779476545198,1.2272449991319034,-0.044504261521298126,0.8478064867832658,0.9466069162461715,0.0,0.0,0.0,0.0
0.04174641724495374,0.5372461063073911,0.7968963593345155,-0.0032305779009495473,-0.6619879630908617,-0.00960589923364982,0.7494459465426113,0.05466916322868629,0.786715902654418,-0.9757789752585292,0.050724302541787225,0.5564639089742746,-0.915768061076281,0.12774119744626447,0.6022663984476406,1.2144002704675507,-0.05130167849119967,0.8405216537724676,0.9507148085388679,0.0,0.0,0.0,0.0
0.04067111536472156,0.5385581922175203,0.7958756207360022,-0.0035100352052973385,-0.6619357508377238,-0.009340028156410812,0.749494166281362,0.05105310729862205,0.7834979643695524,-0.9762445467748411,0.053121879748806895,0.5629732987262954,-0.9080570423956095,0.13088532788951482,0.605650690314685,1.2008081170525469,-0.05946341491766741,0.8317893114117422,0.9553840547961944,0.0,0.0,0.0,0.0
0.039348255808401934,0.5400962081012762,0.7947234561154869,-0.0038211127836652262,-0.6618720170080047,-0.009060227806053277,0.7495523627278834,0.04686131595081355,0.7793141663061077,-0.9759140531150077,0.0552064139532621,0.5689980928695841,-0.8998573666794497,0.1335006266636623,0.6090681910585701,1.1868840413374397,-0.06907842867955942,0.8216707026678788,0.9602312190480246,0.0,0.0,0.0,0.0
0.03773067355895825,0.5418761699336746,0.7934509328475445,-0.004158662052878251,-0.6617970638750831,-0.008773547685028001,0.7496201549033135,0.042066452762854784,0.7739027032861611,-0.9743185527477168,0.05695638569972464,0.5743105054781105,-0.8913307887474182,0.1355718676763568,0.6122861346959483,1.1727930101150712,-0.08016271557902369,0.8101685418085036,0.9649969847169726,0.0,0.0,0.0,0.0
0.035772727715455754,0.5439037924871629,0.7920628701737914,-0.0045148722758082075,-0.6617108773409268,-0.008488350077920648,0.7496974580789163,0.036672476549101364,0.7669726438672609,-0.9709567509072167,0.05836304965421359,0.5788692807393843,-0.8825873767561456,0.13713026741838477,0.6151588562476143,1.158553751776016,-0.09259657480033723,0.7972920380223213,0.96950020154322,0.0,0.0,0.0,0.0
0.03343425345847355,0.546169537766267,0.7905644963679841,-0.004880243413595568,-0.6616147063040738,-0.008212052349942161,0.7497831191902095,0.03072421165755275,0.7582139501621685,-0.9652773605611462,0.059445568769210685,0.5827538610507602,-0.8737564027165672,0.13830752955527528,0.6175995797723408,1.1440888759429364,-0.10607677498600733,0.7831199030047288,0.973596596025058,0.0,0.0,0.0,0.0
0.03068749049299712,0.5486457887370078,0.7889682032239965,-0.005240737632739945,-0.6615097760808781,-0.007953898257364369,0.749876047304488,0.024316968586556083,0.747332938540834,-0.9567015352643481,0.06027828571328493,0.586138805185135,-0.8650300559559625,0.1393791040195052,0.6195607349631426,1.1292463967168185,-0.12020279358525962,0.7678132001004315,0.9771273116719992,0.0,0.0,0.0,0.0
0.02752934740775854,0.5512857074144345,0.7873008231260159,-0.00557687760165183,-0.6613972179563106,-0.007724770439820738,0.7499752972181956,0.017596604688987452,0.734124135051192,-0.9447023350895426,0.06102104132303257,0.589329730080228,-0.8566898128891233,0.14087796868947497,0.6210231058241052,1.1138114023687842,-0.13453832731130586,0.7516546405874667,0.9798735236607851,0.0,0.0,0.0,0.0
0.02400170769604508,0.5540258874717632,0.7856084080260369,-0.005860655837854198,-0.661277199001896,-0.007539229864821899,0.7500808481799828,0.010749919221939167,0.7186011219953088,-0.9289895439076441,0.06194923516288495,0.5928388765519528,-0.8491315581097916,0.14380725708557096,0.6219910903077952,1.0975188309625394,-0.14874826615550482,0.7350601486785381,0.9815339089194385,0.0,0.0,0.0,0.0
0.02022396048945211,0.556792742525114,0.7839490777250263,-0.0060484301687356076,-0.6611494598943565,-0.007423031905319287,0.7501931129857345,0.0039894590599546045,0.7012109503767757,-0.909867667771355,0.06345925101764367,0.5974770512484034,-0.8429195921762618,0.15006923921415619,0.6224796264420707,1.080091333185546,-0.16282535413739888,0.7185147985712017,0.981816723146792,0.0,0.0,0.0,0.0
0.01658657172188578,0.5595955457113458,0.7823559243359262,-0.006072218132225864,-0.6609320440935897,-0.0074156355257946555,0.7503845478199643,-0.002696234274267309,0.6843324688067794,-0.8911470663155364,0.06563100902504071,0.6040161154345834,-0.8383196595041496,0.16330931956204725,0.622814748412932,1.0608752777024697,-0.17795116269162917,0.702270245031285,0.980529214250873,0.0,0.0,0.0,0.0
0.013428522550982187,0.5622760799706995,0.7809391836196644,-0.005845543823913904,-0.6606511401689327,-0.007580020627339533,0.7506320296244898,-0.008905647304479979,0.6697583031929758,-0.8749672987205621,0.06844946579551144,0.6133356718585946,-0.8372691129493361,0.188475064659476,0.6218146945789116,1.0391182845491476,-0.19434561080432058,0.6872207097752075,0.9776442925809118,0.0,0.0,0.0,0.0
0.011096544672852711,0.5645289740092947,0.7796907383976829,-0.005302723019949242,-0.6603799426526107,-0.007957230136282828,0.7508707578267159,-0.0139294289625672,0.6590564335880125,-0.8634566187038808,0.0716187944289925,0.6258428767789601,-0.8435526038789608,0.23035839688254267,0.6179858142292627,1.0135734835946997,-0.21122612484828526,0.6737612889510787,0.9750936672424126,0.0,0.0,0.0,0.0
0.009997625142187654,0.5658097203756401,0.7783407622626988,-0.004561366508027393,-0.6603266978553043,-0.008469364030527483,0.7509168501958173,-0.016565888498514782,0.653536639608187,-0.8590489898012544,0.0746818953311722,0.6413671210894063,-0.8629346531287055,0.28116840267595766,0.614163969703696,0.9841257430494333,-0.2251963634645504,0.6617428121338012,0.978894205636262,0.0,0.0,0.0,0.0
0.009921025976247635,0.5660554891674028,0.778211473291177,-0.004722824812856431,-0.6603903734775007,-0.008516435453418658,0.7508593209591273,-0.016872691893006664,0.6533311018390953,-0.8590485749326956,0.07468236261912412,0.6413959580464941,-0.8629457759171248,0.2812037367081343,0.6141907578645106,0.9841332293718457,-0.22517410157376586,0.6615543125708937,0.978773931861772,0.0,0.0,0.0,0.0
0.009921025976247635,0.5660554891674028,0.778211473291177,-0.004722824812856431,-0.6603903734775007,-0.008516435453418658,0.7508593209591273,-0.016872691893006664,0.6533311018390953,-0.8590485749326956,0.07468236261912412,0.6413959580464941,-0.8629457759171248,0.2812037367081343,0.6141907578645106,0.9841332293718457,-0.22517410157376586,0.6615543125708937,0.978773931861772,0.0,0.0,0.0,0.0
0.010149935589679528,0.5670136771131264,0.7781289443938344,-0.004961063805432074,-0.6602153741674313,-0.008530729271947186,0.7510115007221699,-0.018947711171166694,0.6570174183823546,-0.8664714482219307,0.07265136588866362,0.6410794894054155,-0.8632385245906589,0.2769822134045941,0.6132765977392276,0.9889488193208725,-0.22940956832102918,0.6611029049404675,0.975443063962381,0.0,0.0,0.0,0.0
0.010969775904919385,0.5685088264934963,0.7780617002770915,-0.005218340269579878,-0.6601470890469544,-0.008482527237799891,0.7510703272525971,-0.022509819953825033,0.6653643391022707,-0.8809819079334006,0.06927510611076727,0.6433027326895696,-0.8668863004107371,0.27113064283187954,0.613121212153994,0.9969929613254295,-0.23804109197413537,0.6614275447331202,0.9708649080724143,0.0,0.0,0.0,0.0
0.01255462850466025,0.5704775864108158,0.7781000586311076,-0.0055283656329504416,-0.6602110711896864,-0.008378847902841286,0.7510130315512616,-0.027400718079165345,0.6791481447062448,-0.9032671263860569,0.06474816559308855,0.6492066987528289,-0.8752030859422725,0.2643664672665731,0.6145214345467167,1.0073856887481296,-0.2507427454771252,0.6634036837380696,0.9646362243515638,0.0,0.0,0.0,0.0
0.015017515598151815,0.5730501081469667,0.7786266327687488,-0.005968177323826456,-0.6604658540662277,-0.008169681116277638,0.750787914648643,-0.0340250703091029,0.6991809178014152,-0.9328228015064518,0.05868827432059486,0.6592057005752174,-0.8868428650314164,0.2566669038982094,0.6198132767827035,1.017350877973518,-0.26798052679439865,0.6696808720146953,0.9528948282683359,0.0,0.0,0.0,0.0
0.01854022725020744,0.5767428042351026,0.7810359109400408,-0.006848063582590873,-0.6615891478473311,-0.0074642067124730165,0.7497980988866032,-0.044206439425906185,0.7272417365088989,-0.9643215902123312,0.04923915843709992,0.6729744532839923,-0.89159787565312,0.2502239149643473,0.6371947204108301,1.017617101916524,-0.2914230306750836,0.691274665393587,0.9223094152929625,0.0,0.0,0.0,0.0
0.02062184658868838,0.580448603236148,0.7832497254178477,-0.006536050802701193,-0.6609747891421789,-0.007899225473499813,0.7503380640719723,-0.04229328249881824,0.6902082722220024,-0.9078465042816598,0.040827969103614255,0.6800296430619768,-0.8968965209326902,0.22211086757209264,0.6544785969165842,1.0158176806661832,-0.23427680369729528,0.6803249197762639,0.9737774959062593,0.0,0.0,0.0,0.0
0.02353682227567305,0.5841232923077203,0.7853506368569843,-0.006456680759473975,-0.6608300106174356,-0.008020519051736556,0.7504649756085028,-0.04017884844357516,0.6648081200323095,-0.8789098226951858,0.03203511811160898,0.6911471250934683,-0.9062854005344861,0.1977827923017857,0.6724383838919425,1.015703823772122,-0.18692600473592996,0.6762832857789028,1.0130055428261424,0.0,0.0,0.0,0.0
0.02695922368184868,0.5874656170545131,0.78734024003622,-0.006647873492083439,-0.6608771234473383,-0.00791780359961704,0.7504229086776086,-0.037677644463107854,0.6480273432035842,-0.8666251302263767,0.023772293441013812,0.7051979453030361,-0.9192486460350459,0.17822574115332146,0.6902498335836562,1.0151791354262552,-0.15817717070546827,0.6742293519313618,1.0421616890402388,0.0,0.0,0.0,0.0
0.030341823945210053,0.5905228951338984,0.7892721156373125,-0.006995242608476132,-0.6610121188995712,-0.00769198673933986,0.7503031911092671,-0.035510771083696074,0.6369024653443159,-0.8638109033385861,0.016006930126701617,0.7189867565620388,-0.931177156296348,0.16142782454527918,0.7077216595618955,1.0133240699270871,-0.14228334807350723,0.6724331191478199,1.0649455661631853,0.0,0.0,0.0,0.0
0.03346309507231419,0.5933032595907488,0.7911229585252693,-0.007404207454694853,-0.661159875511063,-0.007412911923042561,0.75017187728079,-0.03370065870780604,0.6292166317221144,-0.8662125637157321,0.008800723353516882,0.7314107308333327,-0.9409980834688545,0.14626612703162412,0.7244558053835705,1.0102437447884762,-0.1336675712177265,0.6705837886318818,1.0838303073225026,0.0,0.0,0.0,0.0
0.036218268847614636,0.5958184465486589,0.7928568828662451,-0.007819684352098307,-0.6612915479875852,-0.007119749810137738,0.7500544315311108,-0.03210107768495891,0.6234127999179134,-0.87147984126226,0.0021845459840952987,0.7419900326623204,-0.9484032371812917,0.1321457827933086,0.7400922243680723,1.0063634749172734,-0.12877475450625991,0.6685366510657689,1.100385679690694,0.0,0.0,0.0,0.0
0.03857821723938033,0.5980779952633581,0.7944541272629521,-0.008213617974614581,-0.6613996103465564,-0.006832474400383664,0.7499576049396115,-0.03052196275798649,0.6184443219057423,-0.8782911502585353,-0.0038236788094562256,0.7506499674798488,-0.9535012461967288,0.11885454128670471,0.7544299838381643,1.0020370879323475,-0.12561703314582148,0.666184338364376,1.1155883356474572,0.0,0.0,0.0,0.0
0.040558546570802455,0.6000919960888916,0.7959124359845852,-0.008573111428034809,-0.6614860893095809,-0.0065608449158081885,0.7498797308397863,-0.028807394491258107,0.6136488763718777,-0.885886296258936,-0.009221252255521102,0.7575404790112894,-0.9565927301836921,0.1063839118970052,0.7674202311272416,0.997481044884244,-0.12314111731879457,0.6634607378135586,1.130047816030139,0.0,0.0,0.0,0.0
0.04219811107683155,0.6018735536206088,0.7972406118658092,-0.00889327149928525,-0.6615562646826719,-0.00630935791538958,0.7498162510801204,-0.026859969811448916,0.6086312296206502,-0.8938218755904093,-0.01402346792364545,0.7629124847229003,-0.9580437535116685,0.09479706688546401,0.7791176153621393,0.9928088340576662,-0.12080278084341814,0.6603453315574321,1.144142856798237,0.0,0.0,0.0,0.0
0.04354491301597134,0.6034392099404939,0.7984520031302369,-0.009173618998307022,-0.6616154952868847,-0.0060794938840017096,0.749762509642139,-0.02463539963737343,0.6031664050411529,-0.9018402795255218,-0.018262233409183835,0.7670419213371645,-0.9582182166279348,0.084158012346885,0.7896294671727734,0.9880785593570771,-0.11832715172418182,0.656859501685944,1.1581012377424968,0.0,0.0,0.0,0.0
0.04464745383007282,0.6048079895588464,0.7995596856467104,-0.009415810094518329,-0.6616680751281729,-0.005871356681086892,0.7497147644585678,-0.022126089620529497,0.5971359320745763,-0.9097932178169671,-0.021980898856288206,0.770187630597192,-0.957446136447178,0.07449481937253137,0.7990793776179312,0.9833327059921244,-0.115586042592315,0.6530624312200847,1.172044325562912,0.0,0.0,0.0,0.0
0.045549863946761505,0.6059996579261446,0.8005728077929392,-0.009622652760475829,-0.6617166568789307,-0.0056841927296770916,0.7496707013855048,-0.019345478482193132,0.5905015180181076,-0.9175847025074148,-0.025228191377616768,0.7725719046097532,-0.9560164200288597,0.06579967055644984,0.8075744565154909,0.9786284510466784,-0.11253078926377298,0.649052528241374,1.1860046348381652,0.0,0.0,0.0,0.0
0.046289600088369055,0.6070331910079889,0.8014932790359935,-0.00979693152862878,-0.6617624533980656,-0.005517505094000308,0.7496292633980707,-0.016315736663467598,0.5833278390011996,-0.9251121653154106,-0.028052110094786777,0.7743737690225688,-0.9541844586542798,0.05802697758046303,0.8151834412177774,0.9740693463928836,-0.10915988448065904,0.6449766806026098,1.199915523197528,0.0,0.0,0.0,0.0
0.046896517424727356,0.6079256014995643,0.8023120666977663,-0.00994099408729257,-0.661805142975906,-0.00537131283402302,0.7495907405815764,-0.013061081847052788,0.5758534923747209,-0.9321917249144477,-0.03049607251327723,0.7757285165600382,-0.952189240543762,0.05110526196954898,0.8219094868613301,0.9698408469854176,-0.10549235890198053,0.6410490825079409,1.2135622216693638,0.0,0.0,0.0,0.0
0.04739240198456554,0.6086917123493025,0.8030052916216041,-0.010056340907788695,-0.6618429458428129,-0.005246487284885736,0.7495567086063758,-0.009605234837150655,0.568601364036782,-0.9384667299601166,-0.03259761391952948,0.7767266977732195,-0.9502689822992537,0.04493926915556597,0.8276657836270945,0.9662512458167821,-0.10153941089476051,0.6375869608306495,1.2264736855954388,0.0,0.0,0.0,0.0
0.047790203169744534,0.6093451269404818,0.8035319643023268,-0.010143428539197117,-0.6618727366906084,-0.0051447606392504884,0.7495299345063675,-0.005972520375950644,0.5624735064303693,-0.9433199228802266,-0.03439060953118972,0.7774081541229289,-0.9486611602539988,0.039402714695099116,0.8322614108965993,0.9637597648329442,-0.09725883951866396,0.6350847659520439,1.237723860706085,0.0,0.0,0.0,0.0
0.04809301489549601,0.609900256870167,0.8038391811493878,-0.010201630269212125,-0.6618904555135441,-0.005068371773311182,0.7495140180460208,-0.0021902835016432117,0.5586932344070156,-0.9458428464196237,-0.03591047508606045,0.7777526128441246,-0.9475650414074245,0.03432294040906094,0.835430788928944,0.9629346895079742,-0.09248605896701304,0.6343736394605958,1.2456114567435914,0.0,0.0,0.0,0.0
0.048294702439920546,0.6103730055544848,0.8038872299486222,-0.010230493578306346,-0.661894461155372,-0.005018123984653718,0.7495104253608875,0.0017129309686804255,0.5583469713776125,-0.9449841041187735,-0.037197076844097565,0.7776827560520825,-0.9470272989676657,0.029514947837183093,0.8369735663679456,0.9642152397748417,-0.08687883201192914,0.6368638021538855,1.2473683885218843,0.0,0.0,0.0,0.0
0.0483803056773702,0.6107683817645365,0.8036746761289169,-0.01023016849118492,-0.6618851037616691,-0.004995301323761109,0.7495188456841704,0.005714109989900846,0.5614121920414806,-0.9407157415720543,-0.03825829478220207,0.777102647808056,-0.9469069767830864,0.02492131963705757,0.8368691102068381,0.9676216973273608,-0.08050193950651863,0.6424784624447257,1.242939199705707,0.0,0.0,0.0,0.0
0.04832748515099921,0.6110817717894358,0.8032387877200479,-0.010201752958869919,-0.6618640110347341,-0.005000904521280767,0.7495378216524823,0.009784516929531088,0.5667714984523267,-0.9340665534841306,-0.03907437213670464,0.7759033745765368,-0.9468834551082737,0.020622304904546744,0.8352728210878817,0.9727540424216219,-0.07379657822323764,0.6496819595370479,1.2349937138650187,0.0,0.0,0.0,0.0
0.04810659745367222,0.6113126051597281,0.8026313701385973,-0.010145736142161924,-0.6618347360790832,-0.005034884536663455,0.7495642041179437,0.013887627174376522,0.5731817386782161,-0.9259384890007111,-0.03963627218074835,0.7739239193050829,-0.9464878203166758,0.016664661280679394,0.8324155179997168,0.9790799367104245,-0.06699992371081516,0.6575541772798363,1.225163784728917,0.0,0.0,0.0,0.0
0.047679056273957826,0.6114640666399663,0.8018941708536056,-0.010061222412361261,-0.6617989497748946,-0.005097273933636393,0.749596517920715,0.017985252014762636,0.5797248836703105,-0.9169396229565899,-0.039944683242411926,0.7709421442705774,-0.9452053824329384,0.013036016972442518,0.8284577768813302,0.9861696570288214,-0.06020690778471917,0.6655365480265744,1.2143287820498858,0.0,0.0,0.0,0.0
0.0469980290019932,0.6115423293725353,0.8010540021758679,-0.009945919982291693,-0.6617560513355453,-0.005188576586642394,0.749635301909867,0.022043238893781243,0.5858686422268411,-0.9074180478492955,-0.04000796504623461,0.7666787201477747,-0.9425018242476516,0.009667734407758227,0.8234648820681449,0.9937390003435648,-0.0534453604103812,0.6732629841845309,1.2029278345359333,0.0,0.0,0.0,0.0
0.04600996508903877,0.6115569926369651,0.8001253001012231,-0.009796416322503646,-0.6617025857607843,-0.005309401577120114,0.7496836189217562,0.02603620820489638,0.5913703440737186,-0.8975567518249854,-0.039844110952877286,0.7608025117783075,-0.9378201906052599,0.006438491518559705,0.8174231354796946,1.001620637528728,-0.04671513410143233,0.6804767632848651,1.1911561316384676,0.0,0.0,0.0,0.0
0.04465723415558815,0.6115223624931886,0.7991146936638853,-0.009607862406074513,-0.6616319738322554,-0.005460617873426077,0.749747291982612,0.02995604232390285,0.5961634827994778,-0.8874682579351163,-0.03948439880610116,0.7529387170821974,-0.9305729722873178,0.0031587801614972027,0.8102759761320042,1.0097201843689343,-0.04000439836943836,0.6869874463869609,1.1790778807274624,0.0,0.0,0.0,0.0
0.042882992870389325,0.6114582633150504,0.7980256054132712,-0.009373862096518146,-0.6615339678265245,-0.005643072582944419,0.7498353791685971,0.03382245965998828,0.6002776863657462,-0.8772644897005932,-0.03897663246193431,0.7426895406879792,-0.9201528058065382,-0.00042635599758498663,0.8019576932254369,1.0179717992661537,-0.03328554397606944,0.6926476165025546,1.1666900316023332,0.0,0.0,0.0,0.0
0.040640246721904125,0.611389344349443,0.7968626132328663,-0.00908582807807004,-0.6613953185487891,-0.00585837033022809,0.7499595721283617,0.037692438355579255,0.6038104306942721,-0.8670957585922486,-0.038383333371587364,0.7296801937605623,-0.9059800691832802,-0.004628699425724598,0.7924385735455028,1.0262986929228852,-0.026505662588544074,0.6973534207525172,1.1539669525256262,0.0,0.0,0.0,0.0
0.037907647158564185,0.6113406522142276,0.7956352050035692,-0.008733453150569066,-0.6612021618004466,-0.006109258894335997,0.7501320583618892,0.04165887729828975,0.6069449820588123,-0.8571565658553303,-0.037770802110323215,0.7136514816117067,-0.8876182426615357,-0.009745915240276326,0.781769471124697,1.034578302168678,-0.019568748912376907,0.7010868403939884,1.1409139172168594,0.0,0.0,0.0,0.0
0.03471580556961085,0.6113269462148138,0.7943598054797624,-0.008307292768625095,-0.6609470442826728,-0.006399874848196745,0.7503592707115586,0.0458306766655593,0.6100122439717951,-0.8476522130734364,-0.03718212545599633,0.6946302380634265,-0.8650021733444732,-0.015913060733064695,0.7701349594439966,1.0426276608795684,-0.01231752689802166,0.7040424672782638,1.1276598984420338,0.0,0.0,0.0,0.0
0.03118833032547882,0.6113320690822335,0.7930558975963418,-0.007805870729907656,-0.6606378474296886,-0.006732263832977768,0.7506339850748157,0.050291906922444105,0.6135529345935496,-0.8387015827243633,-0.036591583046339624,0.6732324643747345,-0.8388968562223069,-0.022819176167706644,0.7578723928670347,1.0502430799155396,-0.004459528634035471,0.7069173036414771,1.1145739268505042,0.0,0.0,0.0,0.0
0.027585452564672337,0.6112702488049151,0.791726975087125,-0.007230119315679296,-0.6602522091990082,-0.007131078019659458,0.7509752947659379,0.055035175322185215,0.617937722863327,-0.8298066621222825,-0.03577866563161277,0.6511837725083821,-0.8120939896477929,-0.029706082547784667,0.7453440257482382,1.0573006380655094,0.004346313641298002,0.711291681854114,1.1018478838650876,0.0,0.0,0.0,0.0
0.02431404838375759,0.6110708973052484,0.7905112874642042,-0.0066358732815590925,-0.6598380943192481,-0.007557056253230898,0.7513404989561788,0.060341350484565626,0.6234603348620458,-0.8209631347353041,-0.034648599536130684,0.6311803149296041,-0.7880249053157029,-0.0351456232298257,0.7338261834083228,1.062866257577998,0.015612248390177108,0.7184926264968817,1.0901929006244757,0.0,0.0,0.0,0.0
0.021652232009625228,0.610783609486233,0.7895967887547419,-0.00610902992307472,-0.6594307927547594,-0.007951865263738868,0.7516983950754823,0.06558057805743155,0.6294462640983179,-0.8129941370133416,-0.03338800559471088,0.6150178085365698,-0.7685828276167906,-0.03872801621761508,0.7246510934190958,1.0659643940056587,0.03093589525991452,0.7285616781201065,1.0799918714401422,0.0,0.0,0.0,0.0
0.01998747883327295,0.6104951275786807,0.7891602905891633,-0.005791534837811199,-0.6590701123158831,-0.008231768899202973,0.752014150902057,0.06942758613376367,0.6337559666301124,-0.80715222432168,-0.03227575202940569,0.6051633767064428,-0.7567016283925373,-0.03977509227446162,0.7191344327162886,1.066029033429227,0.050579764321395174,0.740227577161189,1.0712385572299048,0.0,0.0,0.0,0.0
0.019947589954191932,0.6104030000333919,0.7891105888164051,-0.005682544953349164,-0.6590728725732993,-0.008237815544465902,0.7520124970476809,0.06946801905803322,0.6337838980295384,-0.8071649242978159,-0.03215156147801115,0.6049912069268127,-0.7566547647451933,-0.0397973937784604,0.7190091169563214,1.0659539708080024,0.05057280531934339,0.7402719865122361,1.0712553622210117,0.0,0.0,0.0,0.0
0.019947589954191932,0.6104030000333919,0.7891105888164051,-0.005682544953349164,-0.6590728725732993,-0.008237815544465902,0.7520124970476809,0.06946801905803322,0.6337838980295384,-0.8071649242978159,-0.03215156147801115,0.6049912069268127,-0.7566547647451933,-0.0397973937784604,0.7190091169563214,1.0659539708080024,0.05057280531934339,0.7402719865122361,1.0712553622210117,0.0,0.0,0.0,0.0
