root_pos_x,root_pos_y,root_pos_z,root_rot_x,root_rot_y,root_rot_z,root_rot_w,FL_hip_joint,FL_thigh_joint,FL_calf_joint,FR_hip_joint,FR_thigh_joint,FR_calf_joint,RL_hip_joint,RL_thigh_joint,RL_calf_joint,RR_hip_joint,RR_thigh_joint,RR_calf_joint,FL_foot_joint,FR_foot_joint,RL_foot_joint,RR_foot_joint
0.0,0.0,0.741806,-0.006758711164040804,-0.6597561136286221,-0.007681651322997147,0.7514101294140303,0.0,0.610812,-0.785317,0.0,0.610812,-0.785317,0.0,0.698123,1.0472,0.0,0.698123,1.0472,0.0,0.0,0.0,0.0
0.0009276523317013241,3.1260731404743325e-05,0.7420092376595225,-0.006552042581666516,-0.6600534211971123,-0.007762319782026511,0.7511499838884356,-0.00015295100498959383,0.6165337676065187,-0.7920673430619515,-0.00015295100498959437,0.6165852155477153,-0.7928156973549696,-0.0028398903563857008,0.7025120213449084,1.0476794433036356,-0.0028398903563856986,0.7008835448966724,1.0470217496882879,0.0,0.0,0.0,0.0
0.002666138808470486,1.661742152677364e-05,0.7422524167224835,-0.006474686283803465,-0.6603173899610029,-0.007794860110596414,0.7509182799136477,-0.00021036607971106465,0.62772530427556,-0.8078379925078306,-0.0002102286703593954,0.6277756435821671,-0.8088451400555783,-0.004066561429592465,0.7079258740164207,1.0486927683296987,-0.004049876977997359,0.7055792482820632,1.0477660382182246,0.0,0.0,0.0,0.0
0.0051579388642295455,-0.0001616267752267985,0.7425576527369074,-0.0064729667741947935,-0.6605897697872205,-0.0078013031579044845,0.7506786239281398,0.00010768055527477128,0.643378561413968,-0.8305102181352807,0.00010791764139745903,0.6440186917939105,-0.8325479453875504,-0.0031936191220620406,0.7146022746841694,1.0495830086582276,-0.003178429130683017,0.7124153906451892,1.049488667680744,0.0,0.0,0.0,0.0
0.008347852762586106,-0.0006868481843467552,0.7430856563690512,-0.006505571474806029,-0.6609512713429643,-0.0078016227035849475,0.7503600663235592,0.0012560717701912871,0.6623368543926764,-0.8569855933858899,0.0012567468339413994,0.6650402580978877,-0.8624353759865431,0.0011000980550391099,0.7234773856214027,1.048302705436128,0.0010874426909336528,0.7226699475359034,1.0513041444694886,0.0,0.0,0.0,0.0
0.012211993413131898,-0.001794810385021597,0.7444938174339207,-0.006534035473589837,-0.6617398283421937,-0.00783244960484577,0.7496641639422691,0.003870724285238543,0.683488656784117,-0.8810709891816054,0.003874933006695907,0.6907580018850198,-0.8941637778863873,0.010755642116942604,0.7388882870603309,1.038753740848166,0.010806988106822787,0.7413274410064785,1.0486061342458197,0.0,0.0,0.0,0.0
0.015371491847451336,-0.0025662179656228863,0.7452703246077501,-0.005919495368435155,-0.6615506839448662,-0.008266333300657557,0.7498315276649984,0.005926838051573271,0.7013594841182308,-0.9055388645632477,0.005188480650462433,0.6665084079588339,-0.8653243567703386,0.013839863035261562,0.7259312877516788,1.058950460122645,0.008999346380666406,0.7490434739946861,1.046598044335865,0.0,0.0,0.0,0.0
0.018779142930607246,-0.0032493791766293363,0.7462373807326897,-0.005452439830278668,-0.6613752860697664,-0.008600011066241583,0.7499860276603109,0.007724984971778479,0.7207066987271555,-0.9315799953573155,0.00875913219762836,0.647904694498693,-0.8522756428265816,0.018613301544375436,0.7154404942725403,1.0756861604795747,0.008145963356027665,0.7587688309398084,1.0429336903848903,0.0,0.0,0.0,0.0
0.021965694716201748,-0.0039277493124938,0.7473635114025381,-0.0050960534111646055,-0.6613772774128054,-0.008824750008941033,0.7499841671321704,0.009431341762136237,0.738246779957302,-0.9533550477739291,0.013068828039562549,0.6348098543755658,-0.8495299976399452,0.02447525732113165,0.7070797113139101,1.0907105406920012,0.009160785206925981,0.7702838334271305,1.0378070024374764,0.0,0.0,0.0,0.0
0.024749940932383543,-0.004571324292806707,0.7485591458882812,-0.0047813024790996994,-0.6614674284629227,-0.009016116052434742,0.7499044538343405,0.011052769578077947,0.7532244825677544,-0.9703973424270361,0.0172713202251197,0.6253716673205086,-0.852418151838131,0.030713475818829886,0.6999830712523603,1.1046631709009835,0.010637149601116074,0.7820078704778,1.0314939446505333,0.0,0.0,0.0,0.0
0.027053297795299254,-0.005155585337024282,0.7497585055027022,-0.004478138136885714,-0.6615904837635906,-0.009207640931002086,0.749795437049847,0.012559220173833666,0.7654088073371187,-0.9828937771734949,0.021186688134669923,0.6181590281545621,-0.8582692018032345,0.03706155610285453,0.6934372569729318,1.1178403463237685,0.011710830048437919,0.7929428540305569,1.024370732210512,0.0,0.0,0.0,0.0
0.028868133264138264,-0.005660720113347836,0.750923184009607,-0.004182213998026416,-0.6617172508499077,-0.009404535305949367,0.7496828287545301,0.013898980607115231,0.7749040318043838,-0.9913596510528848,0.0248745913968671,0.6121364924106448,-0.8656020250219815,0.04339287206673663,0.6869518098558179,1.1304191814650562,0.011974877164653362,0.8026149357877557,1.0167455990878593,0.0,0.0,0.0,0.0
0.030231030749171807,-0.00607263281629881,0.7520339750723003,-0.0038999403756902465,-0.661834400966548,-0.009599889417842207,0.749578453722812,0.01502155124329702,0.7820059485201911,-0.9964537278122267,0.028435210774399044,0.6065934071335624,-0.8736045713430053,0.04965150630805994,0.6802200869762014,1.1425345259042325,0.011319166787522322,0.8109029062163062,1.008834761337229,0.0,0.0,0.0,0.0
0.031201856714611512,-0.006383822099170877,0.7530829881890226,-0.003639891018005856,-0.661937486146248,-0.009783988196146932,0.749486350244446,0.015891609917488163,0.787095762136602,-0.9988609976650927,0.031938557851898,0.6010734414689458,-0.8818379596863465,0.05582580467781007,0.6730711358703491,1.1542993718640766,0.009809048523940518,0.817889528426703,1.0007837707272373,0.0,0.0,0.0,0.0
0.031848551359231106,-0.00659306718035661,0.7540682082839907,-0.0034088521303470842,-0.6620266066416778,-0.009948664585114425,0.7494065491431414,0.016493441446026057,0.7905676383985822,-0.9992204286867905,0.035415044969961,0.5953024016871363,-0.8900726246813134,0.061928647370538534,0.6654290976775301,1.1658066650779233,0.007593007083235417,0.8237516260381657,0.9926939678871033,0.0,0.0,0.0,0.0
0.03223709035852876,-0.006703939034992848,0.7549900920558812,-0.0032106252288757416,-0.662103833668487,-0.01008871818482555,0.7493373226341521,0.01682844760203109,0.7927846674590411,-0.9980869084146026,0.03886769140147402,0.5891233596958183,-0.8981977639961694,0.06798254647999616,0.6572842980446738,1.177125335064643,0.004836486129970114,0.8286868481548979,0.9846426472028602,0.0,0.0,0.0,0.0
0.032425711668935875,-0.006722594023794755,0.7558491750811644,-0.00304629026693022,-0.6621716962733115,-0.010201766129741122,0.749276510200319,0.0169088473794337,0.7940569004340801,-0.9959200862811928,0.042286255807512795,0.5824509847490305,-0.9061674318546812,0.074010172846523,0.6486775805293328,1.1882934178789333,0.0016811119932995337,0.8328689730133183,0.9766985769581674,0.0,0.0,0.0,0.0
0.03246237425678645,-0.006655358702261788,0.7566437140577308,-0.0029150755301964757,-0.6622322044966058,-0.010287453064869582,0.7492223821881304,0.016750235652776498,0.7946352066561322,-0.9930944185904458,0.04565602059241929,0.5752567272651443,-0.913958962234222,0.08002892639458055,0.6396980719108033,1.1993056161936666,-0.001776178443998543,0.8364205001612677,0.9689388515176383,0.0,0.0,0.0,0.0
0.03238441687641627,-0.00650655926910827,0.7573666446931737,-0.002815317625139035,-0.6622860701757581,-0.010346601348674218,0.7491743342362657,0.016364971651153897,0.7947150751327889,-0.9899248395441844,0.04896046021584058,0.5675962905623909,-0.9215257584535236,0.08604611232285435,0.6304939093634048,1.2100874392331982,-0.005491185433642224,0.8393917874725777,0.9614734499698492,0.0,0.0,0.0,0.0
0.03221938718985921,-0.006277077582653553,0.7580015020743075,-0.002745367635943063,-0.6623321175729919,-0.010380443367647667,0.7491334162773083,0.015757779113492895,0.7944441842927791,-0.9867002106416789,0.05217972591320282,0.5596878952453772,-0.9287315955116052,0.09204900287369774,0.6212966838180274,1.2204412887415548,-0.009468032509904356,0.8417410576200326,0.954482470483965,0.0,0.0,0.0,0.0
0.031985978412700705,-0.005964272159227872,0.7585176943685421,-0.0027048310424446927,-0.6623674348280398,-0.010389403745711704,0.7491022129577264,0.014924450408512443,0.7939264751675029,-0.9837109665102929,0.055287538169542884,0.5520355101035026,-0.9352636356983712,0.09798186212517428,0.6124660530975925,1.229940957182439,-0.013727688927570252,0.8433206277146225,0.9482660643354421,0.0,0.0,0.0,0.0
0.031694159070101625,-0.00556393868187737,0.7588674123591229,-0.0026971451261384766,-0.6623898830828255,-0.010370086164695529,0.7490826586636656,0.013853602037324787,0.7932153223766132,-0.9812464695444214,0.058248570662100985,0.54555038630384,-0.940540824673731,0.10370703565805864,0.604573715206061,1.2377450413943505,-0.018220373921066284,0.843894816137708,0.9432907505842381,0.0,0.0,0.0,0.0
0.031361274637012965,-0.005063787756206553,0.7589905836589446,-0.002733219581776069,-0.6623943752743924,-0.010313264069022554,0.7490793400567178,0.012509497620770731,0.7924266828224967,-0.9797705605909617,0.06096793739015049,0.5415065346603861,-0.9436396754471958,0.10891049559596004,0.5986141576841758,1.2422789725334873,-0.02284713059041169,0.8431884908782915,0.9401288246394502,0.0,0.0,0.0,0.0
0.030960984147133497,-0.004470022950261682,0.7588428008381383,-0.00282771219329993,-0.6623946663591898,-0.010202847346816799,0.7490802439850267,0.010893175587449828,0.7913696195795731,-0.9791459997613701,0.06342161335090934,0.5410864682085791,-0.9434820327528735,0.1131340393755037,0.596105070744026,1.240909796425392,-0.027185699715436544,0.8410741360350077,0.939267848558969,0.0,0.0,0.0,0.0
0.030472190053578888,-0.003761202830273685,0.7584171708121574,-0.002981921990853724,-0.6623897508133324,-0.010040081818027777,0.7490861919137071,0.008954207655681504,0.7899629519964135,-0.979284214920378,0.06556840261963522,0.5442415602197614,-0.9400281197225763,0.11627344486857688,0.5970648072015645,1.2336795881165346,-0.03147764246986132,0.8374140886948397,0.9406809982798916,0.0,0.0,0.0,0.0
0.02986393662749222,-0.0028984111519555563,0.757745180256929,-0.003184425677128801,-0.6623717589188103,-0.009839735642268352,0.7491039260492489,0.006610387442323207,0.7881166882305107,-0.9799314941177362,0.06740330074407447,0.5497287782450153,-0.9343350889504897,0.11864174102295015,0.5999581071028388,1.2232771580777453,-0.036409100107624305,0.8321280760351288,0.9438490381964187,0.0,0.0,0.0,0.0
0.029097673897782082,-0.0018454489808601919,0.7568737700866045,-0.0034292250796219962,-0.6623402954979775,-0.009610824749229365,0.7491336365580209,0.003781593094897653,0.7856842765851251,-0.9806652758621508,0.06891827640947357,0.5562184321132893,-0.9272793822237588,0.12041211866760398,0.60382740150145,1.21131512933251,-0.04246067842331608,0.8253062691890726,0.9481097572378121,0.0,0.0,0.0,0.0
0.028128896995458435,-0.0005696230833494448,0.7558390677188268,-0.003714048959430057,-0.662297091979525,-0.009358574639318449,0.7491736680346632,0.0003956905944147346,0.7824675997373173,-0.9810243009188142,0.07009362857485135,0.5627576943886846,-0.9194270784379939,0.12162604611326645,0.608084905633026,1.198647119453124,-0.04993189461888874,0.8170315532939723,0.9529162706118952,0.0,0.0,0.0,0.0
0.02690996603033845,0.0009585750442670069,0.7546616591292779,-0.004036961779439646,-0.6622433941536945,-0.009088058957025484,0.7492227953177742,-0.003607631158853685,0.7782327167419979,-0.9805530319244476,0.07089967851434723,0.5688090350318379,-0.9110914611455605,0.12226109801224201,0.6123567770370824,1.1856873648597182,-0.05901055148878432,0.8073262607450346,0.9578744628896613,0.0,0.0,0.0,0.0
0.025392679624456356,0.0027634830722322525,0.753350547637512,-0.004394514722313693,-0.662179783311477,-0.0088055841072454,0.7492803777641924,-0.0082701668871092,0.7727184791372834,-0.978793754823179,0.0713056155481888,0.574142445592661,-0.9024391904417121,0.12229070495625183,0.6164034820386024,1.1726031813639146,-0.06977845807335843,0.7961771085719138,0.9627048719331048,0.0,0.0,0.0,0.0
0.023530958181392708,0.004860418293592048,0.7519097204839421,-0.004780734468503706,-0.6621070705687517,-0.00851900755009088,0.7493455799503785,-0.013605073334810817,0.7656419194177427,-0.975260189665921,0.07129272777879772,0.5787205760132746,-0.8935896885970992,0.12172941778156562,0.6200748023861521,1.1594185121942455,-0.08218881915347942,0.7835858755372404,0.9671894284288252,0.0,0.0,0.0,0.0
0.021284865969542346,0.007251099315260823,0.7503456415835805,-0.00518624058898525,-0.6620272575958682,-0.008237963040971956,0.7494165390979723,-0.01958529914037823,0.7567114140099929,-0.9694187909687225,0.07087230256349207,0.5826285006432524,-0.8846899274042495,0.12067599078625765,0.6232796420610699,1.146065042047855,-0.09605382423568884,0.7696223270455086,0.9711173999655236,0.0,0.0,0.0,0.0
0.01862756032008349,0.009919528047896359,0.7486756451133127,-0.005597017001191827,-0.6619441426652073,-0.007974518466944169,0.7494898481281334,-0.02613365506566543,0.7456604401045415,-0.9606990270906429,0.07011068447929601,0.5860599144142226,-0.8759659415263052,0.11937385004285322,0.625964830278243,1.1324082887186537,-0.11106713568819106,0.7544730748496385,0.9742294733996213,0.0,0.0,0.0,0.0
0.015557143113620494,0.012829480382196098,0.7469369467908719,-0.005992368668668445,-0.6618635962716979,-0.007744700534182668,0.7495603318357165,-0.03311802051097281,0.7323165109528282,-0.948557206890468,0.06916251965242118,0.5893596246555618,-0.8677610184671568,0.1183186751686131,0.6281028711580686,1.1182692238828078,-0.1268738840435338,0.7384843899209459,0.9761625946129359,0.0,0.0,0.0,0.0
0.012116117830053225,0.015924263549431352,0.7451932767666993,-0.006341475510449667,-0.66179391370429,-0.007571470302001752,0.7496207536546563,-0.040354110992473456,0.7167228354134169,-0.9326341047602275,0.06830597717683856,0.5931203384119607,-0.8605798554269967,0.11846575400996302,0.629689457169403,1.1034571807467974,-0.14318967261384002,0.7221863635464971,0.9764261797783632,0.0,0.0,0.0,0.0
0.008422638635636002,0.01912725459143515,0.7435277467697295,-0.006597346418342111,-0.6617494730083381,-0.007491137101259775,0.7496585841957345,-0.04761104394780366,0.6993314491060254,-0.9130697739754243,0.06796144794627443,0.5983191970757945,-0.8551695099125335,0.12165037269564466,0.6307441376618745,1.0878433917420445,-0.15997192462400514,0.7062440999419809,0.9745289671545727,0.0,0.0,0.0,0.0
0.0048742752954200625,0.022416342060975026,0.7419967794969149,-0.006682574745560132,-0.6616632169886593,-0.007570707069520678,0.7497331624474508,-0.05482444306437162,0.6825183115390988,-0.8934917730985756,0.0682374223597426,0.6060328790619486,-0.8521008806059536,0.13120081555415541,0.6317105609597917,1.071042023221098,-0.17827309986032572,0.6910505700236643,0.9702310168468524,0.0,0.0,0.0,0.0
0.0018088074020270913,0.025583311366599082,0.7407025176782724,-0.006507693731587265,-0.6615942616194158,-0.00789470314657488,0.7497922089331038,-0.06146612753198383,0.6680057519207209,-0.8758048480625794,0.06946269405884356,0.6176224683288108,-0.8539280848921406,0.1517878636360288,0.631557426562092,1.05269776637891,-0.19809985453031884,0.6774936141076673,0.9638571489429948,0.0,0.0,0.0,0.0
-0.0004138448320883791,0.02820106650678288,0.739482444378692,-0.005990552293966012,-0.6616648004235062,-0.008552253336659368,0.7497270597534815,-0.06649794491559412,0.6572145065982238,-0.8622326406136375,0.07206732978481206,0.634115763812219,-0.865650142443825,0.1881120667184959,0.6290440035504474,1.0320871395798328,-0.21847144983909667,0.6650128863544409,0.9593765131504854,0.0,0.0,0.0,0.0
-0.001379529186521206,0.029676120363177856,0.7381888665864866,-0.005297454990750394,-0.662031171207737,-0.009459956123362272,0.7493978746634373,-0.06863204497439994,0.6518256202906136,-0.8555828586807966,0.07619552094608209,0.6560043619799191,-0.8935931850435078,0.23207430733336898,0.6277679112880888,1.009015862725841,-0.2355510490955425,0.6538582925712425,0.9620873034502022,0.0,0.0,0.0,0.0
-0.0014483635995597177,0.029964063670033268,0.7380404858477505,-0.005489695963894811,-0.6621085080385961,-0.009516783726088732,0.7493274435443019,-0.06897913753820291,0.6516165896663606,-0.8555823959266395,0.07619910239473672,0.6560335531418674,-0.8936077171038235,0.23210642436730972,0.62779290103385,1.0090226485482607,-0.23553637477741554,0.6536591375717591,0.9619602959440621,0.0,0.0,0.0,0.0
-0.0014483635995597177,0.029964063670033268,0.7380404858477505,-0.005489695963894811,-0.6621085080385961,-0.009516783726088732,0.7493274435443019,-0.06897913753820291,0.6516165896663606,-0.8555823959266395,0.07619910239473672,0.6560335531418674,-0.8936077171038235,0.23210642436730972,0.62779290103385,1.0090226485482607,-0.23553637477741554,0.6536591375717591,0.9619602959440621,0.0,0.0,0.0,0.0
-0.0013427571843103504,0.03136250294769937,0.7382216860384035,-0.0047064094089314945,-0.6608743940258548,-0.009883283253128065,0.7504166880764134,-0.07244862890741328,0.6562424315773959,-0.8671815631718832,0.07294799089728707,0.6562690332877383,-0.9000658253481251,0.21314574202658537,0.6292133235904609,1.0121278540762348,-0.2477997312833327,0.649444571421673,0.9509174137349984,0.0,0.0,0.0,0.0
-0.0005308741981272652,0.03330695997341345,0.7383822754841465,-0.004272654154480881,-0.6599858840376889,-0.010042879000190831,0.7511987206318005,-0.07748805840417071,0.6658433400126283,-0.8858328675904116,0.06831192144929829,0.6590900101801005,-0.9084797068731841,0.19579960742995073,0.6309550746658351,1.018752264623812,-0.2616073271280396,0.6478037194599964,0.9397462880500516,0.0,0.0,0.0,0.0
0.0013901972243767183,0.035436798655926326,0.7385157951199057,-0.004696362064637015,-0.660444032929473,-0.009872191315638646,0.7507956868481854,-0.08304749304257393,0.6808698705981665,-0.9079767474412757,0.06329747250815893,0.6659320423128043,-0.9158289237877537,0.18868149525898972,0.6345483304514604,1.0295571310218226,-0.2747284041422637,0.6521489642381101,0.9332103956941286,0.0,0.0,0.0,0.0
0.004615984361969035,0.037799467964330306,0.7390662994262417,-0.006541760460041467,-0.6630558833360851,-0.00916052263037014,0.7484852608893682,-0.08915077981313799,0.7018733486685689,-0.9294949490228012,0.057786823881329864,0.6768221092829989,-0.9157337686896146,0.19843650929809126,0.6432576560069846,1.0418904966908726,-0.2866156457129597,0.6679380970809005,0.9294979589559895,0.0,0.0,0.0,0.0
0.00894039202630147,0.04122746493361165,0.7414643367526027,-0.009852493796078304,-0.6675695610891842,-0.007728981837836027,0.744442121533261,-0.09808669695844678,0.7301107241398543,-0.9479211447251331,0.04947541063515324,0.6900786830477701,-0.9005482301443687,0.22250430340380395,0.6636601810849208,1.0446117836175177,-0.30120351656352756,0.7035097639762178,0.909873677631219,0.0,0.0,0.0,0.0
0.009112688170642404,0.04502395277532131,0.7439901382609625,-0.005454318985990784,-0.6589359101113204,-0.008569612535004139,0.752130493007141,-0.09521105703100385,0.668948773425808,-0.8902157469362232,0.038179940618172786,0.6988477256370256,-0.9491737570894633,0.13241286695893345,0.6739546623720024,1.0276393866255715,-0.215564179266038,0.6548599963513148,0.9579440425811069,0.0,0.0,0.0,0.0
0.01240542484863689,0.04824904255749151,0.7466100440619564,-0.005679012543086498,-0.659298012843319,-0.008644172401033514,0.7518105860925923,-0.08868901308874928,0.6479865179330101,-0.8649212246520213,0.030612199266017832,0.7117910267215812,-0.9565096786357279,0.11773561684264897,0.6941054056974385,1.0195038520113278,-0.17113203088737555,0.6546366193039594,0.999589063083811,0.0,0.0,0.0,0.0
0.01673618971941692,0.050815699086674125,0.7494427281840569,-0.007243921447401369,-0.6616969258706998,-0.008068820832255281,0.7496930025188353,-0.08058954831226282,0.6418657469740829,-0.8572870952926779,0.02445141518266814,0.729210964086462,-0.958480885946666,0.12279441572019456,0.718625564167434,1.0111598237818074,-0.14398852913993726,0.6681363411925079,1.0346574436120481,0.0,0.0,0.0,0.0
0.020680759829536606,0.05339548970521909,0.7514852327129641,-0.007992139733673624,-0.6627329244282195,-0.007741359151599568,0.7487731752271732,-0.07363852938006657,0.6352188492335327,-0.8566372116284494,0.01801133855431005,0.7456125739241837,-0.9693014427125751,0.1162393856469407,0.738302405252236,1.0069030692639707,-0.12838546046214233,0.6733091122791115,1.0601812770986032,0.0,0.0,0.0,0.0
0.023727645137174354,0.05601269763198836,0.7529834868895283,-0.007360074205863541,-0.6613789457439186,-0.007819209215972138,0.7499750525194713,-0.06812558775542647,0.6231398830290171,-0.8584018701543785,0.010928404259124926,0.7597602048578758,-0.9913830933308927,0.08717797187924976,0.7530009839655526,1.0037948578087086,-0.11700465270639254,0.6636014156474346,1.077948983578272,0.0,0.0,0.0,0.0
0.02654029996326576,0.05834974519700382,0.7537493309378075,-0.006505757513382683,-0.6596792257929665,-0.007891087079520716,0.7514776942272291,-0.06096793841324419,0.6120556442630142,-0.86396827096124,0.004219021127646283,0.7728880071717921,-1.0164327291442599,0.05563994539164184,0.7631521118085669,1.0056110502043059,-0.11455842726038785,0.6503606479750461,1.0955757718862418,0.0,0.0,0.0,0.0
0.031147515024689723,0.05938063076304237,0.7552341239845602,-0.010286700040882639,-0.6656040347116624,-0.00637802491112776,0.7462069241008541,-0.05165604133907767,0.6285373793595994,-0.8759145131348463,0.001872272821870598,0.7887950333431752,-1.001951493582677,0.10079176479008597,0.7840455439152263,1.0062904527299104,-0.11889245672219624,0.6882254155953321,1.120355850333617,0.0,0.0,0.0,0.0
0.035721772966667405,0.060651057505178976,0.755972778866966,-0.016104824223561028,-0.6746016024002073,-0.004254330270893573,0.7379940469609134,-0.04644318127969696,0.6523960364206731,-0.8906707692154676,-3.183757780865467e-05,0.7984857281114156,-0.964422707535968,0.1929405733985276,0.7973040900623923,1.0130481913728044,-0.14031310611190692,0.7398132001761212,1.1402520583849087,0.0,0.0,0.0,0.0
0.033571829155126826,0.06371236447648644,0.758450076806619,-0.011135654903719698,-0.6634811227932643,-0.004921273302455812,0.7480939633200746,-0.049882458900916714,0.6107029598619842,-0.8888728472166059,-0.011350572174720058,0.7959480482517352,-1.0052215588876086,0.06674153613165906,0.8040408996445095,0.9905023619059186,-0.08617621419132941,0.6783101546151337,1.1433447210303236,0.0,0.0,0.0,0.0
0.03204015970719717,0.06689975712657571,0.7597223435021356,-0.006004060628987435,-0.6545601657026987,-0.006875482798459718,0.7559548058366367,-0.051762705787842526,0.5772989664554887,-0.887307451418688,-0.020672877711996725,0.7921065666275204,-1.0408537589294815,-0.030809086351751697,0.8029892929483889,0.976234869997875,-0.08565253467940517,0.614089096370146,1.1429422952963244,0.0,0.0,0.0,0.0
0.033305939646863666,0.06892269423650753,0.761028077213943,-0.005825287751425246,-0.6554235034232889,-0.00751371845555967,0.7552017222027011,-0.04900298426945614,0.5737961315479442,-0.8949650145853242,-0.024724468682015235,0.7934091257618487,-1.0344762863132506,-0.0382047370816779,0.8147242683378754,0.9689338090884636,-0.08537859837072809,0.6136999926305465,1.1565304113960242,0.0,0.0,0.0,0.0
0.0363124294902136,0.06942899570136837,0.7629126497354976,-0.009101960381206932,-0.6611422873903531,-0.006112349723674815,0.7501804245128809,-0.040042853116206895,0.5850860107250679,-0.9086050270817729,-0.025686801092992827,0.8020671623643478,-1.0093428096516264,0.010453437707121815,0.8346802423742538,0.9599888101812362,-0.08267900462631256,0.6464185758428059,1.182975526337321,0.0,0.0,0.0,0.0
0.039540885502064714,0.06981036658594053,0.7636132782687363,-0.012004502921254719,-0.666781334903221,-0.004896758609873132,0.745140634437157,-0.026847994408574577,0.596208724808053,-0.9241027539688174,-0.026199165369198838,0.8111250840692373,-0.9907534968642564,0.06373367007918708,0.8475127037213236,0.9605604645246354,-0.08989140214946752,0.6781703651535319,1.2107558641557328,0.0,0.0,0.0,0.0
0.042658610736924084,0.07043922622813686,0.7635086285969022,-0.01647123033931136,-0.6743641749782985,-0.003203932190035027,0.7382082313923827,-0.019517170517607946,0.6109267684402414,-0.9366530275680246,-0.02653462076567411,0.8151604968495928,-0.9568558154181902,0.15298243984688784,0.8511638642566783,0.9688971649133579,-0.11061900279746337,0.7196705079931098,1.2294591531890249,0.0,0.0,0.0,0.0
0.03955153002304521,0.0726717584223673,0.7648718688748852,-0.0116008042419043,-0.662618784127042,-0.003941656547805069,0.7488566161867041,-0.021056620259665267,0.5654136466895492,-0.9339714571789772,-0.035849557413226624,0.8095398700364332,-0.9997122039146806,0.026107436727836913,0.8470883587751892,0.9532035289337363,-0.053841317487938065,0.6514396872798911,1.2320755172994167,0.0,0.0,0.0,0.0
0.038627325282715584,0.07473471583243868,0.7656424520072878,-0.009360572268119042,-0.6599716570976972,-0.005506249237977797,0.7512120025224985,-0.022240136434175842,0.5537865476594025,-0.9324953363297624,-0.040213424473756296,0.8028747906940037,-1.0023469853388842,-0.01361261012411237,0.8498661552915878,0.9455052103999797,-0.05935106983700432,0.6262531073770887,1.2347059037805994,0.0,0.0,0.0,0.0
0.03815002306833613,0.07652170836899341,0.7656242259744381,-0.00803591954095513,-0.6584030280703385,-0.006388416767417297,0.7525955519109491,-0.022069352207599598,0.5468040032340501,-0.9322405937367342,-0.04431594650230277,0.7977428155777971,-1.0038586508549543,-0.04254886093958854,0.8498272198684281,0.9472724968093112,-0.05433582929238941,0.6156899269636124,1.2364609782341793,0.0,0.0,0.0,0.0
0.038114001121718574,0.07791058459706204,0.7649356603320466,-0.006717889955480576,-0.656996083522069,-0.007193630323865196,0.7538297340076021,-0.016101783017349193,0.542816386975869,-0.9309980651876218,-0.04763909408993751,0.7957145757055474,-1.0120061431737604,-0.07315776353816522,0.8485605402334554,0.9559829038739475,-0.05312086675845654,0.6080464924841767,1.2353515850682115,0.0,0.0,0.0,0.0
0.03950121968697731,0.0781661317881403,0.7644266222355621,-0.007886871493204113,-0.6593001074784917,-0.006657955901263901,0.7518090430156555,-0.0043626299020962135,0.5528018522609089,-0.9311604594024119,-0.048258791731261234,0.7992248292205953,-1.0072441051766192,-0.056912489156096126,0.8513007185168313,0.9645998088894413,-0.05505380702485954,0.6265825090862641,1.2379621408498385,0.0,0.0,0.0,0.0
0.04237034432157527,0.07748923307933886,0.7637924225420536,-0.012496508107599811,-0.6666367530418008,-0.004291123515267789,0.7452656325351239,0.009090426185847805,0.5790624815092189,-0.9336960307785577,-0.04661133836930609,0.8059806412744184,-0.9797524753619138,0.026823139783217674,0.8546863727845495,0.9769732677710727,-0.04929613614926365,0.6863612963568654,1.2440609995446568,0.0,0.0,0.0,0.0
0.0452574024224116,0.07711520131477405,0.7620433371863318,-0.017858846207388375,-0.6753846695059685,-0.0016707762027777025,0.7372474607045687,0.01697384706097274,0.6072487070922539,-0.93197155603417,-0.04516412895767846,0.8085445780070927,-0.9430039719514259,0.15319866490507417,0.8426838704805624,0.9972442620192057,-0.06949185593188222,0.746245294482823,1.2448562253586322,0.0,0.0,0.0,0.0
0.04095221099555924,0.07889321591236013,0.7629981390550787,-0.012985653145157098,-0.6637525823528249,-0.0027147457947853644,0.7478345488058302,0.017003094053024165,0.5780699760891048,-0.9124994586136452,-0.05263923189118349,0.797412865509963,-0.9791272909622256,0.026160840473895886,0.834278462488369,0.9840338608764428,-0.006467615749614783,0.6909156180148123,1.2220561455823338,0.0,0.0,0.0,0.0
0.03791265767058883,0.08103452270716474,0.7631057117984532,-0.009225921742128053,-0.6585495644415226,-0.004851017788098003,0.7524651627605815,0.016020266946225867,0.5720976046643682,-0.8955944283718228,-0.05742569466597634,0.7825026559418078,-0.9856605113376449,-0.03782014198719581,0.8273503386016303,0.9789964153035559,-0.00611571593418285,0.6578377130156566,1.1996536154990627,0.0,0.0,0.0,0.0
0.036258667825456045,0.08265370918765554,0.7626277494474524,-0.008337662593379033,-0.6583148827713688,-0.005819872232412008,0.7526739849306578,0.016549203757386964,0.5781947718183706,-0.8847799298942371,-0.060077675149647555,0.7692830471717461,-0.9707439434618684,-0.052822893995920585,0.8233528435289016,0.9835497403250967,0.005319625127639449,0.6641582972384722,1.1837220674211077,0.0,0.0,0.0,0.0
0.03527230592303385,0.0835496860548741,0.7618223710028575,-0.008675759747478747,-0.6595213356222112,-0.005899083868933019,0.751612626198766,0.021547519567980008,0.586603207875186,-0.8768480985724167,-0.06148066860749217,0.7592495341108366,-0.9529792198525389,-0.04895227232653953,0.8190906467463582,0.9923285606318318,0.014059258480022634,0.679224328577514,1.1748199358568727,0.0,0.0,0.0,0.0
0.03481851379596406,0.08378871067275803,0.7607195472959615,-0.010179908016173782,-0.6621623790289106,-0.005278301869706518,0.7492726425013313,0.029699529934367537,0.5983437027277898,-0.8694926616498545,-0.06147255755215507,0.7513244310364104,-0.9309724380946223,-0.024401474792049096,0.8138328543850164,1.004356484441238,0.01951989582099875,0.7039050465201309,1.1691971790870799,0.0,0.0,0.0,0.0
0.03393411952637639,0.08410539051827834,0.7589711239672832,-0.01205112546791556,-0.66501743873967,-0.004461956943043972,0.7467172607401842,0.037157176020380996,0.6097889045184497,-0.8615764365009652,-0.06159621055687718,0.7396749673900649,-0.9039708050604839,0.004761591134361583,0.8034860455537375,1.0222264785950812,0.01902686397313021,0.7279126750184567,1.1620778498525728,0.0,0.0,0.0,0.0
0.030862099051728542,0.08535439988614527,0.7577900140098405,-0.01101460359194808,-0.6634201038606856,-0.004925076957134434,0.7481498432253766,0.041490664541500834,0.6090511492542918,-0.8505828819395657,-0.06435913412769381,0.7205050004900172,-0.887548248780468,-0.02428622353198283,0.7930681123328941,1.0324135044455987,0.03023519018359916,0.7238743426065587,1.1480221074711288,0.0,0.0,0.0,0.0
0.026599606420339664,0.08720572693402648,0.7567469329971673,-0.009242808755108049,-0.6606421588339196,-0.005737423397288281,0.7506221355850989,0.043302999454594336,0.6052660206883509,-0.8391434795902958,-0.06846061376753644,0.6947088214801777,-0.8665674972999924,-0.06862050408017124,0.780917065634561,1.0405436309638516,0.04583411579887229,0.7123858987309749,1.1301557728058034,0.0,0.0,0.0,0.0
0.022292225242484833,0.08907598706852692,0.7555742177077022,-0.007881938468790026,-0.658869480265437,-0.006552883647882558,0.7521874385660959,0.04551218654140321,0.6054578976037877,-0.8290442991026138,-0.07199040520456229,0.6664210568068564,-0.8369664359109846,-0.10220352392306228,0.7684219016779336,1.049429664642753,0.05869046680083747,0.7075285612950212,1.1140470124840978,0.0,0.0,0.0,0.0
0.01839635308991645,0.09063146705419796,0.7542757353155181,-0.006880651829159512,-0.6578268400288657,-0.007287092039095428,0.7531025185575048,0.04958125773989804,0.6085789005597494,-0.8190927307276414,-0.0745016599592984,0.6394620607765309,-0.8058056984795542,-0.1260345348604181,0.756269375143398,1.0589020110503535,0.07351121267001005,0.71035538048245,1.101120551431851,0.0,0.0,0.0,0.0
0.014981819136230413,0.09185310219910996,0.753023474783361,-0.006062565321175927,-0.6571302607542115,-0.007966330922633772,0.7537105566956452,0.05509782232307809,0.6130077546565681,-0.8089719744079212,-0.07616403894772825,0.6151302571489998,-0.7764975554357004,-0.14415641570757182,0.7453189436820349,1.0675729139598982,0.0954059761239596,0.7188805632357245,1.0915172637985469,0.0,0.0,0.0,0.0
0.012260018629282611,0.0926892333069533,0.7520157751743122,-0.005495253005689637,-0.6567437927070601,-0.008564128224808431,0.7540451237445266,0.060946047090443656,0.617305772753257,-0.7983651320683931,-0.07692192244408626,0.5951965825915564,-0.7512661710622607,-0.15639719439138164,0.7368156665511428,1.0740885917751009,0.1303724366347709,0.7335165613143703,1.085423827828907,0.0,0.0,0.0,0.0
0.010554455610188754,0.09307802992911614,0.7514759159187444,-0.005283952632006697,-0.6566553050112466,-0.009071613562275135,0.7541177600829634,0.06531315442405852,0.6187955873966952,-0.7872500956474496,-0.0766459033106591,0.5822921153906294,-0.7335601516395978,-0.16233032539931014,0.7323561304732631,1.0770857584884712,0.17917793560162296,0.7524867792334307,1.0825175639843947,0.0,0.0,0.0,0.0
0.010547498662955094,0.09303148964895898,0.7514360144068911,-0.005180666839660706,-0.6566485539972055,-0.009108422794866853,0.7541239114752069,0.06535415278151607,0.6188335676285054,-0.7872708025153538,-0.07654729597946443,0.5821220288563381,-0.7335012914743384,-0.1623175167529075,0.7322106139485975,1.0770140938898187,0.1791547599028039,0.7525378143046024,1.0825234802606118,0.0,0.0,0.0,0.0
0.010547498662955094,0.09303148964895898,0.7514360144068911,-0.005180666839660706,-0.6566485539972055,-0.009108422794866853,0.7541239114752069,0.06535415278151607,0.6188335676285054,-0.7872708025153538,-0.07654729597946443,0.5821220288563381,-0.7335012914743384,-0.1623175167529075,0.7322106139485975,1.0770140938898187,0.1791547599028039,0.7525378143046024,1.0825234802606118,0.0,0.0,0.0,0.0
0.010547498662955094,0.09303148964895898,0.7514360144068911,-0.005180666839660706,-0.6566485539972055,-0.009108422794866853,0.7541239114752069,0.06535415278151607,0.6188335676285054,-0.7872708025153538,-0.07654729597946443,0.5821220288563381,-0.7335012914743384,-0.1623175167529075,0.7322106139485975,1.0770140938898187,0.1791547599028039,0.7525378143046024,1.0825234802606118,0.0,0.0,0.0,0.0
0.011264726097043577,0.09308478687368228,0.7516445258734781,-0.005084449230692044,-0.6569274996012502,-0.009129257575928963,0.7538813336989996,0.06522400646387008,0.6231852224930865,-0.7920369657722708,-0.07684993455871444,0.5862283865648404,-0.7381581230434029,-0.16588355321712256,0.7365217513239427,1.0769012285487576,0.1794259875103971,0.7561435114728827,1.0819005003955393,0.0,0.0,0.0,0.0
0.012637143329042408,0.09327297956175949,0.7518913064359194,-0.005118187919698931,-0.6571486545630215,-0.009079491166176056,0.7536889363647264,0.06482990967005739,0.6323957768903506,-0.8050080800935634,-0.07764400142657388,0.5944183294428819,-0.749287643676606,-0.1702458676081062,0.7420624695584868,1.0776638976776571,0.1812916362597847,0.7616760989287763,1.081308767697085,0.0,0.0,0.0,0.0
0.014647894070366468,0.09360723127284747,0.7521595582123138,-0.005280191774803907,-0.6573714578714325,-0.008936652710698186,0.7534952038262334,0.0640900793315322,0.6460862744213068,-0.8253295203368272,-0.07899669327925093,0.6062265389586718,-0.7658244649317006,-0.17557588138260866,0.749008249085696,1.0794517979177687,0.1851686276342194,0.7694383881777893,1.0808903313416498,0.0,0.0,0.0,0.0
0.017267246842590376,0.09408646825355509,0.7525007922999716,-0.005586879850594909,-0.6577041818515178,-0.0086571062941263,0.7532058486623512,0.06291680144693995,0.6636382912648847,-0.8512903830709799,-0.08096797136290054,0.6210264161422596,-0.7858924624477309,-0.181772348721991,0.757983766931335,1.0818221871360034,0.19237068169554242,0.780528656851858,1.0802885782862022,0.0,0.0,0.0,0.0
0.02045841838131211,0.09468640813754663,0.7532679871756018,-0.006063222302891399,-0.6584951027318581,-0.00807678344429095,0.7525172440433902,0.061024427004927134,0.6841064996672577,-0.878555065724863,-0.0837610364695117,0.6379254200063256,-0.804749999517344,-0.18808583451623334,0.7717623020974799,1.0819699213568743,0.20737780875685752,0.7995092895626532,1.077039684771805,0.0,0.0,0.0,0.0
0.023576079476353328,0.09603593784339977,0.7540788909675102,-0.004527089905437254,-0.6586959551798537,-0.009788226216099418,0.7523319312073831,0.05985133525907718,0.7053322012396017,-0.9037165330698671,-0.07758661718746936,0.6299985860880017,-0.8043366905646581,-0.13562613435199822,0.7510256166670896,1.0883270296101801,0.1574018175327549,0.7962427083312081,1.0676454948230765,0.0,0.0,0.0,0.0
0.026673817153205756,0.09732175194664329,0.7550134103780934,-0.003594264986112476,-0.6591083858724468,-0.010686033577600592,0.7519634469960662,0.057737345593377114,0.7259893119569893,-0.9281362496410747,-0.06913838585245258,0.6224728403174782,-0.8091983632631826,-0.09254531922502798,0.7339064001119383,1.0958473872589805,0.12491947651618539,0.7998536536590904,1.0578171109912167,0.0,0.0,0.0,0.0
0.02950396228722791,0.09840962394908723,0.7559667593020335,-0.0031710907010740457,-0.6596068624752149,-0.010994661934785621,0.7515236846356262,0.05537279606223994,0.7444465202464405,-0.9498464987899199,-0.06126236262894614,0.6162118854036651,-0.8171924204764598,-0.06286968793809503,0.7216715555446597,1.105317702696323,0.10602335440972699,0.8076364799343523,1.04849428150371,0.0,0.0,0.0,0.0
0.03193046692691866,0.09929879202585208,0.7568895734052487,-0.002972674441549169,-0.6600700064163939,-0.011076723764860763,0.7511165395774235,0.05321694206363753,0.7600466351148477,-0.9678039872254643,-0.054602364138589474,0.6108635594709562,-0.8265945714673716,-0.04206893142667191,0.7123646346653391,1.1161208887288552,0.0933400533863056,0.8162036986019001,1.039641207265079,0.0,0.0,0.0,0.0
0.033897680908097,0.10001215267687645,0.7577854017368313,-0.0028521256362145156,-0.6604688709362158,-0.011096572218554427,0.7507660101447015,0.05140764221244823,0.7726200705588605,-0.9815530743512575,-0.04889538153101073,0.6061408051515147,-0.8364745649199584,-0.026390285821488398,0.7044483254098841,1.127597345696672,0.08351087254013487,0.8242176346835565,1.0310355498348287,0.0,0.0,0.0,0.0
0.03540792921236504,0.10058446527111649,0.7586653517812538,-0.0027496478652743947,-0.6608043107923478,-0.01111276220985038,0.7504709246805864,0.04992624983943545,0.7823280633232076,-0.991221675920386,-0.043661368955875704,0.6017323735902,-0.8463832339338121,-0.013547712117239704,0.696957138083272,1.1392882924465222,0.07505935042576306,0.8312543276336519,1.0225071988068226,0.0,0.0,0.0,0.0
0.036500970148808494,0.10105559640741164,0.7595344770063335,-0.002646424477025199,-0.6610845160296113,-0.01113938509110434,0.7502240819936229,0.04869091289267738,0.789520060152868,-0.9973021517188109,-0.03851148554210865,0.5973418711622906,-0.856124707859286,-0.002237176851604416,0.6893422127473592,1.1509268524947973,0.06731526216335482,0.8372609205353808,1.0139684978768595,0.0,0.0,0.0,0.0
0.03723603639048845,0.10146445294559123,0.7603910467453099,-0.0025410928440991846,-0.6613185480860977,-0.011173840084715786,0.7500176438606058,0.04760407800777898,0.79462371257323,-1.0004487202144199,-0.033226027039231984,0.5927364436143878,-0.8656265310294164,0.008279238208941069,0.6813200147862627,1.162382126536998,0.059963590489076665,0.8423290682662251,1.0053965167650531,0.0,0.0,0.0,0.0
0.03767782637210067,0.10184485457732738,0.761229066839133,-0.0024384516627477502,-0.6615146712717541,-0.01120884125185597,0.7498444875595887,0.04657626920404759,0.7980685181719189,-1.0013348085115221,-0.027726956567967587,0.5877571378821772,-0.8748736985995541,0.01842143773370116,0.6727638895979657,1.1736033199539786,0.0528466223375883,0.8465928816349202,0.9968099992566932,0.0,0.0,0.0,0.0
0.03788711314402444,0.10222383762256879,0.7620406147192412,-0.0023443814182529015,-0.6616800829952927,-0.011237157680111062,0.7496984046470825,0.045535335822536376,0.800239674814072,-1.0005691761659894,-0.022022786746669312,0.5823032043009542,-0.8838775903579784,0.028429593037877877,0.6636373952798705,1.184575953752165,0.045875789711516485,0.8501817417410028,0.9882520670291532,0.0,0.0,0.0,0.0
0.03791558503526173,0.10262205666318544,0.7628168392436813,-0.0022639692162966596,-0.6618209088204582,-0.011252983971467252,0.7495740987008477,0.04442661843835146,0.8014564262800691,-0.9986603522767215,-0.016161566593687407,0.57631378616889,-0.8926587127451611,0.03844106518100777,0.6539611408729646,1.195289429271216,0.03899196314180456,0.8531976775695198,0.9797822087341644,0.0,0.0,0.0,0.0
0.03780396711021407,0.10305561154491126,0.7635472931414221,-0.002201156324515727,-0.6619419886875147,-0.011251974532215728,0.7494673786045525,0.043208217435268446,0.8019684443584143,-0.9960177589358001,-0.010202085493549836,0.5697677436434195,-0.9012275971093106,0.048532743545590444,0.6438046148728296,1.2057092303972372,0.03214240972277181,0.8556997840161192,0.971479512758612,0.0,0.0,0.0,0.0
0.03758231639822682,0.10353857725902631,0.7642175343571881,-0.002158856473083098,-0.6620462409375607,-0.011231131809150223,0.7493757241047105,0.04184465186342215,0.8019637819198764,-0.9929783998618034,-0.0042014309252465494,0.5627182691373417,-0.9095509908126969,0.05874094465347345,0.6332964556333515,1.2157426165681364,0.025257148691927616,0.8576842938719785,0.9634589994413391,0.0,0.0,0.0,0.0
0.037271387763888504,0.10408542676386542,0.764805088300611,-0.0021390821145056923,-0.6621337762382726,-0.01118896125606996,0.749299068355328,0.04030137022898366,0.8015813962432412,-0.9898467889122237,0.0017867250740364535,0.5553735747070724,-0.9174937535124391,0.06906210708291306,0.6226507679366053,1.2251810557922098,0.018225698362029304,0.8590572607454489,0.955903286066844,0.0,0.0,0.0,0.0
0.03688399181188965,0.10471223345380473,0.7652744423623914,-0.002143651886959604,-0.6622017755953296,-0.011124944135956194,0.7492399140281785,0.03854160379691935,0.8009196924048156,-0.9869303492443169,0.0077083463538646264,0.5482207197640029,-0.9247360304319432,0.07943308829078259,0.6122159148672868,1.2335945604300071,0.010908166047015106,0.8596142480551606,0.9491096680401793,0.0,0.0,0.0,0.0
0.03642540009668518,0.1054354055020651,0.7655736385216977,-0.0021771688299321128,-0.6622470018702168,-0.011035970361894498,0.7492011584400856,0.03652568892413812,0.80003231581329,-0.9845437713981379,0.013502965566558736,0.5421488980885045,-0.9306851573006951,0.08969026503337356,0.602567860615781,1.2401428461039312,0.0032402895475379598,0.8590643899399032,0.943536978497924,0.0,0.0,0.0,0.0
0.03589244368383186,0.1062681391317036,0.7656394146907486,-0.002252593834623521,-0.662271619413545,-0.010909370431969486,0.7491810285753069,0.03421174012540612,0.7989107134575724,-0.9829515682803673,0.019097729974395156,0.5384302791163661,-0.9344323573951324,0.09951281350869894,0.5946861895579395,1.2432649513508367,-0.004580454341863273,0.8571358959814296,0.9397837929197314,0.0,0.0,0.0,0.0
0.03527253164195184,0.1072199931256443,0.7654240236811771,-0.0023911961781973566,-0.662287954124071,-0.01072369334010528,0.7491688397178149,0.031556784254174255,0.7974786391880162,-0.9822295980095882,0.024409527340246276,0.5382487192733372,-0.9348706155704023,0.10839841559012482,0.5901690041854433,1.2403738043762818,-0.012139045197794874,0.8537269962819557,0.938328927323355,0.0,0.0,0.0,0.0
0.03454241998516743,0.10831826352895063,0.7649186707785215,-0.002594644464756487,-0.6622957036049023,-0.010481387529160245,0.7491647411097592,0.028497138430077118,0.7956533290357848,-0.9822905941493006,0.029390644434761377,0.5415524868036524,-0.9319592096495913,0.11618129951951525,0.5890674796746569,1.2315624426077787,-0.019772510300066527,0.8486610656120207,0.9391420047921061,0.0,0.0,0.0,0.0
0.03367044696137584,0.10960742818561262,0.7641545099570133,-0.0028477863503668615,-0.6622840954443534,-0.010203657097195938,0.7491779177312956,0.024943649879061933,0.7933533471868303,-0.9828936147477405,0.03402668506537042,0.5470872748556862,-0.9267540161582749,0.12310202497445699,0.5898671847057809,1.21955222792068,-0.028360429053089907,0.8417830830446741,0.9416726524552747,0.0,0.0,0.0,0.0
0.03261855248580345,0.11112808228233988,0.7631787941265963,-0.0031424229574804896,-0.6622518276738008,-0.00990302125384782,0.7492092979206229,0.020808283712120484,0.7904407779143007,-0.9836242980881736,0.03829481732759563,0.5535247570387966,-0.9201285166815042,0.1292889981137519,0.5916315803721838,1.2059798094363814,-0.038440865691684915,0.8331691286639407,0.9452250189086535,0.0,0.0,0.0,0.0
0.03134362057426073,0.11291589784661168,0.7620273277332391,-0.0034743207744794783,-0.662200712196948,-0.009587097007630444,0.7492571210418872,0.016013641638211732,0.786724058983689,-0.9840263903159624,0.042162190956243274,0.5599174065425719,-0.9126492363185439,0.13475211615188357,0.593796203229631,1.1917173454348042,-0.05028895402256564,0.8229185066381022,0.949227218776935,0.0,0.0,0.0,0.0
0.029800134667455413,0.11500112396907243,0.7607195519668324,-0.003839225738173596,-0.6621325085710535,-0.009263060863702186,0.7493196895468384,0.010500199174151702,0.7819711238191709,-0.9836428424647599,0.04559138086717947,0.5657330270815036,-0.9046345987718379,0.13944771389506666,0.596011969837438,1.1771924310490327,-0.06401103922143091,0.8110873520217344,0.953271791410234,0.0,0.0,0.0,0.0
0.02794251509373157,0.11740536963787501,0.759262687120047,-0.0042312933832820854,-0.662048761120871,-0.008938597035723375,0.7493955134224233,0.004235671738470503,0.7759141219285276,-0.9820016585284529,0.0485514867399922,0.5707474054345091,-0.8962609122626779,0.1433446316674091,0.598064146996486,1.162578664499248,-0.07954795289940905,0.7977133129555631,0.9570802228526482,0.0,0.0,0.0,0.0
0.025727403210463295,0.12013663047293247,0.7576585605853576,-0.004642378417863685,-0.6619514833892483,-0.008621774020498626,0.7494827195967487,-0.0027725760522728064,0.7682511437875005,-0.9785843533126675,0.05103445113969379,0.5749293120288173,-0.8876602940708048,0.14647717778220337,0.5998248909854674,1.1478951171107665,-0.09666037578627931,0.7828619303911869,0.9604516921700976,0.0,0.0,0.0,0.0
0.023117172023017492,0.1231839873369977,0.7559115107987219,-0.005061229527863308,-0.6618435075653347,-0.008321137317680638,0.7495787577853453,-0.010464444472440054,0.7586572282130721,-0.9728047833877347,0.053077018373781,0.578368771413894,-0.8789924329671202,0.14899637857846923,0.6012191000474735,1.133050895060658,-0.11494065545152282,0.7666694154382832,0.9632086952253324,0.0,0.0,0.0,0.0
0.020086395882529334,0.12651328221757865,0.7540373394044834,-0.005472118055911099,-0.6617282208525957,-0.008046422947985304,0.7496806471618315,-0.018717046403628132,0.746818316580738,-0.9640204895748189,0.05478948165369726,0.5812612381848908,-0.8704912770833642,0.15124297501889397,0.602196543427882,1.117861265381857,-0.13386527898357675,0.7493799226461679,0.965138481243305,0.0,0.0,0.0,0.0
0.016633478988858166,0.13006495253218758,0.7520727040868567,-0.005852376595526419,-0.6616088495811139,-0.007810242970615773,0.7497856226608236,-0.0273416433112987,0.7325033877419562,-0.9516030805440897,0.05638903796061451,0.5839477078269641,-0.8624965456369352,0.15387992961176744,0.6027069839044757,1.1020534957227328,-0.1528903741448354,0.7313776611582551,0.9659357931375773,0.0,0.0,0.0,0.0
0.012800467058471827,0.13375455466204414,0.7500809317612955,-0.0061680796131704406,-0.6614877670453811,-0.007631439050402907,0.749891758843382,-0.03608979736581083,0.7156926429316921,-0.9351124438221241,0.05822537863976397,0.5870067360627776,-0.8554907770822605,0.15814857345115035,0.6026737558573055,1.0852744166178308,-0.1715878150397498,0.713196639807823,0.9651871482858049,0.0,0.0,0.0,0.0
0.008705845034092117,0.13747381474185943,0.7481398094279701,-0.006365826299777951,-0.6613703778617667,-0.007544237398041742,0.7499945226630572,-0.04465890267911789,0.6967791168098932,-0.9146398941838507,0.060776786766146236,0.591381497079909,-0.8501842332810795,0.16635894064693266,0.6019558518197544,1.0671452107493529,-0.1898443204466361,0.6954307574870354,0.9625472896623601,0.0,0.0,0.0,0.0
0.004836530819204337,0.14120726805619535,0.7462865159511463,-0.006362422314870123,-0.6611555889313425,-0.007608571672668344,0.7501832552411702,-0.05303511343110501,0.6787263497739322,-0.8949711604867321,0.06400848010800138,0.5979934089370537,-0.8468773870813555,0.1827431258650119,0.6008868176010081,1.046888564047959,-0.20895218349041997,0.6783307744335769,0.9579918450262142,0.0,0.0,0.0,0.0
0.001484908048871917,0.1446844318398028,0.7445813865516193,-0.006068187462099121,-0.6609013869204909,-0.007889223598709583,0.7504067523806711,-0.060581347314462915,0.6628943857120434,-0.8776527885701171,0.0681820510146634,0.607904624548518,-0.848141900015677,0.21274354614604477,0.5980272863783426,1.023397769154199,-0.2285132704421888,0.6624676850922582,0.9525173212599087,0.0,0.0,0.0,0.0
-0.0009769401567016546,0.14741099021274304,0.7427479005945696,-0.005427802670958992,-0.6606998932040543,-0.008437167479747959,0.750583109511022,-0.06616308871860539,0.6506964845518644,-0.8655627123331916,0.07319309223774194,0.6214613449931885,-0.8586916092914891,0.260172220600817,0.5926352116280761,0.9944985157826364,-0.24704560545741808,0.6465233661440409,0.9516155748794047,0.0,0.0,0.0,0.0
-0.002076984100281237,0.14891440824685032,0.7409224628526636,-0.004618874495089534,-0.6607769381900849,-0.009150512270479656,0.7505123397251527,-0.06882564713414527,0.6444735747032931,-0.8611537873043339,0.07821005435450998,0.6394546887236661,-0.8844542306310549,0.31584197103054656,0.588814788345602,0.9601453456930269,-0.2620568505447641,0.6323181638597158,0.9579412778087417,0.0,0.0,0.0,0.0
-0.002145518071145248,0.14921630579607467,0.7407533115274768,-0.0048150595261931325,-0.6608583355061068,-0.009207771550075083,0.7504387333666477,-0.06919290139885188,0.6442331226879192,-0.8611644473382214,0.07821888697609733,0.6394838205428159,-0.884468311538429,0.3158832308315318,0.5888371539933449,0.9601493645311703,-0.2620454837174111,0.632104639910883,0.9578000612796789,0.0,0.0,0.0,0.0
-0.002145518071145248,0.14921630579607467,0.7407533115274768,-0.0048150595261931325,-0.6608583355061068,-0.009207771550075083,0.7504387333666477,-0.06919290139885188,0.6442331226879192,-0.8611644473382214,0.07821888697609733,0.6394838205428159,-0.884468311538429,0.3158832308315318,0.5888371539933449,0.9601493645311703,-0.2620454837174111,0.632104639910883,0.9578000612796789,0.0,0.0,0.0,0.0
-0.0019499931932435012,0.1504816139733549,0.7407294672008815,-0.004674581332647845,-0.6603967097347293,-0.009352338702266174,0.7508441035406125,-0.0721379796218644,0.6481619996867696,-0.869643804893997,0.07538598413066869,0.6390224934990604,-0.8861373253500818,0.30682532687591174,0.5883123498493145,0.9660131109839565,-0.26963972090404664,0.6306354903587124,0.9512444906639924,0.0,0.0,0.0,0.0
-0.0011332333914330357,0.15236742806002726,0.7406886049380328,-0.004700809289772418,-0.6600969602119733,-0.009366696648687889,0.7511072962665354,-0.07684620406013953,0.6568922034339372,-0.8855364812969136,0.07099224489336972,0.6409116984524302,-0.8905084494232175,0.2972593051315929,0.5877924794029531,0.9759619985103318,-0.280661999371671,0.6304221345150028,0.9437088562554189,0.0,0.0,0.0,0.0
0.0005442316003844022,0.15468891683823915,0.7407175969183087,-0.004973823497981714,-0.6601605414658739,-0.009265510741073854,0.7510509109787445,-0.08283605799580993,0.6711722368551234,-0.9086678045228507,0.06556918287384655,0.646616041761046,-0.8985704185661613,0.28930595454976477,0.5884249273149122,0.9890382360842266,-0.2945507934563271,0.6327101168621155,0.9358874303921213,0.0,0.0,0.0,0.0
0.0032258278999069776,0.15754112684594282,0.7412769246110283,-0.005638629675571409,-0.6607757848544495,-0.008974098074541538,0.7505085166532864,-0.09042159528054791,0.691833752488198,-0.9376889490024919,0.058810710877483637,0.656710670599511,-0.9082147196834636,0.2840923884198731,0.5931216310028719,1.0018619786288456,-0.31163557443500073,0.6410298055702247,0.9237293235369066,0.0,0.0,0.0,0.0
0.007107493775330421,0.16151822279703945,0.7440030528098683,-0.007277054894447864,-0.662928799557669,-0.008031863238008398,0.7486039943535013,-0.10143590195184482,0.7207138953378422,-0.9650840946539269,0.048726732289026915,0.6707334510179642,-0.9061970969976993,0.28644795080326146,0.6113462240042128,1.0038388169819257,-0.3334522774108361,0.669082957996545,0.8920776099600033,0.0,0.0,0.0,0.0
0.009037812371786488,0.1654709711137729,0.7467684187357039,-0.006368149514594551,-0.6610935990897954,-0.008442495568298113,0.7502289145206548,-0.09662573439393182,0.680479505470078,-0.9070967731902113,0.03917751632456162,0.6787563451433979,-0.9171143332241741,0.25219522979552544,0.6290920651748959,0.9972097493236263,-0.26740328917676986,0.653182440101621,0.9490674454249594,0.0,0.0,0.0,0.0
0.01202951593994222,0.16936753371176352,0.7493015587463145,-0.006182441936982759,-0.6605580171258156,-0.008462354479494769,0.7507018529210979,-0.09065631238628091,0.6545649218840994,-0.8773037823995624,0.02951217716352557,0.6906838813866027,-0.9278175230653275,0.22836913674716247,0.6470936655898529,0.9946663880452697,-0.21272719459180525,0.6495298098915966,0.9925389663875768,0.0,0.0,0.0,0.0
0.015690485321110316,0.17290327797724162,0.7517118034890811,-0.006525391129591101,-0.6607607488042134,-0.008241736933441351,0.7505229682578813,-0.08444251930011197,0.6391402659201497,-0.8648813523582024,0.02060394559293246,0.7056023798508356,-0.9393784466451153,0.21280733217227155,0.665607146657418,0.9928167760379162,-0.1787706041073811,0.6503066242879156,1.0252485972683412,0.0,0.0,0.0,0.0
0.019391824991489733,0.17615602765555807,0.7540036622687987,-0.007032984629196485,-0.6611321687171707,-0.007933763579043854,0.7501945401094356,-0.07910139360802058,0.6295916111046993,-0.8619422661074362,0.012260644355791779,0.7205469213925647,-0.9502487747112958,0.2001307092874311,0.6839339377223765,0.9903073259781302,-0.15924718429746398,0.6515704762190754,1.0506779712811898,0.0,0.0,0.0,0.0
0.02283848557997941,0.17918390912485985,0.7561543663718499,-0.007543221669098207,-0.6614653796081711,-0.00761371210898411,0.7498991150645468,-0.07480100995176586,0.6232221823097792,-0.8641820674311299,0.0043719147113016905,0.7340779612297116,-0.9595000989098,0.18786974063264664,0.7015527031629866,0.9870661337103525,-0.14779855791568597,0.6522553646461176,1.0714320117867142,0.0,0.0,0.0,0.0
0.025884200312967683,0.18202175146211744,0.7581308375965984,-0.0079938382095094,-0.6616907546349248,-0.007311184720715341,0.7496985996781128,-0.0712936064126793,0.6183268659651214,-0.869276583781761,-0.003117317687691296,0.7454764615401716,-0.9666195205902081,0.17491224481530046,0.7180219858579545,0.9834691780325006,-0.14039621284990794,0.6520306467401072,1.0892528636139518,0.0,0.0,0.0,0.0
0.02848674402114191,0.18467826536077517,0.7599221327822145,-0.008374790581452211,-0.6618104209497327,-0.007033443927972895,0.7495914622456463,-0.06820224987930647,0.613907196212977,-0.8759388379105416,-0.010196852974769945,0.754579580557769,-0.9714694064420705,0.16107619361578562,0.7331414721810624,0.9798094971824584,-0.1348872271400095,0.6508934185459214,1.1053016242175961,0.0,0.0,0.0,0.0
0.030666682902834197,0.18714833924560545,0.7615372046464942,-0.008695300682562256,-0.6618546042253994,-0.00678023176219374,0.749551134392398,-0.06519094914048816,0.6094226864694587,-0.8834284771056048,-0.016823582735513574,0.7615652007974495,-0.9741928955256529,0.14666024717449586,0.7469079371123756,0.9762129376478437,-0.13019485684323254,0.6489848164094112,1.1203527746660098,0.0,0.0,0.0,0.0
0.03247605509964367,0.18942396884701607,0.7629951846106872,-0.00896810087168275,-0.6618574151406866,-0.006549596056208285,0.7495474888101116,-0.06202578907315039,0.6045994924164452,-0.8913056452648949,-0.022953204868650788,0.7667744175523091,-0.9751044984474176,0.13212189481163214,0.7594283972135975,0.9726917722423561,-0.1257751248212351,0.6464898800941912,1.134914427008162,0.0,0.0,0.0,0.0
0.033977267531075994,0.19150017527987706,0.764317762252656,-0.009204472855481587,-0.6618450430496092,-0.006338438646695496,0.7495573632922536,-0.05857356834204241,0.5992973725457432,-0.8993041247446324,-0.0285589261216383,0.7705927199800505,-0.974597065068422,0.11791082755205949,0.7708414808023255,0.9692056774405958,-0.12133156991276664,0.6435823892790442,1.1493043673902132,0.0,0.0,0.0,0.0
0.035230580481496375,0.19337652286420795,0.7655238117477505,-0.0094161269234537,-0.6618313121280697,-0.006139009074720199,0.7495685181543975,-0.054780199781509664,0.5934280904796041,-0.9072590912890023,-0.03363940780969647,0.7733822276327952,-0.9730753112151328,0.1044533260200304,0.7812419524827358,0.9657041060337359,-0.11667257982268364,0.6404088384232793,1.1636989120239176,0.0,0.0,0.0,0.0
0.036287541420367456,0.19505813692266483,0.7666235767352878,-0.009616825978732216,-0.6618179451422967,-0.005937475739234771,0.7495793957464203,-0.05065232098297792,0.5869270272429524,-0.9150595052653682,-0.038220948247495265,0.7754428258492431,-0.9709174310034951,0.09216483317545572,0.7906233540917789,0.9621867474543023,-0.11163365820672909,0.6371026326800413,1.178157073537233,0.0,0.0,0.0,0.0
0.03718930793810734,0.1965611857882059,0.7676130918939134,-0.009808370406574243,-0.6618084510374488,-0.0057342192252351635,0.749586878710705,-0.04622888982950683,0.5798439579704832,-0.9226143086778753,-0.042343865135115386,0.7769787556450867,-0.9684323258387568,0.08111608034735007,0.7989981035911197,0.9588298216966461,-0.10612607439105037,0.6338406780126072,1.192619259963458,0.0,0.0,0.0,0.0
0.037969540464745155,0.19791888317119297,0.76847879300372,-0.009945163471757024,-0.6618389977096952,-0.005593361675703552,0.7495591698720727,-0.04150109113694277,0.5726014903634004,-0.9297982413082134,-0.04601512137860434,0.7780814819943211,-0.9657964952080589,0.07016452862842573,0.8068307361102093,0.9560794078391417,-0.10041051977884528,0.6309250061349136,1.2068772586527028,0.0,0.0,0.0,0.0
0.038655591302251824,0.19915715238422915,0.7692160246054991,-0.009960064824408595,-0.6619643407881344,-0.005610020063065901,0.7494481545167192,-0.03635975044437961,0.5660669562407302,-0.9362763407635163,-0.04918520166837855,0.7788139041539983,-0.9631036141500091,0.05753968559469154,0.8149189707638134,0.9543176834759209,-0.09505536953968978,0.6287743698036478,1.220477962590033,0.0,0.0,0.0,0.0
0.03925148332704368,0.20022802166668327,0.7698232424889165,-0.009948190471904105,-0.6620922004565656,-0.005649936534473203,0.7493350584472036,-0.030839501885530085,0.5607626168280272,-0.941231549533628,-0.05190448028401197,0.7794084155400252,-0.9608230872531754,0.04563316487604063,0.8221600090048051,0.9530920943959253,-0.08945468859964407,0.6276523218132742,1.2324527712412527,0.0,0.0,0.0,0.0
0.0397361334766788,0.2010384871382603,0.7702482355199815,-0.010194789311878543,-0.6619687978128755,-0.005317292658215933,0.7494431955737869,-0.025346933629907586,0.5565888667257909,-0.9434881903476737,-0.05442778799909549,0.7801682519278161,-0.9598211796855739,0.04229768637814903,0.8247195880095897,0.9517198250260716,-0.08133457106856587,0.6278448731532713,1.2410022724954552,0.0,0.0,0.0,0.0
0.04011358161817327,0.20168789093172604,0.7703994002331791,-0.010610674328063239,-0.6616898000970403,-0.004746736307264262,0.7496875952903795,-0.020017049465040744,0.5549514448536166,-0.942182109053687,-0.056832327260800806,0.7807565530316359,-0.9598026294647681,0.044926323987314866,0.823199056613243,0.9517849868940081,-0.07096670275508304,0.6309832077695144,1.2433258673009546,0.0,0.0,0.0,0.0
0.04039635959962875,0.2024281241782029,0.770218175233848,-0.010660444433256177,-0.6616365498333979,-0.004646014674819175,0.7497345166101692,-0.014444277686969655,0.5578338242877157,-0.9379355754760025,-0.05891209302443761,0.7803463933181076,-0.959725558917178,0.038286005531353945,0.8235451028554316,0.9561855960288588,-0.06168294065311989,0.6376688897186883,1.2395002712482819,0.0,0.0,0.0,0.0
0.04060135705272825,0.20329381817887407,0.7697447845674609,-0.010267785847817514,-0.6620498568666943,-0.0052189677782028135,0.7493712844591143,-0.008422564183443514,0.5651040543996438,-0.9318638177665872,-0.06042051528138659,0.7786834164776374,-0.9584094997713917,0.01900313555645794,0.8280665146768679,0.965167985532877,-0.05554800749056898,0.6470980479829029,1.2325390205817068,0.0,0.0,0.0,0.0
0.04066790325698441,0.20406795720491916,0.7691450261875626,-0.009862475384207694,-0.6624734081663319,-0.005783803818751197,0.748998172671447,-0.0019746983048104117,0.5736595462751395,-0.9242505725471559,-0.061696255384588235,0.7764289045970715,-0.956693270850045,-0.0009039292029982167,0.8320856156969377,0.9747614939579092,-0.048901349126680135,0.6575013992781629,1.2235786942458016,0.0,0.0,0.0,0.0
0.04045817493161657,0.2044264730909256,0.768548361065771,-0.009997559590292813,-0.6622541453930125,-0.005533474499103287,0.7491921491660046,0.003974896225483653,0.5795410676216346,-0.9148281106120153,-0.06293905293161857,0.7742721128241145,-0.9561190489012057,-0.0017760739084606292,0.8273376091132427,0.980736290450315,-0.03846821914045712,0.6660058414773204,1.2131637362628296,0.0,0.0,0.0,0.0
0.03997619931712702,0.2044303240158068,0.7678694543910566,-0.010829355886337887,-0.6616062687213748,-0.004412662382376403,0.7497602274396569,0.009204576178035447,0.5825248525047325,-0.9041532113228741,-0.06425249030789364,0.7716895101099152,-0.955007166147807,0.019787258626875758,0.8128734232813096,0.9844150627612639,-0.024487905882636468,0.6734045298373389,1.2020147984724017,0.0,0.0,0.0,0.0
0.03920462030614901,0.20473320832229686,0.7670134080663378,-0.011032500672683434,-0.6614148660873429,-0.0040840150502766985,0.7499279829881258,0.014593462148621297,0.5871929488769926,-0.8940082420871197,-0.06533773424072223,0.7663485013042225,-0.950301658550075,0.020802897215584357,0.8051415284784385,0.9919846544176139,-0.013502783471910144,0.6818370778212051,1.190268598490636,0.0,0.0,0.0,0.0
0.03816911589587387,0.2055342256551873,0.7659493195745051,-0.010149320317041705,-0.662292145272048,-0.005360137244226945,0.7491577767979009,0.02108996598441814,0.5962772888906221,-0.8848921624585475,-0.06551398287285005,0.7572525993198422,-0.939660378700651,-0.010911752232111736,0.8104289604905913,1.0061805513437876,-0.011234264969837619,0.6919911099958161,1.1798697407231733,0.0,0.0,0.0,0.0
0.03658282890973234,0.20626894642311666,0.7648237845923267,-0.009667216237787274,-0.6626973367347663,-0.006010123397662372,0.7488008167941621,0.026506056123419983,0.6024904022230235,-0.8752529311513202,-0.06623345064325274,0.7455014625061718,-0.9257321313198786,-0.033309029942477884,0.8094678223509746,1.0185765776342859,-0.00488129595225888,0.7006486274536401,1.1678109912225278,0.0,0.0,0.0,0.0
0.03430082407761452,0.20669922107368968,0.7637901877491206,-0.009763119977534318,-0.6620446127335177,-0.005668783181481288,0.7493793946567201,0.031234490975591167,0.6039596166124394,-0.8644482111619038,-0.06745700110550684,0.7316005744996172,-0.9104887947555435,-0.03269765520692215,0.7961682759630089,1.025839317547516,0.0062604035923038755,0.7041144990300716,1.154983303061175,0.0,0.0,0.0,0.0
0.03139531917705718,0.20713754463065956,0.762771861975322,-0.010064004096675537,-0.6610332217850091,-0.004998210869559477,0.7502724927692448,0.03557182331474175,0.6036761928677373,-0.8533211133383753,-0.06902973206881892,0.7142896205200608,-0.8906020449251606,-0.025342360587767992,0.7781773845612638,1.0312572538802574,0.01954722621149442,0.7056389177637801,1.141244479639339,0.0,0.0,0.0,0.0
0.02798572422841615,0.20812023262970775,0.7617288051576779,-0.009282863090365173,-0.6604642811336244,-0.005587035565712217,0.7507792930236407,0.04060274753919387,0.6065933469855261,-0.8435095216603489,-0.07041461043052355,0.6922193560121055,-0.8643737144959976,-0.04911471913245494,0.770766264162825,1.039768239823012,0.02858319158647086,0.7073073813217073,1.1273512626857372,0.0,0.0,0.0,0.0
0.02419804329085687,0.20933519467934064,0.7605494548178623,-0.008175814528255875,-0.6598640138734738,-0.006520293299563099,0.7513122686519069,0.045736468965115094,0.6100944875549966,-0.8343692492309163,-0.07189812300209843,0.6669259531811865,-0.8343116330149463,-0.07950174843966429,0.7637417341778767,1.0496136819927249,0.03832672071283098,0.7084750155036716,1.114146219281276,0.0,0.0,0.0,0.0
0.020458252334101385,0.21032703576005587,0.7592552317708129,-0.00726125291850764,-0.6589593135290418,-0.0071467129195545735,0.7521095809879256,0.051118928262608374,0.6130112484108072,-0.824378946880754,-0.07323365301815293,0.6422497580390786,-0.8060033845970087,-0.09955660382196926,0.7520000259433383,1.0583504394837002,0.053375824951413076,0.7118611172204645,1.1015360988180054,0.0,0.0,0.0,0.0
0.017090653957505256,0.21108246601532513,0.7580376199794363,-0.006425594507168455,-0.658211241725544,-0.007775157661556855,0.7527657138344471,0.057209358311944236,0.6171566222724396,-0.8140532212344226,-0.07395136113874765,0.6197731306746724,-0.779850458397198,-0.11506389674964015,0.7409698296889577,1.065769160896155,0.07430008144802328,0.7196007887246985,1.0912406271647828,0.0,0.0,0.0,0.0
0.014376337774298769,0.21157600914929278,0.7570715419164642,-0.005758416340236303,-0.6577412574973224,-0.008390382704859263,0.7531751989445481,0.06332799538570544,0.6217969090358061,-0.803869595622488,-0.07400354085852913,0.6013034033635135,-0.7574832015491436,-0.12643032652131425,0.7326249743558688,1.0711375116467525,0.10542865598799832,0.7328445246752842,1.0839636507383361,0.0,0.0,0.0,0.0
0.01267003892836384,0.21176832937102752,0.7565671929589913,-0.005422158892195506,-0.6575413257690137,-0.008910585467618706,0.7533462726830867,0.06784396999392037,0.6242672143333522,-0.7943046034742006,-0.07339576100860395,0.5894806580971402,-0.7421800187398502,-0.13233585141027468,0.7282079488550126,1.0732697519980134,0.1475004049119382,0.7500115498398018,1.079485924125976,0.0,0.0,0.0,0.0
0.01276116779510045,0.21193113442317474,0.7566334356668517,-0.005262205285739992,-0.6575766112884595,-0.008984401463274368,0.7533157306284421,0.06743663295711358,0.6252678847794908,-0.7951624032329809,-0.07379375583910464,0.5893708946830064,-0.7417339372408843,-0.12813907647983838,0.7271657514833856,1.0738110419896643,0.14505941109703982,0.7502602443792518,1.0785152149316775,0.0,0.0,0.0,0.0
0.01276116779510045,0.21193113442317474,0.7566334356668517,-0.005262205285739992,-0.6575766112884595,-0.008984401463274368,0.7533157306284421,0.06743663295711358,0.6252678847794908,-0.7951624032329809,-0.07379375583910464,0.5893708946830064,-0.7417339372408843,-0.12813907647983838,0.7271657514833856,1.0738110419896643,0.14505941109703982,0.7502602443792518,1.0785152149316775,0.0,0.0,0.0,0.0
0.01276116779510045,0.21193113442317474,0.7566334356668517,-0.005262205285739992,-0.6575766112884595,-0.008984401463274368,0.7533157306284421,0.06743663295711358,0.6252678847794908,-0.7951624032329809,-0.07379375583910464,0.5893708946830064,-0.7417339372408843,-0.12813907647983838,0.7271657514833856,1.0738110419896643,0.14505941109703982,0.7502602443792518,1.0785152149316775,0.0,0.0,0.0,0.0
0.013509969386574821,0.21197141248483833,0.7568143899869458,-0.005131895583105913,-0.657862455667431,-0.009043420765309836,0.7530663115634658,0.0673866990293047,0.6297207788227323,-0.8000628351300862,-0.07403333658558994,0.5937482164659732,-0.7470147748293008,-0.1318993367210458,0.7315041323047087,1.0740086179157016,0.14435661675229697,0.753475945316364,1.0781307468687547,0.0,0.0,0.0,0.0
0.014948270655165219,0.2121131925676514,0.7570440746214026,-0.005146005844576487,-0.6581200700883888,-0.009015137473038162,0.7528414303603673,0.06713863166903696,0.6390849520878733,-0.8130977762350048,-0.07470285734347856,0.6024280546500667,-0.7588966683259311,-0.135721417657731,0.7370975537053686,1.0749580016121922,0.14578381989720643,0.7589841454551571,1.0778624297241972,0.0,0.0,0.0,0.0
0.01704660789362572,0.21235452022891418,0.757308409314438,-0.005302410759931724,-0.6584131139447859,-0.008871186588528288,0.7525857810736094,0.06662980242272826,0.6528621650213129,-0.8331976325664419,-0.07584818670479089,0.6148948099124714,-0.7761981998346432,-0.13951112430997345,0.7440613509948554,1.076727239739598,0.14994681185506692,0.7671478657940036,1.0778530462252347,0.0,0.0,0.0,0.0
0.019764079609955566,0.21267950655808512,0.7576848431367976,-0.005623682277339167,-0.6588573815969898,-0.008551637879009049,0.7521982414246847,0.06578251393385286,0.6703455909883206,-0.8584074853411613,-0.07751561713094601,0.6304915431413429,-0.7968290259960387,-0.1426106575626264,0.7529931962890524,1.078577779254906,0.15861597633293878,0.7793526298056196,1.0775655532265316,0.0,0.0,0.0,0.0
0.02304918550810549,0.21305228051342565,0.7586101788404204,-0.006135441559755538,-0.6597443051178142,-0.007903315273071096,0.7514235462302028,0.0643659290561329,0.690639601687092,-0.8843896107371328,-0.07985648045911378,0.6484300992507072,-0.8161550760084453,-0.14351391006907574,0.766621728749296,1.0768110380697746,0.17617423358607812,0.8003251100118187,1.0737095263235872,0.0,0.0,0.0,0.0
0.026076318704436826,0.21421767798930302,0.7592787052897849,-0.004574596943079903,-0.6594843095764975,-0.009708121970548027,0.7516417170787049,0.06385193449227172,0.7113818565767778,-0.9111356588289774,-0.07348382133635431,0.6368757147333336,-0.812454361095824,-0.10233944443836362,0.7460275432399271,1.0850953666130685,0.12420750369895783,0.7933698269299472,1.0648484651741672,0.0,0.0,0.0,0.0
0.02904133445460072,0.21523771150642543,0.7601771699817531,-0.0037182610048190575,-0.6596656336457357,-0.010523173353649601,0.7514763397103325,0.06234505406355172,0.7308310596509743,-0.9349087252312152,-0.06477264663857868,0.6274626054478685,-0.8151500224405379,-0.06720863104501626,0.7297107250553733,1.0937687119496013,0.09631901737819963,0.796767414554547,1.0555137732424993,0.0,0.0,0.0,0.0
0.0317424211184666,0.216049311454825,0.7611378072345134,-0.0033724684276661213,-0.6600500513213817,-0.010726994022723235,0.7511374626568575,0.060571838835995734,0.7479854707281298,-0.955206876512118,-0.05656545472703952,0.620300862273567,-0.8218867844885299,-0.04187499367943132,0.7179905077196352,1.1038307306452197,0.08255170512494792,0.8052439328825916,1.0466859594347286,0.0,0.0,0.0,0.0
0.034048262191326395,0.21669562846467427,0.762082616626755,-0.003207450597023309,-0.6604375915365817,-0.010752536950884904,0.7507970983529083,0.058978268194352215,0.7624003165804621,-0.971630138337679,-0.04953250329502778,0.6144298571489532,-0.8305597439877844,-0.02333300101741689,0.7087964206822676,1.1148326332449445,0.07366457003025284,0.8143545779729715,1.0381821775563491,0.0,0.0,0.0,0.0
0.03590734867449766,0.21721598017689467,0.7630049851358152,-0.003086481676278621,-0.6607750874377356,-0.010757352954369654,0.7505005241903099,0.05765418824813223,0.773983793037423,-0.984001118378067,-0.04346791092749871,0.6093456655553134,-0.8400013871719864,-0.008761908176052147,0.7007136236543435,1.1262571069794898,0.06625506097976314,0.8226127386695952,1.0297555154887004,0.0,0.0,0.0,0.0
0.03732287040382732,0.2176468742055888,0.7639103527147126,-0.0029663467320181196,-0.6610564670288075,-0.010782199607173124,0.7502528189604406,0.05655378092880036,0.7829019478771924,-0.9925403574990048,-0.0379252806734691,0.6046533853118998,-0.8496316563547475,0.0035933887381289723,0.6928983997046823,1.1377475548094298,0.05914881671231778,0.8296420953768041,1.021271241092374,0.0,0.0,0.0,0.0
0.038333010508214985,0.21802270024344633,0.7648001621127247,-0.002839658912020728,-0.6612880499485635,-0.010827886165730723,0.7500485372385386,0.05559163001953279,0.7894763172454129,-0.9977427102692356,-0.032527018885785026,0.6000175728932163,-0.8591827965828784,0.014744081511665171,0.6848800424506297,1.1491013743666907,0.05200184422850219,0.8354665790552487,1.0126903147284143,0.0,0.0,0.0,0.0
0.03899452677707491,0.2183728961124599,0.765671694132185,-0.0027144859251351247,-0.6614812335397979,-0.010879229422221836,0.7498778911316215,0.054677893715793464,0.7940934202336392,-1.0002160171561372,-0.027055612996346217,0.5952014251873159,-0.8685435996714193,0.025293639482789183,0.6764250736978121,1.1602243549633784,0.04489410439942225,0.8403021834912532,1.004036367849099,0.0,0.0,0.0,0.0
0.0393692175931785,0.21872296835740962,0.7665181765270216,-0.002597097317854459,-0.6616429747008866,-0.0109267193549896,0.7497349104307608,0.053741882774230254,0.7971468440186715,-1.0005892136951153,-0.02142401766615297,0.5900291818064857,-0.8776753153586228,0.03558175227687349,0.667420470202341,1.171084319316616,0.03782433544145089,0.8443119860458422,0.9953562002672479,0.0,0.0,0.0,0.0
0.039515270952504115,0.2190927516307949,0.7673318057145879,-0.002492422930645814,-0.6617786431946192,-0.010963926612826407,0.7496149728711748,0.05273150549479459,0.798992017536901,-0.9994290566774875,-0.015629184871738123,0.5843865063597683,-0.886574757968535,0.04580461387831445,0.6578310941141665,1.1816744122909142,0.03077593042647992,0.8476289065070988,0.9867077485688295,0.0,0.0,0.0,0.0
0.0394824564337855,0.21949622772538516,0.7681049444786928,-0.002406385651930506,-0.6618946746528167,-0.010983210879850486,0.7495125202777501,0.0516074345094389,0.7999226689873701,-0.997201415011791,-0.009711298092234973,0.5782153149268247,-0.8952546456821457,0.056088443437561704,0.6476816808147831,1.191986187339399,0.023811012518698264,0.8503910995519882,0.9781608560589502,0.0,0.0,0.0,0.0
0.039310083741104784,0.21994503771969803,0.7688281068100299,-0.0023417186505079726,-0.6619947591584692,-0.010981440695274985,0.7494243545286865,0.050341339800823,0.8001717465908991,-0.9942876055723505,-0.0037207318845056837,0.5714909169255263,-0.9037201551356645,0.06649598686976553,0.6370414193666878,1.2019849969570278,0.01689819284926703,0.8526560396482612,0.9697958716255304,0.0,0.0,0.0,0.0
0.03902737928191429,0.22045063943486973,0.7694878443194323,-0.002299627142096327,-0.6620803207303497,-0.010957697370469522,0.7493492440010476,0.048907583285523124,0.7999183045624892,-0.9910081657657652,0.0022916289102957663,0.5642624711562281,-0.911933665066804,0.0770496218699354,0.6260396125413528,1.2115783062080328,0.009948756964098457,0.854407148789724,0.9617218158636025,0.0,0.0,0.0,0.0
0.03865482240552977,0.22102620834948836,0.7700625489041488,-0.0022805382487897973,-0.6621501680661346,-0.010912525715657135,0.7492882428396902,0.047277921977622865,0.7992982470704406,-0.9876602700890984,0.008275881675229763,0.5567353593748444,-0.9197568897080278,0.08772998203170697,0.6148956562433942,1.2205610926774195,0.0028238380717742814,0.8555375641198154,0.9541124997010222,0.0,0.0,0.0,0.0
0.03820545230368687,0.22168726675399605,0.7705173014542318,-0.002285292859509972,-0.6622008045592072,-0.010846724681419985,0.7492444330399595,0.04541902827859646,0.7984109392890208,-0.9845503440497424,0.01417952152900707,0.5493961478211687,-0.9268687773016325,0.09845450761287752,0.6039710355562589,1.2285132754581802,-0.00463219993286161,0.8558373705213485,0.947258099683124,0.0,0.0,0.0,0.0
0.03768514595206453,0.2224500075544939,0.7708003330940147,-0.0023182175077635565,-0.6622289798362904,-0.010757747264188816,0.7492207118108606,0.0432929068069397,0.7973132618149683,-0.9819963027482344,0.019942433093799006,0.543135130447227,-0.9326782172682634,0.10903114803219381,0.593864675284714,1.2346144068170652,-0.01248483309393748,0.8550166788618723,0.9416149777550411,0.0,0.0,0.0,0.0
0.03709154353993256,0.22332711280233433,0.7708485518645953,-0.002394091991447028,-0.6622383803619931,-0.010630936216051523,0.7492139741717522,0.040857011294543215,0.7959992883529342,-0.9802645068646327,0.025489844572105652,0.5392330589371769,-0.9362812748506127,0.11910688880097291,0.5855897362241594,1.2373363234644568,-0.020488538245877024,0.8528272284485194,0.9377861204541824,0.0,0.0,0.0,0.0
0.036412643263302846,0.2243279907145391,0.7706144918769652,-0.0025359491623625813,-0.6622425577591319,-0.010443217962851073,0.7492124550840498,0.038067146163513386,0.7943951782603051,-0.9794327206911491,0.030737768961090317,0.5388811663015978,-0.9365759238812769,0.1281398093639762,0.5807763240730092,1.2341337099966099,-0.028204476579693053,0.8491821932123755,0.9362521681476041,0.0,0.0,0.0,0.0
0.03562569452947508,0.22548129107729464,0.7700894799426096,-0.0027437032040653763,-0.6622400043269709,-0.010199557866012466,0.7492173368129434,0.034859065639935065,0.7924251807141205,-0.9794234640608672,0.03563892973640019,0.5420213436744239,-0.9335233974745679,0.1359385231223766,0.5794831627800034,1.2251135285028731,-0.036024099249272856,0.8438851515693534,0.9369708551937713,0.0,0.0,0.0,0.0
0.0346994953058392,0.2268334099764229,0.7693047264181037,-0.0029988410179574193,-0.6622177882105316,-0.009925120260577323,0.7492396812221798,0.031142871044438716,0.7900165985707189,-0.9800085688400558,0.04017819979532792,0.5473877852958187,-0.9281787457978125,0.14274838821200067,0.5801789907213636,1.2129776424871659,-0.04488765442007445,0.8367566377293282,0.939372797543799,0.0,0.0,0.0,0.0
0.03359623180012104,0.22842552581945197,0.7683076025624258,-0.0032917506978740294,-0.6621739797185635,-0.009633671231208223,0.749280973560407,0.026829764980911577,0.7870344238538166,-0.9807768590946925,0.04433177006837706,0.5536497843146161,-0.9214154884210746,0.14871640457778482,0.5819080932470166,1.1993442597487334,-0.05532628336505553,0.827875996119806,0.94275152497208,0.0,0.0,0.0,0.0
0.032273020232475004,0.23029234090130596,0.7671336819644087,-0.0036181378126962653,-0.662110940578122,-0.009332262905891564,0.7493389889192862,0.02184336491272889,0.7832848621299511,-0.981267582600226,0.048067379522750156,0.5598625954880122,-0.9138028901757028,0.1538709623676311,0.5840926508602978,1.1850730573139043,-0.06756274889967087,0.8173617530077496,0.9465368839857443,0.0,0.0,0.0,0.0
0.0306845921843606,0.23246185263720132,0.7658018499121333,-0.003974205976460674,-0.6620313859439212,-0.009026813102486184,0.7494112131248373,0.016127624988620467,0.7785300417997745,-0.9810145039945098,0.05135009724011807,0.5654979687423705,-0.9056635418352292,0.15818592421589486,0.5863749511884414,1.170582905640755,-0.08163570678574607,0.8052925412152956,0.9503320576663539,0.0,0.0,0.0,0.0
0.028785510718554,0.23495253374854874,0.7643186332889323,-0.004354423739880378,-0.6619375191292479,-0.008723987212092018,0.7494955982592783,0.009656343638099437,0.7724937908534704,-0.9795337157763886,0.054153462697539435,0.5703341634590642,-0.8971775491469797,0.1616470368456398,0.588533215110034,1.156039648664088,-0.09742951342413941,0.7917214971633292,0.9538730299966266,0.0,0.0,0.0,0.0
0.026532292314810763,0.23776841024195997,0.7626851469440208,-0.00475115121799044,-0.6618317806242828,-0.00843061882738877,0.7495899181445693,0.002444864255864915,0.7648628531860376,-0.9762915285050292,0.05647510340926892,0.5743425297485162,-0.8884798405449974,0.16430866631768995,0.590432948226152,1.1414530722955456,-0.11465655456010906,0.7767244848251015,0.9569772124127243,0.0,0.0,0.0,0.0
0.023886763222944023,0.2408939730610972,0.7609049845691932,-0.0051538641528786,-0.6617170574096067,-0.008153781245916562,0.7496915962373186,-0.00543741631548797,0.7552978850657881,-0.9706839252858125,0.0583587537243584,0.5776156866251098,-0.8797313705806402,0.166344716734302,0.5919924024843006,1.1267195009932176,-0.132873098784305,0.760440942959554,0.9594890889433757,0.0,0.0,0.0,0.0
0.02082247012302968,0.24429024380579417,0.758993150148486,-0.00554770910015628,-0.661596240623738,-0.00790158046028848,0.7497981077213429,-0.013857906412183683,0.7434682784328767,-0.9620498164472242,0.05992304330071953,0.580350965668967,-0.8711650258553708,0.16812149638227655,0.5931545850615022,1.1116360681961717,-0.15153486433105728,0.7431096959694946,0.9612208533333216,0.0,0.0,0.0,0.0
0.01733639690179971,0.24789311008494533,0.7569854015886851,-0.005911028086754292,-0.6614714104630907,-0.007684766331368873,0.7499077124909166,-0.022619159339661365,0.729125986720715,-0.9497446472706605,0.06139483908990002,0.582889331823619,-0.8631163859213381,0.17033333871514764,0.5938617527987123,1.0959038155873935,-0.17009083371262937,0.725101676773245,0.9618942124753606,0.0,0.0,0.0,0.0
0.013469049010703357,0.25161453057567895,0.7549440116808666,-0.006210920115854933,-0.6613429970277149,-0.007520064638502069,0.7500202086487716,-0.031466811368828895,0.7122365879264682,-0.9333198724330196,0.06313485723136486,0.5858040698760211,-0.8560601527052849,0.17426698226293955,0.5940259322723329,1.0791303607875018,-0.18811834108670014,0.7069301095458446,0.9611226193583374,0.0,0.0,0.0,0.0
0.009337735179963433,0.25534450731904407,0.752945488797652,-0.006394468111244307,-0.6612132877828234,-0.0074399845991691945,0.7501338183725405,-0.040096391854020495,0.6931853406156757,-0.9128741097174886,0.06563452526019888,0.5900203505702505,-0.8506965760667156,0.18230301092057694,0.5934838941402961,1.0608773515858898,-0.20552879861388806,0.6891569514286968,0.9585836017335798,0.0,0.0,0.0,0.0
0.005433673674212033,0.2590722555778463,0.7510261642787466,-0.006379264779347716,-0.6609778937368865,-0.007500248792619119,0.7503407727426739,-0.04850873503490223,0.6749759521617374,-0.8932833373525721,0.06887916075905921,0.5964166192074569,-0.8473000354029167,0.1988346236138434,0.5925212476587439,1.0402938143629419,-0.2236493654005614,0.672015726306673,0.9542527761965696,0.0,0.0,0.0,0.0
0.002051925520048979,0.26253297925393776,0.7492524049362967,-0.0060782183365491035,-0.6606896018183293,-0.0077611962262505605,0.7505944771606892,-0.05608615954463082,0.6590042582152431,-0.8761599921692984,0.07310117473794848,0.6059972834991831,-0.8484087741701232,0.22937506215890593,0.5896756304641697,1.0161521425936686,-0.24213665952054625,0.6560795521348236,0.9490753246731546,0.0,0.0,0.0,0.0
-0.0004328275142846923,0.2652453231741612,0.7473735654752798,-0.005444084303016928,-0.6604371792871675,-0.008263406648334432,0.7508160961726085,-0.061736313529541835,0.6467320528964582,-0.8643945525525975,0.07811925320995886,0.6190710201450718,-0.8586692584545847,0.2776669392831845,0.5842241178633604,0.986126801760434,-0.2595597125163777,0.6401571747605169,0.9483132277280043,0.0,0.0,0.0,0.0
-0.001548641415752244,0.2667328464472515,0.7455139953984488,-0.004660293655425343,-0.660454336537828,-0.008899163121241458,0.7507990116583559,-0.06449805694348419,0.6404645615906701,-0.8604134748093984,0.0830376637556792,0.6364335103950407,-0.8839963931408822,0.3340365227467278,0.5804925732786284,0.9499894083770063,-0.2734575839583718,0.625988268627602,0.9548316630346659,0.0,0.0,0.0,0.0
-0.0016177505695281623,0.26702972672736697,0.745344598221469,-0.0048558174525791245,-0.6605335523324392,-0.008953524822292397,0.7507274350076815,-0.06486054178521053,0.6402172395926261,-0.8604274659450993,0.08304687626398101,0.6364628996970997,-0.8840102001462569,0.3340793642924305,0.580515009025517,0.9499933385358936,-0.2734484064287945,0.6257756473862234,0.9546898359773346,0.0,0.0,0.0,0.0
-0.0016177505695281623,0.26702972672736697,0.745344598221469,-0.0048558174525791245,-0.6605335523324392,-0.008953524822292397,0.7507274350076815,-0.06486054178521053,0.6402172395926261,-0.8604274659450993,0.08304687626398101,0.6364628996970997,-0.8840102001462569,0.3340793642924305,0.580515009025517,0.9499933385358936,-0.2734484064287945,0.6257756473862234,0.9546898359773346,0.0,0.0,0.0,0.0
-0.0013894783216010188,0.2682588171252606,0.7452945222055546,-0.004842839060903395,-0.6602216960348073,-0.00906581711965667,0.7510004460416156,-0.06765633655692221,0.6441431822407802,-0.8684530711533323,0.08034708405406979,0.6360160498318496,-0.8849420858064946,0.326825876998589,0.5797020686487857,0.9562931143472168,-0.28018324407440887,0.6248940864951703,0.9489277367322984,0.0,0.0,0.0,0.0
-0.0005425927729838633,0.2701345652055336,0.745236635796838,-0.004943778598001684,-0.6600309595317928,-0.009070552552445623,0.7511673692254662,-0.07227731352753469,0.6529649363271931,-0.8841428360252127,0.07603368625179807,0.6379769309862309,-0.8889022697467592,0.31853444479625387,0.5789073460038999,0.9668141747358354,-0.29084278442256245,0.625057621498752,0.9418315898873626,0.0,0.0,0.0,0.0
0.0011428874564122372,0.2725061478178876,0.7452709090230346,-0.005208718834954433,-0.6600914464387684,-0.008990584397583067,0.7511133875645294,-0.07833541532066003,0.6674539372163417,-0.9076159908446995,0.07055101974838374,0.643748017703903,-0.897101959715738,0.31071512704862103,0.579269312290016,0.9804549786927567,-0.3050410005312087,0.6273680196917637,0.9336044974343962,0.0,0.0,0.0,0.0
0.0038014923854769603,0.27548680261388114,0.7458658377895733,-0.00574876707163743,-0.6605345391528823,-0.008761649929927841,0.7507225238087311,-0.08620511976706165,0.688463598942668,-0.937754876671039,0.06354109065438336,0.6539103153889063,-0.9077215156482995,0.30396200603926465,0.583711730826106,0.9937438228457304,-0.32319260194884314,0.6352526420481435,0.9198364126067413,0.0,0.0,0.0,0.0
0.007635516530806463,0.2796890746918965,0.7486992957318682,-0.0070471265770041145,-0.6622872520414226,-0.007929746429985545,0.7491749147642258,-0.09786306315809365,0.7179428157686778,-0.9672382151368547,0.05288285110399357,0.6681785930105936,-0.9080105195187416,0.3020486209125251,0.6020075435790044,0.9958534388436208,-0.3473096168318083,0.6624141682254332,0.8846442537481948,0.0,0.0,0.0,0.0
0.009722982721125772,0.2838323111025616,0.7515658516739667,-0.006429997712829863,-0.6610125964077599,-0.008346036869087798,0.7503008371235266,-0.09344138895739086,0.6797315955831933,-0.9089539711866439,0.04313767557272052,0.6760445054874661,-0.9153281708772891,0.27134088146389956,0.6206447291756564,0.9906766282730166,-0.2831611303867816,0.648487496025051,0.94347212565815,0.0,0.0,0.0,0.0
0.0127807734906887,0.28797239523827667,0.7541892910080938,-0.0062713239772447926,-0.6606514556599938,-0.008412042503953924,0.7506194522997757,-0.08799266883692845,0.654570004871014,-0.8789959117443645,0.033016287445862956,0.6878067248014746,-0.9246123234798155,0.2473863708160604,0.6393392324852128,0.9892980400649899,-0.22803194374638902,0.6454283458174775,0.9880283607494094,0.0,0.0,0.0,0.0
0.016445042587434473,0.29178488288459653,0.756651226639788,-0.006506714483675065,-0.660775726989915,-0.008260532634823228,0.7505097367044389,-0.08238428629793954,0.6389487966307582,-0.8663887428339807,0.023499882981903204,0.7024569310950298,-0.9360982906696065,0.22954962982112095,0.658121898376037,0.9884974710734171,-0.19327283808661733,0.6455786133947701,1.0209924678593778,0.0,0.0,0.0,0.0
0.020137200393825414,0.29531232091969745,0.7589876967995846,-0.006912691190066117,-0.6610337192766882,-0.008009144958652525,0.7502816073160601,-0.07765197552131957,0.6290700217714643,-0.8633687865612097,0.014520281157853643,0.7170589815944262,-0.9469437139881721,0.214352197324208,0.6766167872101001,0.9869049940492106,-0.17343083855639616,0.6459347482202727,1.0463139430270019,0.0,0.0,0.0,0.0
0.02358937818358766,0.2985863276315719,0.7611868691138373,-0.007360647065484573,-0.6612838751677295,-0.007726037665896943,0.7500598413859481,-0.0738781445224011,0.6225083186223491,-0.8656111956111073,0.006049677570110093,0.7303020892239158,-0.9560343934987562,0.20000842657112955,0.6944395839793397,0.984404810742192,-0.16214602600439915,0.6458713951478258,1.066870309042014,0.0,0.0,0.0,0.0
0.026667853614205764,0.30162883241780886,0.7632169210465446,-0.007787820004957097,-0.6614735167457171,-0.007444245904826853,0.749891138570481,-0.07077781069148775,0.6176235749038205,-0.870759187678168,-0.0019237228378308092,0.7415553291152678,-0.9629186985965983,0.18563229492260486,0.7111952933149002,0.9813608448527338,-0.15519045671495207,0.6452260287134096,1.0845318009700098,0.0,0.0,0.0,0.0
0.029330986382597714,0.30444661532372613,0.7650633972186157,-0.008172501204544068,-0.6615981627759151,-0.007176435241636897,0.749779687650191,-0.06797639738032361,0.6133807412888104,-0.8775035202498543,-0.009380855082156275,0.7506819936476706,-0.9675628078795769,0.17101165153225129,0.7266705238493708,0.9780880108446064,-0.150221512470502,0.6439828065764966,1.1005002655478229,0.0,0.0,0.0,0.0
0.03159265806499247,0.3070393156671042,0.766731130161066,-0.008512473577599464,-0.6616744936621444,-0.006926012620468547,0.7497108993336808,-0.06516288676070385,0.6091738978390804,-0.8850932438611162,-0.01629145507346308,0.7578372037895444,-0.9701682544428658,0.1563115217304049,0.7408250120167438,0.9747515591924654,-0.1460392605840015,0.6421961039699732,1.1155473819455306,0.0,0.0,0.0,0.0
0.033492919086137975,0.30940783878430067,0.7682355628539989,-0.008808677926539325,-0.6617158406854758,-0.006694724284001409,0.7496730847815343,-0.06213432479744716,0.6046356662636413,-0.8930699169688627,-0.022636075970043003,0.7633082075322469,-0.9710906848598292,0.1417637132797852,0.7537149526324967,0.971405856684641,-0.14200462971949315,0.6399197121737386,1.1301442408943951,0.0,0.0,0.0,0.0
0.0350864978907965,0.3115550189426391,0.7695966975366708,-0.009068139550355856,-0.6617426835123306,-0.006480932566308581,0.7496481755971035,-0.05878297235479886,0.5995996993811593,-0.9011733989528603,-0.02840796178695367,0.7674326160906028,-0.9706878074271308,0.12769624261752016,0.7654593983209731,0.9680544856436837,-0.13781926622172402,0.6372700294074621,1.1445985865156867,0.0,0.0,0.0,0.0
0.03642739594736312,0.31348860616031027,0.7708327951158602,-0.00929565813967096,-0.6617668625989975,-0.006283583672542487,0.7496257245331566,-0.05506825914075788,0.5939744219247,-0.9092431206590799,-0.03361923015401282,0.7705273703628533,-0.9693234692858246,0.11434387757081461,0.776180108094973,0.9646939594044145,-0.13332121286937357,0.6343593874418141,1.1590755668227517,0.0,0.0,0.0,0.0
0.03756334750034784,0.3152203958616787,0.7719569615851353,-0.009494472617304184,-0.6617938475307377,-0.006101958550159216,0.7496009101262043,-0.05099108439242796,0.5877293117798339,-0.9171682358248977,-0.038297002711296976,0.7728593668984246,-0.9673288623746109,0.10184693753397055,0.7859743752946174,0.9613484276453297,-0.12842751357141804,0.6313099746729234,1.173626509514899,0.0,0.0,0.0,0.0
0.03853433480880732,0.31676410167606117,0.7729743600791513,-0.009667460750762828,-0.6618264325342126,-0.005935442131088541,0.7495712667441158,-0.046571686912470336,0.5809329782293003,-0.924835289045002,-0.04247584182362754,0.7746397216452645,-0.9649900702430468,0.09028367752807187,0.7948969657630146,0.9580983068597043,-0.12311398226083654,0.6282829636048075,1.1881930199528747,0.0,0.0,0.0,0.0
0.03937153757177161,0.318134031698768,0.7738788494118605,-0.00981639175681553,-0.6618643328303742,-0.00578429775091412,0.7495370473028061,-0.0418362179620091,0.5738229896057834,-0.9320503821405489,-0.04619254573732113,0.7760234204379197,-0.9625666272816747,0.07966876063190412,0.8029376307420384,0.9551124070536309,-0.11738606570306553,0.6254971780260571,1.2025611974095636,0.0,0.0,0.0,0.0
0.04009732938932309,0.31934438059854664,0.7746492937897032,-0.00994218767950541,-0.6619051422123873,-0.005649570698921394,0.7495003788977446,-0.036812221643238704,0.5669186485096449,-0.9384475249806798,-0.04948358313010845,0.777110713870456,-0.9603049050838935,0.06996797486808984,0.8099975637134101,0.9526864224754701,-0.11124644545990832,0.6232712356296082,1.2162583006672616,0.0,0.0,0.0,0.0
0.04072492102519125,0.3204097797843805,0.7752473104060942,-0.010045153200309876,-0.6619448116255949,-0.005532655960654649,0.7494648430561361,-0.0315304354675824,0.5611164983082825,-0.9434018386889325,-0.05238650707012161,0.7779438622541052,-0.9584396078675884,0.06110324928274072,0.8158736033718249,0.9512699098100711,-0.1046394939684864,0.6221024509269338,1.2283561091214013,0.0,0.0,0.0,0.0
0.041257382532177936,0.3213470220310695,0.7756223648572943,-0.010124439920041311,-0.6619773424387702,-0.005435323718628453,0.7494357551318741,-0.026026990459335562,0.557629507891015,-0.9459972201147403,-0.05494400482189181,0.77850020971426,-0.9571647522194586,0.05293192634107814,0.8202876101648274,0.951423661051429,-0.09738093856488604,0.6228173056391489,1.2371527991126143,0.0,0.0,0.0,0.0
0.0416886406247004,0.32217541018933415,0.7757365097751282,-0.010180133160080262,-0.6619999007185512,-0.0053578057700007335,0.7494156325129615,-0.020341797171141512,0.5575371150242044,-0.945176275939854,-0.057204814356064386,0.7786970198920993,-0.9565149242742661,0.04529097249553545,0.8230304899596491,0.9535852542294273,-0.08912600038013684,0.6268119812674975,1.2398794564417952,0.0,0.0,0.0,0.0
0.04200325299500664,0.3229046906517827,0.7755891731834214,-0.010213361670023164,-0.6620125478618166,-0.0053010366506803745,0.7494044120015115,-0.014512608581729963,0.5608174613944858,-0.9409046815901249,-0.059187393442739454,0.7784278976902604,-0.9563287306200735,0.03811350135473007,0.824083773862742,0.9577818102004781,-0.079985328213907,0.6339778766833817,1.2364447232018998,0.0,0.0,0.0,0.0
0.04217785262283432,0.3235368174053701,0.7752177575169139,-0.010226363631374264,-0.662018120899635,-0.005266079564847523,0.7493995579751911,-0.008586281012497005,0.5663627151787136,-0.9342063633758384,-0.060885264536488536,0.7775666719023387,-0.9562514123189524,0.031432272965850744,0.8236186145935364,0.9636320198700786,-0.07048191701075544,0.6427426533712688,1.2294653511794462,0.0,0.0,0.0,0.0
0.04218164203538794,0.3240794260354105,0.774673817138009,-0.010221956756020842,-0.6620222553309231,-0.005252075867355333,0.7493960640046888,-0.0026215432694360373,0.5729433644319445,-0.9259888263286388,-0.06230637543585005,0.7759290265596055,-0.9557655983752128,0.025251663814711243,0.8218775485280081,0.9706313455521113,-0.06091897331502104,0.652167057181142,1.220539102249669,0.0,0.0,0.0,0.0
0.04197393079550047,0.3245459137869476,0.773999837894352,-0.010200077020385433,-0.6620280185582871,-0.0052601793524195166,0.7493912139768834,0.003324287600062613,0.579654256631314,-0.9168644286722399,-0.06347025966452659,0.7732602828454398,-0.9542972860042995,0.019459907717551184,0.8190488021262556,0.9783765360326435,-0.051456208546757476,0.6616765427905653,1.210528868392411,0.0,0.0,0.0,0.0
0.0415037556002106,0.3249551730920452,0.7732242134445086,-0.010157943724543744,-0.6620341798640463,-0.005293218432071545,0.7493861105662813,0.009197583335571607,0.5859708910734486,-0.9071832352236319,-0.06440829557467229,0.7692332089011362,-0.9512374109427592,0.013833505626518212,0.8152317722032533,0.9866080135296271,-0.04218031898219894,0.6708880545328506,1.1998650415503624,0.0,0.0,0.0,0.0
0.040710159776252246,0.3253323309009834,0.7723625553701746,-0.01009067533662347,-0.6620314115014082,-0.0053523167035238114,0.7493890452646136,0.014944565149101172,0.591638678796092,-0.897129466023646,-0.06517183199841697,0.7634486546117826,-0.9459450094101611,0.00807483089563403,0.8104190598494779,0.9951852360141374,-0.03311516964202326,0.6795141846149759,1.1887389689271985,0.0,0.0,0.0,0.0
0.039524447240606504,0.32571005059610936,0.7714220280363243,-0.009990212738161126,-0.6620005596067106,-0.0054369194661839605,0.7494170365267704,0.020515765760707485,0.5965624240019323,-0.8868311047717643,-0.0658368103069935,0.7554423484926003,-0.9377443860054481,0.0018008976879135474,0.8045235675097719,1.0040415522085626,-0.02421212931681451,0.6873151179824478,1.1772084848374536,0.0,0.0,0.0,0.0
0.03787470585290096,0.32612888940752827,0.7704089020613977,-0.009837660558551021,-0.6619096139608759,-0.005553911378623334,0.749498523980733,0.025895066272443007,0.6007226036602261,-0.8764040251018633,-0.06649506956754404,0.7447106978598351,-0.9259646436075618,-0.005614044491055805,0.7974755881324348,1.0131157602040701,-0.015391099484332324,0.6940296131621227,1.165245857660546,0.0,0.0,0.0,0.0
0.03569773889984926,0.3266333611786266,0.7693325820062509,-0.009601118100893645,-0.6617152667713502,-0.005719540485702269,0.7496719356555679,0.031116431082796825,0.6041461045297634,-0.8659831149365255,-0.06724403628625752,0.7307793179611395,-0.9100231761720886,-0.01498958228282117,0.7892660888934511,1.0223054580619788,-0.006523511698331052,0.6993760528900863,1.1527863519681578,0.0,0.0,0.0,0.0
0.03296132723433911,0.32726162517224183,0.7682044548930124,-0.009241110692697828,-0.6613711868941209,-0.005953944044389388,0.7499782033964343,0.03626152554355039,0.6069411533883865,-0.8557587723026576,-0.06816907037136419,0.7133359900495638,-0.8895848068303931,-0.0270430655904079,0.7799305807390342,1.0314572372911077,0.002670780669727651,0.7031644968673815,1.1398087882135135,0.0,0.0,0.0,0.0
0.02970150809457959,0.3280244538176725,0.7670354240214105,-0.008725152965364878,-0.6608567116693466,-0.0062764497878941014,0.7504351301247624,0.04146536305982496,0.6094045092928975,-0.845923076101811,-0.06929143489997866,0.6924586497737125,-0.8647861554892021,-0.041937639472142615,0.7695944114852679,1.0403861202207434,0.012582986915558371,0.7055452506164722,1.126497053235901,0.0,0.0,0.0,0.0
0.026073071082877503,0.3288743060231754,0.7658271422068033,-0.008056421621274108,-0.6602182685287452,-0.006694591529336243,0.7510007419542415,0.04688315101166836,0.6121677699627275,-0.8365649928498967,-0.07049590772066296,0.6689499619697442,-0.836588917326061,-0.05871342893811531,0.7585272761441494,1.0489848822091157,0.023804972653222373,0.7075223629395655,1.1134306133749343,0.0,0.0,0.0,0.0
0.022411274996204114,0.329645339196702,0.7645557822467852,-0.007264661707101572,-0.6595047020971831,-0.007233990821655746,0.7516305222506461,0.05270585995939795,0.6156909582013513,-0.8268912960958898,-0.07136395459227186,0.6450786807238523,-0.8084214247850111,-0.07541062516096045,0.7470678902592558,1.0572854213339888,0.037515188316102,0.7116053414823795,1.101011574368698,0.0,0.0,0.0,0.0
0.019098057376950497,0.33022513242151774,0.7633539744811721,-0.00647840717066864,-0.658874246589694,-0.00782018070681183,0.7521845532813786,0.059156905356165065,0.6203922236838516,-0.8170552343956072,-0.0717172571636913,0.6232885757112947,-0.7827233436896035,-0.08948781689845187,0.7365043814541052,1.0644394661591732,0.05640020030238724,0.719612300991928,1.0904024814710762,0.0,0.0,0.0,0.0
0.016408534543554152,0.3305805033129841,0.7624104655754891,-0.005822931410670227,-0.6583995632196683,-0.008380862902728195,0.7525994085560672,0.06549876457302037,0.625460356438035,-0.8076038178668026,-0.07156127233319158,0.6054572562059224,-0.7612802034846098,-0.09976057802157764,0.7281786080141951,1.0693457635547585,0.08393999803502555,0.7322079255529728,1.0822467522425985,0.0,0.0,0.0,0.0
0.014715119890324587,0.3306917640734632,0.7619353281978737,-0.005457892409016463,-0.6581208391946622,-0.008842904543818982,0.7528406042897752,0.07011496444007076,0.628574815488315,-0.79935565946377,-0.0709270318044147,0.5942066387765897,-0.7471411723798358,-0.10506009536780925,0.7235698581267045,1.0709316552252501,0.12046629851116042,0.7480716168677836,1.076360324856512,0.0,0.0,0.0,0.0
0.01468566932058765,0.3306222382820795,0.7618920386974297,-0.005350448643699828,-0.6581197607247044,-0.008864637078925758,0.752842062754485,0.07015947671723852,0.6286031650006653,-0.7993682185930753,-0.0708134358173754,0.5940341355448974,-0.7470910759005559,-0.10508478156857391,0.7234391556670079,1.0708538141935198,0.12046315121613073,0.7481172979494358,1.0763774745686574,0.0,0.0,0.0,0.0
0.01468566932058765,0.3306222382820795,0.7618920386974297,-0.005350448643699828,-0.6581197607247044,-0.008864637078925758,0.752842062754485,0.07015947671723852,0.6286031650006653,-0.7993682185930753,-0.0708134358173754,0.5940341355448974,-0.7470910759005559,-0.10508478156857391,0.7234391556670079,1.0708538141935198,0.12046315121613073,0.7481172979494358,1.0763774745686574,0.0,0.0,0.0,0.0
0.01468566932058765,0.3306222382820795,0.7618920386974297,-0.005350448643699828,-0.6581197607247044,-0.008864637078925758,0.752842062754485,0.07015947671723852,0.6286031650006653,-0.7993682185930753,-0.0708134358173754,0.5940341355448974,-0.7470910759005559,-0.10508478156857391,0.7234391556670079,1.0708538141935198,0.12046315121613073,0.7481172979494358,1.0763774745686574,0.0,0.0,0.0,0.0
0.015456781883370494,0.3306487773307524,0.7620571954753302,-0.0051930157869237124,-0.6584040932292439,-0.00895207067684627,0.752593477939193,0.0701795578462777,0.6331256595936234,-0.8043689236020567,-0.07099489900647647,0.5986225534372013,-0.7528596902973181,-0.108930209166526,0.7277833793990023,1.0712064680069397,0.11905443235123325,0.7510376377442043,1.0761245614295736,0.0,0.0,0.0,0.0
0.016940223050872366,0.33075011804375837,0.7622740880880557,-0.00519628615689881,-0.6586853560161928,-0.008931919172916978,0.7523475401700236,0.07004699052381445,0.6425787179710867,-0.8174465602950834,-0.07156409935581766,0.6076621448155377,-0.7652912858452899,-0.11216178302093902,0.7333367235667714,1.072253131887571,0.12028827596471289,0.7565451904529465,1.0761071031124678,0.0,0.0,0.0,0.0
0.019098747999630978,0.3309156527013678,0.7625307405960827,-0.005360592076551648,-0.659032410753987,-0.008767072781573898,0.7520443365009934,0.06970487407716733,0.6563868722287453,-0.8373912601064873,-0.07255919334474334,0.6205989042908473,-0.7830956575916379,-0.11443008072538689,0.7401582706534279,1.0740009285074834,0.12498634783198903,0.7650878988206123,1.0764755127422485,0.0,0.0,0.0,0.0
0.021883905084776077,0.33111304149540854,0.7629459465810767,-0.005712222391808209,-0.659570130065609,-0.008386043343225267,0.7515745394288098,0.06909531101642219,0.6737678686733478,-0.8619454715842525,-0.07400231407602065,0.6367755194249091,-0.8039582279033931,-0.11461359147655438,0.7489407048793292,1.0752882166425959,0.13535554660303847,0.7784188544720592,1.076392381963339,0.0,0.0,0.0,0.0
0.02523225753469554,0.3313261710014598,0.7639770906477537,-0.006267823757371227,-0.6605370114561757,-0.007663090658278159,0.7507282117540632,0.06798996493374869,0.6939257388284273,-0.8870520534605951,-0.07604585465935113,0.6554044554272183,-0.8234480742728142,-0.11126685383177773,0.7622970604913428,1.0721882407361205,0.15523958061179002,0.8010179825091637,1.0721923133489988,0.0,0.0,0.0,0.0
0.028175143395459245,0.3324157677713352,0.7645690817186838,-0.004564789936909501,-0.6598733404107215,-0.009711975001439912,0.7513002161916363,0.0680527296922844,0.7144041827468857,-0.914892699856406,-0.0693219861020131,0.6409394388140225,-0.8175476758883289,-0.07940789123686547,0.7417513331879937,1.0818596722391938,0.09742318406015638,0.7897908885080833,1.0630768775647066,0.0,0.0,0.0,0.0
0.031073107847950827,0.3332595542235385,0.7654687108412337,-0.0037872687503501933,-0.6599504520797714,-0.010429861725527071,0.7512271796064784,0.06690289783309716,0.7331363304153511,-0.9381474210515504,-0.060563376996223287,0.6305599458600949,-0.8188422379733475,-0.04976461281437561,0.7263177135383121,1.091540018149849,0.07426587366518797,0.793962020846499,1.0539717474415922,0.0,0.0,0.0,0.0
0.03370928969592642,0.3338728884445528,0.7664375719872937,-0.003532545197352196,-0.660303509682438,-0.01050990661550168,0.7509169981352244,0.0654997751376983,0.7494756464475613,-0.9575074866211907,-0.052237611896237796,0.6230470244126741,-0.8248330218786688,-0.02734315529470698,0.7151801532999307,1.10215494376125,0.06543022162350001,0.8036413040910642,1.0456186367846507,0.0,0.0,0.0,0.0
0.03595184053829665,0.3343465436270868,0.7673903549725353,-0.0034061999198326683,-0.6606619417666257,-0.010475221082171998,0.75060273530446,0.06428773932973342,0.7631499574625475,-0.9729748931758831,-0.04500767917010662,0.6169334152336832,-0.8330860205847367,-0.010352755959655801,0.7061750113870299,1.113376926458489,0.05981992691163328,0.8134502383503799,1.03749640942588,0.0,0.0,0.0,0.0
0.037752249867281464,0.3347341028441967,0.7683222776546259,-0.0032848484875985834,-0.6609636685804986,-0.01046989151615005,0.7503376706248076,0.06330401173483247,0.7741264448072426,-0.9845217331144881,-0.03872423138552626,0.6116269247765838,-0.8422700788919802,0.003433028841933113,0.6980116631275908,1.1248132925520993,0.05417221670055732,0.8219297386507736,1.0292813533798395,0.0,0.0,0.0,0.0
0.039114534519576215,0.3350714484490168,0.7692383139406033,-0.003145973372964062,-0.6612061961413886,-0.010510063068986575,0.7501239948235611,0.06247270805347646,0.7825691253826663,-0.9924028999841172,-0.03297875794708906,0.6067270289068457,-0.851728621450816,0.015423538339894956,0.6899731494300332,1.136191453290297,0.047792023076527766,0.8288763198462421,1.0208664957226734,0.0,0.0,0.0,0.0
0.04007630687165101,0.33538578167650407,0.7701389178474484,-0.0029987636097779796,-0.6614027611311967,-0.010575158583266903,0.7499503723619186,0.06169884258272177,0.7887717368641636,-0.9970887105991901,-0.027414845258284352,0.6019156026624912,-0.8611565544526562,0.02645552794872548,0.6816770575794494,1.1473603361406401,0.04088865119483398,0.8345173141112461,1.0122682448355254,0.0,0.0,0.0,0.0
0.040692841685004,0.33569992416697775,0.7710188432890335,-0.0028553721575914734,-0.6615651165661376,-0.010644763315513905,0.749806730035568,0.06090296466637209,0.7930942718269091,-0.999164192774463,-0.02181621330332638,0.5969414666053544,-0.8704205698813743,0.037020481957854,0.6729207179547011,1.1582556451804074,0.03375771499353911,0.8391221153290139,1.0035533420599028,0.0,0.0,0.0,0.0
0.041024596861896356,0.3360324881537478,0.7718701352219249,-0.0027242637868843743,-0.6617009260254998,-0.010705984574370669,0.749686497662929,0.06002812658972119,0.7959050865457976,-0.9992269415853575,-0.01609208461869772,0.5916240659558059,-0.8794699936088978,0.04740605432944819,0.6636056312426503,1.1688610960853192,0.026573323880390392,0.8429004177064208,0.9948014487242849,0.0,0.0,0.0,0.0
0.04112877967379323,0.3363969145620527,0.772685233221222,-0.002612930436106288,-0.6618172104197906,-0.010748314048942881,0.7495836353148378,0.059034055482815616,0.7975380547802874,-0.9978103483299138,-0.010236196884644585,0.5858560592485318,-0.8882950509350049,0.05779592553593301,0.6537056144880077,1.179177382881585,0.019493140441310723,0.8460430179252668,0.9860928024858285,0.0,0.0,0.0,0.0
0.041054240939991486,0.33680404139426956,0.77345627106598,-0.0025239321359366448,-0.6619174138838508,-0.010768540597127913,0.7494951670940221,0.057895953165356506,0.798276369467525,-0.9953673301010423,-0.004279333658218898,0.5795632606561448,-0.8969020098981044,0.06828596800093582,0.643238497415905,1.1891987767522239,0.012513324080491306,0.8486461238675782,0.9774992740049367,0.0,0.0,0.0,0.0
0.040839786915287196,0.3372632552423358,0.7741744486714802,-0.0024581005295987025,-0.6620035401770745,-0.010765932638410998,0.7494193520514612,0.05659492328391319,0.7983464199622025,-0.9922677649146122,0.0017336502348753663,0.5727149466816558,-0.905291249409311,0.0789241495853679,0.6322711425831982,1.1988915123597907,0.0055732913013588955,0.8507498619661619,0.9690963311782701,0.0,0.0,0.0,0.0
0.04051445817781863,0.33778431902195016,0.7748271434900642,-0.002415948609505253,-0.6620763957519363,-0.010740344667846973,0.7493554926580956,0.055111118957276224,0.7979231397041048,-0.9888231099393674,0.007754899034189501,0.565360629085446,-0.9134226019587024,0.08972450460503657,0.6209356220381186,1.2081646556584549,-0.0014132294478340114,0.8523376611346866,0.9609882782441646,0.0,0.0,0.0,0.0
0.040098831189403036,0.33837939303090925,0.7753934234685621,-0.002397592379630492,-0.6621345362626715,-0.010692645913476831,0.7493048610294525,0.05341971499719266,0.7971412427480934,-0.9853261149016923,0.013735882238570604,0.5577076371873226,-0.9211564835306577,0.10065982897930459,0.6094575735934539,1.2168170825235518,-0.008579392831714503,0.8533059809733918,0.9533443761134526,0.0,0.0,0.0,0.0
0.03960622656794218,0.33906401427491895,0.775838495883838,-0.002402156555503118,-0.6621732586213473,-0.010626015906963106,0.74927157492902,0.051490694689255684,0.7961028228620836,-0.9820867100197155,0.019626684695848832,0.5502374340016956,-0.9281711274322235,0.11162579279202439,0.5982067972232644,1.224437101085841,-0.01612701714683879,0.8534254617662356,0.9464483091772478,0.0,0.0,0.0,0.0
0.039043033935910965,0.3398540874280279,0.7761107147363507,-0.002434175533943082,-0.6621896584462615,-0.01053773059027854,0.7492582246931295,0.049286919000810996,0.7948671398802502,-0.9794250384910165,0.025367020137189212,0.5438427796160643,-0.933877032907469,0.12241233203534005,0.5877992332616747,1.230219700216733,-0.024108031846802047,0.852413395958152,0.9407560360478592,0.0,0.0,0.0,0.0
0.038407429587996214,0.34076174308611307,0.7761469584549308,-0.0025098860189751784,-0.6621886223684732,-0.010411503195539549,0.7492606552322927,0.046765600046158824,0.7934295546739728,-0.9776086399734791,0.0308812338451284,0.5398105249023889,-0.9373742291123356,0.13264385417918365,0.5792714302773678,1.2326613762842618,-0.032237444308183316,0.8500397065888642,0.9368759006862513,0.0,0.0,0.0,0.0
0.03768778554698662,0.34179592587341606,0.7759000230448073,-0.0026543767241388617,-0.6621851252818771,-0.010221975140006032,0.7492658575992023,0.04388113976647527,0.791716713899347,-0.9767147785873961,0.03608383851818711,0.5393401323946448,-0.9375645316389958,0.14175670370670135,0.574275545962614,1.2292476911840309,-0.04003521074193911,0.8462387140293172,0.9352924747866169,0.0,0.0,0.0,0.0
0.03686169762048488,0.34298656212694567,0.7753612957449005,-0.002865365143883592,-0.6621761479790149,-0.009977190183405973,0.7492763137897194,0.040569625666577284,0.7896592050989627,-0.9766749823338478,0.04092905584538971,0.5423651656065035,-0.9344100468658666,0.14953673594849368,0.5728739265778519,1.2200954257220742,-0.04796035037741944,0.8407874679362631,0.9359518882414617,0.0,0.0,0.0,0.0
0.0358983983862623,0.3443815829359402,0.7745621617750944,-0.003121590824587419,-0.6621470502670398,-0.009705589464836023,0.7493045716039121,0.0367406962178078,0.7871919859908069,-0.9772713457043323,0.04540118976882729,0.5476112075098984,-0.9289651757751682,0.1562326310955966,0.5735231567129941,1.2078911457148094,-0.05700541690149,0.8334858240898142,0.9382688034950969,0.0,0.0,0.0,0.0
0.034760344474689085,0.3460224334439136,0.773550207710489,-0.0034128386112019325,-0.6620957683224246,-0.009421252779467327,0.7493522443405488,0.03230456265362862,0.784182378035747,-0.9780946569376116,0.04947498059147366,0.5537481660246423,-0.9221038315076908,0.1620092387136696,0.5752538752658994,1.194238414162878,-0.06768481459871976,0.8244208331491883,0.9415300801930525,0.0,0.0,0.0,0.0
0.03340486437678848,0.347943024897605,0.7723608991408388,-0.0037349682465595705,-0.6620251621333182,-0.009130566028885078,0.749416684814625,0.027185332601366116,0.7804351682737184,-0.9786811232140364,0.05311844973698757,0.5598341677970322,-0.9143973623108637,0.16691092510146782,0.5774781278308763,1.1799866568350195,-0.08018081105786944,0.8137260269467331,0.9451677912498389,0.0,0.0,0.0,0.0
0.03178688713829609,0.35016978943962035,0.77101276477738,-0.004084418353847922,-0.6619384938921985,-0.00883870037321749,0.749494913395782,0.02132933408717829,0.7757088162366033,-0.9785588535233248,0.05629867071393607,0.5653431919131352,-0.9061710387603856,0.17092463147385653,0.5798310577005932,1.1655474279001594,-0.09448986147220147,0.8014934168351976,0.9487926319189798,0.0,0.0,0.0,0.0
0.02986111441539942,0.35271895202746195,0.7695118507652746,-0.004456010609360639,-0.6618384879930546,-0.008551433380993307,0.7495844400517176,0.014714313547317184,0.7697214615444444,-0.9772359454494755,0.0589922561739673,0.570055622690509,-0.8976075107325917,0.17404969865647132,0.5820855690216321,1.1510802363013877,-0.11045560690698951,0.7877873383565359,0.9521520151315025,0.0,0.0,0.0,0.0
0.0275840214429564,0.35559175127320575,0.7678587172038183,-0.004842524539216929,-0.6617278879929449,-0.008274663455522925,0.749682787686353,0.007360890835553375,0.7621521203199785,-0.9741688100671185,0.06120086093561685,0.5739446271662676,-0.8888433893831875,0.17635510400253226,0.5841025373369418,1.136587710601764,-0.1277573415392666,0.7726901480925222,0.9550777915109725,0.0,0.0,0.0,0.0
0.024917114421011223,0.3587695228585425,0.7660563329479373,-0.005233919259534527,-0.6616095671947955,-0.008014495364729216,0.7497874062356268,-0.000655342607762139,0.752651746602079,-0.9687421003324537,0.0629731035798184,0.5771043426533312,-0.8800398750813164,0.17803033843272048,0.585796038894371,1.1219568544583063,-0.14592839380497669,0.7563418898198471,0.9574316315433102,0.0,0.0,0.0,0.0
0.021833297011846116,0.362209952758758,0.7641189338467828,-0.005615971212232093,-0.6614860656095557,-0.007777905594604687,0.7498960928397316,-0.00919529834662286,0.7408783432071319,-0.9602829760587491,0.06443330167550806,0.5797333057376942,-0.8714282290444528,0.17945864804454,0.5871056575020634,1.1069718285342376,-0.16441001659780252,0.7389763133927961,0.9590462766108085,0.0,0.0,0.0,0.0
0.018328626423550994,0.3658457080365178,0.7620812558893236,-0.005967805863056901,-0.6613587084400602,-0.007574298216489425,0.7500077826730893,-0.018055513115910277,0.7265717004367741,-0.9481368367872257,0.06581496967300607,0.5821722478756843,-0.8633400344976362,0.18135406756817343,0.5879707770167875,1.0913146913194083,-0.18264421120293303,0.7209533896480772,0.9596675130339187,0.0,0.0,0.0,0.0
0.014442545838701148,0.36958607930757775,0.7600042249159228,-0.006257395422235771,-0.6612266631158976,-0.007418822853581165,0.7501233938857074,-0.02697713662513336,0.7096861692194123,-0.9318500946572843,0.06748663150516983,0.5849898074780008,-0.8562431725302734,0.18503046280408667,0.5882991555408588,1.074563792300383,-0.20020858390384774,0.7027693061646297,0.9589352062471733,0.0,0.0,0.0,0.0
0.01029139915801126,0.37331961839916933,0.757962738591374,-0.006432367456509262,-0.6610900443551064,-0.007342746338927006,0.7502430685982177,-0.03565337612799757,0.6905994812014854,-0.9115262531961857,0.06994969578105426,0.589095439417171,-0.8508295894953702,0.19290737997925556,0.5879173861410206,1.0562341083749751,-0.21702793132664225,0.6849600426485813,0.9565506688911521,0.0,0.0,0.0,0.0
0.006364903541246424,0.3770373549335418,0.7559924554628755,-0.006411533935208276,-0.6608437575705961,-0.00739798560690083,0.750459652560704,-0.044090429455250026,0.6723110248724279,-0.89204714600458,0.0732182251543923,0.5953351003793323,-0.8473626010689309,0.2094751558688454,0.5870755572741222,1.0354136258322435,-0.23443550303607535,0.6677498421804972,0.9524915063706161,0.0,0.0,0.0,0.0
0.002963859429643016,0.3804808026691055,0.7541654795932606,-0.0061100246351103275,-0.6605361741571549,-0.0076418560367455665,0.7507304657898869,-0.05168884644794336,0.6562676442020958,-0.8751085844312168,0.07749622941062309,0.6046717956665622,-0.8483391331796178,0.24028302162404228,0.5843174132568383,1.0107833879881436,-0.2521459126005787,0.6517249909924426,0.9476442008295636,0.0,0.0,0.0,0.0
0.00046445153862602817,0.3831821226022019,0.752259883235728,-0.005486807660999276,-0.6602540914886864,-0.008107217240093516,0.7509784967911947,-0.05739558043383219,0.6439722844624397,-0.8635783931861466,0.08254217244698873,0.6174012649535467,-0.8583352898361696,0.2890430738236621,0.578935711302427,0.9799154266295801,-0.26878251606056824,0.6358527840358236,0.9469869047081712,0.0,0.0,0.0,0.0
-0.0006620667217737658,0.3846577855010125,0.7503817018685803,-0.004728210020308887,-0.6602372340444058,-0.008683493886385108,0.7509920344087023,-0.06023182883889868,0.6376808804733509,-0.859860863851013,0.08741580953125752,0.6343081240339558,-0.883257668011949,0.3457952638299293,0.5754059598485184,0.9424148121677165,-0.28189287381085626,0.6217628740964418,0.9536312736145123,0.0,0.0,0.0,0.0
-0.0007318700696925666,0.38495070530321873,0.7502126070483066,-0.004923279166529571,-0.6603148529661544,-0.008735543660499962,0.7509219310630698,-0.060590878002845204,0.6374291040218648,-0.8598771199461787,0.08742542659349388,0.6343376832589458,-0.8832712127272284,0.34583905048872265,0.5754285240285304,0.942418641635836,-0.28188496364051724,0.6215508389301126,0.9534892768911296,0.0,0.0,0.0,0.0
-0.0007318700696925666,0.38495070530321873,0.7502126070483066,-0.004923279166529571,-0.6603148529661544,-0.008735543660499962,0.7509219310630698,-0.060590878002845204,0.6374291040218648,-0.8598771199461787,0.08742542659349388,0.6343376832589458,-0.8832712127272284,0.34583905048872265,0.5754285240285304,0.942418641635836,-0.28188496364051724,0.6215508389301126,0.9534892768911296,0.0,0.0,0.0,0.0
-0.0004885825651123874,0.3861544741605024,0.7501441389819031,-0.004983367265365506,-0.660080540643354,-0.008830640281555762,0.7511263979563585,-0.06328678562140648,0.6413444947104872,-0.8676814477264304,0.08481714842249688,0.6339064063812835,-0.8838479845291375,0.3396037344464153,0.5744006380052181,0.9489707264972015,-0.2881049091912675,0.6209512595803691,0.9482099184085435,0.0,0.0,0.0,0.0
0.000371640010404982,0.3880209191436538,0.7500751696767515,-0.005125401626541229,-0.659945193274154,-0.00883138658072373,0.7512443535518706,-0.06784402013419588,0.6502150862959027,-0.8832883232504274,0.0805644159616356,0.6359233797910239,-0.887641131728988,0.33203873094026776,0.5733988780993792,0.9598294138635532,-0.2985383925654798,0.6212965461182683,0.9413566906294802,0.0,0.0,0.0,0.0
0.002059862336063484,0.3904207977842612,0.7501120952935647,-0.005388092415922729,-0.6600060694580925,-0.008763448462369526,0.7511898286782406,-0.07393056116066997,0.6648326848227604,-0.9069710713906186,0.07505811892420988,0.6417513404573904,-0.8959409574880715,0.3243614144030925,0.5735556604519064,0.9738457606496238,-0.31289411091130503,0.6236329263758903,0.9328768416917879,0.0,0.0,0.0,0.0
0.004706980363814176,0.3934806448270689,0.7507282952987576,-0.005867756679260436,-0.6603703887784749,-0.008568590273215628,0.7508682296627341,-0.08195742624050248,0.6860708732580199,-0.9377207712348961,0.06790775305715507,0.6519662983852738,-0.9070342154933058,0.3169042605313105,0.577816389008942,0.9875201261145274,-0.3316504802103477,0.631355732369653,0.9181604451995538,0.0,0.0,0.0,0.0
0.008516453945059425,0.3978334659312448,0.7536350485332698,-0.006982210673802638,-0.6619218425642373,-0.007802619470508071,0.749499727951832,-0.09400504229188966,0.7159720085189627,-0.9683711988655913,0.05689822435193609,0.6663788015392909,-0.9084657871525521,0.31270695936969356,0.5961958429225689,0.989834085193743,-0.3571856557052938,0.6581863531754579,0.880719103615907,0.0,0.0,0.0,0.0
0.010672375229265778,0.40211458586288884,0.7565776464098535,-0.006483799088849454,-0.6609105664283363,-0.008244928809016406,0.7503913676753521,-0.08996318141926976,0.6788395487787774,-0.9099208748128353,0.04698438355804698,0.6741380931043528,-0.9139630225646013,0.283378210173594,0.6153796664006189,0.9854535668812492,-0.29401902437993555,0.6450921045679635,0.940424663512286,0.0,0.0,0.0,0.0
0.013760161566694448,0.4064321898810424,0.7592496728702971,-0.006319812754255507,-0.6606425378740653,-0.008355770031470844,0.7506275229601207,-0.08495456291823544,0.654153477488718,-0.8799258559634491,0.03654018891627522,0.6857462353597584,-0.9224234892605455,0.2590507691239406,0.6344292400814662,0.9849985536264282,-0.23867620530149686,0.6423259390313343,0.9854803549078471,0.0,0.0,0.0,0.0
0.017429346522889206,0.41043585951708395,0.7617398139774498,-0.006495420302684771,-0.6607457023020206,-0.00825138612817627,0.75053636889325,-0.07977776828655359,0.6385476904764968,-0.8673106199959313,0.026625771523429917,0.7002083430678021,-0.9337157377556539,0.239883937244809,0.6533685518159291,0.985057332083145,-0.20354276078407446,0.6422289414699747,1.0185600329731097,0.0,0.0,0.0,0.0
0.021124892601269145,0.4141457060467358,0.7641012494129852,-0.00684746855817323,-0.6609592635694375,-0.008036455615897454,0.7503475057979638,-0.0754322952773181,0.628579652723304,-0.8643082249728152,0.01724563832786878,0.7146292260852836,-0.9444836570825884,0.22325836140060537,0.6719730350808688,0.9841913013429454,-0.18361930169859786,0.6421769340924245,1.0438159009136956,0.0,0.0,0.0,0.0
0.024588408956251143,0.41758166158316573,0.7663290763000803,-0.0072617742612114,-0.6611740985565896,-0.007777605797655942,0.7501570414789936,-0.07198310656239795,0.6219689441631139,-0.8665875996671145,0.0084103745243907,0.7277348200160901,-0.9534726332358489,0.20770734202461713,0.6899301531953734,0.9822573278291004,-0.17252338470973966,0.6417479976668595,1.0642533152867246,0.0,0.0,0.0,0.0
0.027690313232978034,0.42076036791327687,0.768391770679271,-0.007674921086312594,-0.6613473883155664,-0.0075103802520790795,0.7500028811564442,-0.0691400315176285,0.617117088472746,-0.871783102641207,0.00012806585698820448,0.7389217593767862,-0.960230461245107,0.19245340129938757,0.7068642332677042,0.9796275164361194,-0.1659024507331411,0.640870036645394,1.0818055698161624,0.0,0.0,0.0,0.0
0.030388544999354086,0.4236881740144698,0.7702723072376724,-0.008059349395799411,-0.6614727302593836,-0.00725062276813784,0.7498908603790204,-0.06653395889347205,0.6129758733971824,-0.8785789698351548,-0.007577834923941984,0.7480601745708501,-0.9647627675338668,0.17727270675319565,0.7225505513461329,0.9766436529145579,-0.16130136807634549,0.639532549970945,1.097696662502373,0.0,0.0,0.0,0.0
0.03269364063647932,0.42636711669533034,0.771972694680538,-0.00840603857854032,-0.6615593231479903,-0.007004596317700274,0.7498130007553985,-0.06386308759144914,0.6089026115816047,-0.8862177952478218,-0.014682124958297495,0.7552961130661343,-0.9673127248326294,0.16225467506471583,0.7369260254223289,0.9735011724874815,-0.1574417146969483,0.6377505050531947,1.1126985292652642,0.0,0.0,0.0,0.0
0.03464371672489488,0.42880070452607416,0.7735071030325023,-0.008714018951484574,-0.6616203548956088,-0.006774422938616969,0.7497577469125415,-0.060934755664115096,0.6045263899941075,-0.8942504848307576,-0.021171876959874235,0.7609050858898756,-0.9682264032802714,0.14761202686136934,0.7500366006841059,0.9702815620599944,-0.15367540361174342,0.6355637623760477,1.1272925862468766,0.0,0.0,0.0,0.0
0.03628804652398194,0.4309965802393164,0.7748943934191791,-0.008985437465595327,-0.6616677344216384,-0.006560406089614257,0.7497146338513258,-0.057652856337482995,0.5996434189314347,-0.9024081129006185,-0.027052428889309678,0.7651985650786395,-0.9678718597243127,0.13356780391538572,0.7619824188101922,0.9670091768753731,-0.14967633114439305,0.6330359650354425,1.141768895203805,0.0,0.0,0.0,0.0
0.03767692772331556,0.4329666866001061,0.7761526808906488,-0.009223290797519382,-0.6617100298083668,-0.006362172428945958,0.7496761234825736,-0.05398754343165627,0.5941488932202463,-0.9105284453023929,-0.032346208814646595,0.768470800267979,-0.9665961234832334,0.12029779677810856,0.77287669000161,0.963696689828353,-0.1452852917463276,0.6302530718743168,1.1562831545629328,0.0,0.0,0.0,0.0
0.03885618132919089,0.4347259810079711,0.7772955461482243,-0.009430505490611326,-0.6617524192297868,-0.006179311379474017,0.7496376573522647,-0.04994619254607227,0.5880131630004352,-0.9185015990595007,-0.037087428889079344,0.7709736718363502,-0.9647076881389886,0.10791310419945829,0.7828169685988212,0.9603785578387649,-0.1404374894794362,0.6273285031837473,1.1708844738644724,0.0,0.0,0.0,0.0
0.039864576554862086,0.4362907588306873,0.7783287297290532,-0.009609502600528315,-0.6617970829846346,-0.006011768284177254,0.7495973166006509,-0.04555278203646637,0.5813046263596552,-0.9262118366502203,-0.04131603624531122,0.7729082443700768,-0.9624790251273929,0.09646272266815735,0.7918606681265424,0.9571414561847716,-0.1351236090009952,0.6244161010457203,1.185512292607331,0.0,0.0,0.0,0.0
0.040732990393204924,0.43767726349784025,0.7792465335449058,-0.0097621111974903,-0.6618438050654675,-0.00585995502989831,0.7495552946971149,-0.040836576674375354,0.5742632281498785,-0.9334638894827728,-0.045073008481814184,0.7744244407013107,-0.9601600244470143,0.08594639363152035,0.7999999887569598,0.9541594608058209,-0.12935916450557108,0.6217351783877478,1.1999524710487293,0.0,0.0,0.0,0.0
0.041484153037158314,0.4389010857013113,0.7800280171823272,-0.00988957758627284,-0.6618904778042718,-0.0057247057032068,0.7495134551105866,-0.0358279629610893,0.5674115142900886,-0.9398920656807794,-0.048398201411433264,0.7756215884189017,-0.9579928612990228,0.07632557679866572,0.8071367456834188,0.9517336614856601,-0.12314924471299964,0.6196110997980094,1.213733718508921,0.0,0.0,0.0,0.0
0.042132078206418455,0.43997780363096334,0.7806349286594747,-0.00999229753106673,-0.6619335476675993,-0.005607580769732108,0.7494749412089423,-0.030558401977176904,0.5616501400885716,-0.9448718711158681,-0.05133104061935166,0.7765442304367395,-0.9562131123428862,0.06751664131454223,0.8130711178017549,0.9503187450089184,-0.11644122840058047,0.6185497229986209,1.2259326574640188,0.0,0.0,0.0,0.0
0.042680904293095706,0.44092476348638143,0.7810167553998071,-0.010069715282948474,-0.6619680438486858,-0.0055103089667435864,0.7494441581948289,-0.025064297325567655,0.5581976367415118,-0.9474883293918228,-0.053915357606666575,0.7771735288108824,-0.955015626241517,0.059378956451674035,0.8175283314778418,0.9504806481914232,-0.10905187171955628,0.6193904335276383,1.2348567732870461,0.0,0.0,0.0,0.0
0.04312531873255946,0.44176182831737243,0.7811357475033546,-0.010121841319070521,-0.6619923929259326,-0.005433668815050817,0.7494225078550267,-0.019386250559605876,0.5581422524610297,-0.9466878827599187,-0.056200268551422634,0.7774284215847975,-0.9544320879403219,0.05174123024144363,0.8203079092092944,0.9526608976806203,-0.10063383023273736,0.6235453916347519,1.2377416603880138,0.0,0.0,0.0,0.0
0.0434498623446989,0.4424988407167209,0.7809917232390752,-0.010149382907242361,-0.6620062805883059,-0.005379190163939595,0.7494102606726302,-0.013560274480006688,0.5614615719914119,-0.942432942223406,-0.05820373092495137,0.7772028899318449,-0.9543030776372097,0.04452379763178188,0.821396561718174,0.9568835721677685,-0.0913153203115707,0.6308959419496808,1.2344908773675956,0.0,0.0,0.0,0.0
0.04363050858274124,0.4431376744763418,0.7806224841101976,-0.010154174669300764,-0.6620111379845327,-0.005348522384048544,0.749406124360828,-0.0076321935616014925,0.5670433904867604,-0.9357457013802839,-0.05991832622842703,0.7763689240926028,-0.9542767763205887,0.03774602514484919,0.8209666639031541,0.9627611671095873,-0.08163948370160788,0.6398481636997931,1.2277011452328255,0.0,0.0,0.0,0.0
0.04363549518130242,0.4436855770028456,0.780079631860405,-0.010138643039082908,-0.6620100884605286,-0.005340330653404225,0.7494073201953136,-0.001662917382033201,0.5736463500627714,-0.9275298268914008,-0.06135235864316766,0.7747406959303962,-0.9538439069606068,0.03141331960962066,0.8192504298509671,0.9697825562517711,-0.07191285484203847,0.6494369233875067,1.2189554869974029,0.0,0.0,0.0,0.0
0.043423936457155324,0.4441549367836256,0.7794052753043754,-0.0101029011972272,-0.6620043588964587,-0.005354457634013266,0.7494127634174194,0.0042860445041612,0.5803557209741632,-0.9183999127245372,-0.0625253331656688,0.7720667385418674,-0.9524427561208678,0.02544058907324068,0.8164192893288231,0.9775405043803306,-0.06227767589182071,0.6590743175956342,1.209106955411586,0.0,0.0,0.0,0.0
0.04294615058395292,0.4445623923198259,0.7786277300214371,-0.010044188535696545,-0.6619923959741273,-0.005392974025566626,0.7494238438829212,0.010161732701547084,0.5866423619401565,-0.9087065078733608,-0.06346478985025054,0.7680329896996688,-0.9494853296267733,0.019641762882625778,0.8125644482724965,0.9857681704656595,-0.05281068910776991,0.6683697225712115,1.1985840098601832,0.0,0.0,0.0,0.0
0.04214442590936926,0.4449296161008202,0.7777633953147942,-0.009957172892486503,-0.66196786851552,-0.0054588626893155474,0.7494461932514885,0.015919701396594276,0.592263114176939,-0.8986351648616282,-0.06421084603473329,0.7622642130822751,-0.944355252492606,0.013740053854179379,0.8076998655426518,0.9943141618221467,-0.04354684502550257,0.6770422568073744,1.1875780380296528,0.0,0.0,0.0,0.0
0.04095485584621234,0.4452844844530212,0.7768202361403965,-0.0098337686000136,-0.6619164250626196,-0.005553963247623038,0.7494925594825387,0.02152634055067462,0.5971351797339474,-0.8883047779591735,-0.06482371679876035,0.7543304444500095,-0.9364105464576529,0.00738517720363295,0.8017682011606653,1.0031007689543832,-0.034461610338089414,0.6848655668220442,1.1761517072223613,0.0,0.0,0.0,0.0
0.039312540641885274,0.44566136988875615,0.7758029974441012,-0.009660328389730324,-0.6618150454582192,-0.005682171801717595,0.7495833753386967,0.02697668567806775,0.6012616317995694,-0.877838193769616,-0.06538165999051741,0.7437711198658411,-0.9250054430736563,0.00010952824001424482,0.7946956934795065,1.0120745321558298,-0.025473276147675607,0.6916341072674198,1.1642959093084828,0.0,0.0,0.0,0.0
0.03716208228174134,0.4460980094178063,0.7747179456802149,-0.009415033804158486,-0.6616327373040807,-0.005852154933550213,0.7497461105925188,0.032315751137995605,0.604696016895325,-0.8673806691429135,-0.06597167849707235,0.7301553263986611,-0.9095637348498357,-0.008658572774715215,0.7864445627697288,1.0211560420209849,-0.016454137793238618,0.6971483561930264,1.1519772362577607,0.0,0.0,0.0,0.0
0.034477076517837726,0.4466274517433934,0.7735750402251149,-0.009069575446725757,-0.6613377735865213,-0.006077882929562074,0.750008767527376,0.03764393550351467,0.6075813375991106,-0.8571213539927005,-0.06666921666805825,0.7131970752237241,-0.8897144593626436,-0.019451579638967858,0.7770552247402498,1.0302138278950617,-0.007183888828776058,0.7012989244240623,1.1392017435707316,0.0,0.0,0.0,0.0
0.03129215183014454,0.4472608987887684,0.7723867211020905,-0.008598638409712683,-0.6609154018276455,-0.006374959715099523,0.750384071614751,0.0431064090151112,0.6102343375979064,-0.8472565836853836,-0.0674984116369935,0.6929589561962418,-0.86552719827244,-0.032430635299031896,0.7666799054952136,1.039071696446095,0.0026739067505602895,0.7042670931910157,1.1261451571549683,0.0,0.0,0.0,0.0
0.027749381867976382,0.44795939198273854,0.7711605915422421,-0.007998998073262611,-0.6603934084539103,-0.006751603248871045,0.7508468405434099,0.04885410588372805,0.6132388845947341,-0.8378728453233112,-0.06837125998799513,0.6701819288101394,-0.8379348332836836,-0.04691651221684123,0.7556045151465067,1.047586412193883,0.013680166980733117,0.7069464604737522,1.1133106278732194,0.0,0.0,0.0,0.0
0.02413706151962073,0.44858740080292225,0.7698800060836392,-0.007280474302341432,-0.6597866362063596,-0.007240561809302937,0.7513828342743234,0.05493935025116892,0.61698559956018,-0.8283140839013351,-0.06894157845540466,0.6468287360419286,-0.8100329222006933,-0.06154226226755587,0.7441390680875811,1.0557433622124721,0.02672401526495009,0.7114175196919411,1.101013083327364,0.0,0.0,0.0,0.0
0.020861124833209274,0.4490319313655925,0.768678935598464,-0.006546979082593544,-0.6592198381661275,-0.007779673298173699,0.7518815190683239,0.0616619597168689,0.6218636239372249,-0.8186357986330951,-0.06903472389754316,0.6255494776590825,-0.7847730740716917,-0.07398062924398593,0.7335695450030353,1.062649452445565,0.044291423017281936,0.7194691751748334,1.090286625805067,0.0,0.0,0.0,0.0
0.018196634790304082,0.4492771093193632,0.767746217155628,-0.005911262027635677,-0.6587591181033777,-0.008303830649289698,0.752284871370845,0.06825465276922561,0.6271212196439133,-0.8094767807805864,-0.0686922503127708,0.6082009696221867,-0.7639630317844919,-0.08322381219121995,0.7252420623885693,1.0672233795799246,0.06930323252213678,0.7316102952165073,1.0817112671474662,0.0,0.0,0.0,0.0
0.01652015243769334,0.4493226059486813,0.7672854206474713,-0.005531229218872973,-0.6584544394912065,-0.008738170029308318,0.7525495339193217,0.07306001675032345,0.630545165304141,-0.8018119603663253,-0.06799047782826473,0.5973576856697522,-0.7505527356052261,-0.08813963535591111,0.7206200687874076,1.0684981279990173,0.10191763515556398,0.7465583263174208,1.0751333186888048,0.0,0.0,0.0,0.0
0.016487267930278313,0.44924893600630267,0.7672414333084205,-0.005423272186578197,-0.6584545095716055,-0.008756613610644143,0.7525500439583276,0.07310453040874318,0.6305735734931819,-0.8018244556469036,-0.06787532585105002,0.5971854953511108,-0.7505036733816436,-0.0881638557837227,0.7204904426364727,1.0684207077903134,0.10191347976147516,0.7466037063223968,1.0751504103336043,0.0,0.0,0.0,0.0
0.016487267930278313,0.44924893600630267,0.7672414333084205,-0.005423272186578197,-0.6584545095716055,-0.008756613610644143,0.7525500439583276,0.07310453040874318,0.6305735734931819,-0.8018244556469036,-0.06787532585105002,0.5971854953511108,-0.7505036733816436,-0.0881638557837227,0.7204904426364727,1.0684207077903134,0.10191347976147516,0.7466037063223968,1.0751504103336043,0.0,0.0,0.0,0.0
0.016487267930278313,0.44924893600630267,0.7672414333084205,-0.005423272186578197,-0.6584545095716055,-0.008756613610644143,0.7525500439583276,0.07310453040874318,0.6305735734931819,-0.8018244556469036,-0.06787532585105002,0.5971854953511108,-0.7505036733816436,-0.0881638557837227,0.7204904426364727,1.0684207077903134,0.10191347976147516,0.7466037063223968,1.0751504103336043,0.0,0.0,0.0,0.0
0.01733351285193535,0.4491553827628907,0.7673512354436948,-0.0052522590079401394,-0.6588160703449147,-0.00882696673460912,0.7522339289668233,0.07337617682492993,0.6350799753006382,-0.8066459029654238,-0.06782661358584093,0.6024997915099704,-0.7573380028813794,-0.09081964413357019,0.7247301845631618,1.0691190717031172,0.10178800472713224,0.7499324000533595,1.07592518380844,0.0,0.0,0.0,0.0
0.01894612782910527,0.4490566396306776,0.7675126582762859,-0.0052865635280248836,-0.6592475550170418,-0.008722134672311095,0.7518567934233717,0.07360618901276089,0.6445370713024575,-0.8193809965734803,-0.06806345400775142,0.6126701533673402,-0.7710159483103606,-0.09110063525561064,0.7300589195047477,1.0703893266144233,0.10639583007776096,0.7568335607571911,1.0773952805157678,0.0,0.0,0.0,0.0
0.02126608871861103,0.44897599434858615,0.7677581961327753,-0.005555823068783632,-0.659857513834187,-0.008347010021036473,0.7513238460812374,0.07356777127084095,0.6582941171412994,-0.8384790541011578,-0.06877839080285089,0.6267942340465537,-0.7891935829906935,-0.08804035813150837,0.7365937635504779,1.0719187100214738,0.11752475828243979,0.7685017854832016,1.079288639519157,0.0,0.0,0.0,0.0
0.024219263482484304,0.4489559356698756,0.7682586612660133,-0.006103522758669021,-0.6607952608448887,-0.0075887481068548385,0.7505030187527832,0.07295535128541547,0.6756231458586576,-0.8615646356131839,-0.07022335712886772,0.6438204824209466,-0.808512209626929,-0.08032804168624523,0.7451324894928225,1.0722491034281345,0.13827398193936016,0.7874665010985815,1.0800895737859362,0.0,0.0,0.0,0.0
0.027681029077833198,0.44914526108794406,0.7694728125822244,-0.0068250302861548,-0.6620581364573502,-0.00651594741684655,0.7493930779914333,0.07141687198995439,0.6961222874124372,-0.8858940334491878,-0.07268444258874796,0.6626697195311788,-0.8255639708687282,-0.07015452996530963,0.7583184495301374,1.0675840942107067,0.16846322025236327,0.8161156664047484,1.0749432469767806,0.0,0.0,0.0,0.0
0.03034001680233741,0.4508679597143256,0.7701699053718095,-0.0039452234068720286,-0.6594675135127839,-0.01073271616067711,0.7516460886862583,0.07315206874681068,0.7187597621719348,-0.9208123584124841,-0.06362516960225822,0.6397894674474862,-0.818729555441411,-0.060676838212593356,0.7341845374307997,1.0765581675017304,0.042580081606683584,0.7748669569317165,1.0579710545597618,0.0,0.0,0.0,0.0
0.033154674891590435,0.45163368013179084,0.7712878383462588,-0.0035624295951130077,-0.6599431128299991,-0.010774006251933779,0.7512298700883201,0.07123820863034568,0.7363828572655271,-0.9410076710683155,-0.05616713513733039,0.631624502623095,-0.8193835032116754,-0.034635367349788254,0.7220923052528898,1.0881219472798078,0.04686558049119119,0.790183784311522,1.0472994167058394,0.0,0.0,0.0,0.0
0.035704241051435555,0.4521248878413586,0.7721809566680564,-0.003572476177913149,-0.6605179553799324,-0.010423656643220272,0.7507293889390877,0.06956000154629484,0.751653332407788,-0.9589071698407513,-0.048569458533901086,0.6251430465230468,-0.8255832942655511,-0.01530767890401493,0.7131019510128238,1.100042439787076,0.05496371055610809,0.8055707791991872,1.0401135064910996,0.0,0.0,0.0,0.0
0.0378578126210134,0.45255417139715143,0.7729725776602074,-0.003484912096126255,-0.6609005545806471,-0.010297911901344717,0.7503947396891502,0.06834006663694202,0.7645941828346748,-0.9739398875368506,-0.041657789786971336,0.6188923925546047,-0.833980970526419,-0.0007507508341003024,0.7048755433045977,1.1120132926431974,0.05614198742799045,0.8166412849375966,1.0333131221710854,0.0,0.0,0.0,0.0
0.03957513502897698,0.45295872263394565,0.773760037806958,-0.003319657319577328,-0.6611448671292649,-0.010336634169244635,0.7501797108279844,0.0673782440330601,0.7751096333437619,-0.9854962605510151,-0.03549267261445977,0.6130815508741774,-0.8431864381939601,0.011407478268077085,0.696726320761531,1.1238536974985727,0.05178584770467429,0.8244061520498515,1.0260032019736758,0.0,0.0,0.0,0.0
0.040861037780379764,0.45334064787937395,0.774572972435977,-0.0031334978478086122,-0.6613203419315943,-0.01043853190212895,0.7500244153295579,0.06652325237108561,0.7832346762683758,-0.9934641884029548,-0.02978040476516516,0.6076972183054695,-0.8525985684155863,0.022378028095263132,0.6884145754581048,1.1354328889789795,0.04474898465439018,0.830211633765834,1.0181034269111098,0.0,0.0,0.0,0.0
0.041752647416286814,0.4537028409899254,0.7754056931021623,-0.002961865388114207,-0.6614695807957989,-0.010539339641602549,0.7498920878067534,0.06568073239301378,0.7891731100240063,-0.9981588446212079,-0.024223180471622918,0.6025348608886313,-0.8619594979889355,0.032822741581608195,0.6797946596653502,1.1466855281579578,0.037098924845335154,0.8349664214899429,1.009793597415128,0.0,0.0,0.0,0.0
0.04230514274137363,0.4540571416117284,0.7762405597642781,-0.002816512351684677,-0.6616075163333742,-0.010614961754547276,0.7497698874830238,0.064793612401414,0.7932470721585457,-1.0001451524961673,-0.01862847626811151,0.5973333317113956,-0.8711576926247316,0.04310023728912774,0.6707428571667681,1.1575934791228462,0.02969089225664048,0.839064639915946,1.001267566678914,0.0,0.0,0.0,0.0
0.042579082512962975,0.4544212550740131,0.7770598874693327,-0.002694625271020121,-0.6617327892844105,-0.010666538386253324,0.7496590421914334,0.06382625411555165,0.7958228198580346,-1.000061111066395,-0.012910132664480104,0.5918584653217911,-0.8801440056434963,0.053383439585625816,0.6611638147463139,1.1681635465130598,0.02254944308327707,0.8425757682837701,0.9926575046619142,0.0,0.0,0.0,0.0
0.04263161220271666,0.4548120658596714,0.777850237787174,-0.0025915334693778916,-0.6618415697456389,-0.010700081965632637,0.7495628917955014,0.06275181908647633,0.7972452757266189,-0.9984892411480485,-0.007058337930929086,0.5859492896911844,-0.8889025589734361,0.06375916837401853,0.6510130286143261,1.178408722046673,0.015489733081761627,0.8455019598652456,0.9840493837227244,0.0,0.0,0.0,0.0
0.04251149024595372,0.4552419734093534,0.7786016524671081,-0.002507439904076354,-0.6619344006338582,-0.010715486838471375,0.7494809806422288,0.06154605631012948,0.7978011164945843,-0.9959014556696252,-0.0011058038587666496,0.5795232357130802,-0.897437320253077,0.07428802084645646,0.6403056531287281,1.1883312400312984,0.008459167560599265,0.8479014933231572,0.9755197378105778,0.0,0.0,0.0,0.0
0.0422571448713587,0.45572049496703143,0.7793041554795578,-0.002444973667730567,-0.6620140115190881,-0.010709454849484192,0.7494109541720054,0.06018685549701873,0.7977136074997921,-0.9926703156740686,0.004900645291877448,0.5725570061152909,-0.905750986098112,0.08500697668515528,0.6291123072819454,1.1979033916060045,0.0014724028582279187,0.8498362203642132,0.9671568930263438,0.0,0.0,0.0,0.0
0.041897013840240076,0.45625769280984163,0.7799439773597482,-0.002405829244419283,-0.6620816467103289,-0.010680256733889481,0.7493517446373794,0.058651948990924116,0.7971541422172795,-0.9891084270441253,0.010913405722952695,0.5651024394255713,-0.9138064088793793,0.09591906842328136,0.6175663566875204,1.2070389274665019,-0.005518795235515809,0.8512970831509181,0.9590764987761458,0.0,0.0,0.0,0.0
0.04145101598247492,0.4568667695298458,0.7804991690199069,-0.0023895299438962763,-0.6621350616978069,-0.010629731800212072,0.74930531762356,0.05691537386546141,0.7962563704565572,-0.9855126885173764,0.01688560322880501,0.5573608760739922,-0.9214656740249773,0.106979328579025,0.6058923106672951,1.2155413497878766,-0.012677208134207972,0.8521613616314482,0.951451422073984,0.0,0.0,0.0,0.0
0.040931958652869006,0.4575642422133838,0.780934484938268,-0.002395181558414541,-0.6621692974663609,-0.010561263284277015,0.7492760134396725,0.05494512311112279,0.7951219383580895,-0.9821952903283452,0.022766742580997285,0.5498111104689982,-0.9284082352508346,0.11807128210986684,0.5944624235818254,1.2230051259280588,-0.020215842471023843,0.8521922542141455,0.9445656109903836,0.0,0.0,0.0,0.0
0.04034585306423386,0.45836688801247694,0.7811980291970694,-0.0024273672030743127,-0.6621813221417637,-0.010472299974141529,0.7492665316349708,0.052702276783006576,0.7938101002069561,-0.9794781546114487,0.028495361856448614,0.5433438847490213,-0.9340462178013863,0.12897055406001776,0.5838990060246687,1.2286344021528846,-0.02819687285089846,0.8511015301558148,0.9388741827733306,0.0,0.0,0.0,0.0
0.03969063167207504,0.4592873184289183,0.781226666839926,-0.002503033639036105,-0.662176421294294,-0.010345892392848876,0.7492723699797552,0.05014216286538339,0.7923157112991285,-0.9776286830700924,0.033993746482861235,0.5392472982592729,-0.9374821816391141,0.13928784152993076,0.575248981309905,1.23093874041211,-0.03632850709783757,0.8486623444606719,0.9349857843367935,0.0,0.0,0.0,0.0
0.03895440793210225,0.4603349526258951,0.7809731634753928,-0.002647100240413931,-0.6621694114784729,-0.010157215527398447,0.7492806512484491,0.04721860795272723,0.7905651928079303,-0.976724277932793,0.039176365250577064,0.5387191181712521,-0.9376203184056755,0.14844037071046512,0.5701735652265231,1.2274195635653955,-0.04415056598972458,0.8448009184011255,0.9333832551809763,0.0,0.0,0.0,0.0
0.03811455267913256,0.4615399870965255,0.7804289093949961,-0.0028567680921034897,-0.6621570174999845,-0.009914995136597823,0.7492940783984846,0.04386763526222679,0.7884890765472254,-0.9766959684647751,0.0439977187372268,0.5416908120539519,-0.9344228559510964,0.1562078696104217,0.5687362573922894,1.2181987632997828,-0.05212979892010429,0.8392907541997733,0.9340096337518647,0.0,0.0,0.0,0.0
0.03714009725799975,0.4629500398350048,0.779625197637399,-0.0031107615479998834,-0.6621247607990308,-0.009647371500247647,0.7493250646565573,0.0399989238482286,0.7860211906635199,-0.9773238305760302,0.04844202682937539,0.5468883403266137,-0.9289427245065552,0.16285122425556062,0.5693863968321192,1.2059549619881553,-0.06123507241073342,0.8319400304582943,0.9362799056508762,0.0,0.0,0.0,0.0
0.0359932403979382,0.4646057539178143,0.7786093542155798,-0.0033989034832081454,-0.6620707938867787,-0.009368033992186641,0.7493750404679645,0.03552369954169633,0.7830262767097479,-0.9781951661532408,0.05248547180696409,0.552982347161729,-0.9220528379517066,0.16854875846321019,0.5711452245223572,1.1922836501003289,-0.0719578315297679,0.8228424680090395,0.9394847552974992,0.0,0.0,0.0,0.0
0.03463107185031269,0.466539962963857,0.7774165920338314,-0.003717015502216055,-0.6619981055051813,-0.009083147156909485,0.749441250893646,0.030367956732044833,0.7793060489177007,-0.9788420126864573,0.05609826540986453,0.5590311485122245,-0.9143240183713549,0.17335482906796817,0.5734167750236262,1.178028068868195,-0.08446377163184912,0.8121352711781334,0.9430610363750415,0.0,0.0,0.0,0.0
0.033008312759261464,0.4687778356870736,0.7760652759830374,-0.004061476009587741,-0.6619100143336654,-0.008797751270359876,0.7495206714360954,0.02448050573423978,0.7746157411485286,-0.9787878670332048,0.059249698781418655,0.5645085340182,-0.9060811979648462,0.17726401403110142,0.5758301890053654,1.1635951964725326,-0.09873751097820824,0.7999123159868695,0.9466242798404042,0.0,0.0,0.0,0.0
0.031079440343862865,0.4713341071131406,0.7745613451381991,-0.004427282838189393,-0.6618093555685227,-0.008517209496106418,0.7496107211019907,0.017841805347880033,0.7686697598904313,-0.9775355608246651,0.06191822179574812,0.5691951984115126,-0.8975067392514732,0.18028314899359743,0.5781540901614804,1.1491406503767891,-0.11460954470327772,0.7862402832113913,0.9499280104794999,0.0,0.0,0.0,0.0
0.028800639689419576,0.4742084732764244,0.7729052446476741,-0.004807396758549298,-0.6616988513296045,-0.00824704387570052,0.7497089470940039,0.010475362786371673,0.7611431575425698,-0.9745363874385398,0.0641072465914164,0.573064113783472,-0.8887365012409835,0.18248736670504145,0.5802460828530783,1.1346633590744057,-0.1317524159213324,0.7712007872325426,0.9528109957613734,0.0,0.0,0.0,0.0
0.02613303445244312,0.4773807960287684,0.7710997535773904,-0.0051919850875254995,-0.6615812111011318,-0.0079929723528935,0.7498129478755193,0.0024594504176260364,0.751682797066755,-0.969170580226155,0.06586709294362482,0.5762086944573569,-0.8799300468138751,0.18407113805709294,0.5820177183639976,1.1200463690997624,-0.14969826329092126,0.7549300566643931,0.9551429570682866,0.0,0.0,0.0,0.0
0.023049056417977366,0.48080748846177196,0.7691587173464931,-0.005567105466835852,-0.6614586851159785,-0.007761480782468995,0.7499207789076292,-0.006064818701334289,0.739942603158121,-0.960762359956902,0.06732411530025163,0.5788260406753537,-0.8713157340224825,0.18542166182914638,0.5834068395551262,1.1050691516804687,-0.16789069169031295,0.737655214697269,0.956766653317497,0.0,0.0,0.0,0.0
0.019544239935051468,0.484420340423047,0.7671161429881355,-0.005912248265974617,-0.6613321693388935,-0.007561311427195229,0.7500317551193787,-0.014893158845264456,0.725658642879104,-0.9486568512931693,0.06871507971900674,0.5812539265103815,-0.8632204514484977,0.18725662823636696,0.5843516568597301,1.089407513789498,-0.18577638860214898,0.71972672862875,0.9574403451744568,0.0,0.0,0.0,0.0
0.015657533795220526,0.48812845388218107,0.7650318236830957,-0.006195824031859538,-0.661200233943617,-0.007406699003138964,0.7501473210025809,-0.02376784547596217,0.708782524000483,-0.932404259547923,0.07041418274138365,0.5840548498905666,-0.856104852334988,0.19089608082960854,0.5847581882490406,1.0726303409540157,-0.20293952249662245,0.7016285914344775,0.956818186788085,0.0,0.0,0.0,0.0
0.011504959042854927,0.49182136133277476,0.7629793287046477,-0.006365947264165907,-0.6610622658140705,-0.007327577146216958,0.7502682600546042,-0.032386350511222725,0.6896912938495376,-0.9121167683689878,0.07293156332584678,0.5881262747484537,-0.8506496751558221,0.1987759023741294,0.584447676759355,1.0542370478255125,-0.21931388855404682,0.6838836825565616,0.9546142060141352,0.0,0.0,0.0,0.0
0.00757752285983367,0.4954942793432297,0.7609936297235183,-0.006342008726714722,-0.6608120689608455,-0.007373894299042929,0.7504883837367926,-0.0407647412534877,0.6713971348093523,-0.8927071566839944,0.07628460169036583,0.5942928864478744,-0.847098334158775,0.21542387762894222,0.5836554217880269,1.0332982312698364,-0.23625089323486356,0.6667088054207464,0.950803586360679,0.0,0.0,0.0,0.0
0.004175124607066897,0.49889439003313696,0.7591508542529876,-0.006039026710749392,-0.660496764812722,-0.007601544628666649,0.7507661222694941,-0.04831783688776507,0.6553489385926488,-0.8758652178970895,0.08066621023043985,0.6034876079205602,-0.8479154505279659,0.2464198839247182,0.5809016878191027,1.0084690829142073,-0.25350048194992,0.6507021481913823,0.9462187424905837,0.0,0.0,0.0,0.0
0.0016749883184873594,0.5015675349557122,0.7572472066986198,-0.005416214302058869,-0.660203222410931,-0.008040980853980544,0.7510244419243377,-0.054026360315772654,0.6430739572148599,-0.864428602795914,0.08578558442171655,0.6159966506614477,-0.8576181792384199,0.2955059884718241,0.5754420018684884,0.9773338860132436,-0.26975776034554616,0.6349321067789097,0.9456287020832406,0.0,0.0,0.0,0.0
0.000543901337072493,0.5030246147078423,0.755369446768624,-0.004662035250862084,-0.6601703153458591,-0.008578520937057238,0.7510524809505664,-0.05689792833530678,0.6367636182946993,-0.8607878091560491,0.09064851174589501,0.63255544460305,-0.8820550055622898,0.35236581931349537,0.5719046703424929,0.939419962411638,-0.28249435113284427,0.6209230369756497,0.9523517822466411,0.0,0.0,0.0,0.0
0.000473826674317251,0.503313164968848,0.7552023716915398,-0.004855156387083065,-0.6602462834084281,-0.008629086798002424,0.7509838956747655,-0.0572527308595556,0.6365113925288781,-0.8608041158774306,0.09065826462514219,0.6325849929109407,-0.8820683233135971,0.35241015943603626,0.5719272864931519,0.9394238113160315,-0.2824871516508361,0.6207124684758275,0.9522106874188886,0.0,0.0,0.0,0.0
0.000473826674317251,0.503313164968848,0.7552023716915398,-0.004855156387083065,-0.6602462834084281,-0.008629086798002424,0.7509838956747655,-0.0572527308595556,0.6365113925288781,-0.8608041158774306,0.09065826462514219,0.6325849929109407,-0.8820683233135971,0.35241015943603626,0.5719272864931519,0.9394238113160315,-0.2824871516508361,0.6207124684758275,0.9522106874188886,0.0,0.0,0.0,0.0
0.00072253361349295,0.5044898536456628,0.7551221757801249,-0.004980139080870518,-0.6600465936977823,-0.00870330953000454,0.7511577362750881,-0.059863208797300234,0.6404061273225443,-0.868542436583392,0.08813233652970053,0.6321752095251207,-0.8824832788901733,0.34693886961237763,0.5707015803067909,0.9459977642495975,-0.2881581545725366,0.6202970327384464,0.9473090013623862,0.0,0.0,0.0,0.0
0.001586768173232671,0.5063337738690354,0.7550475347596806,-0.005160931749265174,-0.6599372005211541,-0.008693057529216326,0.7512527450216572,-0.0643456028284843,0.6492673648316324,-0.8840875246511687,0.08395448220152407,0.6342484169466629,-0.8862260643566265,0.3399622240929218,0.5695411408181588,0.9569081391259557,-0.29824707196267924,0.6207673708869232,0.9407148886878447,0.0,0.0,0.0,0.0
0.00327201149090991,0.5087316758314651,0.7550905458119824,-0.00543249913703098,-0.6599959595838896,-0.008624929405728404,0.7511999945945241,-0.07040673558068777,0.663907929695335,-0.9078149970856708,0.07847767843542873,0.6401376388305043,-0.8946120744619545,0.3325314008199057,0.569575057104303,0.9709787659647591,-0.3125031304127833,0.6231578783219881,0.9321982382496394,0.0,0.0,0.0,0.0
0.005906257758348923,0.5118218543180433,0.755733790237361,-0.005883614428475946,-0.660315140483394,-0.008444996479429642,0.750918091647894,-0.07848552342743868,0.6852283103872683,-0.9387839472286783,0.0712856274979281,0.6504107512213235,-0.9059598533939344,0.3248084288958322,0.5737903225105914,0.9846621350564292,-0.3314493784157507,0.6308831472375885,0.9169521613992072,0.0,0.0,0.0,0.0
0.0096876109468403,0.5162607438892912,0.7587341587663338,-0.006887598899781228,-0.6617246105342717,-0.0077225692981412524,0.7496755716428924,-0.09074361150576915,0.7153779391950582,-0.9700217187475156,0.060091514284829464,0.6649368772110745,-0.9080336958332783,0.31919189233867584,0.5924537542377161,0.9866164081134733,-0.3576553887991171,0.6577732220497413,0.8777442254047748,0.0,0.0,0.0,0.0
0.011889142763757169,0.5206204533774825,0.7616995073495156,-0.00647570735957093,-0.6608659118418667,-0.008176091991392274,0.750431518061015,-0.08680669972889228,0.6786415522215137,-0.9113467308208084,0.05009853784026206,0.6726827995425092,-0.9126200889746181,0.2908348463924199,0.6117627813544613,0.9829046802397584,-0.29736332789222,0.6442096007528364,0.9384660551625557,0.0,0.0,0.0,0.0
0.014998591289799544,0.5250345783971211,0.7644127043328963,-0.006322559431722405,-0.6606470464698501,-0.008316256452572108,0.7506239705148718,-0.08201087791853913,0.6541220013260205,-0.8811665756845537,0.03951074150009062,0.6842818973402647,-0.9206941609726359,0.26645627005361905,0.6310330136719945,0.9828725777852418,-0.24407916451535547,0.6409646689782299,0.9840213796128783,0.0,0.0,0.0,0.0
0.01866927790887598,0.5291494096414534,0.7669405862611731,-0.0064732731870907325,-0.6607333488010617,-0.008242383824275081,0.7505475345541235,-0.07711650912047283,0.6384940570398774,-0.8683982772688563,0.029389284682677503,0.6986751895186007,-0.931870026786688,0.2466197574119495,0.6501316955060035,0.9832599839646083,-0.21016426010275624,0.6404119072225295,1.0172386003812726,0.0,0.0,0.0,0.0
0.022358585988347765,0.5329718434458799,0.7693350594090278,-0.006798791530317585,-0.6609160068294541,-0.008051217165493499,0.7503858915601292,-0.07305542013068465,0.6284672837010009,-0.8652966407781661,0.019778946859961052,0.7129757875126215,-0.9425189614891734,0.22918311535259706,0.6688562285203723,0.9826819910278465,-0.1909935945675148,0.6399736985526066,1.042454500824133,0.0,0.0,0.0,0.0
0.025817330398366083,0.5365113013407438,0.7715929198734874,-0.0071951055341576715,-0.6611050839460983,-0.007808517628350648,0.7502181852564108,-0.0698482391897648,0.6218220956342838,-0.8675225730505344,0.010723109763288273,0.7259573723199568,-0.9513538743351901,0.2128977404657466,0.6869235225221638,0.9809918075577803,-0.1804211384913318,0.6392432168670455,1.0627833203529993,0.0,0.0,0.0,0.0
0.0289211400177078,0.5397785075935847,0.7736836834437367,-0.0076000805253017,-0.6612640833051877,-0.0075512908409152485,0.7500766820220414,-0.067190262728444,0.6169788046711204,-0.8726962145248338,0.002249643346083326,0.7370540607388063,-0.9579483612501868,0.1970821277525882,0.7039744430916245,0.9785531878048948,-0.1742033338691296,0.6381605041583286,1.080218994712247,0.0,0.0,0.0,0.0
0.03162953112305937,0.5427778634196117,0.77559026492771,-0.007983920233037685,-0.6613861772496474,-0.007297195752911117,0.7499675542948201,-0.06471578219430812,0.6128842991694574,-0.8794902018047829,-0.005610419027517917,0.74615384229676,-0.9623422667149805,0.18153201602406172,0.7197857558608464,0.9757079330020739,-0.16992269430497625,0.6367107977558001,1.096015013761377,0.0,0.0,0.0,0.0
0.033952116031685846,0.5455121234460015,0.7773141718285896,-0.008334677813611784,-0.6614774403207814,-0.007053976418030796,0.7498855716101651,-0.062133710408013944,0.6088816187443701,-0.887138988369546,-0.012832588584704456,0.7534038673255767,-0.9648011054787052,0.16631523631248837,0.7342878063313794,0.9726588213462914,-0.16631067302839445,0.6348920350299555,1.1109534728146289,0.0,0.0,0.0,0.0
0.035924842674120494,0.5479869509821269,0.7788692019361094,-0.00864894256733398,-0.6615476473628258,-0.006824801089655687,0.7498221976917353,-0.059263027136250646,0.6045856046263034,-0.8951883060186171,-0.019408972804184504,0.759070519974152,-0.9656772771690996,0.15160670075250152,0.7475187237716413,0.9694974922546199,-0.16272374056937,0.632722725598892,1.1255158143757167,0.0,0.0,0.0,0.0
0.03759446066371642,0.5502127239369906,0.7802741528228551,-0.00892710833934504,-0.6616058727066678,-0.006610737428333069,0.7497694806321472,-0.05601736206726702,0.5997814356318648,-0.9033656867217326,-0.02535147084606172,0.7634516148864874,-0.9653334389529207,0.13758808448047785,0.7595728878031393,0.9662580264945264,-0.15884208903793204,0.6302461469046865,1.1399874831702435,0.0,0.0,0.0,0.0
0.03900902809225226,0.5522041099669578,0.7815473396419725,-0.009171143803544684,-0.6616588308307851,-0.006411893937588086,0.7497215278495785,-0.052374171766493956,0.5943577793204384,-0.9115066039771939,-0.03068896899684217,0.7668274908849266,-0.964104400892086,0.12439964826924932,0.7705604893280643,0.9629610718374064,-0.15451549867189374,0.627532529488067,1.1545190587519578,0.0,0.0,0.0,0.0
0.04021264107707821,0.5539785003275118,0.7827026590314382,-0.009383489023485745,-0.6617105785317947,-0.006228077309447484,0.7496747771173118,-0.048346291368521796,0.5882816135255671,-0.9194995694936933,-0.03546142937977207,0.7694380645784915,-0.9622848304262627,0.11212537115958017,0.7805776178705571,0.95964721339566,-0.1496873407975251,0.6246849966367761,1.169154947056495,0.0,0.0,0.0,0.0
0.041242963088261496,0.5555541932361859,0.7837462081549252,-0.009566442512206988,-0.6617627748541699,-0.006059279258343261,0.749627773051292,-0.04396178980773794,0.581620654994271,-0.9272280107956463,-0.03971348396887642,0.7714755536352608,-0.9601347079869066,0.10079577084752087,0.7896815268582961,0.9564076629752143,-0.14435467415068307,0.6218526076306459,1.1838306405564942,0.0,0.0,0.0,0.0
0.042130365649265235,0.5569489578821352,0.784672683547278,-0.009721798738986839,-0.6618151033108042,-0.005906049254832325,0.7495807990078105,-0.03925236771122253,0.5746161618917197,-0.9344959869459506,-0.04348939819132742,0.7730846086537466,-0.9578949300834793,0.09039682802475958,0.7978664832816634,0.9534195321512475,-0.13854011609291025,0.6192531142259275,1.1983296510704364,0.0,0.0,0.0,0.0
0.042897590893292384,0.5581794767704102,0.7854615701046107,-0.009850631530550559,-0.661865680263667,-0.005769704597946371,0.7495355207436236,-0.03424885654289832,0.56779357330774,-0.9409368722313632,-0.04683077978736994,0.7743626507164336,-0.9558029385335327,0.08087590710825325,0.8050397744846577,0.950985942779028,-0.1322587011300674,0.6172121011587265,1.212180305020759,0.0,0.0,0.0,0.0
0.04355902338144074,0.5592620717790483,0.7860748819921431,-0.00995316487472802,-0.6619113281167589,-0.005652242601709859,0.7494947500638388,-0.028982514189477573,0.5620566948601471,-0.9459255878053479,-0.0497781160308249,0.7753548169991112,-0.9540933262119661,0.07213810668332019,0.8110070447704297,0.9495640000372264,-0.12546552209777226,0.6162383898625328,1.2244612753759725,0.0,0.0,0.0,0.0
0.044119376557030035,0.5602146346809451,0.7864621384922776,-0.010028807779725328,-0.6619478123631122,-0.005555733530508031,0.749462240908203,-0.023489990005657664,0.558628465447758,-0.9485484113753095,-0.05237591638705029,0.7760437949966092,-0.952960456004689,0.06403524977335973,0.8154985013230952,0.9497239074672285,-0.1179794719911412,0.6171796677302178,1.2334833597357067,0.0,0.0,0.0,0.0
0.04457361770720392,0.5610573419757094,0.7865852382008647,-0.010077775906890542,-0.6619735052128326,-0.00548035276497186,0.7494394455608657,-0.017814342833495634,0.5585961495937549,-0.947751704740148,-0.05467503119399728,0.7763495263648296,-0.9524380615080089,0.056400211985380706,0.8183093578137374,0.9519117050055369,-0.10944582051492667,0.6214527339828664,1.2364880559483702,0.0,0.0,0.0,0.0
0.04490627544794458,0.5618000443566457,0.7864436018754177,-0.010101401038007487,-0.6619876778917824,-0.005426830164962837,0.7494269981331576,-0.01199440882728529,0.5619360143865473,-0.9435017790532415,-0.056694395050019726,0.7761658784191087,-0.9523679876104534,0.049166128593185775,0.8194180947466092,0.95615379749876,-0.09998358510793079,0.6289406757204701,1.2333724020049766,0.0,0.0,0.0,0.0
0.045093103092205246,0.5624440261279476,0.7860752651548982,-0.010101471592186505,-0.6619910109578294,-0.00539696849663339,0.7494242686314271,-0.006074006315780387,0.5675332091114029,-0.9368200004175264,-0.05842494450838659,0.7753656699880778,-0.9524023025438142,0.042355163377664394,0.818995833256936,0.9620570303915378,-0.09014874161624355,0.6380355269244702,1.2267223372729474,0.0,0.0,0.0,0.0
0.04510226336017465,0.5629956564263082,0.7855329739391483,-0.010078952871245342,-0.6619867715865795,-0.005391619325975573,0.7494283550776824,-0.00010713840134135479,0.5741491793239998,-0.9286047789162265,-0.05987009535935643,0.7737652360489707,-0.952034911928537,0.035944820313080134,0.8172934418985961,0.969098870341959,-0.08027916692888488,0.6477556082694758,1.218110998042951,0.0,0.0,0.0,0.0
0.04489306242353634,0.5634659969304731,0.7848593879914755,-0.010033133134838407,-0.6619760573433646,-0.005411353586350532,0.7494382916531529,0.005848802562767672,0.5808666871526005,-0.9194641794416409,-0.06104558784504515,0.7711179806503927,-0.950712253517124,0.029847058669971727,0.8144887742157199,0.9768632081588706,-0.07053442411986799,0.6574999908430688,1.2083868197086596,0.0,0.0,0.0,0.0
0.044416411914412715,0.5638700763274189,0.7840817846387369,-0.009962552666308081,-0.661956622505008,-0.0054561089200555225,0.7494560749914474,0.011737293347168816,0.5871496111371695,-0.909753516132111,-0.061978077631937994,0.7671169702402215,-0.9478600265594536,0.02392915186743315,0.8106501188814452,0.9850845662931683,-0.06096325530399611,0.6668797756624215,1.1979759816251665,0.0,0.0,0.0,0.0
0.04361597933209237,0.5642273665876938,0.7832151703113359,-0.0098638214785143,-0.6619221572215902,-0.005526454948991941,0.7494873054966662,0.017511070813195535,0.592750557131314,-0.8996669664173838,-0.06270544419041395,0.7613988787789482,-0.9428802253967851,0.01798727784517117,0.8057652935772224,0.9936151959930317,-0.051562918164876376,0.6756233576532724,1.1870711813823445,0.0,0.0,0.0,0.0
0.04243051761528574,0.5645626222760187,0.782267705568926,-0.009729265982229167,-0.6618614952377528,-0.0056250156642200086,0.7495419012329265,0.02314520703372072,0.5975956533175351,-0.8893211151270617,-0.06327881889945373,0.7535530317130777,-0.935147627926078,0.01170547649046005,0.7997893030688445,1.0023720368917213,-0.04232245238962685,0.6835148700577485,1.1757397033333092,0.0,0.0,0.0,0.0
0.040798645418826544,0.5649062763864723,0.7812449650429742,-0.009546077875978392,-0.6617571205265879,-0.005756563305509982,0.7496354099216862,0.028648573425805512,0.6017012847851073,-0.8788255410834772,-0.06376487772172387,0.7431431157011172,-0.9240286453664259,0.004658079849303196,0.7926731621332287,1.0112925180867638,-0.0332044131826234,0.6903651399584108,1.163981591263264,0.0,0.0,0.0,0.0
0.03866861885941824,0.5652925324574357,0.7801527833027189,-0.009296703680874135,-0.6615852426225614,-0.0059280449132916605,0.7497889011770064,0.034073955423543495,0.605144061346752,-0.8683331560719563,-0.06424191711777298,0.7297587513103939,-0.9089436955403888,-0.0036360378674424754,0.7843863576842712,1.0203021504646737,-0.024094131171066117,0.6960189473276541,1.1517731668438609,0.0,0.0,0.0,0.0
0.036016158269784326,0.565752118031416,0.7790001829941551,-0.00895933301412139,-0.6613205671718266,-0.006149162543134652,0.7500246833188182,0.03952488538609435,0.6080824254940684,-0.8580409059811845,-0.06478258680354114,0.7131230959494749,-0.8894998772869565,-0.013602662908273036,0.7749601436378839,1.0292812242227598,-0.01478245244514056,0.7004086971932888,1.1391301086832049,0.0,0.0,0.0,0.0
0.032874292208685055,0.5662967700505087,0.77780022809965,-0.008513377600995539,-0.6609504876257751,-0.006431549404290148,0.7503536569387351,0.04514538533252492,0.610833360528936,-0.8481455774538345,-0.06541630169520955,0.6932861627064546,-0.8657254883509091,-0.02537518775539241,0.7645444287755134,1.0380567918237207,-0.004968853675441528,0.7037216836356056,1.1262222822223562,0.0,0.0,0.0,0.0
0.02937787953069574,0.5668932408166572,0.7765636534099876,-0.007954149238143386,-0.6604953295864607,-0.00678292947785266,0.750757379565508,0.05107739013317749,0.61396071574752,-0.8387433166876603,-0.06607166058296263,0.6709455852017885,-0.8385068637929742,-0.038406358252787924,0.7534349356968552,1.04647120882359,0.0058440868533338065,0.7067834439089965,1.113514958534238,0.0,0.0,0.0,0.0
0.025805538762574957,0.5674184285318946,0.7752788229803703,-0.007285711485790985,-0.6599566447544457,-0.007235093029475135,0.7512335182095211,0.05737782729371376,0.6178435125641926,-0.8292313007201809,-0.06643880815423057,0.6479945446253182,-0.8108708552643117,-0.05153280896778044,0.7419470042202485,1.054482965951975,0.018425974032024915,0.7115196086648362,1.1012945654661026,0.0,0.0,0.0,0.0
0.02256180165360693,0.5677646277477678,0.7740792115212186,-0.0065926916666146996,-0.6594337272167496,-0.007738204914491318,0.7516939643301093,0.06432011667891872,0.622827380389285,-0.8196277511887679,-0.06635025775485369,0.6271099967770897,-0.7859663500970853,-0.06272020378022598,0.7313562928061682,1.061187920096876,0.03497901913476467,0.7195970299483828,1.090488048044781,0.0,0.0,0.0,0.0
0.019921059859141433,0.567928467915473,0.7731538386556392,-0.0059772935034213765,-0.6589860308447356,-0.00823282710528335,0.7520863671625285,0.07112652045487883,0.6281928280872561,-0.8106272759174429,-0.06587396712494153,0.6101317690272521,-0.7656231776042104,-0.07112151647843129,0.7230161168333137,1.0655188488551308,0.05804001351480032,0.731406332717868,1.0816232700016037,0.0,0.0,0.0,0.0
0.018261041829183186,0.5679246695506579,0.7727015718528447,-0.005592245967616741,-0.6586671851323863,-0.008645289129264237,0.7523639577961505,0.07610700848060087,0.6317890364713835,-0.8032950722082489,-0.06511995754338422,0.5995940901536825,-0.7527330441943272,-0.07569398000236909,0.7183819185458975,1.0665850834187172,0.08765521907749498,0.7456621929631293,1.074571940899875,0.0,0.0,0.0,0.0
0.018225909001800898,0.5678481272584113,0.7726570835780312,-0.0054841706849707815,-0.6586680470579521,-0.00866128773985215,0.7523638147541714,0.07615160244071636,0.6318174835937626,-0.803307474402456,-0.06500393254912576,0.599422412869024,-0.7526847369207661,-0.0757178479584225,0.7182531180378455,1.0665081099257512,0.08765027538227155,0.7457073319127016,1.0745889792077437,0.0,0.0,0.0,0.0
0.018225909001800898,0.5678481272584113,0.7726570835780312,-0.0054841706849707815,-0.6586680470579521,-0.00866128773985215,0.7523638147541714,0.07615160244071636,0.6318174835937626,-0.803307474402456,-0.06500393254912576,0.599422412869024,-0.7526847369207661,-0.0757178479584225,0.7182531180378455,1.0665081099257512,0.08765027538227155,0.7457073319127016,1.0745889792077437,0.0,0.0,0.0,0.0
0.018225909001800898,0.5678481272584113,0.7726570835780312,-0.0054841706849707815,-0.6586680470579521,-0.00866128773985215,0.7523638147541714,0.07615160244071636,0.6318174835937626,-0.803307474402456,-0.06500393254912576,0.599422412869024,-0.7526847369207661,-0.0757178479584225,0.7182531180378455,1.0665081099257512,0.08765027538227155,0.7457073319127016,1.0745889792077437,0.0,0.0,0.0,0.0
0.019077242453674644,0.5677523702367425,0.7727473288689818,-0.005282273431423172,-0.6590129816821633,-0.008766352077917853,0.7520619247329481,0.07647460427711202,0.6363384239524554,-0.8082148749462701,-0.06491089172232418,0.6048300308744388,-0.7599086743567459,-0.07871833982414152,0.7224626426399,1.0673804807307286,0.08665702793661836,0.748598121369578,1.075447144907621,0.0,0.0,0.0,0.0
0.020704490047177462,0.5676312497936719,0.7728846536613256,-0.005303568933077058,-0.6594453092940861,-0.008670369509203088,0.7516838304095499,0.07677662940904363,0.6457832899003083,-0.8209873311411191,-0.06508370638547367,0.6151593186389953,-0.7739622468941051,-0.07873468738231994,0.7276328330738283,1.0688109860200379,0.09087573857289337,0.7552711722802906,1.0771491023489639,0.0,0.0,0.0,0.0
0.023046750366268035,0.5674915073312221,0.7731248213905877,-0.00557597461546693,-0.6600795022865232,-0.008275486433809003,0.7511294665319336,0.07686236653611904,0.659443244864861,-0.8398629091304859,-0.06568185772723585,0.6295415175059884,-0.7924387108324631,-0.07458347432706836,0.7339671928107973,1.0702376589992686,0.10228319665573377,0.7671068244292301,1.079279263061796,0.0,0.0,0.0,0.0
0.02602831191455985,0.5673795520460663,0.7736542632177967,-0.006143754472639938,-0.6610669175075382,-0.0074642680306152955,0.7502646663417042,0.07640883939610323,0.6766078266848088,-0.8624387986727639,-0.06697318169057233,0.6469127419031719,-0.8118801163041701,-0.0648310086801133,0.7422907712499373,1.0700678105122159,0.12412710989612744,0.786788128973768,1.0801708679439377,0.0,0.0,0.0,0.0
0.029521254815400005,0.5674651853646071,0.774963801716219,-0.006885278490601816,-0.6623826211042136,-0.006332527053918444,0.7491073055980231,0.07505278247224541,0.696967019679087,-0.8860366031815665,-0.06925600103473797,0.6661860262403306,-0.8288924767647095,-0.052093430343717585,0.7554408632215656,1.0642697622693873,0.1558787661480662,0.8166827853731867,1.0745506247483805,0.0,0.0,0.0,0.0
0.032129589564546666,0.5690969195564705,0.7756449134961089,-0.004030647216523491,-0.6595841941678893,-0.01064517358571024,0.7515444930050663,0.07726554278102879,0.7193739947896495,-0.9213692896423558,-0.059916486665284624,0.6420089129480192,-0.8210174885909167,-0.04771902247194547,0.7315266675855894,1.074086496594226,0.029819120468525778,0.7740118654767284,1.0574661545313835,0.0,0.0,0.0,0.0
0.03491927352090096,0.5697578048784049,0.7767671740284368,-0.0036715736129053905,-0.660045667233243,-0.01063576485449063,0.7511412099064916,0.07556693095322595,0.7365954717638801,-0.941049814409228,-0.05244986127914461,0.6334684738121228,-0.8209583357660177,-0.024504948452963526,0.7199840773868045,1.086366383085403,0.036590063861853345,0.790001323216758,1.0469614482764196,0.0,0.0,0.0,0.0
0.03745009907306969,0.5701445812338246,0.7776634586294415,-0.0037232159091030777,-0.6606311640359085,-0.010216749253798873,0.7506318810192781,0.0740830002649933,0.7514916490465944,-0.9584432209179243,-0.04482694262595655,0.6268907278606751,-0.8268107680086184,-0.0067365249078961235,0.7114013562965065,1.098699516167575,0.047384304806999,0.8062355178022899,1.0400501810292453,0.0,0.0,0.0,0.0
0.039586438917363395,0.570498000650752,0.7784515951122399,-0.0036410669161127847,-0.6610083488757903,-0.01007158956747426,0.7503021181042994,0.07304705937478426,0.7641484928092909,-0.9731007638763097,-0.03785803800733735,0.6205105466741999,-0.8350113939842065,0.0069012433808478164,0.7033390635977619,1.1108833137285394,0.05005312847498071,0.8176667871753399,1.0334403276456856,0.0,0.0,0.0,0.0
0.04128650095055218,0.5708583902706623,0.7792337979393494,-0.0034556697265924205,-0.6612283457602472,-0.01012928874670828,0.75010834592037,0.07223719853856858,0.7744749543242129,-0.9844373862350198,-0.03161959787629788,0.6145165077458705,-0.8440844388356734,0.018506788165788365,0.6951595335569585,1.1227981624610617,0.04588997161806117,0.8252929523572928,1.0261950668758788,0.0,0.0,0.0,0.0
0.04255419145452699,0.5712199884066422,0.7800432586377376,-0.0032411557751877347,-0.6613714735925246,-0.010265138640852937,0.7499812636032833,0.07149014084626716,0.7824742604859481,-0.9922824089110875,-0.025833996909211097,0.6089394801711746,-0.8533965070037892,0.0291417253099214,0.6867159161231395,1.1343604407713628,0.03831419301637667,0.8307061232573943,1.0182626183563428,0.0,0.0,0.0,0.0
0.0434261459839223,0.5715751854241718,0.7808739329326533,-0.00304466468180154,-0.661491036264465,-0.010397134610435524,0.7498748152529406,0.07071358459480187,0.7883128053787755,-0.9968868222844669,-0.020212317267277607,0.6036101819143536,-0.8626809316581283,0.03939382934210511,0.6779308256560466,1.1455417693602155,0.029993277979256078,0.8350507576342756,1.009884832879277,0.0,0.0,0.0,0.0
0.04395794542958511,0.5719254318260311,0.7817088005854125,-0.0028913719692645187,-0.6616136965133753,-0.010481246458370615,0.7497660301898995,0.0698509863074784,0.7922818925224671,-0.9987591338917441,-0.014575791641526135,0.5983184110942723,-0.8718229720114928,0.04964080132984254,0.6687293024801504,1.15634545889224,0.02240387090582628,0.8389753350193698,1.0013149543061801,0.0,0.0,0.0,0.0
0.04420999842785274,0.5722873598627694,0.7825274955028394,-0.0027707066962086384,-0.6617318846624569,-0.010529049577219047,0.7496615070286567,0.06888403450315587,0.7947470263595147,-0.9985490632746665,-0.008829308833263091,0.5927887024909719,-0.8807647481496886,0.05998504352233398,0.659004062504879,1.1667891310578205,0.01535026432170377,0.8424337881020635,0.9926907307424884,0.0,0.0,0.0,0.0
0.044239495739917555,0.5726796040339603,0.7833154156587713,-0.002668520597887703,-0.6618339481077006,-0.010559674637369152,0.7495713424361586,0.067799316615661,0.7960620396462447,-0.9968606736171558,-0.002954388560841157,0.5868173168627282,-0.889479920830653,0.07044961285496172,0.6486931380826904,1.1768903637280816,0.008331245273024139,0.8452842027800059,0.9840769765095729,0.0,0.0,0.0,0.0
0.044095560247818646,0.5731140297937162,0.7840636574571944,-0.0025847941812311786,-0.6619199350405849,-0.010573227581409434,0.749495513858102,0.06657489254456914,0.7965152034050175,-0.9941654980145915,0.003014462453378528,0.5803233508138194,-0.8979675360394972,0.08108928508156041,0.6378139916296658,1.186654066764071,0.0012987962356307446,0.8475906341708467,0.9755399460130516,0.0,0.0,0.0,0.0
0.043816847480101145,0.573599264604052,0.7847627084135863,-0.002522750209040088,-0.6619929099287111,-0.010565484475854097,0.749431380096464,0.0651902705542277,0.7963288725194784,-0.9908333840040641,0.00903024784333219,0.5732878409673475,-0.9062295690859408,0.09193613720680076,0.6264421903217624,1.196054792949892,-0.005701031519119166,0.8494294635184623,0.9671666852365753,0.0,0.0,0.0,0.0
0.043431984130156955,0.5741448020348652,0.7853988844502758,-0.0024842118022904247,-0.6620541690760741,-0.010534489379606502,0.7493778288915555,0.06362479387258273,0.7956741707960684,-0.9871763969648785,0.01504629788777663,0.5657640973408804,-0.9142290597515521,0.10298666319686464,0.6147149134181976,1.2050084117364364,-0.01270586061468687,0.8507959847542431,0.9590731689938067,0.0,0.0,0.0,0.0
0.042961116866704785,0.5747637148301029,0.7859502042906613,-0.00246835387244172,-0.6621012260315708,-0.010482550555699474,0.7493370335506568,0.06185379454742882,0.7946860424855533,-0.9834934546436165,0.021016734834495343,0.5579527129957307,-0.9218282276227886,0.11418746395114995,0.6028602806524133,1.2133216260152975,-0.01988708806955706,0.8515638671099555,0.9514312623447876,0.0,0.0,0.0,0.0
0.04241732946053783,0.5754726302409249,0.7863813163262386,-0.002473813864805598,-0.6621288787181745,-0.010413717903699273,0.7493135409772049,0.05984613304432032,0.7934684141177771,-0.9801001867910495,0.0268917539070087,0.5503310656436514,-0.9287068974488712,0.12541154625886003,0.5912559920949971,1.2205945971128087,-0.027470851817003535,0.8514910562093682,0.9445236283127522,0.0,0.0,0.0,0.0
0.04180690470365409,0.5762883442307918,0.7866400994079045,-0.0025051062777822907,-0.6621342047660957,-0.010325607810294395,0.7493099499837533,0.057563308312327435,0.7920824279610669,-0.977321647614374,0.032610287440992695,0.5437894938548743,-0.9342785655387423,0.13642176919804577,0.5805334272054341,1.2260410321821655,-0.03551993310596718,0.8502890006489886,0.9388066644616099,0.0,0.0,0.0,0.0
0.04112799661566502,0.5772230229250973,0.7866633310081637,-0.0025806753343175864,-0.6621236436883129,-0.010199423960270815,0.7493207539729628,0.05495971811882472,0.7905229181672144,-0.975425313685828,0.038093255103582586,0.5396213688277604,-0.937648298160352,0.14682054515833598,0.5717524561091091,1.2281849868863657,-0.04370101797557271,0.8477492372989714,0.9348947268885418,0.0,0.0,0.0,0.0
0.04036879015700746,0.578285908384489,0.7864038737418534,-0.002726648112210768,-0.6621127815428172,-0.010008999946860572,0.7493324027611309,0.051988076488185916,0.7887163422340305,-0.9744887062009648,0.04325410821251765,0.5390280960282607,-0.9377217946077507,0.1560137302891182,0.566585453976617,1.2245457505421047,-0.05153165135904886,0.8438093460512376,0.93327304945448,0.0,0.0,0.0,0.0
0.03950683305937295,0.5795082070503139,0.7858531528019852,-0.002938528968534847,-0.6620972056422181,-0.009765420333769254,0.7493485783625484,0.04858456519774095,0.7865979247954293,-0.9744493686650496,0.048048412865938445,0.5419347345130492,-0.9344614751337201,0.1637655743478988,0.5650975276755008,1.2152510425811351,-0.05953264373404064,0.8382212676090408,0.9338761757684669,0.0,0.0,0.0,0.0
0.03851150487527809,0.5809386505839853,0.7850426353888641,-0.0031932194345529077,-0.6620613262514613,-0.009499068046385714,0.7493826601530416,0.04465839194126476,0.7841075003781295,-0.9750950173028569,0.052459827647610265,0.5470623171877751,-0.92892025148313,0.17033742893969814,0.5657312415354441,1.202970729078873,-0.06871390513519506,0.830777154488369,0.9361083498751602,0.0,0.0,0.0,0.0
0.03734524961337532,0.5826181220480499,0.7840198961959091,-0.0034802941323633495,-0.6620032706045156,-0.009223709497116267,0.7494361083139707,0.040119732698645084,0.7811121918790526,-0.97601521494962,0.05646307560146375,0.5530828802624692,-0.9219713290998724,0.17591879062522572,0.567500090655309,1.1892916234915816,-0.07955742496886298,0.821575625207242,0.9392558581758916,0.0,0.0,0.0,0.0
0.03596534612197685,0.5845790217076743,0.7828201824307824,-0.0037958136930219396,-0.661926400478238,-0.008944937247755825,0.7495058507082948,0.03489438195798788,0.7774135451881636,-0.9767409793957765,0.060028102399194455,0.5590573203993617,-0.9141867039118263,0.18057415524003792,0.5698024447104708,1.175050728161946,-0.09220324057769994,0.8107637908231018,0.9427570437178872,0.0,0.0,0.0,0.0
0.03432669704470796,0.5868456555818086,0.7814617200998362,-0.004136377963306686,-0.6618344039976948,-0.00866725071785595,0.7495885476895672,0.028932050260935104,0.7727653138672441,-0.9767933372370006,0.0631251138935291,0.5644611891528666,-0.9058926995940455,0.18430608358519956,0.5722635444021205,1.1606505696635259,-0.10661054667477367,0.798443883724806,0.9462321460130194,0.0,0.0,0.0,0.0
0.032383941144771354,0.5894315488661473,0.7799502170616266,-0.004497167928175964,-0.6617303963422729,-0.008395526749223567,0.7496813810999492,0.022215025875447537,0.7668794064092913,-0.9756716525144172,0.06573422641620098,0.5690763117572858,-0.8972727496570839,0.18712899377404993,0.574649176274466,1.1462429815911812,-0.12258751449079164,0.7846886622218211,0.9494414908965043,0.0,0.0,0.0,0.0
0.030093348483001825,0.5923348869554015,0.7782858156463642,-0.004871350258965441,-0.661617259031615,-0.008134781574450047,0.7497817668007695,0.014769373616281377,0.7594272398247379,-0.9728228169450125,0.06786106552374475,0.5728765234248446,-0.8884630253638536,0.1891262252579134,0.576814737419595,1.1318228289186119,-0.1397879033168296,0.7695833608388191,0.9522326693739225,0.0,0.0,0.0,0.0
0.02741598996670456,0.5955337747665329,0.7764708839563282,-0.005249353819799759,-0.661497702919134,-0.007890167736480318,0.7498873105809124,0.006676482333290408,0.7500507569658847,-0.9676219013407941,0.06955871033633873,0.5759559408422587,-0.8796222270986475,0.19050113229338098,0.5786702360966854,1.1172679900208864,-0.1577291758574137,0.7532647668870827,0.954486696573763,0.0,0.0,0.0,0.0
0.024324067547597743,0.5989827118805037,0.7745186669382961,-0.005617571508704057,-0.6613737794689171,-0.00766751742863419,0.749996250589179,-0.0019190772721229387,0.7383977172940652,-0.9593878018194484,0.07095686807701562,0.5785119559000201,-0.8709761807213654,0.19165038132375545,0.5801528463806624,1.10235068413809,-0.17584449295436155,0.735956841852345,0.9560607237860049,0.0,0.0,0.0,0.0
0.020812707516813703,0.6026115556429408,0.7724622701703645,-0.005955914404053682,-0.6612459415960379,-0.007474793578144087,0.7501082983592068,-0.010809535358163178,0.7241971027791698,-0.9474612937327394,0.07229630898604623,0.5808812812962921,-0.8628469898194138,0.1933023016317648,0.5812008698735066,1.0867356922318219,-0.19357395496512245,0.7180026173920234,0.9567310037044223,0.0,0.0,0.0,0.0
0.016920312624230632,0.6063276791386379,0.7703601955415269,-0.006233271554022547,-0.6611120016136149,-0.00732531365961138,0.750225571030448,-0.01973409888372455,0.7073932240805415,-0.9313908632687043,0.07395589803066009,0.5836215330250691,-0.8556875890210013,0.19679081556574998,0.5817198882787826,1.0699739350387398,-0.2104991337547828,0.6998738330828184,0.9561728026508095,0.0,0.0,0.0,0.0
0.01276224206227918,0.6100195079493792,0.768284397584983,-0.00639796950963135,-0.6609698516154979,-0.007248446708692893,0.7503501724274152,-0.028387659215056427,0.688356898378089,-0.911292225960128,0.07645167567120703,0.5876157158024929,-0.8501685923587783,0.20456850869104884,0.5815272141969512,1.051534058734846,-0.2265603580162368,0.6820736507957997,0.9541197833055446,0.0,0.0,0.0,0.0
0.008824195379845894,0.6136818940410113,0.7662690394710603,-0.0063703163415418365,-0.6607140555308275,-0.007291349417972254,0.7505752408102603,-0.036784470001496095,0.6700659674123117,-0.8920274196076915,0.07983050964832607,0.593662954203313,-0.8465281562108078,0.22121308771639764,0.5808285640198205,1.030443495774087,-0.24309915285294165,0.6648126405712828,0.9505500325328761,0.0,0.0,0.0,0.0
0.005412752452907364,0.6170674972928989,0.764393556650754,-0.0060665122489399915,-0.6603879656102541,-0.007508425351132578,0.7508625412517458,-0.04435317102910754,0.6540200365397312,-0.8753715667933151,0.08425939107662654,0.6026619964911313,-0.8471808962936953,0.2523202120086482,0.5781589780685552,1.0052987688707506,-0.25991624219356374,0.6486986348170651,0.9462506676078146,0.0,0.0,0.0,0.0
0.002905051829015731,0.6197327966221268,0.7624765286768186,-0.0054494196767405564,-0.6600772795162805,-0.007925278777183499,0.7511361253780015,-0.05010323044849985,0.6417682613102624,-0.8641234558919536,0.08940533309883918,0.614884866968755,-0.8565693310429944,0.30162500159242184,0.5727786483236472,0.9736244409845615,-0.27574695766470486,0.6329330827661045,0.9457506686893663,0.0,0.0,0.0,0.0
0.0017660321570931825,0.6211826052525793,0.7605888006287627,-0.004708361969693196,-0.6600244743886295,-0.008427080041873286,0.7511820743718153,-0.053025188993501345,0.6354495039289886,-0.8606416157158184,0.09424145511005942,0.6310362133280529,-0.8805142268887226,0.3586584489650068,0.569400732708879,0.934831611139026,-0.2880600933553214,0.6189518149748694,0.9525534861190337,0.0,0.0,0.0,0.0
0.0016952560732822089,0.6214684598892579,0.7604221864623195,-0.004900716084229078,-0.6600996038189033,-0.008476195678259324,0.7511142723492961,-0.05337808132811979,0.6351951864767923,-0.8606593013051603,0.09425163895641178,0.6310658242657831,-0.8805272610725152,0.3587032661167113,0.5694234608377945,0.9348353917694789,-0.28805308230619175,0.6187413769147979,0.9524122891975413,0.0,0.0,0.0,0.0
0.0016952560732822089,0.6214684598892579,0.7604221864623195,-0.004900716084229078,-0.6600996038189033,-0.008476195678259324,0.7511142723492961,-0.05337808132811979,0.6351951864767923,-0.8606593013051603,0.09425163895641178,0.6310658242657831,-0.8805272610725152,0.3587032661167113,0.5694234608377945,0.9348353917694789,-0.28805308230619175,0.6187413769147979,0.9524122891975413,0.0,0.0,0.0,0.0
0.001948493740059154,0.6226294249363467,0.7603304602157108,-0.00505988448415784,-0.6599326691345722,-0.008544865179795838,0.7512591131274118,-0.0559266514365198,0.6390782688678565,-0.8683106827371007,0.09178475206458947,0.6306693083618513,-0.8808189846768522,0.3536986664083625,0.5680718719134983,0.9415340263722505,-0.29347676013033724,0.6184170623515752,0.947766069261147,0.0,0.0,0.0,0.0
0.002815727383178013,0.624465067116547,0.7602487303057367,-0.005260233275752449,-0.6598457414033371,-0.008533587016282656,0.7513342168372212,-0.06036407279620679,0.6479571338016406,-0.8838338224121021,0.08765158170169178,0.6327827008240107,-0.8845337766075978,0.34707125652825926,0.5667823951483293,0.9526048932693433,-0.3034439356034748,0.6189445637300636,0.9412959696897018,0.0,0.0,0.0,0.0
0.004499533470467666,0.6268742290045108,0.7602922510222244,-0.005534118671215108,-0.659905509434649,-0.00846981071862783,0.7512804765563392,-0.06642572629041917,0.662659954809668,-0.9076684947305207,0.08217710233007264,0.6387183837182496,-0.8929967674757857,0.3397594807003397,0.5666843026305864,0.9668677589899466,-0.31775612288902416,0.6213490289862307,0.9326529152436382,0.0,0.0,0.0,0.0
0.007127695128332378,0.6300034916070059,0.7609462148681077,-0.005965566362288173,-0.6601980725346417,-0.008303274770830265,0.7510219521875516,-0.07456860825739411,0.684106311959603,-0.9389163465543947,0.07492871745999297,0.6490392491886715,-0.9045451597221109,0.3318255290695391,0.5707847929301738,0.9807810970107622,-0.3369867911946337,0.6290432284901033,0.9169370625357989,0.0,0.0,0.0,0.0
0.010900822531922337,0.6345239382827144,0.7639887211138675,-0.006896097425298735,-0.6615377933758635,-0.007613794819343197,0.7498414645137618,-0.08700606409166176,0.7145196499630123,-0.9706782144987426,0.06357445058559677,0.6636559423934418,-0.907039566549916,0.3253082448903173,0.5895197402379331,0.9829058749878684,-0.36395666075686695,0.6558928465844784,0.8765522797531238,0.0,0.0,0.0,0.0
0.013120373090007815,0.6389633744117154,0.7670019218961908,-0.006511508983400647,-0.6607723312813513,-0.008092213495618152,0.7505145185434513,-0.08335688858921515,0.6782189102596662,-0.9118705739810948,0.05347783653088748,0.6713508306459093,-0.9109060080731708,0.29725287045801285,0.6091216820047166,0.9795284215385844,-0.3039290636332577,0.6426142257717927,0.9375571179755919,0.0,0.0,0.0,0.0
0.016237059679138476,0.6434831679404789,0.769734677928346,-0.006342071861787081,-0.6605936163278835,-0.008264734620551419,0.7506713970526656,-0.07887063527654944,0.6539192803970449,-0.8816653575001623,0.04270837528800462,0.6828541188052132,-0.9186128000469477,0.2725130963505714,0.6285292340593007,0.9800984690851102,-0.25045515780722993,0.6395179603347295,0.9832600351238271,0.0,0.0,0.0,0.0
0.019909214140395152,0.6477075758944513,0.7722731758427939,-0.0064631657588053275,-0.6606825042341187,-0.008218847833389413,0.7505926369393717,-0.07424285898995156,0.6383442218447243,-0.8689153753417104,0.03237719530125147,0.697150430959635,-0.9296486665330771,0.25200647001503074,0.6476934226632945,0.9810581132755484,-0.2163293655508001,0.638932608191352,1.0165038551761745,0.0,0.0,0.0,0.0
0.023602972961618972,0.651630739989501,0.7746777797895859,-0.006764850727653671,-0.6608563914248594,-0.008047863744121322,0.7504387374041278,-0.0703927234178756,0.6283170525512151,-0.865837803112712,0.02256460896636057,0.7113852315742196,-0.9402506043021468,0.23389662168938463,0.66647079462793,0.9809494962633907,-0.19711594942891753,0.638387466702503,1.0416856137508872,0.0,0.0,0.0,0.0
0.027070403320318306,0.6552582039221259,0.7769487004222911,-0.007146633162301191,-0.6610371164775845,-0.007818438379441102,0.7502784338462294,-0.06735069004108254,0.6216762692542221,-0.868088865042288,0.013327307594703373,0.7243310030713062,-0.9490544988461019,0.21704161364096358,0.6846071003697001,0.9796136721835371,-0.18663941370077766,0.6375445279375537,1.061959729990665,0.0,0.0,0.0,0.0
0.030187359026648392,0.6585994346395768,0.7790551618025259,-0.0075451904207509985,-0.661192292529809,-0.007569427582747785,0.7501403376480693,-0.06482071639437878,0.6168604491696935,-0.8732863472134956,0.004699515289097886,0.7354225195729763,-0.9556188725561665,0.20079337045036866,0.701746987927427,0.9774288190762325,-0.18058681917797464,0.6363817897369094,1.079340991931669,0.0,0.0,0.0,0.0
0.03291280084160683,0.661659078994697,0.7809785696953834,-0.007928322721962101,-0.6613153818963953,-0.007320074485928158,0.7500303486363479,-0.06244402962331222,0.6128148429032716,-0.880102671884901,-0.0032863780814419517,0.7445466224694084,-0.959990416574701,0.18494560276142427,0.7176598633532144,0.9747581860447744,-0.17648519491397788,0.6348950560728351,1.095093519566948,0.0,0.0,0.0,0.0
0.035255236751669694,0.6644410510575057,0.7827189487466015,-0.008281808091307692,-0.6614111727717656,-0.007079259180330169,0.7499443687880282,-0.0599352082702909,0.6088735349354567,-0.8877726547875745,-0.01060773283272476,0.7518463795957316,-0.9624438774922144,0.16954778305757046,0.7322659562932324,0.9718252528847637,-0.173032719200517,0.6330776348046391,1.1100037353314751,0.0,0.0,0.0,0.0
0.037249270850382585,0.6669526868606955,0.7842890942484398,-0.008600483144207666,-0.6614878452863683,-0.0068509374450194645,0.7498752742184585,-0.057118082044440494,0.6046420672043172,-0.8958422635526999,-0.017260220169930843,0.7575818696443654,-0.9633361304940862,0.15475057328744443,0.7455949090385112,0.968738777434596,-0.16957017276863626,0.6309380105748769,1.1245538351193258,0.0,0.0,0.0,0.0
0.03894034500431885,0.669206252284561,0.7857073151625095,-0.00888353816766458,-0.6615531402331393,-0.006636732424711564,0.7498162969554734,-0.053910541989271824,0.5998987760816603,-0.9040389568091063,-0.023259949878224592,0.7620436680094752,-0.9630288158892599,0.14071112140695446,0.7577357265149202,0.9655458474604153,-0.16577332402126482,0.628509458466496,1.1390282453230933,0.0,0.0,0.0,0.0
0.040375431625643776,0.6712182998414319,0.7869918248025691,-0.009132194595070088,-0.661612864220374,-0.0064371521300554775,0.7497623516771466,-0.05029378248769952,0.5945284175287957,-0.9121978663246696,-0.028639990777345685,0.7655051288426459,-0.9618519695912824,0.12754769959174803,0.7687962395352186,0.9622764992156654,-0.16149379605436218,0.625854429082376,1.1535758238729859,0.0,0.0,0.0,0.0
0.04159785537749817,0.6730079557015992,0.788156655373847,-0.009348481586200413,-0.6616705605725223,-0.006252292203176899,0.7497103333994288,-0.046283842778561915,0.5884964761596669,-0.9202070028753131,-0.0334440828772406,0.768200285545575,-0.9600939240211087,0.11532595114877331,0.778872489241355,0.958977883245479,-0.1566797694209988,0.623070900570169,1.1682391424916954,0.0,0.0,0.0,0.0
0.04264484168252127,0.674595019803505,0.7892081564311386,-0.009534506591365751,-0.6617276648189888,-0.006082356752123333,0.7496589862955068,-0.041911431231870494,0.5818708240446322,-0.9279492303156053,-0.03772005833149828,0.7703170550195898,-0.9580086093219996,0.10406174775560352,0.788023213265143,0.9557457364423146,-0.15133416646505138,0.6203050479808778,1.1829520928394976,0.0,0.0,0.0,0.0
0.04354662938614636,0.6759984986517539,0.7901413032441477,-0.009691993466753647,-0.6617838064846553,-0.005928051589642631,0.749608642520663,-0.03721033404272865,0.5748937790824279,-0.93522807355459,-0.04151478354352629,0.7719975470884229,-0.9558324616760555,0.09372961365637243,0.7962449480550942,0.9527603715819191,-0.14548538500903033,0.6177734536052678,1.1974970932907316,0.0,0.0,0.0,0.0
0.044326081517093975,0.6772360549042173,0.7909358083839826,-0.00982200953751712,-0.6618371248809439,-0.00579078600389032,0.7495609481926255,-0.03221304906614212,0.5680921697037634,-0.9416765994510538,-0.044871958700024604,0.773338328218353,-0.9538007120503079,0.0842683474232245,0.8034472266814716,0.950327531767382,-0.1391530214559388,0.6158020549352318,1.2114021554952832,0.0,0.0,0.0,0.0
0.044997898028520854,0.6783247682266926,0.7915538028359375,-0.00992482413418165,-0.6618845501225049,-0.005672587561810155,0.7495186201325411,-0.026952321485810164,0.5623714696777053,-0.9466700891338999,-0.047833745915806414,0.7743850242215419,-0.952147694218069,0.07557727639772285,0.8094374420696147,0.9489071682323276,-0.13229429921989042,0.6149020517412531,1.2237465918447632,0.0,0.0,0.0,0.0
0.04556722687215679,0.6792831101272616,0.7919448391850178,-0.009999883136501398,-0.6619222040174613,-0.005575648928844363,0.7494850967864171,-0.021466105522120037,0.5589573690821952,-0.949296045856586,-0.05044577282633929,0.7751214710251768,-0.9510679006594425,0.06750328695179199,0.8139483192823685,0.949072889580511,-0.12472837287319452,0.6159259887599636,1.2328426517638142,0.0,0.0,0.0,0.0
0.046029387834602385,0.6801316572482533,0.7920709340230522,-0.010047114551040154,-0.6619489034414019,-0.005500645213498117,0.7494614383836964,-0.015797903910121272,0.5589405298239891,-0.9485013724817526,-0.052759206879076544,0.7754685605904296,-0.950595119387412,0.05986866658905984,0.8167807053016125,0.9512730437631146,-0.11610273048001202,0.6202945286639577,1.2359328270033916,0.0,0.0,0.0,0.0
0.0463690750137215,0.6808801777339083,0.7919316919010875,-0.010067580238531309,-0.6619639588712691,-0.005448668261728526,0.7494482457099964,-0.009985301089530106,0.5622978768921643,-0.9442512013183937,-0.054792414107332196,0.7753213586495918,-0.9505730045783125,0.05259968504172523,0.8179171331742011,0.9555326496387587,-0.10654645844819469,0.6278865746355987,1.2329112509264741,0.0,0.0,0.0,0.0
0.04656198035118312,0.6815294323094574,0.7915651654266355,-0.010063208291222616,-0.6619674159566388,-0.005421189661467071,0.7494454501517986,-0.004070925852514169,0.5679109221227664,-0.9375654361027053,-0.05653565193651276,0.7745539550390426,-0.9506576988152493,0.045725547220326956,0.8175251254601017,0.9614549284784445,-0.09662444115280537,0.637084145262256,1.2263578524923462,0.0,0.0,0.0,0.0
0.04657613453156781,0.6820851381371208,0.7910237958029473,-0.010035530156944418,-0.6619617095423478,-0.005418259344503689,0.7494508827801305,0.001890567335013628,0.5745364448380273,-0.9293437365270165,-0.0579918669790796,0.7729836869738276,-0.950347683054724,0.0392430926110909,0.815845340115453,0.9685154788526678,-0.08666886901642765,0.6468997703304048,1.2178402190601398,0.0,0.0,0.0,0.0
0.046371001496958476,0.6825574751321213,0.790349964678719,-0.009984294575042381,-0.6619476767786715,-0.005440058635432744,0.749463803549712,0.007841933751060341,0.5812556142298481,-0.9201972319237468,-0.05917512405712359,0.7703665617992,-0.9490945998362611,0.033083563592807785,0.8130487034309279,0.9762968424311724,-0.0768305646032756,0.6567312090278251,1.2082034108619808,0.0,0.0,0.0,0.0
0.04589812323825973,0.6829600997807449,0.7895712650313269,-0.009907486815816423,-0.6619236442345402,-0.005487216642545339,0.7494857045746623,0.013730644010673396,0.5875339805707692,-0.9104793219063131,-0.06010815861048879,0.7664020366219431,-0.946332187279831,0.027118191740875514,0.8092098087226917,0.9845279478724112,-0.06716620407478893,0.6661866758209041,1.19787318965929,0.0,0.0,0.0,0.0
0.04510227813933951,0.6833106183376306,0.7887031586447324,-0.009801101211641091,-0.6618844588517643,-0.0055609426200154575,0.7495211654534668,0.019514637787269216,0.5931263619089195,-0.9003786239897068,-0.06082393810451868,0.7607367955768414,-0.9414732080828724,0.021151854499243762,0.8043256087245767,0.9930538533687702,-0.057687782458646614,0.6749931005619831,1.1870438302940165,0.0,0.0,0.0,0.0
0.043923713886074044,0.6836317107542526,0.7877534784335519,-0.009658488214374901,-0.6618203713727635,-0.005663217201921434,0.7495788401578277,0.025171477453208874,0.5979613107201136,-0.8900125690150347,-0.06136916593650747,0.7529717464018809,-0.9339039716837386,0.014909635049044528,0.798347060552158,1.0017900640052815,-0.048378413471847445,0.6829437524626344,1.1757845509597828,0.0,0.0,0.0,0.0
0.042302930323726076,0.6839515806308452,0.786726916945493,-0.009469329850709854,-0.6617161853411448,-0.005797274353935709,0.7496722040063959,0.03071175820199292,0.6020606017992125,-0.8794967004796541,-0.061806150850875104,0.7426831441587479,-0.922999485149669,0.008031304284347061,0.7912144007739567,1.0106778350518029,-0.03918657749722915,0.6898684257827108,1.1640994698288527,0.0,0.0,0.0,0.0
0.040190141233060916,0.6843020831421692,0.785629008372529,-0.009218698752908951,-0.6615517485004834,-0.005968440369360317,0.7498190964284742,0.03619266514389201,0.6055088657672036,-0.8689828272012089,-0.06220864167965046,0.7294732175859504,-0.9081810040469434,9.743765281373072e-05,0.7828958836304827,1.0196436905356758,-0.03000844682939298,0.6956316721075623,1.1519714656678524,0.0,0.0,0.0,0.0
0.03756232912160115,0.6847122609784173,0.7844691668930754,-0.008887627433524512,-0.6613060797019304,-0.006184857314354873,0.7500380167483964,0.04172308394317658,0.6084749078262383,-0.8586639143945529,-0.0626460453101772,0.7130720796805865,-0.8890420903772996,-0.009274511363362499,0.7734315243525711,1.0285674595330883,-0.020667244324707665,0.7001848269060376,1.1394207705253698,0.0,0.0,0.0,0.0
0.03445167511928752,0.6851942662413474,0.7832613107272824,-0.008458221020075141,-0.6609686477786365,-0.006456608874755916,0.750338068708162,0.047448383202334916,0.6112815561874502,-0.8487396417345452,-0.06314966894847612,0.6935223904077833,-0.8655828845534151,-0.02021371999138465,0.7629798355076812,1.0372764742770808,-0.010893033975586485,0.7037223553893985,1.126611278422528,0.0,0.0,0.0,0.0
0.03098878372279265,0.6857184107924407,0.7820181705287711,-0.007925650822990307,-0.6605557300723909,-0.006790656912336618,0.7507044681539211,0.05350698365814525,0.6144808921266166,-0.8393126266569539,-0.06365837490566148,0.6714957006485365,-0.8386579349737147,-0.032242397517860774,0.7518411780852423,1.0456043269768265,-0.00023713063631370344,0.7070302365438921,1.1139844893860527,0.0,0.0,0.0,0.0
0.027446493342846986,0.6861697420361381,0.7807312131265467,-0.007291417921533089,-0.6600610684178914,-0.007217143884624736,0.7511418867416954,0.05996389454380174,0.6184447575352908,-0.8298154854644957,-0.06388642863832544,0.6488418058822187,-0.8112464260746216,-0.04431044736968559,0.7403309541478539,1.0534944678747218,0.011977732826950407,0.7119361982559038,1.101809705872572,0.0,0.0,0.0,0.0
0.024228461683221736,0.6864444410305847,0.7795333537892932,-0.006628099413880796,-0.6595679190987013,-0.007693865226236072,0.7515763652695907,0.06707799909655254,0.6234893006319278,-0.8202430155927289,-0.06367150586903417,0.6282534815590527,-0.7866202455210197,-0.05457541470640534,0.7297189517091283,1.0600404401784818,0.027734404680609115,0.7200206148834721,1.0909438381001972,0.0,0.0,0.0,0.0
0.021608198607089672,0.6865481860095632,0.7786133101971507,-0.006030209421445073,-0.6591306647870223,-0.008165636491072681,0.7519599229297046,0.0740663892111971,0.6289109003673979,-0.8113213751397383,-0.06310011175890246,0.6115560380377331,-0.7666245820942508,-0.06231855194968236,0.7213642988901222,1.0641907756992595,0.049277507338706325,0.7315790461857339,1.08187713761643,0.0,0.0,0.0,0.0
0.01996297966868373,0.6865072829868126,0.7781663397199146,-0.005644731767468318,-0.658804120747183,-0.008561176088739022,0.752244623612414,0.07920808442946528,0.6325957669485284,-0.8041682018754464,-0.06230665975847434,0.601248999523764,-0.7541119819572923,-0.06660046158804624,0.7167199004231185,1.0651132635888763,0.0765761959357642,0.7453059256093861,1.074502153161365,0.0,0.0,0.0,0.0
0.019926383304071017,0.6864287646688234,0.7781215095922153,-0.005536750901122882,-0.6588055158090993,-0.0085753589963892,0.7522440428126025,0.07925283251403763,0.6326242386333654,-0.8041804987780888,-0.062190227748981385,0.6010779101796526,-0.7540642089816807,-0.06662410445377345,0.7165917207043578,1.0650367264213156,0.07657063869240067,0.7453508816260753,1.074519152118233,0.0,0.0,0.0,0.0
0.019926383304071017,0.6864287646688234,0.7781215095922153,-0.005536750901122882,-0.6588055158090993,-0.0085753589963892,0.7522440428126025,0.07925283251403763,0.6326242386333654,-0.8041804987780888,-0.062190227748981385,0.6010779101796526,-0.7540642089816807,-0.06662410445377345,0.7165917207043578,1.0650367264213156,0.07657063869240067,0.7453508816260753,1.074519152118233,0.0,0.0,0.0,0.0
0.019926383304071017,0.6864287646688234,0.7781215095922153,-0.005536750901122882,-0.6588055158090993,-0.0085753589963892,0.7522440428126025,0.07925283251403763,0.6326242386333654,-0.8041804987780888,-0.062190227748981385,0.6010779101796526,-0.7540642089816807,-0.06662410445377345,0.7165917207043578,1.0650367264213156,0.07657063869240067,0.7453508816260753,1.074519152118233,0.0,0.0,0.0,0.0
0.020779272393567163,0.68633631442081,0.7781911593591184,-0.00530629327044485,-0.6591320482304773,-0.008713950027450517,0.7519580130048105,0.07961372321734458,0.6371575615031849,-0.8091877912428711,-0.062065130289153725,0.6065416040361683,-0.761623156901766,-0.0700312956148259,0.7207670684318764,1.0661009329952487,0.07473884261630538,0.7478019003194858,1.0754476182186032,0.0,0.0,0.0,0.0
0.02241424438877223,0.6861978931360796,0.7783106313273789,-0.005314311406130082,-0.6595617258120889,-0.008628544214392226,0.7515820887719438,0.07997806780815665,0.6465705961762939,-0.8219560281934922,-0.062181455148522156,0.6169821058929881,-0.7759688032989519,-0.06991471782975842,0.7258251085618204,1.0676419500385794,0.07858081521069782,0.75426374462511,1.0772981980939857,0.0,0.0,0.0,0.0
0.02476999012900664,0.68601047356594,0.7785460508816859,-0.00558930066185192,-0.6602134461774604,-0.00821661076516149,0.7510122851938754,0.08016469032281462,0.6601247688225246,-0.8406233361380385,-0.06268383496933906,0.6315516325321463,-0.7946622220449864,-0.06491361804164031,0.731989879485005,1.0689785120015072,0.09022823081929439,0.7662321403771425,1.0796051992041489,0.0,0.0,0.0,0.0
0.027770301340368574,0.6858241601005265,0.779099027296657,-0.0061751483411392446,-0.6612402778719352,-0.007358363797992033,0.7501126695004072,0.07983671764762955,0.6771302452484503,-0.8627623759088011,-0.06385274756013998,0.6491811007859565,-0.8141658085351167,-0.053523896024082605,0.7401317215683565,1.0683913930242452,0.11304070094811594,0.7865273326331261,1.080555732660716,0.0,0.0,0.0,0.0
0.03128518783171001,0.6858275823915098,0.7804856895602775,-0.006933811415734774,-0.6626003740118448,-0.006174680897688585,0.7489155759726366,0.07862066781580498,0.6973562062200644,-0.8857446482633268,-0.06599750174800902,0.6687749178712872,-0.8310974402748449,-0.038783498776733115,0.7532709715684454,1.0616749165321775,0.1461810500559073,0.8174929559875564,1.0745368156156905,0.0,0.0,0.0,0.0
0.03385379543915328,0.6873848309931543,0.7811564181943746,-0.004111278146533195,-0.6596402219881191,-0.01056349694784833,0.7514960328968473,0.08123632847627096,0.7195821276831157,-0.9213857631612378,-0.056422144953373936,0.6436489690823747,-0.822497950496928,-0.03813428881900035,0.7294636100366885,1.0721166074376276,0.019953289493246984,0.7736787297771786,1.057373017916244,0.0,0.0,0.0,0.0
0.03662731436217789,0.6879645841117303,0.7822847200486707,-0.003768157963720504,-0.6601019410705745,-0.010513168798705145,0.751093004668683,0.07970299951432692,0.7364940552676316,-0.940612004322586,-0.048967295725083126,0.634877905638663,-0.8219326634805545,-0.016933662421580207,0.7183482240914615,1.0849510207139317,0.028700003382174072,0.7902842006318865,1.0469849733807561,0.0,0.0,0.0,0.0
0.03914737942271002,0.6882694893909393,0.7831861437465883,-0.0038583555165673635,-0.6607084377023544,-0.010029414837297669,0.7505657095016021,0.07835910782575999,0.7511049539423934,-0.9575837511146407,-0.041347797053514955,0.6282952958199396,-0.8275511846366691,-0.00023747471371676418,0.7101041487218164,1.0976047659534791,0.04186824750325342,0.8073583252951311,1.0402858332103913,0.0,0.0,0.0,0.0
0.04127377195905737,0.6885661105955003,0.783971536502448,-0.003782738847579665,-0.6610890219340608,-0.009863862171312302,0.7502330972358812,0.07745607211118283,0.7635554749001291,-0.9719525630391057,-0.03435358331672347,0.6218511165464896,-0.8356198937197674,0.01274947964657894,0.7021888467250249,1.1099613959075105,0.045855200810615046,0.8191748784860846,1.0338218222074111,0.0,0.0,0.0,0.0
0.04296303513100985,0.6888993863354327,0.7847472140049372,-0.0035757705797406416,-0.6612881928299166,-0.009943770464257944,0.750057505340396,0.07675846050489522,0.7737645746379692,-0.9831654162579637,-0.028069794848813764,0.6157011175904725,-0.8445963672341383,0.023919631159997973,0.6939808957999581,1.1219430960190344,0.04161624880937723,0.8266151411545973,1.0266057915113929,0.0,0.0,0.0,0.0
0.04421780362340064,0.6892573320989952,0.7855488527761422,-0.003321488484371905,-0.6613923529485385,-0.010131264735311328,0.74996431958481,0.07610003969448888,0.7817080997013808,-0.9910020609716048,-0.02222221201134191,0.609896745366132,-0.8538258994755625,0.0341973954426816,0.6853986999821319,1.1334991418232518,0.03288576319767322,0.8314071524788824,1.018603816975991,0.0,0.0,0.0,0.0
0.0450758952766824,0.6896128577554874,0.7863780228190316,-0.0031059919971674595,-0.6614888671233691,-0.010287741648199285,0.7498779859799427,0.07536214381121277,0.7874906075885871,-0.9955686993761568,-0.016562930526150828,0.6044413405908151,-0.8630454033192083,0.04430461083618489,0.676491129514205,1.1446287552596395,0.023954775210249253,0.8354122814272996,1.010150562808071,0.0,0.0,0.0,0.0
0.0455923850648851,0.6899624048338148,0.7872130582783164,-0.002950025882684713,-0.6616022799414009,-0.010374053090996642,0.74977736665366,0.07450748243123784,0.7913870504792959,-0.9973646752123266,-0.010903643790170729,0.599094260874794,-0.872140725108723,0.05454367796143284,0.6671850295769527,1.1553555892166119,0.01628491362212271,0.8392379013523373,1.0015436711428296,0.0,0.0,0.0,0.0
0.04582765861757316,0.6903232524529723,0.7880304635499736,-0.0028322047269844,-0.6617165663095318,-0.01041651327791375,0.7496763706687296,0.07353625229090181,0.7937681685957911,-0.9970619220849749,-0.005137230087555041,0.5935275014043931,-0.8810468979757706,0.06493766317922776,0.657353791365375,1.165704748201484,0.009335417851009314,0.8426695369697496,0.9929183470526503,0.0,0.0,0.0,0.0
0.04583946777319067,0.6907145487671245,0.7888163706765874,-0.002735804362666085,-0.6618176277522948,-0.010437829151425264,0.7495872162019706,0.07243937973762707,0.7949941834771971,-0.9952730574253351,0.000752791255432597,0.587528093580419,-0.8897296049392128,0.07549420140561112,0.6469317377975051,1.1756969202935306,0.002516014808369024,0.8455300914874231,0.984323017078137,0.0,0.0,0.0,0.0
0.04567713256264278,0.6911507151147475,0.789561740491577,-0.0026541254787059974,-0.6618999563075745,-0.010447491227928568,0.7495146785654145,0.07120117551442068,0.7953641203666152,-0.9924890172436527,0.006736379454388224,0.5809876983798427,-0.8981806653894109,0.0862237961982051,0.6359263422444708,1.1853391542505631,-0.004459448105627503,0.8477826429533958,0.9757978814064674,0.0,0.0,0.0,0.0
0.045379592323353556,0.6916405592517448,0.7902579380292748,-0.002590711240097052,-0.6619666639107176,-0.01044080564790221,0.7494560785420372,0.06980048972170863,0.7951027909901727,-0.9890809625280205,0.012764169512357603,0.5738910731409995,-0.9063993129190113,0.09715685172032926,0.6244169070218615,1.194607647090789,-0.011528652754849943,0.8495159820803814,0.9674201268366148,0.0,0.0,0.0,0.0
0.04497573269010034,0.6921920279395842,0.790891917550041,-0.0025512923872068865,-0.6620219921076502,-0.010410320792782625,0.7494077649010347,0.06821399049337314,0.7943775352031732,-0.9853525497718231,0.01878531945245188,0.5663095560945972,-0.9143504710570618,0.10830713666228094,0.612550622205147,1.2034203946740545,-0.018589274688666516,0.8507881659422278,0.959313477730906,0.0,0.0,0.0,0.0
0.04448584998447738,0.6928175363229757,0.7914413760781199,-0.0025358139408879024,-0.6620641063112191,-0.01035726230234291,0.7493713471301022,0.06641770209478443,0.7933221299240318,-0.9816017394389085,0.02475471127440524,0.5584467230884511,-0.9218983728175425,0.11961793244213371,0.6005604851070947,1.2115869233301002,-0.02578582300544644,0.8514826006970179,0.951656231474544,0.0,0.0,0.0,0.0
0.043923163516119704,0.6935341197402605,0.7918703494674774,-0.0025410920079810754,-0.6620866061613578,-0.010288203731683324,0.7493524015155468,0.06438290764082816,0.7920430358332079,-0.9781498047830691,0.030625922622088027,0.5507717050687333,-0.9287234446972379,0.1309432076280361,0.5888263645883306,1.2187119266279454,-0.03340300989352199,0.8513297811138745,0.9447302849560214,0.0,0.0,0.0,0.0
0.04329414549432567,0.694358548657045,0.7921264866830552,-0.002571635338600154,-0.6620867082297627,-0.010200818026944964,0.7493534017996739,0.06207146357577422,0.790602731591901,-0.9753241982372748,0.03633823789548859,0.5441744086755408,-0.9342402569094584,0.14203731432614775,0.57798597115668,1.2240164899166157,-0.04150212327416838,0.8500414792513851,0.9389937453103284,0.0,0.0,0.0,0.0
0.042597061712879254,0.695302558154849,0.7921464535526056,-0.0026472250618404265,-0.6620718550093159,-0.01007462910088455,0.7493679689261311,0.05943695666802271,0.7889955850668318,-0.9733921629540156,0.041811420881991135,0.5399525486475426,-0.9375558529701247,0.1524979305278135,0.5691086717374675,1.226035788565865,-0.04971165826012771,0.8474257278513737,0.9350664490715132,0.0,0.0,0.0,0.0
0.04182008877434519,0.696375238874051,0.7918832110183243,-0.002795076509661014,-0.6620582892039563,-0.009882220711930036,0.749381979338599,0.056430991477704896,0.7871478480212211,-0.97243122349686,0.04695780159509312,0.53931048038513,-0.9375767252074378,0.1617237780198832,0.5638749406787009,1.2223027703925433,-0.05752781632990027,0.8434307354383808,0.933435614221205,0.0,0.0,0.0,0.0
0.04094091741018585,0.6976087821029812,0.7913282434901235,-0.003009075431489318,-0.6620405016803118,-0.00963693585207959,0.7494000594257458,0.05298987391304263,0.7849992483149568,-0.9723850599173537,0.05173385666819565,0.5421671842468604,-0.9342651201965555,0.16946538881231832,0.5623508793939027,1.212949752553859,-0.06552485471440203,0.8377871483980454,0.9340275326159299,0.0,0.0,0.0,0.0
0.03992926848794122,0.6990529822914368,0.7905132248348946,-0.003264477413167138,-0.6620018963832827,-0.009371235052297557,0.7494364631679933,0.04902233563375455,0.7824954915220896,-0.9730486505989476,0.056122674514688345,0.5472395634034193,-0.9286740022373103,0.17598287901915724,0.5629739967659915,1.2006400259311842,-0.07475403073540451,0.8302712169444895,0.9362364388870895,0.0,0.0,0.0,0.0
0.03874784232828613,0.7007489720779588,0.7894860123255873,-0.0035507351724644596,-0.6619406278442779,-0.009098862351543755,0.7494926338482358,0.044437415728738286,0.7795062453435351,-0.9740140286658973,0.06009740920663244,0.5532014476194647,-0.9216768903976442,0.18147461498906425,0.5647521374420288,1.1869537429241235,-0.08568913381900775,0.8209862079958464,0.9393446649336352,0.0,0.0,0.0,0.0
0.03735411785479301,0.702728825100682,0.7882819331006095,-0.003864199840093365,-0.6618604208116511,-0.008824829446435084,0.7495651897652806,0.039160469243560606,0.7758333402795025,-0.9748118826204157,0.06362752523745184,0.5591163641942973,-0.9138467729711235,0.18601329545932405,0.5670795971794348,1.1727230914050684,-0.0984474806858428,0.8100883021329445,0.9427918555064256,0.0,0.0,0.0,0.0
0.03570319178446141,0.70501619074086,0.7869191293975297,-0.004201666421690979,-0.6617652771972916,-0.008553179453464111,0.7496505232550094,0.033141713727379216,0.7712297746045085,-0.9749618340711182,0.06668387845583486,0.5644614246582113,-0.9055110612121445,0.1896075192792726,0.5695788515297546,1.1583471714508102,-0.11296746892428308,0.7976866944855464,0.9462021521294689,0.0,0.0,0.0,0.0
0.03374989149085246,0.7076236723003908,0.7854031434750891,-0.004558476441410552,-0.6616585539444444,-0.008288377764786803,0.7497456109099324,0.026364645481731407,0.7654059276614869,-0.973961139583621,0.06924781192484793,0.5690194372407545,-0.8968539040552832,0.1922776705528505,0.5720136660432882,1.1439749580310563,-0.12903871840656192,0.7838593906152097,0.9493414924913026,0.0,0.0,0.0,0.0
0.03145062593674334,0.7105482965839114,0.7837338769149765,-0.0049279526153820355,-0.6615432680126423,-0.008035036644004167,0.7498477565588253,0.018857126254698153,0.7580307858987237,-0.9712539231240629,0.07132666249744515,0.5727648887380891,-0.8880114563365853,0.1941134968182492,0.5742379667843979,1.1295982752904612,-0.14629943016254535,0.768694763837022,0.9520648163061775,0.0,0.0,0.0,0.0
0.028766503771145313,0.7137668024674838,0.7819133430618065,-0.0053007162244574375,-0.6614221370253747,-0.007797861712868022,0.749954566899223,0.010702817215519786,0.7487427730021358,-0.9662119178008626,0.07297570454404158,0.5757923445218094,-0.8791412710821631,0.19532532932376803,0.5761609317711139,1.1150911312883662,-0.16425455742385883,0.7523302276854862,0.9542627466386693,0.0,0.0,0.0,0.0
0.025669624738423692,0.7172321708101749,0.7799542368838341,-0.005663408585843859,-0.661297056899353,-0.007582166529727909,0.7500644232931988,0.002048914377661663,0.7371849840296412,-0.958150539283877,0.07432736979668621,0.5782992080617039,-0.870466400383102,0.19631727418312286,0.5777197686059277,1.1002202228403049,-0.18232785862696393,0.7349872126280501,0.9558049968092774,0.0,0.0,0.0,0.0
0.02215485857382988,0.7208726791308881,0.7778888075414638,-0.005996256943315292,-0.6611681239975706,-0.007395293134054364,0.7501773565975344,-0.006894011786393461,0.7230807418972514,-0.946407780474482,0.07562570965459006,0.5806208716643251,-0.862303939476702,0.1978258606470595,0.5788536105922089,1.0846416800134635,-0.19995293221959376,0.7170024100913146,0.9564839385868888,0.0,0.0,0.0,0.0
0.018260205055997916,0.7245942213084524,0.7757743022833922,-0.006268512542860911,-0.6610325295180703,-0.007249829212303807,0.7502960353392747,-0.015862458153156334,0.7063681221290182,-0.930531212474892,0.0772533686101418,0.5833099847528488,-0.8550988207016186,0.20119524813462777,0.5794685775224994,1.0678918432099298,-0.21670800868681356,0.6988367580569509,0.9559942199675744,0.0,0.0,0.0,0.0
0.014100435499827393,0.7282841880565695,0.7736810876029095,-0.006428609471388441,-0.6608868607994215,-0.007174775966697258,0.7504237155052991,-0.02454860178044231,0.6874119579403091,-0.9106393757976433,0.07973109199805926,0.5872355202207398,-0.8495109462630696,0.20888851437150044,0.5793797021206961,1.0494134790916305,-0.23253811129230756,0.6809755885806105,0.9540877233075216,0.0,0.0,0.0,0.0
0.010155034929159156,0.7319364605655246,0.7716424987481558,-0.006397668180331054,-0.6606267633775005,-0.007214814877563902,0.7506525799579357,-0.03296301646097523,0.6691483602927457,-0.8915295451567073,0.08313484962343928,0.5931730044243462,-0.8457741765650568,0.22551978722562138,0.5787652514829288,1.0281962757782648,-0.24877098571851072,0.6636240041579154,0.950745697492668,0.0,0.0,0.0,0.0
0.0067373205746013125,0.7353088233432702,0.7697404915347273,-0.0060927171719856186,-0.660291992822631,-0.007423330187563771,0.7509475728575912,-0.040546511436102696,0.6531261362136216,-0.875060827725182,0.08760686360786735,0.6019887848777539,-0.8462508562131581,0.2566953574000489,0.5761762949704547,1.0027876754343923,-0.2652557987070968,0.6473975304577552,0.9467145010747798,0.0,0.0,0.0,0.0
0.0042238913428914275,0.7379673543001334,0.7678137372855119,-0.005479477910348793,-0.6599671982537791,-0.007821929461271226,0.7512337119501425,-0.046333818214029106,0.6409104106985877,-0.8639900676625751,0.09277746159393481,0.6139389601717347,-0.8553074823175945,0.30615029756027706,0.5708737237357157,0.9706642444894809,-0.2807630515581261,0.6316201253641264,0.9463007447189956,0.0,0.0,0.0,0.0
0.0030774734237726258,0.7394113008908472,0.7659182680433771,-0.004747578870003476,-0.6598976843751397,-0.00829506818883225,0.751294681529787,-0.049299260571874504,0.6345872643688024,-0.8606409652649911,0.09759022581015775,0.6296912986722757,-0.8787307388947533,0.3633001640203777,0.5676355948259172,0.9311370324161503,-0.2927555337217418,0.6176481650259259,0.9531698870751024,0.0,0.0,0.0,0.0
0.003006001382805843,0.7396948444491789,0.765752143605593,-0.004939083755896755,-0.6599722003471601,-0.008342991254074988,0.7512274587084224,-0.04965068813773465,0.6343315305089636,-0.8606598035856418,0.09760084938177795,0.6297209387614626,-0.8787434847578124,0.36334531276827664,0.5676584283016041,0.9311407592370415,-0.2927484254813364,0.6174377645513932,0.9530286140223004,0.0,0.0,0.0,0.0
0.003006001382805843,0.7396948444491789,0.765752143605593,-0.004939083755896755,-0.6599722003471601,-0.008342991254074988,0.7512274587084224,-0.04965068813773465,0.6343315305089636,-0.8606598035856418,0.09760084938177795,0.6297209387614626,-0.8787434847578124,0.36334531276827664,0.5676584283016041,0.9311407592370415,-0.2927484254813364,0.6174377645513932,0.9530286140223004,0.0,0.0,0.0,0.0
0.0032619357245304583,0.7408430980929347,0.7656509236406691,-0.005122068320938889,-0.6598294366940297,-0.008410511843467739,0.7513508782045082,-0.052145817028227064,0.6382044867458289,-0.8682444611169151,0.09518577261924664,0.6293368346576651,-0.8789576081922292,0.35866969871897286,0.5662147324965093,0.9379409156855291,-0.29801171953697375,0.6171608986833629,0.948578661104532,0.0,0.0,0.0,0.0
0.004130301328300239,0.7426712213969651,0.7655632372577866,-0.005336283772428042,-0.659758878418242,-0.008399991288216422,0.7514114628951046,-0.05654242741752074,0.6470949504973732,-0.8837511781013417,0.09109375269042695,0.6314863258727944,-0.8826695122816067,0.3522951958110103,0.5648265689433347,0.9491333317367839,-0.30790063449459193,0.6177162903508354,0.9422036534771081,0.0,0.0,0.0,0.0
0.005811814396688937,0.7450874827537347,0.7656067930721049,-0.005612957047079134,-0.6598200970824901,-0.008339540156710352,0.7513563643632863,-0.06259697931608599,0.6618435731696326,-0.9076638035767265,0.085628849521132,0.6374658955005346,-0.8912037631318007,0.3450836992482186,0.5646244446717156,0.9635390823174282,-0.32225737900158974,0.620127176210647,0.9334655156736841,0.0,0.0,0.0,0.0
0.008434560064856926,0.7482451127029285,0.7662686175151409,-0.006032525885073443,-0.6600954599149669,-0.008182238400965842,0.7511129365187661,-0.07077982506444275,0.6833876929027668,-0.9391172247043069,0.07834661441586742,0.6478351074688967,-0.9029091503898978,0.3370238178438789,0.5686325727555817,0.9776279624237698,-0.3417027163167873,0.6278035589263802,0.917396120081517,0.0,0.0,0.0,0.0
0.012202345687938832,0.7528264456332222,0.7693421776480664,-0.006913402940467714,-0.6613903083552435,-0.007517040522861309,0.7499723721413452,-0.0833413501476791,0.7140158223476412,-0.9712739257455968,0.06688393937051809,0.6625358874240241,-0.9057097574870873,0.3298994120523543,0.587417390613034,0.9799006344154557,-0.3692623049159286,0.6546346240003266,0.8761364116907217,0.0,0.0,0.0,0.0
0.014430530992408024,0.7573263063694241,0.7723927423818399,-0.006542397207309973,-0.6606876188561459,-0.008016100216761295,0.7505896411930374,-0.07993953137996315,0.6780060821937423,-0.9123281606858444,0.05671098469312792,0.6701968212550394,-0.9090805499494982,0.30199869763985016,0.6072403499980646,0.9767541177773796,-0.30930346620121196,0.6415896199372435,0.9372755101771216,0.0,0.0,0.0,0.0
0.017549543094038545,0.761927828465321,0.7751369215974315,-0.006357699331295084,-0.6605384215692057,-0.008214496373557454,0.7507203842572838,-0.0757148663944486,0.6538539057524798,-0.8820859304627608,0.04580601676882924,0.6816294329881707,-0.9165353363804964,0.27695761074775715,0.6267285478651773,0.9778186222191679,-0.2555908312516565,0.6386403386967169,0.9830443632206932,0.0,0.0,0.0,0.0
0.021221259211432645,0.7662360212776163,0.777680510345342,-0.006456443995121023,-0.6606324971908771,-0.008190188100317616,0.7506370220054196,-0.07130214837484099,0.6383159509393341,-0.8693428246918824,0.035321816025568976,0.6958603337464211,-0.927477195173982,0.2559539193817168,0.6459257938560231,0.9792487743867787,-0.221241848931708,0.6380735341593516,1.0162926281528668,0.0,0.0,0.0,0.0
0.02491775977623127,0.7702351059438289,0.780090553256734,-0.006740887128652764,-0.6608030578037309,-0.008034390899726974,0.7504860610303352,-0.06761319983685289,0.6282884370213742,-0.8662787396287062,0.025364619455905048,0.7100603286074538,-0.9380629377449444,0.23735742688358544,0.6647314473696592,0.979520422800315,-0.2019517360288215,0.6374861641114253,1.0414481499349542,0.0,0.0,0.0,0.0
0.028391247864330817,0.7739282939873162,0.7823697303472805,-0.007112319541221502,-0.660979860761431,-0.007814806983746071,0.7503292393145488,-0.06469176903400135,0.6216499936296668,-0.8685444993879095,0.015999148614936433,0.7229955642760829,-0.9468672089691389,0.22009422331305714,0.6829107993022059,0.9784675174739329,-0.19151444103952495,0.6365875833487458,1.0616861671995697,0.0,0.0,0.0,0.0
0.0315173276690664,0.777324560534016,0.7844868371864636,-0.007506280346487524,-0.6611334565028797,-0.007571838836181204,0.750192559083702,-0.06225243772659583,0.616851876963421,-0.873755686728469,0.007263087417829413,0.7340977991544626,-0.9534332440605919,0.20353579714927905,0.7001095000417822,0.9764830749049126,-0.18556000951405416,0.6353841077443246,1.0790323111253666,0.0,0.0,0.0,0.0
0.03425443043171527,0.7804289709960588,0.7864220006284242,-0.007888803900937335,-0.6612577219362005,-0.007325949197773222,0.7500815438478078,-0.05994377857097275,0.6128382883540179,-0.8805845220113471,-0.0008107520207755632,0.7432515422266511,-0.9578101190418865,0.18747329923028894,0.7160906001598979,0.9739494241943043,-0.18157132887439273,0.6338814666012001,1.0947569863140691,0.0,0.0,0.0,0.0
0.036610307381821625,0.7832463870632611,0.7881740466534569,-0.00824408221035733,-0.6613567705686845,-0.007086856520246823,0.7499926890284535,-0.0574854130660918,0.6089372152406212,-0.8882661129290688,-0.008201227254939738,0.7505967212242481,-0.9602782640530092,0.17194370597345204,0.7307665688169941,0.9711073747766718,-0.17822036161486293,0.632072152316956,1.1096497484420935,0.0,0.0,0.0,0.0
0.0386187065561312,0.7857853974415308,0.7897549657359548,-0.008565747571890983,-0.6614378516022786,-0.006859090901719566,0.7499196952396293,-0.05470490289899565,0.6047478853562699,-0.8963466102861413,-0.014906550649586164,0.7563893260064074,-0.9611978171088434,0.1570814313569211,0.7441608299841133,0.9680795611389477,-0.1748353592724067,0.6299595722032095,1.1241938274115149,0.0,0.0,0.0,0.0
0.04032425179240871,0.7880596560083386,0.791182663961334,-0.008852160403363792,-0.6615079036031043,-0.00664468485367624,0.7498565068664901,-0.051523165847024405,0.6000440268746703,-0.9045534154158659,-0.02094578791983091,0.7609153767082333,-0.9609302146808051,0.1430269062409069,0.7563586181531278,0.9649234531013264,-0.17108817738764742,0.6275713483985604,1.1386734227093567,0.0,0.0,0.0,0.0
0.04177323766077054,0.7900871039638895,0.7924752517099429,-0.00910402002194834,-0.6615721786060932,-0.006444445631051664,0.749798531896626,-0.04792399318505533,0.5947077963337634,-0.9127214092134913,-0.02635496682569752,0.7644438142720349,-0.9598027146905947,0.1298829827486304,0.767466257777956,0.9616765372108205,-0.16683132250615962,0.6249652821773976,1.153236497504967,0.0,0.0,0.0,0.0
0.043008505617285066,0.7918881589765245,0.7936468443823206,-0.00932306456863029,-0.6616339015521245,-0.006258685229371768,0.7497429490453127,-0.04392568030226251,0.5887037131027888,-0.920738247002232,-0.031180547066144603,0.7672049012364143,-0.9580996658380599,0.11770204528853899,0.7775799562823688,0.9583911654274068,-0.16201618576920215,0.6222361005351237,1.1679244488114688,0.0,0.0,0.0,0.0
0.04406700550775007,0.7934837560938963,0.7947039700633554,-0.009511267918679353,-0.6616943628746714,-0.006087758776052639,0.749688632110389,-0.03956087028076537,0.5820997799394099,-0.9284864164636484,-0.035472723937328955,0.7693837445261771,-0.9560710355678468,0.10648909928739751,0.7867596593779225,0.9551666481607086,-0.1566497757043037,0.6195279793936468,1.1826699573166275,0.0,0.0,0.0,0.0
0.044978894123899806,0.7948938566934194,0.7956418132660109,-0.009670311244837386,-0.6617531524369913,-0.005932477777871507,0.7496359489962758,-0.03486497633377379,0.5751390771170696,-0.9357691209426255,-0.03928033540669069,0.771120746767584,-0.9539501960405184,0.09620995891722678,0.7950036533253231,0.9521857912484688,-0.15076467411111066,0.6170564656296067,1.1972543549187409,0.0,0.0,0.0,0.0
0.04576711864319949,0.7961369018920745,0.7964402798138294,-0.009801251677545912,-0.6618084325785253,-0.005794339046135936,0.7495865258050782,-0.029871858064728404,0.568349547039425,-0.942219262519847,-0.04264867593447613,0.772511862085182,-0.9519706848015844,0.08679630122764637,0.8022234657910162,0.9497562812766536,-0.14438436720401673,0.6151472388148711,1.211204819777892,0.0,0.0,0.0,0.0
0.0464465964978355,0.7972305937337101,0.7970616437430269,-0.009904340394314783,-0.6618572346918911,-0.005675475716775728,0.7495429900297548,-0.02461543690090697,0.5626381264083837,-0.9472122510957316,-0.04562114592700827,0.7736030287011278,-0.950366427669423,0.07814125760082907,0.8082287060330959,0.9483400053972677,-0.1374694792833224,0.6143121104965845,1.2236002049782613,0.0,0.0,0.0,0.0
0.04702277353175129,0.7981938916840547,0.7974555378784635,-0.009978976510065995,-0.6618959238591845,-0.005578246146389065,0.7495085651120598,-0.019134747505757863,0.5592325143059326,-0.9498360283252518,-0.048244248957968805,0.7743789052506399,-0.9493320319147963,0.07008581923815152,0.8127548012426776,0.9485128446804676,-0.1298419539142552,0.6154053509105712,1.232752618204634,0.0,0.0,0.0,0.0
0.04749121195939796,0.7990477110316281,0.797584030276401,-0.010024930020735847,-0.6619235424591453,-0.0055035894617463475,0.749484112719844,-0.01347410030173072,0.5592252327205872,-0.9490376343412419,-0.05056964673896214,0.7747610908959349,-0.9489017001741489,0.06244521891690863,0.8156057725333666,0.9507250554042952,-0.12115135232747232,0.6198491790267733,1.235903916126624,0.0,0.0,0.0,0.0
0.04783672847794071,0.7998017637692565,0.7974467118923625,-0.010043310559013773,-0.6619393225770664,-0.005452584299768525,0.7494703025895579,-0.0076709336262564595,0.5625930021282654,-0.9447823496856537,-0.05261562834059211,0.7746454616159002,-0.9489206621693478,0.055145598567867674,0.8167642170503777,0.9550015108706879,-0.11153006530390716,0.6275203709315532,1.2329460377189205,0.0,0.0,0.0,0.0
0.04803503005964045,0.8004563637081241,0.7970815930421129,-0.010036242958816678,-0.6619429511191992,-0.005426455572511778,0.749467382125998,-0.0017667824361018592,0.5682153220712237,-0.9380902584088077,-0.05437176860780897,0.7739071668228945,-0.9490478907096093,0.04822320334546561,0.816394781417386,0.9609431599081372,-0.10154693304341753,0.6367956087653623,1.2264560211266349,0.0,0.0,0.0,0.0
0.04805416502015068,0.8010166117166845,0.7965411053744007,-0.010005293478971264,-0.6619365593485493,-0.005425140478325457,0.7494734507312414,0.004185071755037464,0.5748472227121294,-0.929860887753524,-0.055839858838042704,0.7723649735932846,-0.9487853021062332,0.041682029088912366,0.8147359065010444,0.9680227719835098,-0.09153592378950083,0.6466831491478047,1.217999231270569,0.0,0.0,0.0,0.0
0.04785378477683923,0.8014918875377284,0.7958675992808204,-0.009950218227887478,-0.661920925672627,-0.005448771587262491,0.7494878199157742,0.01012887575657194,0.581568959852128,-0.9207053990956544,-0.05703230250223952,0.7697775246168117,-0.9475890194753707,0.035462746187826216,0.8119568539344805,0.9758203107690506,-0.08164763982960138,0.656578737943589,1.2084197067363034,0.0,0.0,0.0,0.0
0.04738585843251385,0.8018948239710718,0.7950886015054918,-0.009869052074569926,-0.6618945560492241,-0.005497932619530945,0.7495118219350919,0.016013792014326723,0.5878458331962985,-0.9109772656376025,-0.05796962906950175,0.7658486383131818,-0.9448990548166908,0.029449603516834014,0.8081307659856043,0.9840623126753332,-0.07193726685998418,0.666090488262983,1.1981431778966791,0.0,0.0,0.0,0.0
0.046595870548765676,0.8022417517520354,0.7942194757098293,-0.00975798511050665,-0.6618528042172444,-0.005573726035332671,0.7495495853207018,0.021799736616275846,0.5934332730511694,-0.9008650142496624,-0.05868201664934148,0.7602312696602718,-0.9401359621761901,0.0234657208881739,0.8032533134168056,0.9925915658683493,-0.06241501516139937,0.6749473753478572,1.1873647123242974,0.0,0.0,0.0,0.0
0.04542506364285696,0.8025538303366334,0.7932679261445867,-0.009610870145733632,-0.6617869299034649,-0.005677877576668505,0.7496088662030436,0.027466628168295072,0.5982618238371882,-0.8904857265428598,-0.05921282845328712,0.7525343423642333,-0.9326941045734497,0.017261412746379125,0.7972744416500774,1.001321639511227,-0.05306324142299415,0.6829477575766342,1.176155222559859,0.0,0.0,0.0,0.0
0.043815155586041356,0.8028575819507241,0.792238494723517,-0.009418395531449627,-0.661683422072081,-0.0058130988217268455,0.7497016410964312,0.03302784072648087,0.602357156780411,-0.8799543829672041,-0.059620726063718835,0.7423431238071063,-0.9219545253109728,0.010509512265248131,0.7901338015949106,1.0101926373068189,-0.04383254887443695,0.6899305664286488,1.164521537566986,0.0,0.0,0.0,0.0
0.04171757416249155,0.8031832482406797,0.7911365950024785,-0.009167299738000746,-0.6615244877713989,-0.005983803831763959,0.7498436548948085,0.03854358577929452,0.605809684169279,-0.8694222193678186,-0.05997613160735538,0.7292680688695523,-0.9073391940406033,0.002829126526076838,0.781799728849051,1.019131095051751,-0.034626255039666196,0.6957734130837246,1.1524498647693078,0.0,0.0,0.0,0.0
0.039110010350713015,0.8035587833876074,0.789971713078,-0.008840823063169046,-0.6612916621493004,-0.006196823117476259,0.750051182788636,0.04412542105355062,0.6087943161327187,-0.8590819297252135,-0.06034663452453938,0.713043482829783,-0.888433605796326,-0.0061279931093674665,0.7723134670057763,1.028017558334834,-0.025281384056795718,0.7004410940578788,1.1399624035131586,0.0,0.0,0.0,0.0
0.0360240323690985,0.8039965091742403,0.7887583670068793,-0.00842300161591583,-0.6609756108910735,-0.006460876236158366,0.7503322943397889,0.049920128333956454,0.6116360514492105,-0.8491336717810233,-0.060764990618868,0.693707751328048,-0.8652203494905832,-0.01648240043590475,0.7618366330459337,1.0366783138795832,-0.015550002505748672,0.7041317098190704,1.127218862395713,0.0,0.0,0.0,0.0
0.03258751616506746,0.8044690537671982,0.7875108180400389,-0.007909018384331244,-0.6605903503398622,-0.006782454264857223,0.7506742534416639,0.056066327419656725,0.6148794614238248,-0.8396824546442421,-0.061176339996123666,0.6719159000068418,-0.8385315375995279,-0.027801561854465424,0.7506753043793928,1.0449398856721184,-0.005026747365817279,0.7076051617150784,1.114644669453076,0.0,0.0,0.0,0.0
0.02906962258056535,0.8048670919043461,0.7862227493263066,-0.007299063936325051,-0.6601249614875102,-0.00719031607264069,0.7510859193471424,0.06263927632968687,0.6188925108161639,-0.8301848613179387,-0.061311116948002356,0.6494892395934474,-0.8113114347540392,-0.03910781238980004,0.7391466607311727,1.0527358991530338,0.006890259249750678,0.712623902523484,1.1024980630681245,0.0,0.0,0.0,0.0
0.02587340161045213,0.8050896131542153,0.7850265739236821,-0.006657880653077695,-0.6596523051303428,-0.007647375397261464,0.751502512711014,0.06989072126240979,0.6239703107933882,-0.8206186261543656,-0.061009896113913976,0.6291304037771778,-0.7869117499062299,-0.04868927465374272,0.7285177346408606,1.059161035965967,0.02201090295684531,0.7207061656357886,1.091588380116228,0.0,0.0,0.0,0.0
0.02327146462721319,0.80514882419624,0.7841105006294331,-0.006074464314564999,-0.6592232300537142,-0.008101584212378981,0.7518791114095993,0.07703594020236726,0.6294170604843722,-0.8117278646861267,-0.060372014005906784,0.6126525032436999,-0.7671865345015012,-0.05592411579170082,0.7201520511203758,1.0631787144718516,0.042354319088097954,0.7320728146892282,1.0823796547737414,0.0,0.0,0.0,0.0
0.02163980008556291,0.8050798756976343,0.783666902362989,-0.005690674451718516,-0.6588927533896731,-0.008484071441698634,0.7521675187660207,0.08232494531946576,0.6331409546437672,-0.804660544894178,-0.05954961192865747,0.6025249094688283,-0.7549579510445732,-0.05996654886441767,0.7155009145070842,1.064002001744274,0.06783868147102422,0.7453921422751527,1.0747825240362638,0.0,0.0,0.0,0.0
0.02160226531879071,0.8050000316917403,0.7836218716077816,-0.005582937267912266,-0.6588944963451494,-0.00849688824103375,0.7521666546635485,0.08236989265609261,0.6331694452446522,-0.8046727304565445,-0.05943312133453445,0.6023544786178614,-0.7549105558690826,-0.05999004818899695,0.7153732252020757,1.0639259082156907,0.0678326280988675,0.7454369583340809,1.074799489471872,0.0,0.0,0.0,0.0
0.02160226531879071,0.8050000316917403,0.7836218716077816,-0.005582937267912266,-0.6588944963451494,-0.00849688824103375,0.7521666546635485,0.08236989265609261,0.6331694452446522,-0.8046727304565445,-0.05943312133453445,0.6023544786178614,-0.7549105558690826,-0.05999004818899695,0.7153732252020757,1.0639259082156907,0.0678326280988675,0.7454369583340809,1.074799489471872,0.0,0.0,0.0,0.0
0.02160226531879071,0.8050000316917403,0.7836218716077816,-0.005582937267912266,-0.6588944963451494,-0.00849688824103375,0.7521666546635485,0.08236989265609261,0.6331694452446522,-0.8046727304565445,-0.05943312133453445,0.6023544786178614,-0.7549105558690826,-0.05999004818899695,0.7153732252020757,1.0639259082156907,0.0678326280988675,0.7454369583340809,1.074799489471872,0.0,0.0,0.0,0.0
0.0224545224281868,0.8049136528446565,0.7836730405690822,-0.005325285022379633,-0.6592021552715792,-0.00866855544321938,0.7518969450471673,0.08276219537329622,0.6377119198609502,-0.8097705435411329,-0.05928151901849843,0.6078530067359093,-0.7627603343350084,-0.06384588576286275,0.7195306930162021,1.0651689325638924,0.06518610048718154,0.747463888630619,1.0757694132549842,0.0,0.0,0.0,0.0
0.024092961705446465,0.8047639046996345,0.7837763419661469,-0.005320508867010883,-0.6596270390666031,-0.008594348768892606,0.751525115140446,0.08317577820895823,0.6470889570277543,-0.8225321514947759,-0.05935311817544323,0.6183663335177815,-0.7773385894263664,-0.06370381710758156,0.7244990863124398,1.0668172365249617,0.06865376003469427,0.7537164631434986,1.0777273865761183,0.0,0.0,0.0,0.0
0.02645660151250576,0.8045386482827125,0.784006954712382,-0.005597755095437579,-0.6602922133246661,-0.008167430556739345,0.7509435073551177,0.08344275314804092,0.6605381960570597,-0.8410113213734774,-0.05977873623552427,0.6330704464846371,-0.7961855378844235,-0.058043321435023054,0.7305221737569418,1.0680853540251878,0.08050943151942738,0.7657954900372593,1.0801683447782653,0.0,0.0,0.0,0.0
0.02946930675771752,0.8042916206689917,0.7845797672320651,-0.006199761149392482,-0.6613520812265566,-0.007267049093466485,0.7500147849319143,0.08321430806313533,0.6773918926238967,-0.8627643455383787,-0.060849742325082314,0.650894569861437,-0.8157018951400548,-0.04532417984464389,0.7385183445295241,1.0671465793056034,0.10420169325975076,0.7866389062057118,1.0811497751555745,0.0,0.0,0.0,0.0
0.03299966581164381,0.8042286338640015,0.7860305776735571,-0.0069725657474593965,-0.6627507625056174,-0.006037367353997473,0.7487832532319035,0.08210737082678729,0.6974895247715085,-0.8852097722384118,-0.06288575698454238,0.6707341481248847,-0.8325234432165407,-0.028995337725746854,0.7516719140263383,1.0596695091316155,0.13861196476430768,0.8185549809788784,1.0747812697626928,0.0,0.0,0.0,0.0
0.03553669004896864,0.8057229320799592,0.7866935174679025,-0.004190126618281407,-0.6596606125661739,-0.010484551427325422,0.7514788042580514,0.08506851134642072,0.719573078745555,-0.9211091481851843,-0.05311353574443507,0.6449042988775653,-0.8234215233717204,-0.031017934829108557,0.7278650018269271,1.0705648313916871,0.012222398270334583,0.7737855267322465,1.0575756899217355,0.0,0.0,0.0,0.0
0.03829919402342655,0.8062402145761358,0.7878263573028981,-0.0038505997550598043,-0.6601261307268084,-0.010409134793340534,0.7510727756522886,0.08367142227466727,0.7362420420191103,-0.9399441100156851,-0.04567863801402123,0.6359672766265297,-0.8224947406989424,-0.011283809643824819,0.7170685586196608,1.083827570322792,0.022406624241277817,0.7908663285939778,1.047264651586381,0.0,0.0,0.0,0.0
0.040812995129321676,0.8064790228333961,0.7887337303101899,-0.003976343292334806,-0.6607589596606267,-0.009864587652903453,0.7505228016740503,0.08243080431429489,0.750624496352712,-0.9565523519316422,-0.038079166648516086,0.6294348134672895,-0.827957645008204,0.004692656490377686,0.7091046025970213,1.0967280672044302,0.03769625785605611,0.8087542541675673,1.0407341695038426,0.0,0.0,0.0,0.0
0.0429335227004872,0.8067302019442377,0.7895180117595554,-0.003912203264673971,-0.6611518269911103,-0.009672155130259406,0.7501795823315034,0.08162195343089414,0.7629109881592702,-0.9706711715219022,-0.031082010385970946,0.6229892720546293,-0.8359403351622867,0.017247467232908674,0.7013307288874854,1.109221747925006,0.0430266434245421,0.8210361085907392,1.034390663047969,0.0,0.0,0.0,0.0
0.04461566352694359,0.8070458172766055,0.7902881566718375,-0.0036887573072643402,-0.6613374653673019,-0.009767870350277047,0.7500158256196338,0.08100340644375364,0.7730399623920301,-0.9817985057540344,-0.02477643445190521,0.616730397272722,-0.8448453339102076,0.02810344366626283,0.6931096168536054,1.1212604236841923,0.03874536245570058,0.8283578525818613,1.0271854013862418,0.0,0.0,0.0,0.0
0.04586047915528619,0.807411132704344,0.7910804002073667,-0.003389337462903234,-0.6614000989780869,-0.010015616353405789,0.7499587381265724,0.08041675684266401,0.7809710380464031,-0.9896910715291944,-0.018877903820138008,0.6106884131043749,-0.8540033720258758,0.03802635823286605,0.6843912910542744,1.132814918660127,0.02850071709521774,0.832405378658555,1.0190836598802535,0.0,0.0,0.0,0.0
0.04670748234849064,0.8077762095788729,0.7919063900302322,-0.003147755041683551,-0.6614691096351288,-0.010207614474458141,0.7498963349980104,0.07970846897423652,0.7867365269139684,-0.9942808161529376,-0.013187987179700295,0.6050845425006479,-0.8631613335703401,0.04795562924928294,0.6753656649497135,1.143906283475596,0.01859391451853483,0.8359345163416904,1.0105253968488976,0.0,0.0,0.0,0.0
0.047211778099787244,0.8081281457884569,0.792741666296023,-0.0029913043721626433,-0.6615760540528559,-0.01029400006094702,0.7498014472943828,0.07885116110066813,0.7905823425131524,-0.9960276093468537,-0.0075184671836381,0.59969935805933,-0.8722145297527217,0.05819490173015853,0.6659825880384997,1.1545759015534776,0.01086441393339912,0.839689947130707,1.0018793944990696,0.0,0.0,0.0,0.0
0.047433639755150435,0.8084865051989849,0.7935584063923348,-0.0028832432255388274,-0.661693021750274,-0.010321989844245077,0.7496982649047208,0.0778675265287731,0.7928895520830024,-0.9956381579153545,-0.001744368482236777,0.5941332231625989,-0.8810931466509678,0.06866454762451624,0.6560850734793368,1.1648539193709508,0.0042423182461343144,0.8432063815202341,0.99327350661246,0.0,0.0,0.0,0.0
0.04743119175940841,0.8088749785345384,0.7943421511926766,-0.002795291588971442,-0.6617964760549163,-0.010330495233297477,0.7496071581131426,0.0767589019584799,0.7940372974485903,-0.9937590756488691,0.0041571835831083915,0.5881252253664856,-0.8897513415589806,0.07930820833776456,0.6455850074266593,1.1747626661542716,-0.0022862519449537762,0.8461249670954917,0.9847162137476478,0.0,0.0,0.0,0.0
0.04725414222348257,0.8093110216699807,0.7950847371434071,-0.0027159112519865567,-0.6618766876927813,-0.010336015712129588,0.7495365507392567,0.07551156914005731,0.7943374298449065,-0.9908995853539092,0.010155685811868237,0.5815494670018277,-0.8981726560056158,0.09010792182910517,0.6344836082940417,1.1843107783093456,-0.00919198433837071,0.848337843365841,0.9762151611589646,0.0,0.0,0.0,0.0
0.04694172604511311,0.8098033853190573,0.7957787458296963,-0.0026510023941918076,-0.661938296874098,-0.010330691968537838,0.7494824481741889,0.07410088958777866,0.794016052720661,-0.98742913521037,0.01619634941363743,0.5744030530343567,-0.9063543761993592,0.10110431716396709,0.6228677872481401,1.1934761842746924,-0.01632967187642327,0.8499770091552697,0.9678400143249667,0.0,0.0,0.0,0.0
0.04652298818901366,0.8103585603586155,0.7964115957606712,-0.002610363180174409,-0.6619885648901198,-0.010301382870480156,0.7494385948626765,0.07250033465729995,0.7932362685066895,-0.9836433833066532,0.02222398060997479,0.5667750182421778,-0.9142635867834761,0.11232945134200988,0.6108942377280541,1.2021787905106047,-0.02345223803236924,0.8511646504575164,0.9597236760397904,0.0,0.0,0.0,0.0
0.046018294000838206,0.810988291283621,0.7969605265436973,-0.0025947923631553078,-0.6620264008189353,-0.010248056946176785,0.7494059574090309,0.07068635410821061,0.7921300489801715,-0.979838918925867,0.028194224755264247,0.5588717779707264,-0.9217668080535592,0.12372459257877247,0.5988001317154202,1.2102303840224362,-0.03067399993386895,0.851794670129094,0.9520524017057552,0.0,0.0,0.0,0.0
0.045440934237391185,0.8117098277908962,0.7973888847651681,-0.0025996322746979386,-0.6620445245563856,-0.010179270511206345,0.7493908672173722,0.06863241330188931,0.7908052890289605,-0.9763410015017924,0.03406393232544642,0.551155515157626,-0.9285455476894613,0.13512782106998966,0.5869671024312777,1.217239208585897,-0.03832629744443594,0.8515746282489778,0.9451097438736676,0.0,0.0,0.0,0.0
0.04479747740917867,0.812539832957563,0.7976439635400433,-0.0026292956383751624,-0.6620402451635317,-0.010092843043799607,0.7493957132967536,0.06630101038293712,0.7893250422471794,-0.9734787545651572,0.03977332088207713,0.5445149947310728,-0.9340156152118901,0.1462859824307871,0.5760374663288255,1.2224320518556302,-0.0464709226237021,0.8502147701793611,0.9393568779854876,0.0,0.0,0.0,0.0
0.044086214002239825,0.8134895309026504,0.7976622888874076,-0.0027049474200810013,-0.6620220165442237,-0.009966523285700616,0.7494132379960803,0.06364497655219258,0.7876825400744858,-0.9715184568127421,0.045241074808081275,0.5402521891241778,-0.9372857711133183,0.15679566113415466,0.5670876957052922,1.2243526147172448,-0.05469530904661991,0.8475403183000351,0.9354198149637474,0.0,0.0,0.0,0.0
0.043295250810119104,0.8145678651563953,0.7973969132460685,-0.0028548349128386633,-0.6620066604166599,-0.00977169100817102,0.7494288128544581,0.06061483794195152,0.7858036030866089,-0.9705375395462876,0.05037833288931213,0.5395739232955004,-0.937262807090454,0.1660517054173229,0.5618040598177353,1.2205443354710652,-0.06247482746600844,0.8435095548348197,0.9337876738234834,0.0,0.0,0.0,0.0
0.042402389354119364,0.8158080843102591,0.7968393672844547,-0.0030710328007656756,-0.6619874252188578,-0.009524219527697966,0.7494481348646029,0.05714719569803947,0.7836325997611855,-0.9704860513678356,0.05514272835667076,0.5423922980023264,-0.933908442862572,0.17379031034853462,0.5602530851821952,1.211143270008735,-0.07044487959914622,0.8378284456696067,0.9343780296209141,0.0,0.0,0.0,0.0
0.04137768421194449,0.8172610614368443,0.7960215661107882,-0.0033271945262515847,-0.661946720675071,-0.009258647325209373,0.7494863215655182,0.05315032017449281,0.7811211768528752,-0.9711661873150101,0.05951680593170118,0.547420343465234,-0.9282756224449654,0.1802685350608756,0.56086842488692,1.198807866280714,-0.07970109058573377,0.830256347028676,0.9365751051478058,0.0,0.0,0.0,0.0
0.04018409973887605,0.8189681802464521,0.7949916958239789,-0.003612811997024114,-0.6618828094711242,-0.008988532195118552,0.7495447287554379,0.04853195813990778,0.778141648735262,-0.9721725309662749,0.06347190108818701,0.5533342629644422,-0.9212381576747434,0.1856923858873744,0.5626538600399058,1.1851131958301764,-0.09070791850983657,0.8209019962927223,0.9396575596730697,0.0,0.0,0.0,0.0
0.038779321201479165,0.8209612514231716,0.7937851974567525,-0.0039246040448090045,-0.6617998029208417,-0.00871824169394612,0.7496196439520462,0.04321681982297771,0.7744964060835953,-0.9730358564561578,0.06697679191101705,0.559200407306664,-0.9133699233461422,0.19014146842141982,0.5650008826807983,1.1708877481512203,-0.10356071324100474,0.8099306263533398,0.9430663411069187,0.0,0.0,0.0,0.0
0.03711864786816746,0.8232634097085361,0.7924201667752354,-0.004259568291826696,-0.6617019956096599,-0.008451388552655197,0.7497072089260532,0.03715532616959363,0.7699381916044548,-0.9732751181925818,0.07000276127572619,0.5644973868704709,-0.9049992135487268,0.19362911326484733,0.567530064159868,1.1565280210690048,-0.11817955438515433,0.7974577447097532,0.946429019064229,0.0,0.0,0.0,0.0
0.03515711554632448,0.8258865470238278,0.7909020215416274,-0.004613168696925908,-0.6615929501377817,-0.008192107141320144,0.7498042253702931,0.030331762900494927,0.764176570012899,-0.9723864699715181,0.07253210650344544,0.5690088098997491,-0.8963106576531318,0.19618024355524247,0.570003792956642,1.1421808599980237,-0.1343385923748275,0.7835658204505836,0.9495162711654465,0.0,0.0,0.0,0.0
0.03285131275955431,0.8288267881501459,0.7892304663923966,-0.0049788390844460505,-0.6614757997369605,-0.007944689757142118,0.7499079006307257,0.02277525265983032,0.756878988748377,-0.9698124681453183,0.07457351706152533,0.5727096382679584,-0.8874401698280345,0.19788964032613587,0.5722750589331786,1.1278358475639123,-0.15166282028936484,0.768346008612933,0.9521892712947558,0.0,0.0,0.0,0.0
0.030162453319834207,0.8320597884136127,0.7874072014163299,-0.005347341349334202,-0.6613532746280981,-0.0077134814371669965,0.7500158360216825,0.014571125907144551,0.7476813805821411,-0.9649228347364162,0.07618404835495192,0.5756947044015128,-0.8785439710605567,0.1989732426833417,0.5742527023895851,1.1133641114670392,-0.1696461327107074,0.7519364612755491,0.9543469780848998,0.0,0.0,0.0,0.0
0.027062628585536833,0.8355372943375635,0.7854444102411496,-0.0057055026469279195,-0.6612271487237792,-0.007503372629043972,0.7501265256137506,0.0058686073070321355,0.7362232709533475,-0.9570308345050597,0.07749840376427096,0.5781612239607273,-0.869842198399574,0.1998411628712669,0.5758744305943168,1.0985281237570848,-0.1877035427118873,0.7345566019912216,0.9558702766049785,0.0,0.0,0.0,0.0
0.02354656213997511,0.8391862582963522,0.7833735232229848,-0.0060337912949506595,-0.6610972255965664,-0.007321196118960363,0.7502402626882398,-0.0031194264601187346,0.7222233614867911,-0.9454727949531772,0.07876340867468544,0.5804430859137228,-0.8616468232952479,0.20123641360837968,0.5770806819283224,1.0829771373701322,-0.20526216971484004,0.716537641070589,0.9565662013489332,0.0,0.0,0.0,0.0
0.019651954640215602,0.842911277607395,0.7812505696151514,-0.006301736609280583,-0.6609601736817978,-0.007178942047059922,0.7503601799891302,-0.01212703247762153,0.7056142679933203,-0.9297959248171136,0.08036487862481173,0.5830879378258498,-0.8543946284454664,0.2045108275329418,0.5777787375991519,1.0662354495306139,-0.22189638437699305,0.6983308432879674,0.9561473741184048,0.0,0.0,0.0,0.0
0.01549304541338605,0.8465987650718075,0.7791443630265894,-0.00645780636504151,-0.66081141801142,-0.007105376621790596,0.7504905596912931,-0.020843610767621163,0.6867550289141787,-0.9101210129187732,0.0828274446919918,0.5869511486861715,-0.848734435262039,0.21213368300930263,0.5777824413639063,1.047723664899114,-0.23755462406505196,0.6804052037642069,0.9543827034156664,0.0,0.0,0.0,0.0
0.011542600253310342,0.8502412361556756,0.7770873988429865,-0.006423843872438592,-0.6605478638300798,-0.00714295378676666,0.7507224733752286,-0.029274877027267526,0.6685357040049221,-0.8911722758209552,0.08625544511082679,0.5927861849707502,-0.8448962201609674,0.22874612548487264,0.5772443217224107,1.026397943115142,-0.25354853341091504,0.6629608274240987,0.9512568416682872,0.0,0.0,0.0,0.0
0.008120564095797839,0.8536012854964407,0.7751635551836815,-0.0061174385777823465,-0.6602058197538575,-0.007344371432154882,0.7510239095505885,-0.036872460441129976,0.6525522057778428,-0.8748902554975662,0.09076750932877814,0.6014283762975274,-0.8451890133588985,0.2599617673391032,0.5747316090920065,1.0007637478576297,-0.2697735926471167,0.6466192439839892,0.9474790004516742,0.0,0.0,0.0,0.0
0.005602696873315486,0.8562537417111722,0.7732296904120671,-0.005506575457143451,-0.6598689656571598,-0.007727863094662926,0.7513207743176512,-0.042693643819884816,0.6403812462091597,-0.8639884833572338,0.09596139446334279,0.6131164208997534,-0.8539029537152825,0.30952093707437006,0.5695025567295299,0.9682582129523308,-0.28503143628999056,0.6308175838483022,0.9471491658473001,0.0,0.0,0.0,0.0
0.004449241515603384,0.85769278218244,0.771328037012164,-0.004780824692144999,-0.6597848282508237,-0.00817743739913797,0.7513948719833515,-0.04569752229428386,0.6340564309584441,-0.8607539371049259,0.1007530617878017,0.6284770789985851,-0.8767859507652206,0.3667487652922126,0.5663859564623793,0.9281051907808903,-0.2967762562770346,0.6168408280404084,0.9540755012122459,0.0,0.0,0.0,0.0
0.004377082107082659,0.8579742967954238,0.7711624236841582,-0.004971424885226899,-0.6598588909257382,-0.008224356915658971,0.7513280834323904,-0.04604780270926265,0.6337997700013698,-0.8607737640150888,0.10076412887264799,0.6285067231216429,-0.8767984074718155,0.36679414073619127,0.566408889283159,0.9281088768421085,-0.29676885805362246,0.6166304150186501,0.953934175922143,0.0,0.0,0.0,0.0
0.004377082107082659,0.8579742967954238,0.7711624236841582,-0.004971424885226899,-0.6598588909257382,-0.008224356915658971,0.7513280834323904,-0.04604780270926265,0.6337997700013698,-0.8607737640150888,0.10076412887264799,0.6285067231216429,-0.8767984074718155,0.36679414073619127,0.566408889283159,0.9281088768421085,-0.29676885805362246,0.6166304150186501,0.953934175922143,0.0,0.0,0.0,0.0
0.004634713426146487,0.8591121188575339,0.7710532532786559,-0.005171206304019524,-0.6597351888986157,-0.008294111546591107,0.7514345925414412,-0.04849498205300212,0.6376645041573856,-0.8683022075406583,0.09839614328050646,0.628134322785403,-0.8769618414546102,0.36235533425383204,0.5648991782310652,0.9349967709315746,-0.30193512415669116,0.6163732933846773,0.9496390992623414,0.0,0.0,0.0,0.0
0.005503175234951658,0.8609335398000254,0.7709604838756182,-0.00539534840249885,-0.6596774103867613,-0.008285940844765782,0.7514838305814364,-0.052853691803879124,0.6465634129800368,-0.8837940950547067,0.09434276320005815,0.6303169549901215,-0.8806849197098698,0.35616704341010164,0.5634363770616769,0.9462859202658171,-0.3117811497614698,0.6169372793789264,0.9433387256320888,0.0,0.0,0.0,0.0
0.0071819161045963064,0.8633543133010197,0.7710038234348502,-0.005674699720046685,-0.6597404218231061,-0.008228596004305498,0.7514270848216447,-0.05889611581546643,0.661347097737365,-0.907763919678003,0.088892258698899,0.6363384883422566,-0.8892866554722859,0.3490365288354149,0.5631531155993361,0.9608008105093481,-0.3261820898274028,0.6193473449154789,0.9345254478696912,0.0,0.0,0.0,0.0
0.00979963656032283,0.8665329569001179,0.7716715206120186,-0.006087018299388683,-0.6600043296254114,-0.008078131798802204,0.7511937012985234,-0.06710235004373254,0.6829692365502376,-0.9393740955588764,0.08159176353678878,0.6467565967869827,-0.9011240970232691,0.34089792648068434,0.5670871750235202,0.9750249516761024,-0.3458006751182716,0.6270096451545283,0.9181814528663923,0.0,0.0,0.0,0.0
0.013563802738647919,0.8711602137096742,0.7747677649951616,-0.006933788654862925,-0.6612694885209909,-0.0074311051331541755,0.7500795723138824,-0.07974958680572809,0.7137759829909732,-0.9718438497983102,0.07005687748327372,0.661538229145848,-0.9041672094395949,0.3333548202431461,0.5859033280966666,0.9774254189807995,-0.373829464752887,0.6538248205758709,0.876263137585488,0.0,0.0,0.0,0.0
0.015794871822794793,0.8757061100390201,0.7778475255463589,-0.0065690756307329075,-0.6606110256635239,-0.007946735286205481,0.7506575580219222,-0.0765629187843637,0.6779592976251054,-0.9127525525664346,0.05982840485666983,0.669177424935276,-0.907186689566586,0.3055336517165822,0.6058946851637402,0.9744408326943763,-0.3138023943177392,0.6409939292670537,0.9374387535614858,0.0,0.0,0.0,0.0
0.018913033666353357,0.8803712366538031,0.7805974688329921,-0.006370997291588328,-0.6604844367526456,-0.008165419879738001,0.7507683032196009,-0.07256254751252784,0.6539016260801922,-0.8824611748658534,0.048822310838193744,0.6805595719430273,-0.91446955038007,0.280247786072906,0.6254242058879955,0.9759145916925356,-0.25980766021246876,0.6381961901988549,0.9832224394245012,0.0,0.0,0.0,0.0
0.022582811370661014,0.8847439390477726,0.7831422551435766,-0.006452647229172115,-0.6605846718576874,-0.008157615084479371,0.7506794974997922,-0.06832649528954508,0.6383838670752245,-0.869712674012502,0.03822659056274741,0.6947493135486166,-0.9253562816218036,0.2588714508681743,0.6446302256992641,0.977734241478948,-0.22521748359075464,0.6376817781880968,1.0164623310085092,0.0,0.0,0.0,0.0
0.026280463255721434,0.8888006444935512,0.7855544194383466,-0.006724349781342706,-0.6607548410821978,-0.008013196668860908,0.7505288880420286,-0.06476287163658785,0.6283510295104501,-0.8666516491130252,0.028166554525354236,0.7089366431405145,-0.9359519513072764,0.23991888525793506,0.6634451532022474,0.9783163819275101,-0.2058186006078499,0.6370944024714763,1.0415984718841989,0.0,0.0,0.0,0.0
0.029757765691244942,0.8925432219245257,0.7878384417542299,-0.0070882416866994095,-0.6609302325776871,-0.007800872742878031,0.7503733276703302,-0.06193029354512344,0.6217101289954647,-0.8689229091426827,0.018711450734624484,0.721878771339646,-0.9447808611870883,0.2223605790575866,0.6816477370021802,0.9774913272593444,-0.19537387700763909,0.6361782614061355,1.0618145845865707,0.0,0.0,0.0,0.0
0.03288986753405959,0.8959806169102559,0.7899626030086444,-0.0074788349443189505,-0.6610835554088655,-0.007562312305844105,0.7502369034034769,-0.059554862677319506,0.6169211138861309,-0.8741396141773484,0.00990051746707444,0.733002689795155,-0.9513717856959445,0.20557916394412673,0.6988829453242477,0.9756666126583456,-0.18946503961880362,0.634961755181414,1.0791406177023712,0.0,0.0,0.0,0.0
0.03563472965709659,0.899118407482594,0.7919059164194278,-0.007860831988337329,-0.6612091184369764,-0.007318922564363362,0.7501247512172522,-0.05729267049904944,0.6129271451149741,-0.8809734978486026,0.001766344556447072,0.7421901041915816,-0.9557739376838139,0.1893627309215488,0.7149082585734241,0.9732415074924786,-0.185538605789702,0.6334596927405468,1.0948502032279064,0.0,0.0,0.0,0.0
0.03799957578892063,0.9019622569208011,0.7936662092992256,-0.008217286608281376,-0.6613106914797011,-0.007081047376612249,0.7500336687799336,-0.054868027059643894,0.6090516708351452,-0.8886597107116992,-0.005671234617033264,0.7495784672242253,-0.9582714208566493,0.1737390935892971,0.729630017965808,0.9704714825537657,-0.18224499280376855,0.6316657712422661,1.1097349887398542,0.0,0.0,0.0,0.0
0.04001760037446134,0.9045217226709067,0.7952548069907003,-0.008540983078707882,-0.6613949716392222,-0.006853637003739006,0.7499578459875078,-0.05211157145032173,0.6048893316958773,-0.8967444323667907,-0.012412328883053426,0.7554210647173556,-0.9592269250803923,0.15883118611192057,0.7430669512315241,0.9674905662028667,-0.17890189453481692,0.6295812016207094,1.1242792172277167,0.0,0.0,0.0,0.0
0.04173290851551043,0.9068115014886567,0.7966892749852441,-0.008829699841535288,-0.6614684057243676,-0.006639022967390895,0.7498916641777065,-0.04894647948280229,0.6002105622374445,-0.904954953016964,-0.01847812910215216,0.7600010355471061,-0.9590021997858805,0.1447675970893968,0.7553015546635714,0.9643645967830665,-0.17517744939493518,0.627230597803816,1.138767258067778,0.0,0.0,0.0,0.0
0.04319136504331039,0.908850570961925,0.7979876226494348,-0.00908376867491131,-0.6615359026069314,-0.00643823291996024,0.7498308368329231,-0.04535838124279532,0.5948956963110702,-0.9131259294278445,-0.02390677532409219,0.7635845356873977,-0.9579229956721625,0.13164007954298118,0.7664391510322927,0.9611369966078191,-0.1709242876188706,0.6246690943249137,1.1533466697032895,0.0,0.0,0.0,0.0
0.04443550241382463,0.9106603156772856,0.7991640147639374,-0.00930472157048135,-0.6616004902202514,-0.006251739326618429,0.7497727183968558,-0.04136715349824994,0.5889086036286727,-0.9211447429891867,-0.028746679283390676,0.7663994224523695,-0.9562711983744746,0.11949127074347632,0.7765761970193756,0.9578642213973237,-0.16609587749546995,0.6219894220036688,1.168058094753591,0.0,0.0,0.0,0.0
0.04550209099863134,0.9122625286351721,0.800225109881143,-0.009494438263832118,-0.6616633701928217,-0.006080009401067737,0.7497162621104161,-0.0370068208582522,0.5823174115641381,-0.9288936091511265,-0.03304975323710896,0.7686289808160246,-0.9542941775433643,0.10831800175545375,0.7857736537837404,0.9546483625293812,-0.16070218504007244,0.6193343636614425,1.1828332644723147,0.0,0.0,0.0,0.0
0.04642123013709413,0.9136779048843564,0.8011662553222582,-0.009654572271727392,-0.6617241086286608,-0.005923931854312364,0.7496618573231799,-0.032314018651870405,0.575365768540162,-0.9361755059242091,-0.03686629622316356,0.7704124792961649,-0.9522231878428691,0.09807936884478452,0.794031215493056,0.9516741174099097,-0.15477908609352786,0.6169184688821007,1.1974524517213396,0.0,0.0,0.0,0.0
0.0472159163713976,0.9149254992884869,0.8019675167076449,-0.009786179777431502,-0.6617808841461802,-0.005785067349620567,0.74961111588598,-0.027323727271626342,0.5685824413072131,-0.9426232044064389,-0.04024281599513876,0.7718454361018078,-0.9502904747073821,0.0887014090958258,0.8012620023801313,0.9492505937694304,-0.14835347793457768,0.615066651912789,1.2114416963890935,0.0,0.0,0.0,0.0
0.04790120471540578,0.9160235231279924,0.8025912965976706,-0.009889504597073587,-0.6618307939611255,-0.005665629039042015,0.7495666071212101,-0.02207096640600781,0.5628754458876574,-0.9476121483439873,-0.0432236953155785,0.7729739625933828,-0.9487295176381779,0.08007215938156896,0.8072773859943785,0.9478410636228335,-0.14138945479169435,0.6142902058410283,1.2238786178907441,0.0,0.0,0.0,0.0
0.04848273803874178,0.9169913511747072,0.802987309899923,-0.009963909989015635,-0.6618703632476026,-0.0055681117481585765,0.7495314128732545,-0.016595858088317192,0.5594739488479783,-0.9502304525368293,-0.04585616693654438,0.7737832620667697,-0.9477349200941051,0.07202751796223864,0.8118149438158739,0.948023057849272,-0.13371246782882001,0.6154433658875739,1.2330738790707136,0.0,0.0,0.0,0.0
0.04895625485139335,0.9178501874748878,0.8031176773593457,-0.010009041690640407,-0.6618987816398388,-0.005493675400716117,0.7495062651364053,-0.010943481743718385,0.5594718143111935,-0.9494250514765138,-0.048192311497642186,0.7741954948770642,-0.9473413122712576,0.06437677584295842,0.8146812319409671,0.9502482434280731,-0.1249751786488036,0.6199483241142449,1.2362673836683793,0.0,0.0,0.0,0.0
0.049306681464243676,0.9186096911393044,0.8029819763421345,-0.010026054849736102,-0.6619152290085594,-0.005443381989800654,0.749491879491172,-0.005151138045857663,0.5628456298043768,-0.9451614384435675,-0.05025036538134837,0.7741072385036795,-0.9473952207130897,0.0570461291112142,0.8158589183970582,0.9545413520661968,-0.11531258680198408,0.6276801344319445,1.2333496565190367,0.0,0.0,0.0,0.0
0.04950977478335811,0.9192697872857286,0.8026181617721206,-0.010017244686197437,-0.6619191552754439,-0.005418233686688971,0.7494887120110989,0.000740666218414677,0.5684734761846884,-0.9384602507843203,-0.05201936131760368,0.7733945929484748,-0.9475578761226185,0.05007808576314896,0.815510334232049,0.9605016321093577,-0.1052951140220315,0.6370125260487105,1.2268973971680108,0.0,0.0,0.0,0.0
0.049533651216348944,0.9198350525611992,0.8020786243186212,-0.009984217684175397,-0.6619124972304928,-0.005418059825681468,0.7494950340296145,0.006679999070638764,0.5751091598335901,-0.9302212459213206,-0.05350017495009582,0.7718776393876392,-0.9473341017339565,0.04348297449448359,0.8138721077228914,0.9675998446102931,-0.09525673633051612,0.646951850751166,1.2184758713302,0.0,0.0,0.0,0.0
0.04933814835208896,0.9203142179360146,0.8014056569337961,-0.00992673997235518,-0.6618960049090477,-0.005442944810192828,0.7495101819660334,0.012612479652093465,0.5818323174664434,-0.9210558035427349,-0.05470394577372471,0.7693171912424138,-0.9461837393195917,0.03720921394196064,0.8111120888032979,0.9754141842578242,-0.0853470068075014,0.656893338901962,1.2089293881479843,0.0,0.0,0.0,0.0
0.04887557719138394,0.9207191196904828,0.8006267091802098,-0.00984288303709592,-0.6618683146222216,-0.005493432695517791,0.749535372047162,0.01848867280387044,0.5881081051832618,-0.9113175420278727,-0.055649576708380485,0.7654203934075823,-0.9435517253756079,0.031151188772281548,0.807302142077342,0.9836695458406624,-0.07561947693457075,0.6664456217815168,1.1986842548681653,0.0,0.0,0.0,0.0
0.04809193862378491,0.9210651244464269,0.7997570527020453,-0.009728972524823833,-0.6618251249063071,-0.005570545565839294,0.7495744260301717,0.024269993841638682,0.5936923925255273,-0.9011949342214823,-0.05636523194057333,0.7598447748738396,-0.938864514012758,0.025145664170782237,0.802436739756754,0.9922071137503196,-0.06608270807014507,0.6753393925693928,1.1879364040267792,0.0,0.0,0.0,0.0
0.04692916450695031,0.92137226416812,0.7988042879568663,-0.009579201419544147,-0.6617583630591339,-0.0056758298280656806,0.7496345061276342,0.02993804822491731,0.5985170538083276,-0.8908047338795235,-0.05689189085595873,0.7522049510492409,-0.931522511492868,0.01896120506262638,0.7964647673456285,1.000938999632435,-0.05671821395371612,0.6833765470120118,1.1767579931858463,0.0,0.0,0.0,0.0
0.04532978484309434,0.9216658280843236,0.7977728500795818,-0.009384930693150668,-0.6616556157559655,-0.005811638331065427,0.7497266128892501,0.035508146771539864,0.6026102939388992,-0.8802613246564785,-0.057285624845369906,0.7420924929890865,-0.9209114544123284,0.012293929557889976,0.7893250669709012,1.0098042651312906,-0.047477786160849085,0.6904020606722269,1.1651575611524392,0.0,0.0,0.0,0.0
0.04324600950936952,0.9219748752557664,0.7966680831655953,-0.009134007807682403,-0.6615006166942167,-0.005981765227793166,0.7498651362073715,0.041042658850265944,0.6060662284504825,-0.8697151801375576,-0.057614471031584326,0.7291236004046148,-0.906454460028173,0.004789603525868242,0.7809856290585062,1.0187290349079756,-0.03826951292211016,0.6963020649609578,1.1531232335508688,0.0,0.0,0.0,0.0
0.04065595517763828,0.9223265379102122,0.7954995577662372,-0.008811151474910848,-0.6612765354958093,-0.006192148167727269,0.7500649068670088,0.046655307368071976,0.6090636131583607,-0.8593582679621137,-0.05794461789577763,0.713035642091747,-0.8877322297835717,-0.0038763313573556236,0.7714882338178168,1.0275937370357817,-0.028940266377111633,0.7010501456932835,1.1406780728957882,0.0,0.0,0.0,0.0
0.03759072915258991,0.9227331798350746,0.7942822656781541,-0.008401730905663166,-0.6609748512921373,-0.006450558616450129,0.7503332907253025,0.05249475061173204,0.6119286391499408,-0.8493903973245441,-0.05830956141042898,0.693864431603293,-0.8647157905196768,-0.013817655340364568,0.7609965708836957,1.036223190863223,-0.019259005410368443,0.7048468225206284,1.1279784924504603,0.0,0.0,0.0,0.0
0.03417632729107743,0.9231689736599132,0.7930316197544682,-0.00790105588943843,-0.6606082052807458,-0.006763119638473847,0.7506587990854031,0.058701641276250535,0.6152004877031005,-0.8399173446064007,-0.05865835539834362,0.672254045389142,-0.8382212308901473,-0.0246310278161712,0.7498211786857626,1.0444383250149916,-0.00885523613002503,0.7084344436721234,1.1154385999146463,0.0,0.0,0.0,0.0
0.030679431146163113,0.9235285802139702,0.7917429547563821,-0.007308706574815478,-0.6601627671590864,-0.007157345451324854,0.7510529116321644,0.06536236406393517,0.6192442998067463,-0.8304118964996633,-0.05873258579402879,0.6500064722692993,-0.8111666945282358,-0.035385187974951604,0.7382808478121566,1.0521656467699518,0.002812222496684778,0.7135302503495311,1.1033095019821173,0.0,0.0,0.0,0.0
0.027502584245462723,0.9237129841869934,0.7905482619507336,-0.006684202112890509,-0.6597045104340177,-0.007599675747278071,0.7514569350825523,0.07272606358006635,0.6243392143683767,-0.8208379815212793,-0.05837403721052987,0.6298306059011461,-0.7869568740815404,-0.04445860357416323,0.7276413349292902,1.0585020518010324,0.017414552817899907,0.7216069899225016,1.0923674004771702,0.0,0.0,0.0,0.0
0.024917509550489124,0.9237390771449078,0.7896351878015935,-0.00611259379872382,-0.6592819015876451,-0.008040370709080561,0.7518280141594158,0.08000846388949587,0.6297926108909134,-0.811949094041626,-0.05769071909642876,0.6135293047900581,-0.7674498894443184,-0.05130112290530679,0.7192693250134287,1.0624237556000715,0.03679367170673574,0.7328265128434603,1.0830582526188475,0.0,0.0,0.0,0.0
0.023298449929814963,0.9236487716100716,0.7891937622287888,-0.005731499323450241,-0.6589497646621777,-0.008412658595914642,0.7521180656934883,0.08543236563210388,0.6335253310082515,-0.8049098897989353,-0.05684766738415265,0.6035453763766598,-0.7554418631937082,-0.055145632903918336,0.7146142429592822,1.0631789620426721,0.06083552492438085,0.7458296443217112,1.0753083446477938,0.0,0.0,0.0,0.0
0.023260335083835508,0.923568071543017,0.7891486455911134,-0.005624107297415274,-0.6589517222193092,-0.008424433891520504,0.7521170295339156,0.08547754072073234,0.6335538352892865,-0.8049219591525667,-0.056731369396408264,0.6033756598032717,-0.7553947351963194,-0.0551690578405112,0.714486963119191,1.0631033234169638,0.060829066978828325,0.7458743524460208,1.0753252821499795,0.0,0.0,0.0,0.0
0.023260335083835508,0.923568071543017,0.7891486455911134,-0.005624107297415274,-0.6589517222193092,-0.008424433891520504,0.7521170295339156,0.08547754072073234,0.6335538352892865,-0.8049219591525667,-0.056731369396408264,0.6033756598032717,-0.7553947351963194,-0.0551690578405112,0.714486963119191,1.0631033234169638,0.060829066978828325,0.7458743524460208,1.0753252821499795,0.0,0.0,0.0,0.0
