root_pos_x,root_pos_y,root_pos_z,root_rot_x,root_rot_y,root_rot_z,root_rot_w,FL_hip_joint,FL_thigh_joint,FL_calf_joint,FR_hip_joint,FR_thigh_joint,FR_calf_joint,RL_hip_joint,RL_thigh_joint,RL_calf_joint,RR_hip_joint,RR_thigh_joint,RR_calf_joint,FL_foot_joint,FR_foot_joint,RL_foot_joint,RR_foot_joint
0.0,0.0,0.741806,-0.006758711164040804,-0.6597561136286221,-0.007681651322997147,0.7514101294140303,0.0,0.610812,-0.785317,0.0,0.610812,-0.785317,0.0,0.698123,1.0472,0.0,0.698123,1.0472,0.0,0.0,0.0,0.0
0.0009404037707028848,-0.0001391058573397588,0.7419848005493799,-0.006795979119700696,-0.6600544208936762,-0.007510735444323414,0.7511494957594019,-1.1478834966595098e-05,0.6163667200107259,-0.792433261007371,-1.1478834966595031e-05,0.6169426255957912,-0.7929215465942127,0.002487130336792399,0.7008862384763884,1.0470295060766994,0.0024871303367923953,0.7023293959138751,1.04815524450077,0.0,0.0,0.0,0.0
0.0027057844685856704,-0.0003005611209569356,0.7422093527294422,-0.006806011287716433,-0.6603397504264527,-0.007434269380832265,0.7508993433582526,0.00015188584280337574,0.6274032510901199,-0.8081314335596116,0.00015201492883634344,0.6285874369796135,-0.809448548636631,0.004223025187437698,0.7055398594004205,1.0476659068919683,0.004246232290961964,0.7078433325495425,1.049762643889678,0.0,0.0,0.0,0.0
0.005234599863374443,-0.0005466895430160689,0.7424971584046246,-0.0067628352698346755,-0.6606332074714825,-0.007461430752406152,0.7506412966898246,0.0006385761492595053,0.6430721071298799,-0.830722660055494,0.0006389176085257233,0.6452161758852845,-0.8338236877440395,0.0054583253180020535,0.7122238471646268,1.048602486806757,0.0055078937237568685,0.7147778438289171,1.0519036101940025,0.0,0.0,0.0,0.0
0.008467914035369607,-0.0010849374732854638,0.7430227308600883,-0.006587145054902181,-0.6609849242587382,-0.00767125169041366,0.7503310544820853,0.0020402453350407434,0.6621805547216629,-0.8570123637182969,0.0020416354893612585,0.6666455867785811,-0.8649093351967536,0.006721830117681794,0.7221747328007321,1.0475914966327888,0.006801004833057805,0.7240439245791859,1.053525655916113,0.0,0.0,0.0,0.0
0.012399576552968576,-0.0022534827444398247,0.7445644691336237,-0.00604259752861667,-0.6618002146647632,-0.008322267469518923,0.7496097002767149,0.005487075023538134,0.6833684424533427,-0.8790877364042468,0.005496182330998972,0.6931559730729472,-0.8986556708645737,0.006903992065503867,0.7418740955616695,1.0375592643229012,0.0069993852133470955,0.7402200237536192,1.0491897044800857,0.0,0.0,0.0,0.0
0.01562719660911662,-0.0032729946221579202,0.7454066158404864,-0.005663501326989435,-0.6615413785683646,-0.008547060805645105,0.749838567257094,0.007969265229968506,0.701378228484948,-0.9042888927970991,0.002157855502285568,0.6671028358079898,-0.8666277805100053,0.00431215343027954,0.729800847069268,1.059656996271916,0.011029061371443754,0.7497747384976422,1.047661360745131,0.0,0.0,0.0,0.0
0.019220618231736628,-0.004208684688290929,0.7464189709264211,-0.005263875351863345,-0.6613327484633605,-0.008844689258782082,0.7500220389415855,0.010395543530829525,0.721389948169546,-0.9313964544277606,3.5449955466441106e-05,0.6471748926403943,-0.8512541576262349,0.002657584235504936,0.721072929237588,1.0780126640941812,0.013661258169110024,0.760781156473411,1.0446124155377943,0.0,0.0,0.0,0.0
0.022608234367305993,-0.005161599460475269,0.7476004713617881,-0.004832612846645865,-0.6613096454583008,-0.009190964193217412,0.7500411487739121,0.012970908718360145,0.7395190341842367,-0.9536542071226479,-0.001128593371978342,0.6330273877702336,-0.8467957925090213,0.0020013156153502777,0.7145825380321678,1.094580720756852,0.01590061121093051,0.7728879248238583,1.0398802562397513,0.0,0.0,0.0,0.0
0.025594161963141994,-0.0061218631259279815,0.7488677754181894,-0.004415020931441084,-0.6613653892618789,-0.009539168102172224,0.7499902224353173,0.015617967889487203,0.7549806856598823,-0.9708869833177218,-0.0019300424598930083,0.6227461902726911,-0.8483096317600992,0.001961708119884339,0.709324865494295,1.1099748952813615,0.01851368892764297,0.7851723209768481,1.0338719955277342,0.0,0.0,0.0,0.0
0.02809159698849827,-0.007079214827568807,0.7501469746326617,-0.004028536472799267,-0.6614432169430866,-0.009868713209866637,0.7499194957816803,0.018279214462212347,0.7674901296170358,-0.983365495168785,-0.002550320909661793,0.614836099385885,-0.8529927502487362,0.0022921643649476825,0.7045970456483168,1.1245096019818686,0.021811695627134413,0.7969538220654024,1.02714971368618,0.0,0.0,0.0,0.0
0.030091560632255366,-0.008015881361248298,0.7513927993265838,-0.003677958114060634,-0.6615178726863798,-0.010171866543262706,0.7498513918581626,0.020889884869900704,0.777139244716205,-0.9916313501024869,-0.0030337500993178807,0.6082192667391835,-0.8592950437775603,0.0028298250528921813,0.6999428028150765,1.1384032846447858,0.02575488804485361,0.8078533495656969,1.0201192915316264,0.0,0.0,0.0,0.0
0.03163413109973193,-0.00891055906861672,0.7525832043453079,-0.0033637364719858553,-0.6615813246723315,-0.010446009711977502,0.749793116134609,0.02338220167751684,0.7842528914208187,-0.9963714227229793,-0.0034030255186719193,0.6021664797269417,-0.8663632627484444,0.003468577640482488,0.6950927544021953,1.1518368909583045,0.030113029980170288,0.8177244019486121,1.013011300505221,0.0,0.0,0.0,0.0
0.03278493004933539,-0.009743682037899486,0.7537101908339321,-0.0030851098811460254,-0.661633528519169,-0.010690689068180178,0.7497448000510192,0.025697403110464746,0.7892652157870076,-0.9983157975990438,-0.0036914515103602034,0.5962156488113192,-0.8737318458120586,0.0041350956873763035,0.6899115096933739,1.1649646720909599,0.0345959565440876,0.8265662876249387,1.0059374044438834,0.0,0.0,0.0,0.0
0.033617886652562295,-0.010500761398424013,0.7547728615576209,-0.0028408066040656187,-0.6616773439815562,-0.010906706024125972,0.7497039856123582,0.02779400357758126,0.7926298351800126,-0.998160409825822,-0.003941913599242475,0.5900904887315153,-0.8811536712218506,0.0047750432231632445,0.6843546286884347,1.1779124503357763,0.03893698687798862,0.8344559113102528,0.9989465746390959,0.0,0.0,0.0,0.0
0.034203999150952624,-0.011173440955442464,0.7557731178067566,-0.0026290502068259452,-0.6617161227335573,-0.011095735650929344,0.7496677568495542,0.029649809200049344,0.7947636139482286,-0.9965176807500564,-0.004197515992872411,0.5836315221270441,-0.8885070660200207,0.005347854124429638,0.6784382407635433,1.1907733918119257,0.042933593001292424,0.8415015721891018,0.9920637880335914,0.0,0.0,0.0,0.0
0.03460504832249057,-0.011758893549174677,0.7567128651308077,-0.002447629716364086,-0.6617527079659974,-0.011259910086697064,0.7496336285368208,0.03125914445467769,0.7960176469589957,-0.9938947011463865,-0.004494123653999831,0.576749496752071,-0.8957409527466886,0.005825727259517353,0.6722222534519826,1.2036017615602317,0.046458031739091354,0.847812273037735,0.9853153904326535,0.0,0.0,0.0,0.0
0.03487095640545454,-0.01225834743117568,0.7575915463772983,-0.002294201536178449,-0.6617890013833362,-0.011401293152123114,0.7495999365006759,0.03262772274888409,0.7966676345547922,-0.9906953132207775,-0.004857258617751461,0.5694108863231325,-0.9028333736539148,0.006193196976457207,0.6658063484175225,1.216400190433548,0.049451279099905,0.8534748466192663,0.9787505444353004,0.0,0.0,0.0,0.0
0.035039491863362755,-0.01267543245513601,0.7584031591438394,-0.0021667405199493504,-0.661825616823163,-0.011521342226668032,0.749566152401144,0.03376733108578006,0.7969161089501592,-0.9872402892578942,-0.005302196554318745,0.5616659905723569,-0.9097450260972731,0.006444350840912444,0.6593369281119601,1.2290911138718634,0.05191119461309851,0.8585326014363067,0.9724673511582663,0.0,0.0,0.0,0.0
0.035137106626380935,-0.013014925845643312,0.7591323335190556,-0.002063989706572314,-0.6618614552855566,-0.011620497665554784,0.7495332667652458,0.03469204990070915,0.796899339084739,-0.9837973524651707,-0.005834679209833174,0.5537278607455063,-0.9163543390420381,0.006574661308072349,0.6530236104194034,1.2414567109508623,0.05388280644340143,0.8629614446948628,0.9666492037471168,0.0,0.0,0.0,0.0
0.03517989554272458,-0.013282462196901828,0.7597496561511465,-0.001985529718236668,-0.6618940880206339,-0.011698157874631103,0.7495034536394156,0.03541748230425392,0.7966913776403476,-0.9806046684069377,-0.0064486452017710055,0.5460971825614418,-0.9223705799339016,0.006568048920832648,0.6471682740302889,1.2530296797412093,0.05545314846188217,0.8666452647399752,0.9616123081008369,0.0,0.0,0.0,0.0
0.035189997853606235,-0.013476905775814969,0.7602089265117699,-0.001933261917672052,-0.6619181205448096,-0.011751724261676694,0.749481528237796,0.03594163692300317,0.7964163113378698,-0.9780632146634431,-0.007169716613278428,0.539684018400084,-0.9272133837699834,0.006354935864181258,0.6422865415949977,1.262898181910896,0.056681422965797465,0.8693760521445959,0.9578187249930421,0.0,0.0,0.0,0.0
0.03519604543723042,-0.013590769716456343,0.7604533612376786,-0.0019118714245993324,-0.6619241574012134,-0.01177668641551822,0.7494758596869016,0.036246471499093824,0.7962544121937575,-0.9767260490756555,-0.008071412162905653,0.5357587014760168,-0.9299454300332937,0.005751210591012927,0.6392749832562468,1.2693609668047385,0.05760512538115579,0.8708861821687828,0.955817026762299,0.0,0.0,0.0,0.0
0.03518774875774049,-0.013634345090732875,0.7604420998368656,-0.0019235308458969416,-0.6619078549759507,-0.011771917296742773,0.7494903024812124,0.03636047553516481,0.7961220952568528,-0.9766505264915729,-0.009164979108012426,0.5354502612705417,-0.9294520596862195,0.004442272248042098,0.6395143061057011,1.2695994638506418,0.05841380015363233,0.8709559347699304,0.9560382142145983,0.0,0.0,0.0,0.0
0.03510811332685606,-0.013630130177514535,0.760175524977987,-0.001965137531029285,-0.661873783893283,-0.01173805395235685,0.749520813932931,0.036336527659703764,0.7956366801942113,-0.9772273658890402,-0.010329444864245967,0.5387176976230764,-0.9257474643429006,0.0024952980037203218,0.642847487336464,1.263565241058441,0.059345102830132536,0.8695313033793336,0.9585222857799744,0.0,0.0,0.0,0.0
0.03494058619720755,-0.013573659276961138,0.7596947065619293,-0.002035185949895202,-0.661823695528373,-0.01167568746995677,0.7495658292487863,0.036159911816915705,0.7947212375855306,-0.9781669694513886,-0.011556848720520688,0.5444074672626337,-0.9199072690707693,0.00019603858192184876,0.6478830604641694,1.2540190943500011,0.06028680024197847,0.8667856431466316,0.9628335402596867,0.0,0.0,0.0,0.0
0.03466082026987796,-0.013466073701562853,0.7590554619368549,-0.0021307066075744066,-0.6617648687678392,-0.011586757380124157,0.7496188802367847,0.03583000111549706,0.7932384112716379,-0.9790000743134887,-0.012801608091852466,0.5512523907844158,-0.912824085210675,-0.002263763987857756,0.6537801501547846,1.2426527913276884,0.06116310338454313,0.8629830621250686,0.9684071604581819,0.0,0.0,0.0,0.0
0.03423596592150418,-0.013312997297867515,0.7583044863759415,-0.002249706363527444,-0.6617015399402497,-0.01147345391949874,0.7496761772373036,0.03535946284509797,0.7909946958656204,-0.979220649355486,-0.014017507935109015,0.5583403080460725,-0.9050651145297411,-0.004801295261275064,0.6600193288032088,1.2303663211482105,0.0619640722975645,0.8583208498817507,0.9747752209925072,0.0,0.0,0.0,0.0
0.03362579520301974,-0.01312328805217783,0.7574744659475647,-0.002391027624827652,-0.6616349068291605,-0.011337729635081695,0.7497366130440657,0.0347704745372986,0.7877477331692414,-0.9783161402778789,-0.015164015289098927,0.5651626495738717,-0.8969288800270638,-0.007390582494375376,0.6662544527923724,1.2176008458160457,0.06273408341315949,0.8529030336224068,0.9816117118874267,0.0,0.0,0.0,0.0
0.032784439938374245,-0.012909143215463369,0.7565865667201005,-0.0025538955979884886,-0.6615637788695745,-0.01118154113495448,0.7498011851437222,0.03409502169795625,0.7832135300655566,-0.9757630626188071,-0.016207106845322106,0.5715050493719223,-0.8885528946461216,-0.01003366337461829,0.6722443712368484,1.2045501865973558,0.06356295588926955,0.8467590939888832,0.9887065348935369,0.0,0.0,0.0,0.0
0.03166280232411665,-0.0126868033809949,0.7556547441758584,-0.002737584486799909,-0.6614852751423642,-0.011007157486834574,0.7498723750646293,0.03337677635431052,0.7770754133160043,-0.9710169367509486,-0.017121648786846567,0.5773261884694346,-0.8800109614517461,-0.01275134925384351,0.6778175257768994,1.1912835144442782,0.06458383335216794,0.8398759705861707,0.9959234492181979,0.0,0.0,0.0,0.0
0.030212799308296734,-0.012476881138979247,0.7546897637208678,-0.002941404265679525,-0.6613954798297784,-0.010817242972977,0.7499535683334978,0.032671787333182316,0.7690031618325069,-0.9635190691631642,-0.017897014442973303,0.5826805152043744,-0.8713825613294386,-0.015588878380044031,0.6828539732687133,1.1778176124978235,0.06597099964974955,0.8322323242428921,1.0031617133634458,0.0,0.0,0.0,0.0
0.028395087553310494,-0.012303239720737227,0.7537022924820882,-0.003165143986063234,-0.6612901603802187,-0.010614455655766785,0.750048424422706,0.03204488299803684,0.7586939392366182,-0.9527412545442708,-0.018544265626500522,0.5876955754514221,-0.8627958039766952,-0.018634143779242208,0.6872880495154221,1.1641700511611237,0.06792910959241473,0.8238338467845507,1.0103263951940509,0.0,0.0,0.0,0.0
0.026192274046066825,-0.012189075836113806,0.7527047767785434,-0.0034100967357946176,-0.6611657635812856,-0.010400327468834613,0.7501600079294877,0.031558135056177786,0.7459506475557819,-0.9382949514643095,-0.019101296478445908,0.592598924303432,-0.8544512338978949,-0.022051658254390247,0.69114668223511,1.1504204711743826,0.0706645206459363,0.8147512694541177,1.01730923747078,0.0,0.0,0.0,0.0
0.023629990203637794,-0.012148545701890213,0.7517113237130167,-0.0036808266266387226,-0.6610206821771218,-0.010173322162980789,0.750289685898457,0.031247595902783896,0.7308201065202976,-0.9201471372927005,-0.019631338377825606,0.5977839974109227,-0.846634826345407,-0.026153925350139048,0.6946514760039688,1.1368066660015632,0.07433045550658406,0.8051598676053477,1.0239874909323505,0.0,0.0,0.0,0.0
0.020807900250593394,-0.01217192560052492,0.7507327042854763,-0.003988182574064354,-0.6608511463686132,-0.009930672827470987,0.7504406961780787,0.031093975106128543,0.7138279402870988,-0.8990389218638153,-0.02020089749956778,0.603880967349903,-0.8397463641075469,-0.03164494797578566,0.6984438279649683,1.1238536290616254,0.07888833661156444,0.795327022639352,1.030257022347708,0.0,0.0,0.0,0.0
0.017923431567893087,-0.012189396795213046,0.7497658647212577,-0.004363620988640403,-0.6606261277266156,-0.009621496865034645,0.7506407296269507,0.03085951805595919,0.6962884543111499,-0.877242123103609,-0.020605011151326746,0.6115114182194998,-0.8340111881152019,-0.0392465024864378,0.7037728377278721,1.1120761772651637,0.08436976561309527,0.7856612106162958,1.0360673365561353,0.0,0.0,0.0,0.0
0.015351198550914411,-0.01214088650211616,0.7489029662307116,-0.004833126987161355,-0.6603312521244284,-0.009250977691331144,0.7509019228654731,0.03044002639831035,0.6807110776658973,-0.8584352537571821,-0.021434092074156596,0.621434853996613,-0.8304768640727638,-0.05188216914960099,0.7119376676288001,1.102736641771108,0.09044735585246236,0.7772801045548057,1.0407660528995533,0.0,0.0,0.0,0.0
0.01330321073778747,-0.012067418532800306,0.7482854471139967,-0.005416433462967255,-0.6599982935866558,-0.008799973565492966,0.7511960297928166,0.029920866738201383,0.6684813353425589,-0.8442283956044375,-0.022225644210127495,0.63387648048225,-0.8315900752871506,-0.07249258508709741,0.7229901910964065,1.0971610283907216,0.09819898049185713,0.7716892078891872,1.0436261902634985,0.0,0.0,0.0,0.0
0.012092295177612327,-0.012017262077501369,0.7480669678770894,-0.006085795162001846,-0.6596994874610449,-0.008258505133875743,0.7514594775726995,0.029375024215258526,0.6615461315942603,-0.8368369450400885,-0.02220014608285921,0.6480818086939619,-0.8410190080572268,-0.10086468907550607,0.7352994492853547,1.096115014199712,0.10833978493497524,0.7706504130373594,1.0440350837630172,0.0,0.0,0.0,0.0
0.012051323095137534,-0.011931338717550092,0.7480304887658452,-0.006197688032314401,-0.6597133625348044,-0.008254730600312047,0.751446423491916,0.02926564569311738,0.6614209009053953,-0.8368022437777582,-0.022228214239195864,0.6481067478633894,-0.8410245606273464,-0.10085285450791404,0.7353234982528795,1.0961232645633088,0.10835470488225925,0.7705470143022086,1.0439797597401754,0.0,0.0,0.0,0.0
0.012051323095137534,-0.011931338717550092,0.7480304887658452,-0.006197688032314401,-0.6597133625348044,-0.008254730600312047,0.751446423491916,0.02926564569311738,0.6614209009053953,-0.8368022437777582,-0.022228214239195864,0.6481067478633894,-0.8410245606273464,-0.10085285450791404,0.7353234982528795,1.0961232645633088,0.10835470488225925,0.7705470143022086,1.0439797597401754,0.0,0.0,0.0,0.0
0.01224685912752476,-0.011924241482232102,0.748079497165166,-0.006328357330350793,-0.6596935057823782,-0.008155720751302456,0.7514638477938119,0.029186684621195454,0.6627538333434866,-0.8390651466931612,-0.02233807476797738,0.6492868100266215,-0.8425136174050932,-0.09881839151471405,0.735189439564294,1.0958288187399134,0.11072333830065352,0.7718859806265097,1.0438008886602668,0.0,0.0,0.0,0.0
0.012901189787624487,-0.011931708772018088,0.7481272565319853,-0.006396499490134057,-0.6597341518359313,-0.008109682942886274,0.7514280848745027,0.029192954741250932,0.6668659124993628,-0.8453470869570768,-0.022412841077166727,0.6533161566224651,-0.8484315975854082,-0.09850349529945322,0.7367124040240743,1.0962323022062186,0.1126886699102047,0.774141982031867,1.0442586859532434,0.0,0.0,0.0,0.0
0.01415991666685117,-0.011879606714558785,0.7481950828124241,-0.0064051876985113144,-0.6598572952630134,-0.008112595395818541,0.7513198448428412,0.029102058984434315,0.6747711123821408,-0.8570706608480521,-0.02265200847944609,0.660841291577527,-0.8595831546512641,-0.10088697484645809,0.7405780398480047,1.0975711128859922,0.11370079912143287,0.7777278723091264,1.0451074221851786,0.0,0.0,0.0,0.0
0.016103336685342307,-0.0116547440560223,0.7484606694078103,-0.006362138409122991,-0.6601297304526427,-0.008171122755527276,0.7510802186985746,0.028654755778633422,0.6870846174219906,-0.8741653776284639,-0.023318593277874722,0.6719332986960574,-0.8750001073637844,-0.10765402357635137,0.748506665450893,1.0988394298411124,0.11265003291059794,0.7837811652411738,1.044555733900931,0.0,0.0,0.0,0.0
0.018794076950672256,-0.011104892608517727,0.7496491916093031,-0.00627825646427723,-0.6609084055575377,-0.008317721948558373,0.7503942153699937,0.027526287842618263,0.7041452520963567,-0.8925606258333826,-0.024712209589210853,0.6862676326073897,-0.889588477382801,-0.1223673205260619,0.7665711464453083,1.0949327501252506,0.10801062178371561,0.7971727697243586,1.0362222146714768,0.0,0.0,0.0,0.0
0.021050751631569126,-0.011230053063747357,0.7503921362757224,-0.007659648823507284,-0.6606213843538076,-0.006966492083361164,0.7506478430678475,0.0269674646130368,0.6759812918979333,-0.8605195720001749,-0.026023702059542034,0.7000719333573975,-0.9061547204553473,-0.09348989122911222,0.764256228046371,1.088674566209001,0.07743875020034766,0.7706382115636426,1.057995622336239,0.0,0.0,0.0,0.0
0.023735316621679256,-0.011366538582644952,0.7514836032492763,-0.0085198826468677,-0.6605175886152805,-0.0061705791604384505,0.7507368718015409,0.024805362156786897,0.6553748927523471,-0.8454356548323668,-0.02673473998058355,0.7164163072550281,-0.9256929635278561,-0.07709369465633936,0.7693185569338719,1.0805854539291526,0.054681245606656256,0.7513248782547962,1.0747647039984949,0.0,0.0,0.0,0.0
0.026389854629135817,-0.011384903183233165,0.7526585459405406,-0.009005962458271757,-0.6605979226289912,-0.005778567450581646,0.7506636300079288,0.02227420110316735,0.6410377378179759,-0.8411911644531656,-0.02728034493432274,0.7320090701743082,-0.9436683578819505,-0.07004201065260733,0.7784787147678627,1.072591669743312,0.03936100618207238,0.7382438824292029,1.089489563265978,0.0,0.0,0.0,0.0
0.02881220079935059,-0.011304061011186526,0.7538318301705832,-0.00932581344793426,-0.6607562636580729,-0.005549014234816953,0.7505220834067304,0.019959856121128897,0.6307879156336336,-0.8430095028391784,-0.02788143991990759,0.7458122548878305,-0.9587745208457679,-0.06725901850081073,0.7888529271182714,1.0647589134625939,0.028770887888625144,0.7289194538963532,1.103350662629122,0.0,0.0,0.0,0.0
0.030901076756791913,-0.011153726860781464,0.7549764450101946,-0.009587540229256253,-0.6609290314807345,-0.005364609132145142,0.750367986648651,0.017912104280087965,0.6230332135633241,-0.8480746270283136,-0.02858643266557318,0.7574309908156435,-0.9705807074781732,-0.06607191738156533,0.7989781821577405,1.0569680501651548,0.02092919769805374,0.7216049999791987,1.1167089999480746,0.0,0.0,0.0,0.0
0.03262759490751641,-0.010961877391350901,0.7560860129524797,-0.009833295603860587,-0.6610895365556542,-0.0051829213183844786,0.7502246785335743,0.015995826377600778,0.6166797356108347,-0.8548239045374141,-0.029365974359564517,0.7668519122831403,-0.9791674070995295,-0.06521481452866883,0.8082417588741347,1.0491448226358404,0.014662292016867567,0.7152123935372373,1.1297134081282034,0.0,0.0,0.0,0.0
0.03400951863735725,-0.010751654016461014,0.7571586432266313,-0.01007438464405037,-0.6612291389960323,-0.004994662510967597,0.7500997172796501,0.01407090839283079,0.6109861580787679,-0.8624088992505246,-0.030169872428815633,0.7742792761125169,-0.9849140049310284,-0.06414874561360318,0.8164635662750162,1.0412825226920266,0.009313393659861172,0.7091024047480758,1.1424549778491238,0.0,0.0,0.0,0.0
0.03509105179515597,-0.01053954165036551,0.7581919101097865,-0.010309707946631965,-0.661348089634497,-0.004803512152613371,0.749992893652904,0.012055950094022204,0.6054738739773643,-0.8703764352133715,-0.030953704957930546,0.7800211157185986,-0.9883351463045393,-0.06274070661190442,0.8236884063784182,1.0334296587080545,0.004508564080881375,0.7029258728457874,1.155013324929438,0.0,0.0,0.0,0.0
0.03592775993880856,-0.01033463592995372,0.7591821009761978,-0.01053357068430812,-0.6614518487140427,-0.004618300750039363,0.7498994379379117,0.009936844633481191,0.599857516471506,-0.8784897369259459,-0.03168797558574072,0.7844116967003069,-0.9899655908468883,-0.06111702779580577,0.8300841889266747,1.02567479982504,1.5108197397084577e-05,0.6965165923755259,1.1674671590444017,0.0,0.0,0.0,0.0
0.03657609831701034,-0.010139664336098739,0.7601255402804632,-0.01073799407367379,-0.6615496894352159,-0.004451115884487062,0.749811237218292,0.007760151278675611,0.5939876189037534,-0.8866244350132083,-0.0323561601890663,0.7877640406615415,-0.9902884868398025,-0.05959077842029269,0.8358945008151318,1.0181249195938424,-0.00434939899516076,0.6898195435425201,1.1798885791251905,0.0,0.0,0.0,0.0
0.0370839218117098,-0.009959568369148401,0.7610115024633992,-0.010936477535867552,-0.6616296087154125,-0.004280263532404499,0.7497388436477668,0.005575642936533516,0.5876774714789299,-0.8947094336276359,-0.032981554314823885,0.7903602817732638,-0.9897840677395078,-0.057687258281372875,0.840957372163907,1.0108697276576772,-0.008577519244701182,0.6827782325673843,1.1923211117008623,0.0,0.0,0.0,0.0
0.03747113068362124,-0.009810134022569913,0.7618005546037265,-0.011193907794867513,-0.6616393307893765,-0.004020850385948924,0.7497279007366872,0.0031434822429619665,0.5804605866301511,-0.9026598810108997,-0.03363072889320575,0.7923671282787773,-0.9888969585310704,-0.053157892497442724,0.8441576399666934,1.0040834633559295,-0.012586863352655384,0.6751698689033301,1.2047060807647283,0.0,0.0,0.0,0.0
0.03776654721749414,-0.009669593855242012,0.7624160413858485,-0.011528311039538434,-0.6615730988376061,-0.0036560942681207066,0.7497831459253305,0.0002730624899171187,0.5721322667298125,-0.9105267165975718,-0.03437962097126782,0.7938579563829736,-0.9880172511609541,-0.045943894749216535,0.8450779598960861,0.9985474239113596,-0.016079966738510785,0.6671425604360369,1.21698935691714,0.0,0.0,0.0,0.0
0.03799894711911337,-0.009342595185476279,0.7628802407658686,-0.011499536518145387,-0.6618815404272875,-0.003834586423658492,0.7495104289123856,-0.0024590539247614186,0.5651476927943841,-0.9186122715757218,-0.03489015251097255,0.794165100891787,-0.9854820745752304,-0.05364678557622002,0.8513764269078604,0.9960042361023137,-0.02128847755324123,0.6603209009430528,1.2292516959263384,0.0,0.0,0.0,0.0
0.0381990484143375,-0.008773536677104335,0.7634128087752977,-0.010666622737364965,-0.6629365775505759,-0.005167359027180742,0.7485817361555064,-0.003919047331869671,0.5626465974081714,-0.9266832404837496,-0.034547846897773446,0.7931467161125363,-0.9799626607831456,-0.09242193755339768,0.871156859977981,0.9957693328071943,-0.030280290866923944,0.6563596065108545,1.2408380056371693,0.0,0.0,0.0,0.0
0.038280264027216765,-0.008431416139022556,0.7641827798105899,-0.009695238720513467,-0.6641313961293294,-0.0066982702099052166,0.7475229924207383,-0.003983292890879811,0.5630353217956203,-0.9324251880619875,-0.03337139565786969,0.7919897969722804,-0.9731619170579874,-0.1419324963189444,0.896524676719415,0.9927541511750441,-0.04135256108123654,0.6532302547786399,1.250156078142103,0.0,0.0,0.0,0.0
0.037760713616995595,-0.009607557321132186,0.7644893089224611,-0.011684443435949118,-0.6611437050388922,-0.003343248265516562,0.7501608479253457,-0.01093072664413108,0.5463929665990592,-0.9340758952955964,-0.034904641626123896,0.7949607722095435,-0.9826043151473394,-0.016167057706599264,0.8439043449279282,0.9790129235424343,-0.026192459994868564,0.6398740372928037,1.2503355149862325,0.0,0.0,0.0,0.0
0.037487151435239945,-0.010054607955039197,0.7646170854374316,-0.011746593430990849,-0.6616169024510997,-0.0035113690424978554,0.7497417970349701,-0.01160632670069241,0.5477085529635165,-0.9327657846336604,-0.03332944914853358,0.7939576594909313,-0.9787912687713229,-0.03818897136390059,0.8536435613538288,0.9756216573220986,-0.031279792136912496,0.6402031319197957,1.2511926929145007,0.0,0.0,0.0,0.0
0.03723375219254673,-0.010203986744794991,0.7643665546313229,-0.010700003154645527,-0.662814368476537,-0.005128252399447791,0.7486897380763728,-0.011234741049996878,0.5562676124674459,-0.9304496595078766,-0.03081421713635063,0.791766572335421,-0.974830400241626,-0.08503349639124223,0.872403813117282,0.9798695863798542,-0.04000741979199529,0.6456662782702585,1.2464570232111012,0.0,0.0,0.0,0.0
0.03675837576510631,-0.010557351878096593,0.7640324947009032,-0.009535088589868455,-0.6639535686431749,-0.006830827226403405,0.7476818043599692,-0.010429242080656613,0.5673326011473622,-0.9251094899999381,-0.02771275330378422,0.7889111990930247,-0.9706983223224878,-0.1341862176676094,0.8912394660962613,0.984288703807689,-0.04707952385102082,0.6529000992523033,1.2370691776136926,0.0,0.0,0.0,0.0
0.03565673047557922,-0.012347848154775909,0.7633174492303807,-0.011112624889285225,-0.6614145709584356,-0.0041376179899882855,0.7499267664307679,-0.014730910232427464,0.5627595385228895,-0.9161095949366541,-0.026765887612360022,0.7893456179395091,-0.9800780942063475,-0.029940140367316348,0.8424691310878037,0.9785240075021169,-0.032456055021808324,0.649582385072264,1.2215506662377873,0.0,0.0,0.0,0.0
0.03458554870954939,-0.013587700881735158,0.7624177692532687,-0.011103779967936624,-0.6615266532173005,-0.004184726831376255,0.7498277677006152,-0.014503945800127387,0.5695215633995612,-0.9068587116339756,-0.023454426233008294,0.7858182876163644,-0.9782450047191749,-0.03553976337717844,0.8394991628662842,0.9811545159527897,-0.03432251136270157,0.6540939027316595,1.2098093135991923,0.0,0.0,0.0,0.0
0.033291578059981626,-0.014629662677607298,0.7610946080548385,-0.010476620384601955,-0.6619711296852173,-0.004995527281973576,0.7494394629293076,-0.014217336259103805,0.577252974792237,-0.8986936997399663,-0.019763593533941415,0.7801813885062168,-0.9751632302255218,-0.049644340927542344,0.8378502493344451,0.9899331947563207,-0.03692789152685759,0.6597363829600289,1.1977247171267993,0.0,0.0,0.0,0.0
0.031623595637029184,-0.015847013739608413,0.759574968100362,-0.01004142391273931,-0.6620803141264003,-0.005455690547240895,0.7493457565721876,-0.01457804398141353,0.5825225873331357,-0.8900884035131206,-0.016097369682366927,0.7730291933085549,-0.9713036155546434,-0.04904721266066996,0.8285186522391299,0.9989466995919882,-0.03687026826914183,0.6638854380512316,1.1849391912097702,0.0,0.0,0.0,0.0
0.029529212189342628,-0.017271945708535245,0.7580340387652216,-0.009709431238854921,-0.6619725947535556,-0.005705945327775358,0.7494434287710975,-0.015073121422216685,0.5862242257689464,-0.880872504811701,-0.01219238066427795,0.7640741622890224,-0.9653186851797125,-0.03882587934586196,0.8145690141662876,1.0065130180447024,-0.03566028425949875,0.66661618136421,1.1715530385106745,0.0,0.0,0.0,0.0
0.026978864633213806,-0.018829733842806534,0.7564972265233317,-0.009312849901306226,-0.6618712708654845,-0.0060125903971534585,0.7495355497815565,-0.015325709100171815,0.5894973648919578,-0.8713447849473838,-0.00789432178501832,0.7527202802545063,-0.9557237818208112,-0.027835441008590936,0.7998418929583382,1.0130390130063294,-0.034615657446171864,0.6686429101030592,1.1577959203640167,0.0,0.0,0.0,0.0
0.02393612302406119,-0.020498650645090093,0.7549401237551349,-0.008890755372661657,-0.6617683724879584,-0.006334023005026419,0.7496288787100681,-0.01537270517924673,0.5923166412806274,-0.8617084260865306,-0.0033182636241835,0.7386098058768181,-0.9419304650660302,-0.01620646698496675,0.7841512190164418,1.0186227741023128,-0.03352199570057021,0.6700180294851501,1.143648521131789,0.0,0.0,0.0,0.0
0.02039279397351973,-0.022259817223844573,0.7533672174549101,-0.008501139233981249,-0.6616337065675342,-0.006602573993487949,0.7497499416352702,-0.015305090182193603,0.5946779579750506,-0.852124752285445,0.0013899459923956692,0.7215505519121406,-0.9235166036241437,-0.003383083706994,0.7672284012816792,1.0230339755946374,-0.03225136362357481,0.6707074467055327,1.1290565595364017,0.0,0.0,0.0,0.0
0.016397415036319436,-0.02407315165314757,0.7517998985854376,-0.00817352342485956,-0.6614667511272465,-0.006794590927338242,0.7498991693568666,-0.015283536637665051,0.5968845561624079,-0.8427948892458957,0.006087301435423593,0.701572904153756,-0.9002806050770833,0.010136594845167888,0.7494589247599669,1.0260902438687312,-0.031016911573300707,0.6708593194161321,1.1140795743802308,0.0,0.0,0.0,0.0
0.012091253387434763,-0.025884378861492884,0.7502560356273457,-0.007909597984757188,-0.6612879693128352,-0.006925078688983473,0.7500584665124298,-0.015603827386078285,0.599550512017299,-0.8338922950738926,0.010647357079603046,0.679179060869662,-0.8727528967851707,0.02331015470225909,0.7316201107624446,1.0278921723895846,-0.030441353273200647,0.6709344175202226,1.09899719633807,0.0,0.0,0.0,0.0
0.00795269621508879,-0.02776030281152426,0.7487371520111693,-0.007681034786744307,-0.6609932194375532,-0.007026760903349876,0.7503196586744816,-0.01602117422112506,0.6029929041009602,-0.8245789292816803,0.015251296342403135,0.6574541640703206,-0.8462911032162983,0.03619908883172146,0.714337253938587,1.028624464860019,-0.03110169754694756,0.6725336544074129,1.0837541552826329,0.0,0.0,0.0,0.0
0.004218749337950007,-0.029512256404874666,0.7473766813908189,-0.007442945613677343,-0.6606714288769809,-0.007164146637876394,0.7506041171144687,-0.01680760353821689,0.6077390622121045,-0.8157146526629652,0.019532713665931102,0.6375022803638116,-0.8218917923146521,0.04646752167827715,0.6994835284393508,1.028383653803388,-0.03467839603128738,0.6752258808261704,1.0686733344298933,0.0,0.0,0.0,0.0
0.00122207125094757,-0.030939307552227898,0.746325853975328,-0.007153098361789204,-0.6603421468819436,-0.007380496931430296,0.7508945401987002,-0.01783187064779657,0.6132654573094926,-0.8082094597036572,0.02307879365725406,0.6212450344721884,-0.8021088678898327,0.05255361413334032,0.6885665932577997,1.0273412046295733,-0.042881806619328375,0.6782092558642093,1.0536520596350238,0.0,0.0,0.0,0.0
-0.0005861941363370137,-0.03182390185007461,0.7457160794712043,-0.00683114871233686,-0.6600433818310266,-0.007644140531801768,0.7511575311636446,-0.01851657797781215,0.6175485602926414,-0.8032040279379523,0.025365777180920965,0.6114460048442173,-0.7907476621338263,0.0539772762721278,0.682751622060442,1.0261486444473464,-0.055068161192310804,0.6805009811697706,1.0394784954991478,0.0,0.0,0.0,0.0
-0.0006296747148046698,-0.0319678765594767,0.7456363133375105,-0.006717823474127673,-0.6600552369459814,-0.0076218619300834475,0.751148362341737,-0.01849611265025336,0.617575174482883,-0.8032175083311984,0.025528287367442063,0.6112528531529269,-0.7907003715717587,0.05396067389763858,0.682619701251028,1.026064382965174,-0.0550826030077391,0.6805432264619631,1.0394941491231566,0.0,0.0,0.0,0.0
-0.0006296747148046698,-0.0319678765594767,0.7456363133375105,-0.006717823474127673,-0.6600552369459814,-0.0076218619300834475,0.751148362341737,-0.01849611265025336,0.617575174482883,-0.8032175083311984,0.025528287367442063,0.6112528531529269,-0.7907003715717587,0.05396067389763858,0.682619701251028,1.026064382965174,-0.0550826030077391,0.6805432264619631,1.0394941491231566,0.0,0.0,0.0,0.0
-0.0006296747148046698,-0.0319678765594767,0.7456363133375105,-0.006717823474127673,-0.6600552369459814,-0.0076218619300834475,0.751148362341737,-0.01849611265025336,0.617575174482883,-0.8032175083311984,0.025528287367442063,0.6112528531529269,-0.7907003715717587,0.05396067389763858,0.682619701251028,1.026064382965174,-0.0550826030077391,0.6805432264619631,1.0394941491231566,0.0,0.0,0.0,0.0
0.0002538777491187346,-0.032254342665910034,0.7457645177587784,-0.00675749843112671,-0.6603327510351801,-0.0074342574983956,0.7509059368128019,-0.018214867975555056,0.6224251911929807,-0.8094605167757897,0.025864346164152917,0.6172221600043817,-0.7982832810269489,0.05791399033489771,0.6846840413400318,1.0255692260795874,-0.05206908464798516,0.6842387831142779,1.0413601157062387,0.0,0.0,0.0,0.0
0.0019750689745600455,-0.03259081458301059,0.7459563916112606,-0.006759094302888955,-0.6606167211785817,-0.007343314492339797,0.7506570042807374,-0.017731723113578634,0.6327060529853443,-0.8240207368820929,0.026499899194773,0.6289329049588036,-0.8150478068620075,0.06175637442666413,0.6885369356742098,1.0258451139412088,-0.04995338688861148,0.6892861268325271,1.0438776313786433,0.0,0.0,0.0,0.0
0.004486598612656595,-0.03307402500965304,0.7462072886457793,-0.006687538488336013,-0.6609298710155138,-0.007371333941910444,0.7503816667965043,-0.01679263203296497,0.647619911521128,-0.8453548475722023,0.027679273890663478,0.6459616584773245,-0.8401792276856767,0.06587188382289677,0.6942698230355685,1.026444782934745,-0.04840567209573629,0.6956893302269589,1.0472498292147505,0.0,0.0,0.0,0.0
0.007738068071517794,-0.03392385679283465,0.7467533823259026,-0.006457920259585744,-0.6613404252656718,-0.007596968654742587,0.7500196152385615,-0.014770011120294916,0.6660667851375878,-0.8700930763667845,0.03001901395917645,0.6681239949395261,-0.872177863177707,0.07091083208756309,0.7035476704325915,1.0245043723631555,-0.0468933321634089,0.704752922514017,1.0499859900051993,0.0,0.0,0.0,0.0
0.011735597879695683,-0.0355286608471782,0.74851181859252,-0.005790305208827962,-0.6623329561661594,-0.008332241496583093,0.7491409088372011,-0.01032338282958134,0.6867201517563439,-0.8893454013367065,0.034832173261042654,0.6957832065161685,-0.9062384012849334,0.07610579498569083,0.7239722343289823,1.011650943228837,-0.04713693591929476,0.7217719300728397,1.0457159350887804,0.0,0.0,0.0,0.0
0.014836197386455622,-0.037072179562600206,0.7495585093740996,-0.005700195563321084,-0.6618631561238442,-0.008334165125345324,0.7495566769951337,-0.0068245591648906576,0.703502273100117,-0.9132713520170117,0.030618672340781007,0.6680167125561494,-0.8710002974812755,0.05572734384474007,0.7138801056510361,1.040338629102309,-0.035268025909080125,0.7332778280813645,1.0441978924735167,0.0,0.0,0.0,0.0
0.01841141388183837,-0.038512844170865146,0.7507369446289784,-0.005468295044188133,-0.6615583328801756,-0.008518566944002557,0.7498253823146646,-0.003324298868741706,0.7227579785331875,-0.9392349897260446,0.02711998511622142,0.6472884263483787,-0.8538111381743907,0.04081015341077718,0.7072751037373274,1.0634933835678186,-0.026512108435182855,0.746007461313679,1.041570603757556,0.0,0.0,0.0,0.0
0.021855581176138127,-0.039924185772097005,0.7520597583333977,-0.005109027175422993,-0.6614956139179861,-0.008819721485269822,0.7498797657768276,0.0002823313714334073,0.7405559148825067,-0.9606811151963539,0.024647931409009907,0.63286267828807,-0.8482996525820412,0.03199604597539605,0.7023887693003136,1.083005723097078,-0.019664570397134255,0.7596052940067043,1.0373562307208042,0.0,0.0,0.0,0.0
0.02494091026309616,-0.0412938860293316,0.7534550626463554,-0.0047081271247005054,-0.6615389023455791,-0.009159611582707896,0.7498401267857289,0.0038867217241085545,0.7559592484746798,-0.9773507384669229,0.022809464831302487,0.6225653971061299,-0.849168024149313,0.027032835209548016,0.6982798203126177,1.1001610353239153,-0.0134347645482688,0.7732586599078689,1.0318013884465973,0.0,0.0,0.0,0.0
0.0275590537462418,-0.04261425279655427,0.7548479377213996,-0.004311177917113729,-0.661613732277027,-0.009498358028517395,0.7497722748956456,0.007421548511484929,0.7685740109687358,-0.9894776252751205,0.021392065665373525,0.6147417183673334,-0.8534339223549183,0.02425172336770597,0.6943996444168308,1.1157489118420132,-0.007131558670050115,0.7863057936865783,1.0254630007889232,0.0,0.0,0.0,0.0
0.02968713725745736,-0.04387155509227913,0.7561907759908684,-0.00393853510699998,-0.6616868507664739,-0.009818253903817888,0.7497056764852705,0.01082197212798672,0.7784166032419577,-0.9975611928853751,0.020247811988239984,0.6082317588842002,-0.8594525910683695,0.02265160675523503,0.690409306619818,1.1302846346760105,-0.0005683605930467111,0.798363003260458,1.0187790254669526,0.0,0.0,0.0,0.0
0.03135619904809641,-0.045049146841313524,0.7574611844055886,-0.0035983627351558463,-0.6617472480941503,-0.010112207923452705,0.7496501681960447,0.014025514163040195,0.7857603759782527,-1.002239755326,0.01925945801578739,0.6022693887859031,-0.866315200160122,0.02166241636384175,0.6861126286690205,1.1441273883083838,0.006146439428205421,0.8092780746175186,1.0120050516632293,0.0,0.0,0.0,0.0
0.03262617488681775,-0.04613241651076444,0.7586527522223121,-0.0032934509983881975,-0.661794306107519,-0.010377919260322253,0.7496063956344121,0.0169813890256078,0.7910050246648057,-1.004195219195287,0.01833371870699955,0.5963804098799158,-0.8735223854793248,0.020956794764138524,0.6814176491416316,1.1575363129603018,0.012786163419922171,0.8190508822806509,1.0052637373309088,0.0,0.0,0.0,0.0
0.033567861681801175,-0.047111774424931904,0.7597673652658108,-0.0030241969892217412,-0.661831421374541,-0.010615096454810086,0.7495714399849958,0.01965646801680509,0.7945827504353324,-1.0040821710505259,0.017399247693354547,0.5902891293064947,-0.8808055445868962,0.020345824672864755,0.6763048152520431,1.170697635833964,0.019124079398390004,0.8277688015186818,0.9986040125933336,0.0,0.0,0.0,0.0
0.03425103848014725,-0.04798329600257034,0.760809967394121,-0.0027894507018572812,-0.6618623969076328,-0.010825020508744109,0.7495419971258782,0.022036939187063283,0.7968995505635394,-1.002484431013585,0.016405601360295154,0.5838381399453564,-0.8880259310507314,0.019720604572134336,0.6708025250552091,1.183737684784313,0.02497936051625014,0.835552126676993,0.9920444492022744,0.0,0.0,0.0,0.0
0.0347377692598482,-0.04874805883522515,0.7617853410848143,-0.002587368009105701,-0.6618907534356976,-0.011009155844504438,0.7495149995368346,0.02412415268595829,0.798303463288565,-0.9998915406662304,0.015320043729603404,0.5769437404364108,-0.8951216633674272,0.01902178118482195,0.664979166009976,1.196728201693734,0.03024754511604175,0.8425281761219772,0.9856038159616481,0.0,0.0,0.0,0.0
0.03507923222238243,-0.04941056294953794,0.7626949023916485,-0.002415453810448986,-0.661918669857982,-0.011169606285738173,0.7494885455907588,0.0259307615116266,0.799072737084677,-0.9967017973496202,0.014125640600502956,0.5695763258762192,-0.9020652516641019,0.01821414030111807,0.6589413749236833,1.209682426386411,0.03487923010257195,0.8487951817803874,0.979327416021281,0.0,0.0,0.0,0.0
0.035315128105899776,-0.049977114532971434,0.7635338217469172,-0.0022713584161868057,-0.6619468983231055,-0.0113080391016435,0.7494619890181498,0.027474628098792912,0.7994164746039354,-0.993239714116593,0.01281587168756383,0.5617898757129791,-0.9088158243998713,0.017279977636467034,0.652842840293815,1.2225306381113465,0.03887758197011536,0.8544046985922931,0.9733138178135124,0.0,0.0,0.0,0.0
0.035474257868397426,-0.05045454052242196,0.7642873171061155,-0.002153416275617923,-0.6619741467003132,-0.011425326415136968,0.7494364908483198,0.028775011388328865,0.7994808009407997,-0.9897850820101934,0.011390787846351533,0.5537988956713336,-0.9152504312157305,0.01620821320018308,0.6469013303547415,1.2350613700490076,0.04228733490486745,0.8593368698106343,0.9677491272841574,0.0,0.0,0.0,0.0
0.035575291258354735,-0.05084995543245788,0.7649265808409874,-0.002061248000158726,-0.6619971438156226,-0.011520787889316667,0.7494149746856203,0.029850958478502432,0.7993527398465804,-0.9865968389464268,0.00985553162146481,0.5461035697405981,-0.9210760682012915,0.014977115765678947,0.6414312684057082,1.2468081897574623,0.045204263564275426,0.8634823530193655,0.9629495067506751,0.0,0.0,0.0,0.0
0.03562918621807562,-0.05117072941245349,0.765405596020534,-0.001995254010110291,-0.6620120060013918,-0.01159298300743441,0.7494009111393164,0.03072217409602778,0.7990713108099516,-0.9839350123597025,0.008220348345558539,0.5396077117955341,-0.9257322698889486,0.01352434193632477,0.636914666638902,1.2568626227518158,0.047757023629392326,0.8666276557717008,0.9593963839354068,0.0,0.0,0.0,0.0
0.03567708764064644,-0.05140606818927881,0.7656675728940954,-0.00196017898248037,-0.6620088171969681,-0.011637266426389698,0.749403134288848,0.03136175325486986,0.7988942517127429,-0.9824726354275959,0.006387717044233683,0.5355866650087905,-0.9282732781862414,0.011651579160893301,0.6342968169087108,1.2635427702611508,0.04993765741624539,0.868520496453804,0.9576332562071731,0.0,0.0,0.0,0.0
0.03571412472977379,-0.05156641175557288,0.7656715464844036,-0.001957745416715965,-0.661983315775178,-0.011653017017427323,0.7494254226156033,0.03179958036296348,0.7987689011238438,-0.9823128121931778,0.004343146239512622,0.5351696453247862,-0.9275855042002187,0.009030148591003019,0.6349779348462907,1.26405051359996,0.05192556272151899,0.8689501527501968,0.9580946245600618,0.0,0.0,0.0,0.0
0.035681039773634377,-0.05167777777592078,0.7654182769117623,-0.0019845137447754378,-0.6619392376823939,-0.01164139330839275,0.7494644656576368,0.03209913927924065,0.7982952394343088,-0.9828209830505668,0.002219006344364565,0.5383119323057737,-0.9236903644716553,0.005730917343863568,0.6387799629081456,1.2583266368210235,0.05399656514234745,0.8678653293497111,0.9608258782002437,0.0,0.0,0.0,0.0
0.03556090804935403,-0.05173803045677705,0.7649499482793001,-0.0020384879950872898,-0.6618781454105805,-0.011602786793857072,0.7495188726997876,0.03225100840729603,0.7973906425278203,-0.9836946460963802,3.307663165496785e-05,0.5438636751693818,-0.9176630531653485,0.0020690411377233212,0.6442921626644431,1.2491024352607427,0.05606602635247367,0.8654503946024807,0.965388421992285,0.0,0.0,0.0,0.0
0.03532884190429678,-0.051751112669564156,0.7643238336196879,-0.002116073824794371,-0.6618072121815407,-0.011539293765423828,0.7495822708919019,0.03226163123124772,0.7959106691926403,-0.9844472029869404,-0.0021604103362821286,0.5505626990860496,-0.9103950492752954,-0.0017466340631466489,0.6506597729020717,1.2380479669283462,0.05808304185706378,0.8619797529720902,0.9712134791462655,0.0,0.0,0.0,0.0
0.03495117678365966,-0.051725968995566377,0.7635881968863111,-0.0022147216475385902,-0.6617303678744751,-0.011453336451888105,0.749651143082471,0.03215218385029651,0.7936524950692826,-0.9845522981245505,-0.004306958193480794,0.5575000204407202,-0.9024521580096858,-0.005623779554361989,0.6573535670999155,1.226050135865845,0.06006772548313282,0.857660598884925,0.9778299289206389,0.0,0.0,0.0,0.0
0.034386594760688644,-0.051675274662901324,0.7627772749415117,-0.0023328080502842265,-0.6616482402525653,-0.0113471128859638,0.7497248876797658,0.0319545787810089,0.7903621764833875,-0.9834748511411626,-0.006358410406378978,0.5641680837026254,-0.8941311372149771,-0.009532015725194474,0.6640209976771289,1.2135429683656134,0.0620995311761805,0.8526057044624223,0.9849101665170875,0.0,0.0,0.0,0.0
0.0335878318163625,-0.051615450022304464,0.7619136638798452,-0.00246925031305106,-0.6615587592819754,-0.011222734494373087,0.7498052820903929,0.03171132305095227,0.7857418472750437,-0.9806673633087566,-0.008273966154170602,0.570351314889258,-0.8855668528495473,-0.013473161066204008,0.6704163497973719,1.2007171105695653,0.06430781407865152,0.8468514339611382,0.9922445452874221,0.0,0.0,0.0,0.0
0.03250409383480303,-0.05156717782722172,0.7610124746462941,-0.0026233070880662766,-0.6614577872135968,-0.011082392321487616,0.7498959224951462,0.03147666590002088,0.779458968226002,-0.9755614307028045,-0.010023144503347353,0.5760045435121394,-0.8768288315068707,-0.017473021583683995,0.6763639229121493,1.1876415918746406,0.06686863801690661,0.8403887035690671,0.9996998974965522,0.0,0.0,0.0,0.0
0.0310853966712462,-0.0515553832208974,0.7600850763665999,-0.002794759486302578,-0.6613396647751955,-0.01092825515584185,0.7500017402337774,0.03131608088880563,0.7711664105549245,-0.9675778540181871,-0.011592560551789114,0.5811746166171291,-0.8679893298258787,-0.021590003248557036,0.6817393157254467,1.1743360780322214,0.070000165913711,0.8331953841976012,1.0071822042761522,0.0,0.0,0.0,0.0
0.02929052792123403,-0.05160751814294728,0.7591417372940614,-0.0029845997829894702,-0.6611977914734929,-0.010761827460807326,0.7501284928493348,0.031300770711586746,0.7605454240082159,-0.9561772754456039,-0.012994715237020796,0.5859757862271728,-0.859163754122726,-0.025938929081158742,0.6864727707756441,1.1608248389739928,0.07394753171236237,0.8252688312765625,1.0146085161060518,0.0,0.0,0.0,0.0
0.027100672145790712,-0.05174870677011236,0.7581928511092912,-0.0031963370320753142,-0.6610254397183507,-0.010582524530007615,0.7502820547296263,0.031493370883531865,0.747387758187035,-0.9409792153447049,-0.014274788297157412,0.5906133711655092,-0.8505296125629294,-0.03073563733708704,0.6905906636719309,1.1471996745805824,0.0789477095937658,0.8166602337345124,1.0218899394862522,0.0,0.0,0.0,0.0
0.02454107848754595,-0.05199197739739042,0.7572480215504213,-0.0034380866473063716,-0.6608167178354487,-0.01038533126674557,0.7504675808346891,0.031920939237858416,0.7317404240416567,-0.9219939098679971,-0.015510113330818516,0.5954439590683274,-0.8423303591935828,-0.0363910364901957,0.6943254518925971,1.133718776740535,0.08516739044527669,0.8075102560312826,1.028932408185971,0.0,0.0,0.0,0.0
0.021712777311488646,-0.052321453559137025,0.7563104822580177,-0.0037264098592011225,-0.6605617926573547,-0.010161794040966928,0.7506936591531408,0.0325406991317126,0.7141520609356394,-0.9000675021163529,-0.016787493063014056,0.6010364708923782,-0.8348869087231571,-0.04380987726089001,0.6983595089225221,1.1209389127508074,0.09256463269153876,0.7980363610014277,1.0356687335975423,0.0,0.0,0.0,0.0
0.018819481550298132,-0.05265061127103247,0.7553675064779392,-0.004103341565093999,-0.6602157640184931,-0.009849708970866327,0.7510001935836412,0.03306115364954985,0.6960310182365672,-0.8777491332859335,-0.017931961253707992,0.6078870505419107,-0.8282498571683009,-0.054124575046139344,0.7040555918570613,1.1093826555561048,0.10116141501191482,0.7885825888576742,1.0420675179001748,0.0,0.0,0.0,0.0
0.016217384973802977,-0.05290746523243026,0.7545041019948902,-0.004605875823639935,-0.6597497763214968,-0.009442830187408687,0.751411905355301,0.03333928985091888,0.679836514583573,-0.8587675218456841,-0.01952029015956749,0.6165415993725467,-0.8232621430627762,-0.07098735471743949,0.7127720091282178,1.1003128208838304,0.11069238192584908,0.7801829069614808,1.0474623043272366,0.0,0.0,0.0,0.0
0.01410586543944099,-0.05310344584984309,0.753860083830308,-0.005266450761731858,-0.659173746539932,-0.008905908741790033,0.7519194911414163,0.03337288200809181,0.6669947289989785,-0.8449499491454431,-0.02107486351161607,0.6268847548963157,-0.8219754425112257,-0.09829544623458555,0.7246382146467821,1.0950095542924272,0.12219466485042554,0.7742646573256637,1.051002142548664,0.0,0.0,0.0,0.0
0.01279664384765749,-0.05323542115663302,0.753599853568789,-0.006045303476201897,-0.6585771880057787,-0.008224892858853824,0.7524439466709413,0.03309450875257763,0.6595393873110145,-0.8385347566636827,-0.021793050653713553,0.6379525470180357,-0.8276739955060525,-0.1355989464066632,0.7377906983363766,1.0943181325678237,0.1358557045673836,0.7726162841082116,1.051833139472345,0.0,0.0,0.0,0.0
0.012764304407716797,-0.053172225771653675,0.7535673404670594,-0.006147345456858708,-0.6585881388782898,-0.008213058713350268,0.7524336642782774,0.03300898372907911,0.6594188395185214,-0.8384987286944328,-0.021823154094899454,0.6379767280825225,-0.8276779921853724,-0.13558844513220958,0.737813664106903,1.0943259480431797,0.13587191175233393,0.7725122103957682,1.051776915866824,0.0,0.0,0.0,0.0
0.012764304407716797,-0.053172225771653675,0.7535673404670594,-0.006147345456858708,-0.6585881388782898,-0.008213058713350268,0.7524336642782774,0.03300898372907911,0.6594188395185214,-0.8384987286944328,-0.021823154094899454,0.6379767280825225,-0.8276779921853724,-0.13558844513220958,0.737813664106903,1.0943259480431797,0.13587191175233393,0.7725122103957682,1.051776915866824,0.0,0.0,0.0,0.0
0.012984807266357938,-0.05321340153587793,0.7536495515177447,-0.006235580700843287,-0.6587240245771102,-0.008176696693950276,0.7523143748523173,0.03312103063465027,0.6605360382017594,-0.8394366454909865,-0.02173020852067419,0.6392315242009337,-0.828591219072325,-0.1345917308546081,0.7388806776281818,1.0939766520849188,0.13813860322150728,0.7745016642585432,1.051662442185404,0.0,0.0,0.0,0.0
0.013650741110306341,-0.05329449843129092,0.7537132685261814,-0.006266287853007222,-0.658855783604485,-0.008179968634180058,0.752198695931206,0.03336736752023462,0.6643805322249062,-0.8446910082887082,-0.02156241043125058,0.6434528370280818,-0.8344787743257813,-0.13488306128325508,0.7411361885705063,1.0942867737894197,0.1405281214552247,0.7772204827546609,1.0523080442314703,0.0,0.0,0.0,0.0
0.014910806516750181,-0.053350903451866126,0.7537816918697647,-0.006245735040080944,-0.659020247046903,-0.00821673434304054,0.7520543797178393,0.03358833205181693,0.6719515725373989,-0.8555935085156879,-0.021495371107002725,0.6513121151753247,-0.8461062896835864,-0.13744264713526805,0.7453444096049362,1.0954782905242293,0.14273181648968222,0.7812180629141299,1.0535106495737874,0.0,0.0,0.0,0.0
0.01684897541236375,-0.05328958649470497,0.7540157912744205,-0.006184225620862708,-0.6592938148679346,-0.008288417100779984,0.7518142876883355,0.03356801559096255,0.683826752723181,-0.8720469069974179,-0.021748372414452988,0.6629128086922244,-0.8625696332027467,-0.14376564783767104,0.7531406873481683,1.0966397473299383,0.1440719510891275,0.7876993218486662,1.0537269787498809,0.0,0.0,0.0,0.0
0.019531055183052703,-0.052980543921544276,0.755086745894593,-0.0060937202568305615,-0.6600527499705907,-0.00843319495177555,0.7511471993242054,0.03304952378126796,0.7002643074956453,-0.889978816009023,-0.02255148544184984,0.6778938006038192,-0.8788422040078679,-0.15745965886319097,0.7704396337528817,1.093092688806868,0.14364575760919082,0.8014857812304067,1.047203604081546,0.0,0.0,0.0,0.0
0.02187808885905588,-0.05336700781871876,0.7557418464893774,-0.007625212884262403,-0.6599862522717801,-0.006936270256566481,0.7512069562348632,0.03281886898202862,0.67300428862633,-0.8587137088774185,-0.023353883023835002,0.6925682562730116,-0.8958882827726368,-0.12332012720736331,0.7674555378659969,1.087304314518632,0.10335471467795071,0.7746649093443788,1.0660172611839367,0.0,0.0,0.0,0.0
0.024633647621655215,-0.05375646732248005,0.7567521842695826,-0.008592308089392414,-0.6600551736100964,-0.006038330463408133,0.7511437136776539,0.030950722299680426,0.6529418432030151,-0.8441928874576023,-0.02351846196366699,0.7097511975944913,-0.9161546801762168,-0.10270436537612979,0.7718726715717641,1.0795189558705707,0.07408339204583023,0.7549099434621958,1.0809539790032026,0.0,0.0,0.0,0.0
0.027341157628281203,-0.05401962232161125,0.7578535963725468,-0.00914121110932688,-0.6602392156805146,-0.0055804580272957585,0.7509790109085868,0.02867700349355803,0.6387829883849113,-0.8402309288045992,-0.023500342615236824,0.7261564305240578,-0.9351781820356535,-0.09215975158243375,0.7803095855199572,1.0716512934000426,0.05518062978146582,0.7415254929103811,1.094669833417053,0.0,0.0,0.0,0.0
0.029801729376139983,-0.05415763271170758,0.7589634738108819,-0.009488358417456069,-0.6604612299658328,-0.0053142227402937165,0.7507813888231565,0.026654665947721215,0.6285558627126551,-0.8421816848558317,-0.023573431643142836,0.7406696860326958,-0.9513669851443805,-0.08662798203109455,0.7900320535285541,1.0638689059544033,0.04276942152361789,0.7320530265886818,1.108065013284003,0.0,0.0,0.0,0.0
0.031912815100074814,-0.05419312980196857,0.7600543910308273,-0.009749869890811695,-0.660677538329722,-0.005120231262246306,0.7505890444281159,0.024917327793184858,0.6207726727616394,-0.8472910916994014,-0.023803646656392865,0.7528457380425096,-0.9641160894844495,-0.08346871512356113,0.7996643982740477,1.05611404968103,0.034037635199020436,0.7247050082471664,1.1212692028875246,0.0,0.0,0.0,0.0
0.03364365138621904,-0.05415521623417583,0.7611184892127026,-0.009976885370723512,-0.6608706510764921,-0.004948762348656073,0.7504171866736857,0.023309648713664387,0.6143782417936811,-0.8540303336830828,-0.02416748433857395,0.7626551304325795,-0.9734328760179946,-0.08131209660132367,0.8085881270269223,1.0483302522793188,0.027371535305710133,0.7183474751768291,1.134284764855343,0.0,0.0,0.0,0.0
0.035009687996330224,-0.0540734905758591,0.7621532569102285,-0.010187379554626117,-0.6610365054751763,-0.00478413547933758,0.7502693301573058,0.021679012356934542,0.6086421948132819,-0.8615649880302465,-0.02460631907045604,0.7703025515660259,-0.979670214244166,-0.07946090535538401,0.8165881892103611,1.0404970993510074,0.021883278255720656,0.7123045401053312,1.1471125179482318,0.0,0.0,0.0,0.0
0.03605233360239076,-0.05397415247228792,0.7631567736101891,-0.01038458238934606,-0.6611771191774266,-0.004625087147952311,0.7501437102940419,0.019936971558211242,0.6030831230863473,-0.8694458498912114,-0.025057082810350805,0.7761043469741977,-0.9833398049652465,-0.07758599921755052,0.8236588174882858,1.0326259778380362,0.01708705558382275,0.7062010759037008,1.159774303717791,0.0,0.0,0.0,0.0
0.03682396073145605,-0.053877966396383196,0.7641263993115004,-0.010566846141880274,-0.6612964835861188,-0.004474568860876614,0.7500368529564111,0.0180582113295248,0.5973979409884403,-0.8774362561487996,-0.02546779065294448,0.7804080451539129,-0.9849907344681711,-0.07554590939761602,0.8298852978827052,1.02475066403857,0.012714896633376098,0.6998499884039554,1.172307055424694,0.0,0.0,0.0,0.0
0.037377943898513316,-0.053799345496138566,0.7650588661769572,-0.01073082001203497,-0.6613998325515417,-0.004337269664452772,0.7499441973203871,0.01606202347609116,0.5914077495108103,-0.8854185798165526,-0.02580128058830341,0.7835418986696142,-0.9851332670963926,-0.0733357710475729,0.8353991241869771,1.016923077336747,0.008610967657242107,0.6931844548386664,1.184749623310095,0.0,0.0,0.0,0.0
0.037762555864775046,-0.05374749428957338,0.7659497621590771,-0.010873730029697633,-0.6614919378837324,-0.004217051354905607,0.7498615836192275,0.01399299972420921,0.5850114544240024,-0.8933372013687385,-0.026034707823358164,0.7857898308728765,-0.9842085669740921,-0.07100134818950425,0.8403251983133478,1.009210000589731,0.004683320570432476,0.6862140717255546,1.1971269342018407,0.0,0.0,0.0,0.0
0.03801775093230898,-0.053728481276179706,0.7667918402235965,-0.010994938579225266,-0.6615746382577754,-0.004114030312426026,0.749787425937726,0.011905079494292639,0.5781654589117998,-0.9011589003987889,-0.026158094687344646,0.7873831336801923,-0.9825910584762431,-0.06853976822135446,0.8447234092850198,1.001697612364516,0.0009065753483208294,0.6790063770751716,1.2094306169371871,0.0,0.0,0.0,0.0
0.03817138967544926,-0.05374790604933184,0.767573206703338,-0.011093551569811495,-0.6616499989532936,-0.004030756461590735,0.7497199243724432,0.009806480946129778,0.5709134216464169,-0.9088178244354363,-0.026157250424327615,0.7884831629619541,-0.980569130391255,-0.06597279867677908,0.8486128041623726,0.9945096562983392,-0.0027778134853928002,0.6716772944874497,1.2215739825241045,0.0,0.0,0.0,0.0
0.038241021397042774,-0.0538109738957446,0.7682734716593813,-0.011168755418521076,-0.6617189083674216,-0.0039704129289367136,0.7496583095201459,0.007678566212502587,0.5634638627942261,-0.9161533678199208,-0.026017040191416718,0.7891920650950435,-0.9783809687242365,-0.06331971973572528,0.8519388060223607,0.9878432293224616,-0.006432551641467185,0.6644053053325317,1.2333340075199952,0.0,0.0,0.0,0.0
0.038240924288344254,-0.053922806818045885,0.7688593220626566,-0.011219857289297006,-0.6617787807398647,-0.0039342831677037764,0.7496048836425908,0.005534206742228908,0.5563095453448406,-0.9228214295774525,-0.025726442391210216,0.7895945387604647,-0.9763023434699638,-0.06056690567028402,0.8545433853945666,0.9820119751009457,-0.010058458248215154,0.657477898244569,1.244248271836839,0.0,0.0,0.0,0.0
0.03819154219679458,-0.054093423491280455,0.7692806210292764,-0.01124696634716447,-0.6618176722673572,-0.003918089139448801,0.7495702255293349,0.0034536182686648563,0.550307260528116,-0.9281953153495806,-0.025273656757561155,0.7898291118836416,-0.9747910237894329,-0.05754708385767709,0.8561061021881718,0.9774649323360656,-0.013496434525648925,0.6514009751938832,1.2534068783801862,0.0,0.0,0.0,0.0
0.03808113491094114,-0.05431555168135735,0.7694772259404414,-0.011241165956841825,-0.6618412908876746,-0.003936343380593196,0.7495493626605637,0.0014398776077959577,0.5466893895461636,-0.9313932953266666,-0.024659271042205378,0.7897903755834952,-0.9739311630027544,-0.05468723796985422,0.8564276174179252,0.974823171516395,-0.01665338015669858,0.6469903657321736,1.259112129453701,0.0,0.0,0.0,0.0
0.037889423497960095,-0.05457515212491797,0.7694041396299495,-0.011183528526808973,-0.6618663318924978,-0.0040142433686567724,0.7495277001199069,-0.0004623889068631241,0.5466078028059476,-0.9314046548817506,-0.023888309895101524,0.7893030925366682,-0.9736178815136987,-0.05276129230306638,0.8555186628199567,0.9746067663913226,-0.019273189205578193,0.6456924965896589,1.2586169701501624,0.0,0.0,0.0,0.0
0.037593412672181165,-0.05488150617005355,0.7690552997688248,-0.011067044342890906,-0.6618968585592413,-0.004159492139975106,0.7495016796405846,-0.0022233749668812324,0.5500381679377956,-0.9281817653233017,-0.022926689766215275,0.7882541640922258,-0.9737065198009628,-0.051794122187503316,0.8533355174797953,0.9768398304696178,-0.021343436473508455,0.6475013834995412,1.2519276082192046,0.0,0.0,0.0,0.0
0.0371570424506515,-0.05526344594503483,0.7684634244547542,-0.010903638148144814,-0.6619212765782174,-0.0043538592137253645,0.7494814061723909,-0.0038721638487825994,0.555772950671066,-0.9226902625395869,-0.021719023508872455,0.7865250115802809,-0.973903092231934,-0.050936571378698316,0.8497022337394592,0.9810358635447177,-0.023079164636825383,0.6509117597633297,1.241783153116995,0.0,0.0,0.0,0.0
0.03653702617062131,-0.05574631834796895,0.7676786741350256,-0.010695794901989726,-0.6619382061773729,-0.004590262971160814,0.7494680384512417,-0.005415594149844737,0.5625308872612365,-0.9157729670423186,-0.020205417124203116,0.783942331430506,-0.9737404725632779,-0.04967299569027583,0.8446721937862789,0.9865643780910316,-0.02458527840913519,0.6550324261540313,1.2298585063381664,0.0,0.0,0.0,0.0
0.035681951207565475,-0.05635161048694724,0.7667421830371959,-0.010439021463519164,-0.6619513627143528,-0.00487062951225483,0.7494582691515583,-0.006840486330834181,0.5693929305305636,-0.9079921088635773,-0.01832594222630929,0.7802685273854739,-0.972684105004558,-0.047762619398910494,0.8383394386374754,0.9929017844539685,-0.02589523555157785,0.6593398137533151,1.2170475192016008,0.0,0.0,0.0,0.0
0.034533231107644904,-0.057101063829864115,0.765680827908594,-0.010132964717253229,-0.6619589774935979,-0.005190530434838125,0.7494535966525707,-0.008127384301848778,0.5758091494384563,-0.8996548066309207,-0.016030207582197652,0.7752217438252528,-0.9701940581012987,-0.04484960710540822,0.8306462798392209,0.9996374366125131,-0.026966481465558766,0.6634864031190499,1.2037792348457061,0.0,0.0,0.0,0.0
0.033028300978979,-0.05801571555871156,0.7645115798380719,-0.009783387198759562,-0.6619533128931939,-0.005537274816412256,0.7494607631305669,-0.009250210351365471,0.58150390603869,-0.8909044190049642,-0.013282855657264997,0.768488600129279,-0.965721584090887,-0.04046515492058891,0.8214138189000886,1.0064293236232724,-0.027718695834713904,0.6672244129328605,1.1902218878569144,0.0,0.0,0.0,0.0
0.03110527494405287,-0.059111574530265526,0.7632470602353553,-0.009401749662491458,-0.6619236398727175,-0.005891936828156305,0.7494891507962939,-0.01017577060047793,0.5863750546698839,-0.8818170865765189,-0.010072417558327955,0.75973288893003,-0.9586867034946177,-0.034173806504465554,0.8104404763007007,1.0129676568136459,-0.028071469772978964,0.6703776356956928,1.1764043812084588,0.0,0.0,0.0,0.0
0.028709531909397776,-0.06039391809068989,0.7619003315837474,-0.009004672201037445,-0.6618596400119858,-0.006231851188800415,0.7495477948953735,-0.010869301780588186,0.5904269413446979,-0.8724760242518389,-0.006422697063084679,0.7486104121471913,-0.9484664440485773,-0.02573669381220875,0.7976060425820936,1.018953712251223,-0.02797557479090023,0.6728294993618521,1.1622878674477175,0.0,0.0,0.0,0.0
0.025803372579991813,-0.06185179512461618,0.7604887200039344,-0.008613126191646349,-0.6617542865293589,-0.006533343447766935,0.7496428441201979,-0.011312877809817384,0.593747658866664,-0.8630161340658464,-0.0024027271344220233,0.7348020262500031,-0.9344178375470107,-0.015229960596420306,0.7829584841417961,1.0240932297467344,-0.027441392735863636,0.6745213059219096,1.147814447201748,0.0,0.0,0.0,0.0
0.022380557444193077,-0.06345459849692048,0.7590363425514145,-0.008250634475412305,-0.6616057150563556,-0.006775070057362994,0.7497759020275587,-0.011544163626483455,0.5965286250677964,-0.8536374764877748,0.0018701900717042058,0.7180823442803489,-0.9159694256190635,-0.003074102109318466,0.7667684420338832,1.0281074836464723,-0.026566443595657272,0.6754706152927779,1.132954989454056,0.0,0.0,0.0,0.0
0.018489092328867196,-0.06515245994384389,0.7575738310501142,-0.00793698998260154,-0.6614200925599335,-0.006945903143614398,0.7499414775684464,-0.011711966180184417,0.599134831113557,-0.8445886283805855,0.006243847715667645,0.698451793139604,-0.8928347366873909,0.009972686352872897,0.7495743176238078,1.030787416176373,-0.02558979382377521,0.6758396244400442,1.1177791363398077,0.0,0.0,0.0,0.0
0.014268104603777879,-0.06688327461976994,0.7561300976644134,-0.007673709820123653,-0.6612200356416164,-0.007061154801966602,0.7501195362984214,-0.012118601944133533,0.6022214984094472,-0.8360981626030338,0.010571986231572288,0.6763823606075557,-0.8654435856483621,0.022811932885285765,0.7322306702855645,1.0321562212949453,-0.02507585858468342,0.6760860725014636,1.1025887315578449,0.0,0.0,0.0,0.0
0.010161872968417494,-0.06869346395744007,0.7547085387425339,-0.007438651485342936,-0.6609128796427814,-0.007154356104563848,0.750391662517045,-0.012642358628210925,0.6061443695744092,-0.8273623074421379,0.014991828223858816,0.6546943816001528,-0.8386671135816445,0.035372486095560526,0.7153831037000309,1.032404245050664,-0.025516521529839898,0.6778229887815868,1.0873283197418098,0.0,0.0,0.0,0.0
0.006447297593916514,-0.07040622193657971,0.7534470587271332,-0.007182966866167142,-0.6605830193500922,-0.007294636308427778,0.7506832007008301,-0.013506796448856669,0.6115206099064285,-0.8192386502480692,0.01916706939372523,0.6347560026475851,-0.8139225674593029,0.045334361358060245,0.7010130717070449,1.0315774653535916,-0.028302138769286084,0.6807939091148197,1.0724066302738962,0.0,0.0,0.0,0.0
0.0034603910217400054,-0.07180922444729217,0.752488158199229,-0.006865115563596327,-0.6602594045769087,-0.007530586704076653,0.7509684940927527,-0.014650459223538269,0.617955079569551,-0.812814651989932,0.022666240441463887,0.6184698890825736,-0.7937292761321912,0.05099704577341431,0.6906594528112844,1.0299739969827981,-0.03485751478575594,0.684277508538501,1.0578006235493986,0.0,0.0,0.0,0.0
0.0016600455214526248,-0.07266508013790103,0.7519112046831282,-0.006523858988876697,-0.6599848848611187,-0.007819299752799179,0.751209857210437,-0.015573234046587427,0.6234690801008704,-0.8095344460089101,0.02491340154005407,0.6085826410722917,-0.7820137182595349,0.05196385460329745,0.6851855129382871,1.0287535705420339,-0.04469074956232398,0.6872764640217025,1.0442233319812753,0.0,0.0,0.0,0.0
0.0016163445205031872,-0.07280810593461216,0.7518329881685765,-0.006409178495735743,-0.6599955952508791,-0.007798826697066149,0.7512016473508273,-0.01555201893966151,0.6234960410336097,-0.8095486921244293,0.02507626575238549,0.6083880010808047,-0.7819661385288273,0.051946757443363564,0.6850540028050134,1.028668979644581,-0.044704498381473175,0.6873196400951719,1.044239533236786,0.0,0.0,0.0,0.0
0.0016163445205031872,-0.07280810593461216,0.7518329881685765,-0.006409178495735743,-0.6599955952508791,-0.007798826697066149,0.7512016473508273,-0.01555201893966151,0.6234960410336097,-0.8095486921244293,0.02507626575238549,0.6083880010808047,-0.7819661385288273,0.051946757443363564,0.6850540028050134,1.028668979644581,-0.044704498381473175,0.6873196400951719,1.044239533236786,0.0,0.0,0.0,0.0
0.0016163445205031872,-0.07280810593461216,0.7518329881685765,-0.006409178495735743,-0.6599955952508791,-0.007798826697066149,0.7512016473508273,-0.01555201893966151,0.6234960410336097,-0.8095486921244293,0.02507626575238549,0.6083880010808047,-0.7819661385288273,0.051946757443363564,0.6850540028050134,1.028668979644581,-0.044704498381473175,0.6873196400951719,1.044239533236786,0.0,0.0,0.0,0.0
0.0024783768139367097,-0.07306360562829275,0.7519557177248657,-0.006468923862173637,-0.6602582848105303,-0.007605910780302157,0.7509722368265848,-0.015329017736550585,0.6282701203404661,-0.815781051028465,0.02534638071706561,0.6141873475951231,-0.7893375222756674,0.055884455735918374,0.6869845969513004,1.0282289862381218,-0.041499597559131546,0.6910556381542929,1.0459308498707598,0.0,0.0,0.0,0.0
0.004161995576026962,-0.07333653717986312,0.7521394567816112,-0.006487664520231861,-0.6605357507609718,-0.007508161562686628,0.7507290188114888,-0.014981262809857558,0.63838300105315,-0.8301379466675614,0.025829577368746436,0.6255821522228536,-0.8056308350061102,0.05941385456277344,0.6907514217640558,1.02866129568901,-0.039429629926717544,0.6961326921272668,1.0481377163459171,0.0,0.0,0.0,0.0
0.0066207811184355965,-0.07371909764717283,0.7523948839815252,-0.006434165198977509,-0.6608486422151594,-0.007525197278050148,0.7504538926586356,-0.01426923062378851,0.6530776761914847,-0.8511031045749358,0.02675496173747627,0.6421595129250657,-0.8299937769169369,0.06292162418681867,0.6965118102392149,1.0294020157654893,-0.03815521830639194,0.702636970152747,1.050921245261766,0.0,0.0,0.0,0.0
0.009803768550337329,-0.07445324511916614,0.7529231945490453,-0.00621540395499561,-0.6612626666909198,-0.007748420819948586,0.7500886723376687,-0.012497796513539506,0.6712088332812628,-0.8753643986117936,0.02880453152606471,0.66378427290676,-0.8611939008208016,0.06706280050328853,0.7057677150999931,1.0278380789140886,-0.037120563573140745,0.7116401728735441,1.0531515998691063,0.0,0.0,0.0,0.0
0.013718213874470395,-0.0759212961895048,0.7546295977811832,-0.005543730717709987,-0.662265879165455,-0.008490849857126682,0.7492002921860349,-0.008351530796311185,0.6914723240883347,-0.8941021094911923,0.033262625027862404,0.6907689860721603,-0.894396762828399,0.07086702919437006,0.7261114569821352,1.0157577606827826,-0.03821618013119066,0.7283397611868689,1.0485337530003316,0.0,0.0,0.0,0.0
0.016784697866401275,-0.07733403929481629,0.755655903066366,-0.005464291311834502,-0.661793441813182,-0.008506463734080965,0.7496180507220077,-0.005118794386356599,0.7082327189924138,-0.9180516858086998,0.029182265348944525,0.664779284574442,-0.8624314432653454,0.05138584477306808,0.7160071924296041,1.0436434098864045,-0.0270734434319094,0.7396761125566934,1.046544888903285,0.0,0.0,0.0,0.0
0.020306772790966723,-0.0786402230678801,0.7568108795633142,-0.005237592332464423,-0.6614939801241113,-0.008698631639069386,0.7498817344713288,-0.0019132984032028564,0.7273405118359517,-0.9438094986132192,0.02566679670867507,0.6451098019374576,-0.8471986014658944,0.03713412253288695,0.7093181276882514,1.0662543068282264,-0.019201307505618173,0.7521840488694141,1.0434497537679526,0.0,0.0,0.0,0.0
0.023683286991044758,-0.07992875057934631,0.758108649347141,-0.00488256487461234,-0.6614415751104867,-0.009004612881930262,0.7499267432372646,0.0014138310091912428,0.7448987454730793,-0.9649021940498418,0.023110333630863324,0.6312650566066517,-0.8427938509998885,0.028638864826309826,0.7043264649643344,1.0854559281472675,-0.013232835338705956,0.7655206291261537,1.038832176037899,0.0,0.0,0.0,0.0
0.02669630273637792,-0.08119084501038888,0.7594765239909953,-0.0044892462704412646,-0.6614912513831295,-0.009345298413140538,0.7498812148661106,0.004765598892295009,0.7600363857409775,-0.9812269845541655,0.02115555811085161,0.6212581989686856,-0.8442608110618083,0.023774232638370828,0.700110831132509,1.1024353482332674,-0.0077638137584271055,0.778879022982949,1.0329687588957126,0.0,0.0,0.0,0.0
0.029242994782844346,-0.08241977995706681,0.7608418767667714,-0.004102306405460958,-0.6615675280162449,-0.009682405525490764,0.7498118617225727,0.008081336922132469,0.7723855590119091,-0.9930490805408858,0.019617775138622263,0.6135556610014111,-0.8488242703424366,0.02097345448358088,0.6961275194390354,1.1179273670468035,-0.0020812634728987183,0.7916202370742594,1.0264055520965936,0.0,0.0,0.0,0.0
0.03130363946653198,-0.08360136272784507,0.762159583793999,-0.0037404112425715747,-0.6616382132865843,-0.00999980267925749,0.7497472160595521,0.011298334769630125,0.7819748201514934,-1.0008651351953464,0.01836562077013013,0.6070724141859148,-0.8549642071333302,0.01929745840639488,0.6920387647484474,1.1324137646327397,0.003991412028348437,0.8033826174148089,1.0195574316742042,0.0,0.0,0.0,0.0
0.03291121698782447,-0.08471772607570908,0.7634089819299807,-0.0034107481233661583,-0.6616941588188711,-0.010290841417375855,0.7496954752198708,0.01435227108800911,0.7890842255798829,-1.0053039133480581,0.01728818044947441,0.6010907908505857,-0.8618478700444216,0.01821512944085892,0.6876506489657322,1.1462333706213426,0.010335831345520363,0.8140354967912194,1.0126586939507196,0.0,0.0,0.0,0.0
0.03412676642535356,-0.08575242279916048,0.7645843820755336,-0.003115273631147041,-0.6617360263618394,-0.010553705224841503,0.7496561517062827,0.01718869473702888,0.7941180279250194,-1.007041755909473,0.016292335515498954,0.5951642750825588,-0.8690202402352147,0.017420521424452686,0.6828724241269497,1.1596328290658022,0.01670274984584753,0.823587970708146,1.0058148363575343,0.0,0.0,0.0,0.0
0.03502154970117968,-0.08669389926056315,0.7656874367536122,-0.0028540114750929906,-0.6617679678476902,-0.010788440081226217,0.7496256538498747,0.01977029088656888,0.7975109711219256,-1.0067320659999883,0.015304249986992173,0.5890321222233953,-0.8762387882329196,0.01673439429945972,0.6776857468965699,1.1727912693641012,0.022843299828022832,0.8321282391814848,0.9990652881072153,0.0,0.0,0.0,0.0
0.035665345842682716,-0.08753640640351808,0.7667223128952417,-0.002625785628721236,-0.6617944722143815,-0.010996275825522716,0.7496000691797523,0.022078771999839604,0.7996695213644494,-1.0049582746609413,0.014270481661661814,0.5825471215119896,-0.8833832891157377,0.01604857439449981,0.672122240675962,1.1858321982928646,0.02856169177018359,0.8397750537043988,0.992425719940703,0.0,0.0,0.0,0.0
0.036119763271357776,-0.08827925147496846,0.7676926336724189,-0.002428446305107175,-0.6618189383910481,-0.011179369261799481,0.7495764251484951,0.024112203200128565,0.8009409935134908,-1.0022120028963637,0.01315659456080236,0.5756274267814983,-0.8904027767219868,0.015296722223872372,0.6662507604560308,1.1988269624168781,0.0337251953682946,0.8466427202712986,0.9859149228962517,0.0,0.0,0.0,0.0
0.03643533958591751,-0.08892547648585813,0.7685990500805995,-0.0022598488336335897,-0.6618437610595829,-0.011339494924201004,0.7495526298296996,0.02587931180534659,0.8016018237162575,-0.9988913163934011,0.011942707621375418,0.5682454104338815,-0.897275565979782,0.014444387186442644,0.6601775142676102,1.2117881900232104,0.03827828653096093,0.8528262539120516,0.979578314167413,0.0,0.0,0.0,0.0
0.03665093586345274,-0.08948010365334336,0.7694362295218936,-0.002117889597207718,-0.6618695940733008,-0.011478170039114154,0.7495281226194592,0.027394692496253675,0.8018586979457991,-0.9953198052957851,0.010620007804146542,0.5604538407440162,-0.9039630086031392,0.01347442684018612,0.6540536066969521,1.2246445531152064,0.04221628814065215,0.8583725121739825,0.9735128763082752,0.0,0.0,0.0,0.0
0.036794407914912904,-0.08994905417838645,0.770189090271182,-0.002001322518732816,-0.6618952466727189,-0.011595782329509908,0.7495039792905727,0.02867481024221813,0.801854102524295,-0.9917735622522487,0.009187166467734792,0.5524664606271668,-0.9103448561150251,0.012376951251615722,0.6480937527878657,1.2371829868533912,0.045587119516404484,0.8632615690931946,0.9679036854175096,0.0,0.0,0.0,0.0
0.036883362247495596,-0.09033888191970106,0.7708282962704728,-0.00190981301822646,-0.661917501596289,-0.011691731523138649,0.749483073263668,0.029737532697216792,0.8016700258891379,-0.9885057278025655,0.007650942038261661,0.5447802342006031,-0.9161318632064777,0.011129279615054485,0.6426066877374675,1.248937494108604,0.048482676795178814,0.867379145886802,0.9630689605043163,0.0,0.0,0.0,0.0
0.03693312348302368,-0.09065385119278661,0.7713073822766258,-0.0018441567367687044,-0.6619317943611241,-0.011764358299118136,0.7494694780800633,0.03059483478936542,0.8013780721164108,-0.9858315905761891,0.006008997646801099,0.5382967226394836,-0.9207595591003719,0.009664478266456524,0.6380873219361526,1.2589999672569319,0.051002046990027944,0.8705111615862359,0.9594860820771692,0.0,0.0,0.0,0.0
0.0369809860732123,-0.09088438985472584,0.7715692945141145,-0.0018086546345738687,-0.6619284873421492,-0.011809408010291154,0.7494717768507321,0.03122323217506009,0.8012109719838434,-0.9843845909894396,0.0041721923076135144,0.5342842031344388,-0.9232872152356454,0.0077879607342806,0.6354672888687122,1.2656824549917685,0.0531439691366079,0.8723980438545278,0.9577021801768666,0.0,0.0,0.0,0.0
0.03702034482101609,-0.09104129754797213,0.7715731105442156,-0.0018049824109904185,-0.6619025827510079,-0.011826472483086076,0.7494943945985506,0.03165393894676253,0.8011064479839118,-0.984255989140781,0.002127567621391761,0.533863545788712,-0.9225993053441934,0.005172127801733971,0.6361399159446547,1.2661769310492117,0.055091929563898676,0.8728238235343986,0.9581508430646137,0.0,0.0,0.0,0.0
0.036990541361672735,-0.09115102416777751,0.7713198154570722,-0.0018298219286200198,-0.6618574751734836,-0.011816402018693137,0.7495343267336217,0.031951111434038774,0.8006564438729712,-0.9848007819197172,1.4687832038974384e-05,0.5369870445873307,-0.9187155886636921,0.0018969415373555221,0.6399200968298604,1.2604217808985356,0.05713620037356681,0.8717377234823049,0.9608772281557285,0.0,0.0,0.0,0.0
0.03687540551663331,-0.09121213004306597,0.7708520163009289,-0.0018811766845358696,-0.6617949058181958,-0.011779850019291863,0.7495900205718388,0.032107554052466944,0.7997810013382488,-0.9857176814455115,-0.002154599007127789,0.5425133829371617,-0.9127132787730171,-0.0017370683449980297,0.6454062579447581,1.251155962033717,0.05919629461081904,0.869328247315501,0.9654417814768242,0.0,0.0,0.0,0.0
0.036650498972694685,-0.09122938872568359,0.7702274831093044,-0.0019552009002391972,-0.6617223976568091,-0.011719003119983792,0.7496547942851012,0.032131679192093705,0.7983360782655314,-0.9865168969293387,-0.004325154530356368,0.5491865950591683,-0.9054824683155942,-0.005521203314978584,0.6517487997491808,1.2400545818079034,0.061226962934724787,0.8658747565124563,0.9712745630731282,0.0,0.0,0.0,0.0
0.03628250079423687,-0.09121287533115062,0.7694950915923601,-0.0020490649155421974,-0.6616438485255792,-0.011636523347477192,0.7497251565511296,0.03204768188093,0.796118679859487,-0.9866690161263287,-0.006440674995214858,0.5561017146763482,-0.8975868140587161,-0.00936364620823877,0.6584218535523293,1.2280068165861144,0.06325631925187401,0.8615885425252683,0.9779029188896167,0.0,0.0,0.0,0.0
0.03573029571249597,-0.09117670255277362,0.7686897944153434,-0.0021608280765449744,-0.661559626365081,-0.011534884686539541,0.749800732208889,0.031891315701766905,0.7928737343121601,-0.9856349735813412,-0.00845051796415723,0.5627532009353726,-0.8893202570573093,-0.013234149723208698,0.6650744520387982,1.2154472519186001,0.06537526800435081,0.8565864678234846,0.9849978036661864,0.0,0.0,0.0,0.0
0.03494667375707201,-0.09113901247451392,0.7678349532401508,-0.0022890716399126027,-0.6614672251812626,-0.011416476927547388,0.74988368045757,0.03170961089971039,0.7883012201471506,-0.9828623204060173,-0.010310859335219831,0.5689256045830072,-0.8808140787099343,-0.017134844797176245,0.6714611080257964,1.2025664754123875,0.06772789727428415,0.8509088262131892,0.9923487112118381,0.0,0.0,0.0,0.0
0.03388074039498871,-0.09112242549785977,0.7669463909884555,-0.002432715140527277,-0.6613618772414405,-0.011283759277175428,0.749978150351927,0.0315617895733767,0.782065482191215,-0.9777773678838596,-0.01198788747724624,0.5745717057752588,-0.8721327106879881,-0.021092900146777546,0.67740534330528,1.18943372252934,0.0705069770467313,0.8445493248146169,0.9998227849784208,0.0,0.0,0.0,0.0
0.03248225199345396,-0.09115389825535758,0.7660359648324983,-0.0025912525261111807,-0.6612370618611051,-0.011139103229279586,0.7500898304942458,0.03151832011084279,0.7738154583971534,-0.9697964764389748,-0.013465060693115824,0.5797335357135464,-0.8633405005541899,-0.02517014281189593,0.6827812845218537,1.1760699753490473,0.07394814378843517,0.8374862542808901,1.007328397674747,0.0,0.0,0.0,0.0
0.030709576650881573,-0.09126279811799906,0.7651139389056504,-0.002765510096445741,-0.6610850317008606,-0.010984077460978979,0.7502254880083118,0.03165474520197006,0.7632279175531653,-0.9583785315495759,-0.014752784557757023,0.5845165605966011,-0.8545401314582289,-0.029488590384157538,0.6875173552773034,1.1625028859696198,0.07831253741855024,0.8297130978116787,1.014788355789339,0.0,0.0,0.0,0.0
0.028543318677977866,-0.09147571465510167,0.7641898399229481,-0.0029590417084839724,-0.6608975720416075,-0.010817916026613977,0.7503923080859216,0.032036375325053414,0.7500900456108417,-0.943146556309355,-0.015896771036231477,0.589111128344896,-0.8458884582610713,-0.034278217465301464,0.6916382093827428,1.1488309296039514,0.08384850261516222,0.8212704542673402,1.0221244039242832,0.0,0.0,0.0,0.0
0.026007945865064757,-0.09180617152218044,0.763271114120149,-0.003180301780474457,-0.660666842752692,-0.010635078058053825,0.7505971647178491,0.032689908204790986,0.7344449756061975,-0.924123060881204,-0.01697988712823681,0.5938483441199833,-0.8375952156841473,-0.03997867259789656,0.6953752139911051,1.1353239362082719,0.09072429652120106,0.812278464184708,1.0292589472413487,0.0,0.0,0.0,0.0
0.023203329873288374,-0.09223703943533772,0.7623572466055177,-0.00344677622092766,-0.6603801468671731,-0.010426317297017679,0.750851165854456,0.03356793301944769,0.7168395886034197,-0.9021807057508191,-0.01810159090681372,0.5992539847658347,-0.829928336422143,-0.047562162161939536,0.6994125615670056,1.1225574610942468,0.09888120158340176,0.8029193667878441,1.036145367049021,0.0,0.0,0.0,0.0
0.02033025736495352,-0.09267616588495461,0.761430808185568,-0.003802527315727903,-0.6599896139151435,-0.010125182582437697,0.7511968656669336,0.03435845205326596,0.6986798849723533,-0.8799042796508284,-0.019083975200660644,0.6057474380134873,-0.8228407141224686,-0.05822056898661163,0.7051017297646816,1.1110741140829374,0.10832511493626855,0.7935026526750234,1.0427651780841058,0.0,0.0,0.0,0.0
0.01773975967308479,-0.09304531980661727,0.7605695477290048,-0.004286517187511423,-0.6594585866155904,-0.009724137613319923,0.7516657764306196,0.034903517161391645,0.6824155686632245,-0.8610731328218865,-0.020560924804177077,0.6137475825237498,-0.8170189979655332,-0.07585258493120492,0.7138026193906768,1.1021666137840316,0.11872713659549168,0.7849795745081658,1.0484669073361688,0.0,0.0,0.0,0.0
0.015622286683908953,-0.09334230592307494,0.7599079480607689,-0.004932184388945668,-0.6587886515384541,-0.009184364283725871,0.7522558298969856,0.03516299197469168,0.6694587080522079,-0.8475586719172303,-0.022104273024061153,0.6229281165326441,-0.814241106006964,-0.10461172333809746,0.725587834732455,1.097155828263075,0.13101088945459982,0.77869086255345,1.05237086704391,0.0,0.0,0.0,0.0
0.014281353727048075,-0.09353993938934907,0.7596104777785577,-0.0056936401582307165,-0.6580716707932597,-0.008491993365738396,0.7528858775470506,0.03500657078825544,0.6618341088429732,-0.8415689645706239,-0.02298235961429391,0.6321191391973314,-0.8174726637931166,-0.14407082404739402,0.7384245631880394,1.0970108152375453,0.14503746970734943,0.7763576059558687,1.05352393326877,0.0,0.0,0.0,0.0
0.014252995957203082,-0.09348717357213121,0.7595799255670156,-0.005789300088870681,-0.6580809415301464,-0.008477134713323736,0.7528772121576859,0.034932449250560174,0.6617166696879708,-0.8415335366088678,-0.02301260084597879,0.6321428330939145,-0.8174755183001441,-0.14406027818818412,0.7384469147988123,1.0970185751489254,0.14505302170793394,0.7762557180749101,1.0534686277493963,0.0,0.0,0.0,0.0
0.014252995957203082,-0.09348717357213121,0.7595799255670156,-0.005789300088870681,-0.6580809415301464,-0.008477134713323736,0.7528772121576859,0.034932449250560174,0.6617166696879708,-0.8415335366088678,-0.02301260084597879,0.6321428330939145,-0.8174755183001441,-0.14406027818818412,0.7384469147988123,1.0970185751489254,0.14505302170793394,0.7762557180749101,1.0534686277493963,0.0,0.0,0.0,0.0
0.014488710601281842,-0.09352764466227377,0.7596682315833961,-0.00589043192043651,-0.6582730146059411,-0.00844032944805649,0.7527089091356667,0.035051825119300786,0.6628536733113217,-0.8422391578184334,-0.022910440908359322,0.6333950079059789,-0.818088793227437,-0.14315520374417337,0.7398125836088403,1.0967312208719808,0.14769878997884264,0.7786313860790494,1.053397471323077,0.0,0.0,0.0,0.0
0.015167978143186957,-0.09360275539058267,0.7597387934148285,-0.005929786016560943,-0.6584393700846647,-0.00844325257456195,0.7525630505454475,0.03529240520094417,0.6667392753202658,-0.8473791199023891,-0.022751959489771455,0.637658271448972,-0.8238556733627846,-0.14362830903977597,0.7423140784596066,1.0970695957753192,0.15038019525034813,0.7816524028266475,1.0540142209702543,0.0,0.0,0.0,0.0
0.016439231901164166,-0.09365732920116558,0.7598177789252563,-0.005917487653637872,-0.658621825700067,-0.008478920883552957,0.7524030714663716,0.035519199769468435,0.674343982161531,-0.8582073017613854,-0.02268803457548306,0.6456215522862234,-0.8355325836487448,-0.14636307959077002,0.7467343428987387,1.098206734819629,0.15297188275895418,0.7859487398092981,1.055123411449174,0.0,0.0,0.0,0.0
0.01838826657371755,-0.09361021053331835,0.7600604462049073,-0.0058669893966867455,-0.6588988386214067,-0.008544983519682746,0.7521601439556799,0.03554047692988035,0.6862255779450032,-0.8746143262262887,-0.0229137185946703,0.6574109328668258,-0.8522572395199838,-0.15270679743165902,0.7546589991919836,1.0992466726084187,0.15504241397769572,0.7927711735565128,1.0552754631213774,0.0,0.0,0.0,0.0
0.021085164069658973,-0.09334314229346197,0.7611220814543638,-0.005792761628270541,-0.6596512934059456,-0.008675558167094075,0.7514994010051309,0.03512064110380412,0.7026304866077758,-0.8925607917400468,-0.023636354037423268,0.6726587355172468,-0.8690241843933649,-0.1661870808670321,0.7719311334385165,1.0956259925255558,0.15604743056068376,0.8069859214963531,1.0489043811609902,0.0,0.0,0.0,0.0
0.023473804705550966,-0.09379443313449529,0.7617838099153567,-0.007409330372787216,-0.6596888746139806,-0.0071033080806363145,0.7514687176112377,0.035053924489287125,0.6750375326495861,-0.8603234846418919,-0.024347650143524437,0.6876248769110413,-0.885874959727534,-0.12961535607885133,0.7687790208727294,1.0897325281437216,0.1119399157257181,0.7795588890590623,1.0674996657858802,0.0,0.0,0.0,0.0
0.026272994529422333,-0.09424454993389297,0.7628047123505459,-0.008438237098325417,-0.6598394077146387,-0.006150714877327695,0.7513340940540133,0.033297232614978106,0.6547738659637752,-0.8452307468069035,-0.024413465763763718,0.7051647343530104,-0.9061975937386447,-0.10714798595517722,0.7731255552005887,1.0817637534765123,0.08016331788687728,0.7593552620015552,1.0822775587646638,0.0,0.0,0.0,0.0
0.02902314468311374,-0.09456425119183476,0.7639121027378301,-0.009026197810191133,-0.6600730012399304,-0.005656131890071579,0.7511259341543495,0.03110390092519238,0.6404632250154848,-0.8409260393969538,-0.02429362363087224,0.7219533384278092,-0.92552675476877,-0.0951852638135716,0.781480742504471,1.0737088214231556,0.059877246277529175,0.7457202031827206,1.0958936782365982,0.0,0.0,0.0,0.0
0.03152350752482497,-0.09475011520437707,0.7650233188388625,-0.00939580925976427,-0.6603255693931693,-0.005366748883002389,0.7509014976548971,0.02916040142462952,0.63014225000863,-0.8426876460533377,-0.024275082917160518,0.7368203936269709,-0.9421050250519597,-0.08860643055885964,0.7911334536834457,1.0657820381239163,0.046742332889660045,0.7361458255651503,1.109255579491605,0.0,0.0,0.0,0.0
0.03367090478908567,-0.09482387077497607,0.7661120541181151,-0.009668137425413335,-0.6605613715995426,-0.005160256929208513,0.7506920628444653,0.02750337953246846,0.6223158314987146,-0.8477083834450114,-0.024426781988827032,0.7493019391886384,-0.9552486851188209,-0.08472110268900207,0.8007236709564783,1.0579366898437566,0.037640811273184735,0.728795601701096,1.1224741003085266,0.0,0.0,0.0,0.0
0.035434815233544734,-0.09481540953444005,0.7671716696608137,-0.009898491976647338,-0.6607672132904598,-0.004983499468410863,0.7505090768471734,0.025974956758271002,0.615915581619078,-0.8544246475972604,-0.024726305372116477,0.7593690455723535,-0.9649347099567308,-0.08209452429395804,0.8096334319992161,1.0501108416380152,0.03079397352216975,0.722498039003389,1.1355354705038265,0.0,0.0,0.0,0.0
0.036831171342048954,-0.09475580195041025,0.768200728900494,-0.010108005238499787,-0.6609415091206245,-0.004817878563028578,0.7503538750467019,0.024418835162472848,0.6101979915154805,-0.8619784838927519,-0.025114462787861704,0.7672334850915795,-0.9715064207875422,-0.07996147774928995,0.8176414290411985,1.0422727947152064,0.025226404541344366,0.716550571746225,1.1484291898933232,0.0,0.0,0.0,0.0
0.03790183343154888,-0.09467280754473849,0.7691981796244783,-0.010301916418923506,-0.6610878961349063,-0.004660203868723752,0.7502232645032563,0.022743883225147404,0.6046717016099503,-0.8699048176703379,-0.025526460060453435,0.7732196384967118,-0.9754742913349016,-0.07793608975800433,0.8247358548470458,1.0344222326193124,0.020406574060234734,0.7105611675887412,1.1611696651243444,0.0,0.0,0.0,0.0
0.03869945677585341,-0.0945887030227955,0.7701618524942211,-0.010480142173040094,-0.6612111326000636,-0.0045117888852494615,0.7501130904782484,0.020922940630533404,0.5990249665034034,-0.877956420095224,-0.025908416236905353,0.7776821951710812,-0.9773905898473422,-0.07581948335110765,0.8309905379571855,1.0265829531806185,0.016046019713619037,0.7043319680516335,1.1737893785558877,0.0,0.0,0.0,0.0
0.03927760821263078,-0.09451911208447962,0.7710888235496677,-0.010639993630364436,-0.6613171174366236,-0.004376663316067935,0.750018203471808,0.018974932968297716,0.593074126766973,-0.8860084213020064,-0.026220868581449293,0.780954950473243,-0.9777691943071017,-0.07357367985411535,0.8365325384203828,1.0187993707196896,0.01197723747461691,0.6977908871361886,1.1863244413862553,0.0,0.0,0.0,0.0
0.0396846684013212,-0.09447421703142042,0.7719747435134925,-0.010779150942418717,-0.6614109463106611,-0.004258231968595108,0.7499341554202595,0.016944285145278383,0.5867144547637326,-0.8940004543596879,-0.026438991929481286,0.7833260639287497,-0.977055708197389,-0.07121848485620083,0.8414817399967557,1.0111335426747283,0.008102984941668655,0.6909447621941911,1.1987983473973396,0.0,0.0,0.0,0.0
0.03996075932604022,-0.09446068089334737,0.7728124495092735,-0.010896690258945532,-0.6614952188971076,-0.004157286288954309,0.7498586896798489,0.014886280321110511,0.5799026639503636,-0.9018951193367323,-0.026550265429941607,0.785029809299722,-0.9756272484156824,-0.06875556901664906,0.8459049292293912,1.0036697350418409,0.004387717257966314,0.6838607200639557,1.2112018079947797,0.0,0.0,0.0,0.0
0.040134416521071296,-0.09448451002133937,0.7735898581113375,-0.010992058959837788,-0.6615715326987117,-0.00407546503493043,0.7497904189486885,0.01281940666042931,0.5726811436252279,-0.9096239873627121,-0.02654099685130029,0.7862338053074415,-0.973783213482873,-0.0661839735152698,0.8498129949596562,0.9965302893852532,0.0007832755474197011,0.6766554136528695,1.223449311454534,0.0,0.0,0.0,0.0
0.04022348777524126,-0.0945515444093606,0.7742865991023169,-0.011064271058025342,-0.6616405950170237,-0.004016031413139133,0.7497287352257228,0.010730205376507113,0.5652577664653428,-0.9170217966716457,-0.026394491436910528,0.7870447439900462,-0.9717699878131643,-0.06351726034264037,0.8531510266172093,0.9899093676533103,-0.0027729227450553145,0.6695086426924853,1.2353158428534536,0.0,0.0,0.0,0.0
0.04023869126561014,-0.09466598263899628,0.7748695741290503,-0.01111275118564332,-0.6617006143993924,-0.0039806942642108606,0.7496752348435469,0.008620317427731426,0.5581245212553361,-0.923744010465302,-0.026100643674243564,0.7875252441655367,-0.9698259134585009,-0.06075554131658292,0.8557620270836518,0.9841192166465337,-0.006292773044464286,0.6626997119096673,1.2463318194858568,0.0,0.0,0.0,0.0
0.04019519685641116,-0.09483568825337343,0.7752895178590985,-0.011137083619251203,-0.6617421872839477,-0.003967162284411577,0.7496382491312217,0.0065513483243039225,0.5521433974618069,-0.9291631689499488,-0.025649039899729904,0.7877778517275293,-0.9683427540014881,-0.05779005733475357,0.8573469774744497,0.9796074797038771,-0.009645037385722317,0.6567214889653035,1.255575391366121,0.0,0.0,0.0,0.0
0.04007996359971399,-0.09505305947863316,0.7754871808276501,-0.011129049586542351,-0.6617710130701255,-0.003989501240183591,0.7496128029825094,0.00452084566312901,0.5485481185710043,-0.9323935755437387,-0.0250411297188444,0.7876896245090703,-0.9673880430993288,-0.05504031214015104,0.8577070584788659,0.9769851325413217,-0.01275424612710696,0.6523718729263907,1.2613381807528026,0.0,0.0,0.0,0.0
0.03988163029247035,-0.0953090818319238,0.7754177026953956,-0.011073312928514276,-0.6617970974398987,-0.004065969037289064,0.7495901890077673,0.002604037675720477,0.5484726609044001,-0.9324051178850191,-0.02428035141772728,0.7871554336107396,-0.9669787699625622,-0.0530842033182109,0.856788579921772,0.9767446102513895,-0.015310515808585376,0.6510982686912274,1.260865930240242,0.0,0.0,0.0,0.0
0.03957688911388654,-0.09561201837903949,0.7750753266535826,-0.010962124133466478,-0.6618264176721097,-0.004206249537854572,0.749565162057716,0.0008191038668620093,0.5518989903657991,-0.9291534410004204,-0.023332107433895917,0.7860557439833961,-0.9669541368798433,-0.05200277102669855,0.8545738021409695,0.9789148617832986,-0.017331916092568688,0.6528881638200537,1.254165279929112,0.0,0.0,0.0,0.0
0.039130830706799145,-0.09598910836896551,0.7744921521976016,-0.010805397180233916,-0.6618494307291344,-0.0043946811470756296,0.7495460367535229,-0.0008630103912195019,0.557629060923766,-0.923617405129488,-0.02214225917908197,0.7842715583135098,-0.9670184396962289,-0.051021234697582164,0.8509140694256042,0.9830291541221637,-0.019032765045063158,0.6562525876016087,1.243988801987776,0.0,0.0,0.0,0.0
0.038501956831307374,-0.09646434219244851,0.7737176706078701,-0.010603197604354624,-0.6618667918293969,-0.004627288554720046,0.7495321942883147,-0.0024454007621218478,0.5643914905606862,-0.9166517087449056,-0.020651053781547482,0.7816326923585013,-0.96670958017118,-0.04971162717503142,0.845896012835654,0.9884779035720518,-0.02052394254723469,0.6603179474337283,1.2320245128967324,0.0,0.0,0.0,0.0
0.037640342393146876,-0.09705959127747187,0.7727915953881089,-0.010353065672716526,-0.6618799640666988,-0.004902841970453013,0.7495223074324436,-0.003918145353206273,0.5712548905169148,-0.9088256758792446,-0.018802005475806766,0.7779102154016256,-0.9655147164363099,-0.04775640391131371,0.8395731415262087,0.9947468080557167,-0.02181791611525666,0.6645633954354545,1.2191742364490747,0.0,0.0,0.0,0.0
0.0364896339714346,-0.09779506931182749,0.7717414176666425,-0.010048833489954221,-0.6618919778270036,-0.005224572701584879,0.749513665301597,-0.005252305638601186,0.5776981187850867,-0.9004553721660401,-0.016539593549960197,0.7728257987607502,-0.9628923000626473,-0.04499224666436699,0.8319756862325715,1.0014430197081987,-0.022909440791426407,0.6686606682659556,1.2058753904656156,0.0,0.0,0.0,0.0
0.03498798831285815,-0.09869474633840083,0.7705828527519387,-0.009702571715965667,-0.661888341304183,-0.0055703470155777585,0.7495189490478675,-0.006431225730641774,0.5834131094112639,-0.8916826502511795,-0.013833079935490296,0.7660806480843855,-0.9583305921458569,-0.04069068010024996,0.8228076931515094,1.0082109459881885,-0.023672641900963354,0.6723448835215226,1.1922961215698549,0.0,0.0,0.0,0.0
0.03307481095949255,-0.09977530198337636,0.7693280912387824,-0.009324695347952265,-0.6618584529376064,-0.005922030972938473,0.7495474420481079,-0.0074192229581626894,0.5883031318060962,-0.8825889426436814,-0.010668576609855852,0.7573457707435967,-0.951264556769008,-0.034429553855263265,0.8118719765442283,1.014747049129201,-0.02402909869424153,0.675444186993684,1.1784683549532293,0.0,0.0,0.0,0.0
0.030697139925648265,-0.10104064771251504,0.767989827958762,-0.008924263066169785,-0.6617976709773692,-0.0062665047214365745,0.7496031824480416,-0.008169175528679786,0.5924086925061656,-0.8732707566596676,-0.007061588777093966,0.7462771779931611,-0.9410695466605384,-0.02618971574203913,0.7991426352040041,1.0207825644249924,-0.023973738606559738,0.6778628976304202,1.1643609989369201,0.0,0.0,0.0,0.0
0.027817172401900635,-0.10248255951265749,0.7665840259270357,-0.008524958311280043,-0.6616942705928797,-0.006575025820255303,0.7496964628339996,-0.008661385059718843,0.5958036588464443,-0.863869634185293,-0.00308067634167791,0.732564531819993,-0.9271335188948202,-0.015889885346560176,0.7845902240088694,1.0260191838400068,-0.02348509857805729,0.6795356742991249,1.1499160331998521,0.0,0.0,0.0,0.0
0.024428054583830492,-0.10407261595203031,0.7651346583133766,-0.008150165271806797,-0.6615442788689915,-0.006825140948248427,0.7498307538056737,-0.008920887991336838,0.5986836818368148,-0.8545968632807679,0.0011609304296275689,0.7159865505199272,-0.908902080771344,-0.003909838801283974,0.7684629470836596,1.0301706596760904,-0.022650127917506667,0.6804810339357672,1.1351059636748704,0.0,0.0,0.0,0.0
0.020576089618375256,-0.10576228690762969,0.7636726991714478,-0.007818935053048976,-0.6613527961865154,-0.007005782705330974,0.7500015081582164,-0.00907981494203744,0.6014244997349287,-0.8457183991082077,0.005514482967423904,0.6965406426606022,-0.8860912595594351,0.008987929714168598,0.7512965467681515,1.0330185724125216,-0.0216889888634236,0.6808653684768946,1.1200043596671236,0.0,0.0,0.0,0.0
0.01639682394494256,-0.1074904387340995,0.7622283565904013,-0.007535001491799574,-0.6611393416151679,-0.007128612955814192,0.7501914273027299,-0.00943121187772885,0.6046816371243059,-0.8374858331849707,0.009831278206387867,0.6746895172962436,-0.8591216431629803,0.021748572828130364,0.7339223562482239,1.0345562660956538,-0.02107427455488664,0.6811553772926949,1.1049112614501015,0.0,0.0,0.0,0.0
0.012300279119571841,-0.10928823016482958,0.7608080758012609,-0.007276835752331914,-0.6608292281839558,-0.007234063326231503,0.7504661532454499,-0.009972436495495769,0.6088532229162493,-0.8291737545553722,0.014224963615777592,0.6529980960187844,-0.8323745456428822,0.034087283787855235,0.7170638886196214,1.034977473140889,-0.02130137883701033,0.6829068398348603,1.0897850535685008,0.0,0.0,0.0,0.0
0.008592197190392954,-0.11099226943092234,0.7595494138631816,-0.006996196203828589,-0.660497883682569,-0.007388834431065085,0.7507589520047533,-0.010853179916973557,0.6145875540544844,-0.8215942695007056,0.01838572576853386,0.6330434234922377,-0.8076302443681966,0.04382377874247457,0.7027033734400867,1.0342927870028027,-0.023451928334277547,0.6860338973933392,1.0750776722572362,0.0,0.0,0.0,0.0
0.0056085294855776685,-0.1123882020556503,0.7585985515252155,-0.006652675800293489,-0.6601816931265914,-0.00764558542449686,0.7510375616363805,-0.012057661917564862,0.6215800895177992,-0.8159311762720995,0.02188520348824165,0.6167157740555251,-0.7873437979690084,0.04919503695396936,0.6924516377799368,1.032780818176607,-0.02874121629226944,0.6898845463972211,1.0608362553956925,0.0,0.0,0.0,0.0
0.003811521544589234,-0.11323845549420253,0.7580382015573908,-0.006293757525660558,-0.6599238647625467,-0.007958066130943952,0.7512639685999373,-0.013111435554029405,0.6279185903423391,-0.8137752755166181,0.024148130466148526,0.6067885742441068,-0.775457515491788,0.04988687593179651,0.6871790448330334,1.0315579410393854,-0.03674953021854968,0.693451723827901,1.0477460679587212,0.0,0.0,0.0,0.0
0.0037674614335470448,-0.11338158015416112,0.7579605956788988,-0.006177683202324549,-0.6599343008045395,-0.007938872542087272,0.7512559677996813,-0.013089887277005757,0.6279459851036331,-0.8137899419470913,0.024312179034688717,0.6065935029181379,-0.7754103232161027,0.04986922393962497,0.687046954279637,1.031473642971321,-0.03676255029793742,0.6934955234755972,1.0477625001378277,0.0,0.0,0.0,0.0
0.0037674614335470448,-0.11338158015416112,0.7579605956788988,-0.006177683202324549,-0.6599343008045395,-0.007938872542087272,0.7512559677996813,-0.013089887277005757,0.6279459851036331,-0.8137899419470913,0.024312179034688717,0.6065935029181379,-0.7754103232161027,0.04986922393962497,0.687046954279637,1.031473642971321,-0.03676255029793742,0.6934955234755972,1.0477625001378277,0.0,0.0,0.0,0.0
0.0037674614335470448,-0.11338158015416112,0.7579605956788988,-0.006177683202324549,-0.6599343008045395,-0.007938872542087272,0.7512559677996813,-0.013089887277005757,0.6279459851036331,-0.8137899419470913,0.024312179034688717,0.6065935029181379,-0.7754103232161027,0.04986922393962497,0.687046954279637,1.031473642971321,-0.03676255029793742,0.6934955234755972,1.0477625001378277,0.0,0.0,0.0,0.0
0.004611171360283198,-0.11361590512141764,0.758076873824364,-0.0062529046566170915,-0.6601831380311051,-0.007742732363323417,0.7510387310507415,-0.012903321110708878,0.632651042290116,-0.8200166643537196,0.02453911398191072,0.6122577019117331,-0.7826317629885413,0.05381026016051479,0.6888535269226728,1.0310760590790216,-0.03338012953292268,0.6972477069325912,1.0493362140796565,0.0,0.0,0.0,0.0
0.006263354871814072,-0.11384460108524586,0.7582516922831334,-0.006283883519239749,-0.660454381190458,-0.007641098517340675,0.7508009967945529,-0.01264646974652216,0.6426166054574153,-0.8342023701927656,0.024916959035869737,0.6233991800754556,-0.798562450979279,0.05711031825403325,0.6925406417277975,1.0316250561719194,-0.03132448619880108,0.7023294413082122,1.0513276907179228,0.0,0.0,0.0,0.0
0.008678375712059948,-0.11415667571039079,0.75850263222239,-0.006242072786496951,-0.6607667391201469,-0.007652467127097333,0.7505263438059482,-0.012088614051085678,0.6571149538451457,-0.854867971582065,0.025665703864322924,0.6396134719354983,-0.822344516980937,0.060153387796885914,0.6982910928637883,1.0325094409138436,-0.030253989208493193,0.7088602365723184,1.0537309939076012,0.0,0.0,0.0,0.0
0.011805235613706042,-0.11479892440347976,0.7590212925362617,-0.00603236397918126,-0.6611834911130583,-0.007872347022885227,0.7501586684273682,-0.010519258305171393,0.6750010058688006,-0.8787482395341941,0.027481205170461025,0.6607858340034094,-0.8528429937530684,0.06357044125734841,0.7075594100240705,1.0311941258968251,-0.029620919662902576,0.7178358929643881,1.0555082017267179,0.0,0.0,0.0,0.0
0.015652261457924838,-0.11615680996905663,0.7606845039945679,-0.005357701517453102,-0.662196645282271,-0.008618518957728588,0.7492613823909058,-0.006619806554846494,0.6949551310278438,-0.8970858595911162,0.03164886367371004,0.687206748428569,-0.8853110665756226,0.06623126644506314,0.7278461882243573,1.0197416119089497,-0.03145587839703712,0.734266572747488,1.0506080510436486,0.0,0.0,0.0,0.0
0.01868962345533158,-0.11746484647166142,0.7616886993300954,-0.005284774854948153,-0.6617235639355493,-0.00864616711367219,0.7496794247419425,-0.003599964554495688,0.7116913641018704,-0.9210598188839266,0.027661787020022314,0.662545048258941,-0.8558440335174116,0.047609950951070415,0.7177681651929366,1.0468159792756468,-0.020951207426579854,0.7454264378540608,1.0482818430826388,0.0,0.0,0.0,0.0
0.022168483314195506,-0.11866403675885946,0.7628188722254798,-0.005061033658721486,-0.6614305520648109,-0.008844421314755645,0.7499371886665921,-0.0006304693367168135,0.7306795903316007,-0.9466685070690132,0.024133213942242073,0.64366258874499,-0.8421019903240899,0.03400320404886089,0.7110345077077167,1.0688881868269047,-0.013836764147063762,0.7577223228328032,1.0448563826880837,0.0,0.0,0.0,0.0
0.025490458520203138,-0.11985540211538318,0.7640913723956579,-0.004709114624209602,-0.6613888348870449,-0.009153404315733022,0.7499725651753176,0.002473403829463217,0.7480431443854954,-0.9674890953539974,0.021513854059232895,0.630248246192903,-0.8385416733592306,0.025835013800103418,0.7059736451220138,1.0877870985056768,-0.008605543224901334,0.7708256409638939,1.0399558369891948,0.0,0.0,0.0,0.0
0.028445006453904537,-0.121032535121996,0.7654330390612616,-0.004321825684528506,-0.6614450344545476,-0.0094941994942362,0.7499210947787364,0.005624468109544974,0.7629633940534511,-0.9835460540455317,0.01947046632484776,0.6204512162192501,-0.8404652769938625,0.021088152687676144,0.7016795857974308,1.1045992848360828,-0.003772024403736268,0.7839258436839801,1.0338761746477032,0.0,0.0,0.0,0.0
0.030933684595091576,-0.12218933015609307,0.7667731798458084,-0.003943052799060809,-0.6615231696776058,-0.009829611486216907,0.7498499363555,0.008766576346498502,0.7750935416106022,-0.9951281514720931,0.017839012692946177,0.6128310999537653,-0.8452552538776873,0.018292933379842634,0.6976153946391512,1.120002581880636,0.0013972077377402787,0.7964046894440487,1.0271552230781136,0.0,0.0,0.0,0.0
0.032939370131422965,-0.12331109670681993,0.7680685441137576,-0.0035899764235184243,-0.6615921119249024,-0.01014474006709818,0.7497866855026147,0.011838159726853729,0.7844727177915773,-1.0027304527750036,0.0165012939296152,0.6063597918412288,-0.8514865119859898,0.01656898891359813,0.6934461582502753,1.1344448099252729,0.00706859613327922,0.8079179826524865,1.0201905683779156,0.0,0.0,0.0,0.0
0.034496700102263946,-0.12437893375672718,0.7692994903959455,-0.0032687821565183925,-0.661644276589826,-0.010433508573646574,0.749738159771785,0.014773453994411642,0.7913871056549506,-1.0069758528383834,0.015352302583555749,0.6003552124359552,-0.8583841958562086,0.015418869193036828,0.6889814240782072,1.1482449973346178,0.01310908996220089,0.818348819805823,1.0132020920989182,0.0,0.0,0.0,0.0
0.035667757593334265,-0.12537509202550334,0.7704606110066174,-0.00298116196459968,-0.6616819291217144,-0.01069391975727345,0.749702459264562,0.017514759112374313,0.7962447950245626,-1.0085363588184026,0.01429938572071762,0.5943941491153364,-0.8655287770712652,0.014557147954746224,0.6841345913168677,1.1616387674065807,0.019261833170543623,0.8277182928164349,1.0062858233929546,0.0,0.0,0.0,0.0
0.03652423188514487,-0.12628625283586098,0.7715532545182299,-0.002726325791955939,-0.6617095283682582,-0.010926919621794488,0.7496757096517881,0.020021655909650028,0.7994836650658355,-1.0080666046254372,0.01326762986103313,0.5882256380505823,-0.8726982689262409,0.013808415733681204,0.6788883185818733,1.1747988234523576,0.025242436464873577,0.836107949923885,0.9994723687059412,0.0,0.0,0.0,0.0
0.03713594228855007,-0.12710505615794682,0.7725809574608147,-0.002502798480454637,-0.6617317356147576,-0.011134144397064494,0.749653838053666,0.022272495971755436,0.8015116657209207,-1.006152257068299,0.012201366364124892,0.5817077626617795,-0.8797848468074196,0.013065505618387336,0.6732747830631656,1.1878453853045603,0.030829085100762967,0.8436294875277726,0.9927732629731694,0.0,0.0,0.0,0.0
0.03756429588370424,-0.12782966155057543,0.773546580350014,-0.0023090024841335493,-0.6617526342257578,-0.011317023179830054,0.749633273400498,0.024261703112436663,0.8026754809736826,-1.003285050585128,0.011063079512968184,0.5747641469780181,-0.8867457500896639,0.01226624008088371,0.6673647130798596,1.2008487533561092,0.035892869565465106,0.8504001124794371,0.9862088212309881,0.0,0.0,0.0,0.0
0.037859357273565486,-0.12846207772859328,0.7744500115225906,-0.0021431274481333125,-0.6617749080848638,-0.011476975149210865,0.7496116708506048,0.02599510690351041,0.8032499868564794,-0.9998630488852462,0.009830677666150898,0.5673688837790066,-0.8935641739423141,0.011376621444023897,0.6612646894071094,1.213821110587649,0.0403774715694691,0.85651336259025,0.9798262622672086,0.0,0.0,0.0,0.0
0.03805930848002447,-0.1290063577358373,0.7752853592220936,-0.0020031752541370246,-0.6617990992029832,-0.011615538138539529,0.749588566386103,0.027485043286517845,0.8034398318425673,-0.9962094938232446,0.008494039549171625,0.5595735516404375,-0.9002040817803296,0.010377827977584724,0.6551240185358359,1.2266904006186308,0.04426998253610376,0.8620106563868688,0.9737225207393395,0.0,0.0,0.0,0.0
0.03819118770886784,-0.12946759649380932,0.7760371355603338,-0.0018878511880544473,-0.6618236574426636,-0.011733354980466747,0.7495653479504039,0.028746368757871114,0.8033849118162725,-0.9925993683390331,0.007051597285028419,0.5515886707325088,-0.906546932107061,0.009257030073036005,0.6491537616792232,1.239242250485228,0.04760604665060264,0.8668643721416888,0.968081680327983,0.0,0.0,0.0,0.0
0.03827175391061872,-0.12985184776225206,0.7766756498654251,-0.0017969027198961546,-0.6618453605695517,-0.011829823689983818,0.7495448919875576,0.029795794956881505,0.8031635593733033,-0.9892818520773682,0.0055108788340716575,0.543908630138271,-0.9123056538607784,0.007991716444843864,0.6436580585645736,1.2510102718704876,0.050474651117918094,0.870956731236728,0.9632227852238712,0.0,0.0,0.0,0.0
0.03831903145100744,-0.13016124633888193,0.777154218664783,-0.0017314633460373918,-0.661859278317726,-0.011902990712161382,0.7495315981007915,0.03063977740186171,0.8028681240946999,-0.9866071348122832,0.0038608775907466703,0.5374334473685951,-0.9169124985155748,0.006513455256991633,0.6391401070884619,1.2610850587305384,0.052957029610096754,0.8740746128813902,0.9596194529872103,0.0,0.0,0.0,0.0
0.03836719292965367,-0.13038716306078235,0.777415719112022,-0.0016955643209069294,-0.6618560133860307,-0.011948778032513126,0.7495338346665305,0.03125731126446325,0.802711478692758,-0.9851769557691128,0.0020188354736659026,0.5334262971581987,-0.9194298320054785,0.004632022395129783,0.6365204303729275,1.2677725138134839,0.05505945943727227,0.8759543197543848,0.9578202487046913,0.0,0.0,0.0,0.0
0.03840782519190545,-0.1305408624099481,0.7774193087376544,-0.0016908206440153833,-0.6618300145440912,-0.01196695353062691,0.7495565122105963,0.0316810892672296,0.8026208661650236,-0.9850684891136511,-2.5639632156843842e-05,0.533001451429133,-0.9187408254021381,0.002021784483359843,0.6371848010476969,1.2682557295493706,0.0569712390160533,0.8763757816678999,0.9582580859192532,0.0,0.0,0.0,0.0
0.03838022851647546,-0.13064864650392183,0.7771661190289681,-0.0017140641067835373,-0.6617841956517241,-0.011958185420513598,0.749597053203444,0.031974728670808576,0.8021890941807689,-0.985640416704577,-0.0021307739254823902,0.5361093100273443,-0.9148631644427101,-0.0012336620127383585,0.640946031140459,1.262472043127107,0.05898907015026067,0.8752887310353363,0.9609774459795505,0.0,0.0,0.0,0.0
0.03826874234717565,-0.13070962070396122,0.7766990193484804,-0.001763259388094074,-0.6617205628025109,-0.011923317773668552,0.7496536681521185,0.03213270350427272,0.8013374986488825,-0.9865908966448745,-0.004287824363697308,0.5416150044386446,-0.9088764147675252,-0.004843995512586597,0.6464092043187952,1.25316789969691,0.06103557934451705,0.8728846665882654,0.9655389135310687,0.0,0.0,0.0,0.0
0.038049288840089776,-0.13072921717829694,0.7760761195189455,-0.0018343553625818298,-0.6616469085536877,-0.011864641374149604,0.7497194367407147,0.032165036025584084,0.7999221512578878,-0.9874274730703191,-0.006441026224428334,0.5482672545492464,-0.9016702557873738,-0.008601732200650894,0.6527292586779688,1.2420232910652784,0.06306982655992197,0.8694463169536869,0.9713722928572758,0.0,0.0,0.0,0.0
0.03768881427318081,-0.130718409042677,0.7753467627391448,-0.0019243242284386652,-0.6615671097623355,-0.011784982027705893,0.7497908844841877,0.03209828014237007,0.7977396584760257,-0.9876179870241679,-0.00853286620500593,0.5551642489866515,-0.8938070031491264,-0.012415782345312357,0.6593833811855447,1.229929692666083,0.06512772114195882,0.8651884345638052,0.9780041865712523,0.0,0.0,0.0,0.0
0.03714633560388139,-0.13069244045703404,0.7745464897938543,-0.0020309628694548465,-0.6614812972824362,-0.011687051537329157,0.7498678425974352,0.03197122567145448,0.7945337309090921,-0.9866196961224508,-0.010510818654049072,0.5618019999284409,-0.8855785310924001,-0.016256356174766527,0.6660220498099007,1.2173223516792506,0.06730982663402837,0.8602310767427009,0.9851044406936832,0.0,0.0,0.0,0.0
0.03637462888777968,-0.130670815890841,0.7736993196466733,-0.0021525510050161714,-0.6613865240241728,-0.01157352564083786,0.7499528557633699,0.03183456128533433,0.7900022239682392,-0.9838756353353955,-0.0123286115845046,0.5679649770768077,-0.8771133347474047,-0.020126379186989948,0.6723998074979194,1.2043918439416648,0.06977185249372356,0.8546172229521048,0.9924615554276015,0.0,0.0,0.0,0.0
0.03532264537993539,-0.13067772195763477,0.7728217117470877,-0.0022877078343179705,-0.6612774187574548,-0.011447133862756283,0.7500506016000991,0.03175159890945036,0.783806430811624,-0.9788070338946585,-0.0139496985541657,0.5736042302906467,-0.8684718295893947,-0.024054589103200987,0.6783393231606564,1.1912075677143774,0.07272061912189207,0.8483426547153924,0.9999425419430427,0.0,0.0,0.0,0.0
0.03393984647023335,-0.13074180410905775,0.7719259860129224,-0.0024356800874389133,-0.6611466538893661,-0.011310453635655155,0.75016747673567,0.0317970291769823,0.7755913992187112,-0.9708256351160424,-0.015354948734315822,0.5787578988671125,-0.8597121566324015,-0.028106059695365816,0.6837131906950558,1.1777916324609612,0.07640749332825217,0.8413860787880768,1.0074573943074614,0.0,0.0,0.0,0.0
0.03218417204416543,-0.13089408431019403,0.7710224736337411,-0.0025971765025467695,-0.6609854328722159,-0.011165112862874102,0.7503111704217812,0.03205021156279394,0.7650293983783948,-0.9593877260979559,-0.01655312455681247,0.5835244968211917,-0.8509270413504155,-0.03240914255222137,0.6884478747478262,1.1641746849419654,0.08110959768297926,0.8337383326760271,1.0149333811223709,0.0,0.0,0.0,0.0
0.030035675512537347,-0.13116248700017583,0.7701200617881545,-0.0027758120704565337,-0.6607841586682051,-0.011010216086936997,0.750490083653489,0.03257907852177849,0.7519030413447488,-0.9441182464135461,-0.017590523260363616,0.5880823952802782,-0.8422571117196318,-0.03720635153078043,0.6925658038250239,1.1504612252674233,0.08708708838380261,0.8254315578953726,1.0223006078586763,0.0,0.0,0.0,0.0
0.027518155866326527,-0.13156112078392923,0.7692244997533366,-0.002980405383199445,-0.6605332120398272,-0.010839755714131837,0.7507126565285539,0.033410549481356605,0.7362517400899663,-0.9250494957606049,-0.0185548798051655,0.5927424435216212,-0.8338854735076305,-0.04296263092559396,0.6962964598007998,1.13693188378385,0.09451230905707428,0.816569498530049,1.0294944866858011,0.0,0.0,0.0,0.0
0.02473061262448701,-0.1320720077743775,0.7683322714787487,-0.003229428455836581,-0.6602172784711756,-0.010643718453600737,0.7509922950719558,0.03449394109013884,0.7186215230456193,-0.9030781016222884,-0.019556532909794557,0.5979961402455719,-0.8260382484704737,-0.05071009714281089,0.7003249917882336,1.1241796175914212,0.10331515855885663,0.807305822432107,1.0364843277777214,0.0,0.0,0.0,0.0
0.021870302473447265,-0.13259897225423783,0.7674220204850275,-0.0035688280743461725,-0.6597861038858156,-0.010351785436446034,0.7513736760917494,0.03550147470392413,0.700409256794566,-0.8808078876824679,-0.020408716875411438,0.6042012097648204,-0.8185927142259899,-0.06168364597477896,0.7059856099249018,1.1127676347237396,0.11349683510613573,0.7979217748273965,1.0432629734608445,0.0,0.0,0.0,0.0
0.019285786700740288,-0.13305834838762468,0.7665654386029104,-0.004039835841684636,-0.6591960785728772,-0.009954985999144371,0.7518943462842835,0.0362622552647594,0.6840708130649209,-0.8620861344172467,-0.02179769475101135,0.6116760930981893,-0.8121091805144152,-0.08000215141542953,0.7146448084279813,1.1040214340125691,0.12467246222835825,0.7893013641592098,1.0491903608109987,0.0,0.0,0.0,0.0
0.017160412695406142,-0.1334370452249044,0.7658923508485584,-0.004677258531002816,-0.6584418549850563,-0.009411049429544596,0.7525582230001256,0.03670525888658415,0.6710096867469711,-0.8488288200134213,-0.023333135845256484,0.6199260562666378,-0.8081514936489559,-0.11003774498861277,0.7263218033888605,1.099310190509822,0.13767598563037642,0.7827134496057845,1.0533668002431746,0.0,0.0,0.0,0.0
0.015791559769615573,-0.13368831145213597,0.7655662633696189,-0.005430147727502793,-0.657617917246559,-0.008706069786741957,0.753281748591338,0.03664841919598283,0.6632473527609426,-0.8432275171068639,-0.024338007615715654,0.6276177375620343,-0.8094389137980464,-0.15136535105270976,0.7388316005978305,1.099724941294915,0.15208633890224493,0.779817640525572,1.0547674039404578,0.0,0.0,0.0,0.0
0.015766584061501596,-0.13364428529524652,0.7655371765533119,-0.005520837490962953,-0.6576258765498375,-0.008688427042618466,0.753274344499387,0.03658384522308497,0.6631320706245222,-0.8431927308281357,-0.024368434343724286,0.6276410441860004,-0.8094408339442749,-0.15135475538373364,0.7388534197417665,1.099732671395663,0.1521013343674499,0.7797174094203051,1.0547126554012913,0.0,0.0,0.0,0.0
0.015766584061501596,-0.13364428529524652,0.7655371765533119,-0.005520837490962953,-0.6576258765498375,-0.008688427042618466,0.753274344499387,0.03658384522308497,0.6631320706245222,-0.8431927308281357,-0.024368434343724286,0.6276410441860004,-0.8094408339442749,-0.15135475538373364,0.7388534197417665,1.099732671395663,0.1521013343674499,0.7797174094203051,1.0547126554012913,0.0,0.0,0.0,0.0
0.016013219544071068,-0.1336854879416114,0.7656299189544369,-0.005628361178334101,-0.6578668103357933,-0.008652500189982402,0.7530635535262066,0.03671048046902452,0.6642656822481318,-0.8436603894632959,-0.024256917161996832,0.6288794847656365,-0.8097854854801833,-0.15059274553513083,0.7404918556008618,1.0995015608653531,0.15504449500133996,0.7824120780151513,1.0546822891697814,0.0,0.0,0.0,0.0
0.01670021282640716,-0.13375832941271953,0.7657050571314258,-0.0056716882503535454,-0.6580619018451951,-0.008656522636611161,0.7528927080986489,0.03695227430916665,0.6681580797297307,-0.8486614427738517,-0.024100115164023612,0.6331618952594696,-0.8154367164451275,-0.1512478402477989,0.7432007472510608,1.0998611461491612,0.15796140706085052,0.7856701630759385,1.0552821187417731,0.0,0.0,0.0,0.0
0.017976378020388463,-0.13381525909360673,0.7657914724197413,-0.005663575805876027,-0.6582572393678026,-0.008692649489092421,0.7527215744043945,0.0371934280521828,0.6757607095992844,-0.859391277974419,-0.02402992908582614,0.6411951706450971,-0.827147643133071,-0.1541324798497479,0.7477836547774349,1.100943929868045,0.16087585465752444,0.7901913221822059,1.0563197566394322,0.0,0.0,0.0,0.0
0.019929693770864745,-0.13378482893812335,0.7660403480743003,-0.005619723435700435,-0.6585336532800667,-0.008755319665834793,0.7524793622310609,0.037261607092122076,0.6876182228610446,-0.8757300229673993,-0.024222229348378782,0.6531278579095713,-0.8440912303372756,-0.160476312518571,0.7557928599313167,1.1018645126525535,0.16356748972051163,0.7972744121984839,1.0564176860254546,0.0,0.0,0.0,0.0
0.02263488499200538,-0.13355868648793573,0.7670950786371393,-0.005557189476272418,-0.6592791897249947,-0.00887414199969308,0.7518253236254074,0.03693774502146564,0.7039663271063095,-0.8936461900056492,-0.02486666175135674,0.6685898116570062,-0.8612621157756921,-0.17373388763202516,0.7730297637788682,1.0981510638402037,0.16584132245769273,0.8118616307627174,1.0501595723834083,0.0,0.0,0.0,0.0
0.025060817148456434,-0.13406935701344652,0.7677685953601754,-0.007242504884463787,-0.6594164117809087,-0.00724007274239701,0.7517081370742732,0.036978379533163276,0.6763285193051892,-0.860900143394898,-0.02549038687436301,0.6838056219149836,-0.8778759248464191,-0.13513931083936662,0.769832536607197,1.092128530860095,0.1186129136206458,0.7839725015530591,1.0686676041648244,0.0,0.0,0.0,0.0
0.027897935215307437,-0.13457603448848665,0.7688031923539753,-0.008321739839025838,-0.6596437594568674,-0.006241530120232738,0.7515064221664511,0.03530704007861466,0.6560445394204377,-0.8455254755671092,-0.025462268811569953,0.7016525063936735,-0.8981989610171423,-0.11105202028666154,0.7741642763442693,1.0839607485047318,0.08478658345071424,0.7634038214453247,1.083380410560815,0.0,0.0,0.0,0.0
0.030684595672396474,-0.13494886576653542,0.7699190187498899,-0.008941089822728702,-0.6599237721722052,-0.0057163621141898165,0.7512576089724273,0.033182738127799934,0.6416912892008636,-0.8410433443699757,-0.025245230590617743,0.7187742205566496,-0.9177669470334597,-0.09782395597259248,0.7824711395665818,1.0757064743715372,0.06336552546952812,0.7495601583919851,1.0969456685396657,0.0,0.0,0.0,0.0
0.03321852910656293,-0.13517968658067459,0.7710337418593631,-0.009328460517684174,-0.6602047425578252,-0.005407703164594611,0.7510082785662282,0.031310495630773594,0.6313400838796595,-0.8427061887511814,-0.025139885262137167,0.7339475148993523,-0.9346644970837943,-0.09029860533934747,0.7920727898160373,1.0676230802237037,0.04963704658588354,0.7398994357587511,1.1102944997064845,0.0,0.0,0.0,0.0
0.035395994489957804,-0.13528919734440062,0.7721223895896162,-0.009609021062868475,-0.660458456232214,-0.0051908385703242615,0.7507831574432865,0.02972575694160735,0.6235052481821713,-0.847683404895042,-0.02521826106145412,0.7466901812076725,-0.9481323037542526,-0.08574975810527538,0.8016290987840166,1.0596732004950347,0.040232591195140804,0.7325465220257956,1.1235303438583695,0.0,0.0,0.0,0.0
0.03718671741752732,-0.1353079896757561,0.773179633970537,-0.009841572504238002,-0.6606757846044164,-0.005009687313347159,0.7505901372393624,0.028267297617892175,0.6171160376931334,-0.8543943932028149,-0.02545882223295459,0.7569735037441544,-0.9581182939374722,-0.08268755063721758,0.8105255741980715,1.0517889900265698,0.03323879873026303,0.7262990452677764,1.1366302322387398,0.0,0.0,0.0,0.0
0.03860713696660241,-0.13526853311183007,0.7742051313038628,-0.010049844758234196,-0.6608575390279754,-0.0048432360976227405,0.7504284488172912,0.026775746961287466,0.6114231713786539,-0.8619685649502408,-0.02580148520644521,0.7650158798665758,-0.9649568606477,-0.08028881317985234,0.818537933640428,1.0439278402860517,0.027608325032302546,0.7204320802508001,1.1495764774104347,0.0,0.0,0.0,0.0
0.03969960127707281,-0.1352001369944957,0.7751986183739996,-0.010240819874336842,-0.661008821292211,-0.004686566150683305,0.750293609115724,0.02515800456438593,0.6059295156254018,-0.8699317759316766,-0.02617959135174959,0.7711494756344909,-0.9691581755819677,-0.07811459600153729,0.8256487146393954,1.0360783985936475,0.022772685004006338,0.7145389907815796,1.1623785642874997,0.0,0.0,0.0,0.0
0.04051713943557783,-0.13512648042870903,0.7761584589200274,-0.010415375048823197,-0.6611354148312679,-0.00454004522172682,0.7501805590708575,0.023386240310230864,0.6003193032477876,-0.8780304236179989,-0.026536864823511787,0.7757357666423459,-0.9712771289239003,-0.07592635640870378,0.8319277050665651,1.0282553894575104,0.018424487654763354,0.7084136826057696,1.1750659210407235,0.0,0.0,0.0,0.0
0.04111353168960087,-0.13506445225948902,0.7770819856060951,-0.0105715343356668,-0.6612436825609502,-0.004406904982503376,0.7500837380742887,0.02147912491984183,0.5944050417472653,-0.8861350850675507,-0.026831648728757797,0.7791140709592888,-0.9718319771528896,-0.0736491311029433,0.8374950702573805,1.020495932671878,0.014387872625122207,0.7019791411234225,1.1876728269986174,0.0,0.0,0.0,0.0
0.04153726208413181,-0.13502524599450186,0.77796491912179,-0.010707423425403064,-0.6613389476159627,-0.004290039590278181,0.7499984953385667,0.019480753532423206,0.5880790701688453,-0.8941822288475161,-0.02703718762726701,0.7815766260365555,-0.9712726971921404,-0.07127492088701766,0.8424646643549065,1.0128570667011907,0.010561509103313136,0.6952395624392074,1.2002217164850006,0.0,0.0,0.0,0.0
0.04182854908190876,-0.13501613753249656,0.7788001796687668,-0.010821961624823812,-0.6614244090532116,-0.0041906923521698525,0.7499220455172726,0.01744667747865368,0.5812981411843781,-0.9021315540876472,-0.027138704863503147,0.7833602096584188,-0.9699784981244248,-0.06880465695085433,0.8469075607354015,1.0054206552216332,0.00690115747810967,0.6882612161033651,1.2127024509719984,0.0,0.0,0.0,0.0
0.04201649840870666,-0.13504335862019298,0.779575567503247,-0.01091472582267703,-0.6615015048554218,-0.004109972393549621,0.7498531429294354,0.015403913104805576,0.5741047397739332,-0.9099133635011137,-0.027122924568854317,0.7846372534355494,-0.9682566078667655,-0.06622508115347242,0.8508311070199379,0.9983082967249314,0.0033669348560823693,0.681161796979008,1.2250306904569517,0.0,0.0,0.0,0.0
0.042119162885967384,-0.13511304261516652,0.7802707791554835,-0.010984326915377788,-0.6615713349485459,-0.00405173508679616,0.7497908353530346,0.013342531929107485,0.5667082166985036,-0.9173591357785366,-0.026971690162629538,0.7855168823791273,-0.966356576619705,-0.06355954862148702,0.8541870675704631,0.9917131192134381,-0.00010932237847420968,0.6741213844222028,1.2369807197581066,0.0,0.0,0.0,0.0
0.042147332295799145,-0.13523015981653272,0.7808526198358801,-0.011030723675933394,-0.6616309071759802,-0.004016509600504278,0.7497377764627469,0.011266363428841263,0.5595953801870581,-0.9241205955643341,-0.026674732456279177,0.786066278086959,-0.9645272580511951,-0.06077197010711561,0.8568027793857066,0.9859423425857416,-0.0035261461509824817,0.6674203235676165,1.2480777256323567,0.0,0.0,0.0,0.0
0.042106099264456534,-0.13539789638665953,0.7812724869835207,-0.011052754266466186,-0.6616757027040774,-0.004005763936841418,0.7496979758072398,0.00919687447105444,0.5536374755182608,-0.9295806130500833,-0.026225573769761822,0.7863150100869372,-0.9630309185671035,-0.05787464310890273,0.8584162457661183,0.9814536545253881,-0.006818812756346437,0.6615204255340511,1.2573889583600666,0.0,0.0,0.0,0.0
0.041989825466816386,-0.1356124144778112,0.7814714173810398,-0.011043402001765455,-0.6617072625382766,-0.004030003919552693,0.7496701281528669,0.007161784587401186,0.5500607512914822,-0.9328369579847309,-0.02562285107745319,0.7862069547159865,-0.9620326524879311,-0.05517625287951581,0.8587981426754969,0.9788391278053348,-0.009868719545497062,0.6572288203255174,1.263200610441891,0.0,0.0,0.0,0.0
0.041788721347755346,-0.13586559584103444,0.7814048858819214,-0.010988997024509244,-0.6617340254208072,-0.004105282203803827,0.7496468956800907,0.005238963197634965,0.5499935650883873,-0.9328510590380656,-0.024870575054648535,0.7856501737293338,-0.9615700036435447,-0.05319848447587584,0.8578772547881283,0.9785809209773012,-0.012367108146322248,0.6559788985132642,1.2627508247547727,0.0,0.0,0.0,0.0
0.04147917690202655,-0.13616539561078883,0.7810671712873943,-0.010881794259851026,-0.661762494639339,-0.004241857749140039,0.7496225676200263,0.0034358352487495886,0.5534180865944711,-0.9295808344020227,-0.02393383417854075,0.7845217832650887,-0.9614752686793888,-0.052037787565705325,0.8556422847392895,0.9807098470274233,-0.014348197596939139,0.6577535182217434,1.2560445083912293,0.0,0.0,0.0,0.0
0.0410274108251393,-0.13653787885099825,0.7804901527033624,-0.010729711273173992,-0.6617849581949878,-0.004426514810253134,0.7496038609622333,0.0017266929763737626,0.5591467533470927,-0.9240156324299577,-0.022758854816234395,0.782703884650943,-0.96145263999376,-0.050989168754559874,0.8519727347305379,0.9847728677833298,-0.01602486042246784,0.6610800640104816,1.2458459926369303,0.0,0.0,0.0,0.0
0.040393328119262266,-0.1370064915195683,0.7797228406021963,-0.010532092370420767,-0.6618025071885411,-0.0046560075218417376,0.7495897798817821,0.00011114056176220123,0.5659109641378893,-0.9170181672369269,-0.021286793764330018,0.7800309586195527,-0.9610486665522477,-0.04964811767814405,0.8469624994875838,0.9901713190768566,-0.017503395518810812,0.6650969426063794,1.233853617255737,0.0,0.0,0.0,0.0
0.03952841987993917,-0.13759305306715428,0.7788045527158471,-0.010286551513577068,-0.66181619143599,-0.004928728099538608,0.7495793642106486,-0.0013998079942938975,0.5727783601391075,-0.9091628570581458,-0.019462136445415848,0.7762807108245053,-0.9597631611214524,-0.04768871100780453,0.8406597608113557,0.9963969862894339,-0.01879189052807113,0.6692895826545121,1.22097598793046,0.0,0.0,0.0,0.0
0.03837768066643639,-0.13831782828502487,0.7777624404646414,-0.009986899657261942,-0.6618286375846307,-0.005247610684110245,0.7495702628107757,-0.0027771529812129006,0.5792276109791439,-0.9007699431803621,-0.017229951907566456,0.771181412364736,-0.9570672359193771,-0.04494153686772706,0.8330907872504817,1.0030621398391222,-0.01988241879883071,0.6733334956914954,1.2076548595215448,0.0,0.0,0.0,0.0
0.036880590822891156,-0.1392045108635401,0.7766118526531635,-0.009643900475213622,-0.6618261654772842,-0.005592016934740601,0.7495744467495274,-0.0040031672225638104,0.584956611116545,-0.891985608500808,-0.014558450127201288,0.7644391762410129,-0.9524579794584247,-0.04070883031979803,0.8239718190747982,1.0098213783229792,-0.020655571742120963,0.6769688443369412,1.1940622217479624,0.0,0.0,0.0,0.0
0.03497755949719205,-0.14027004195009468,0.7753643891989159,-0.009267285366135691,-0.6617980690955398,-0.0059442273331454295,0.7496012935719693,-0.005041806929287346,0.5898710527733837,-0.8828954433922057,-0.011432646202604185,0.7557302696824962,-0.9453826752556939,-0.03456710363485515,0.8131024442945226,1.0163793198919477,-0.02103325576096272,0.6800259990224606,1.1802325455518559,0.0,0.0,0.0,0.0
0.032616309243108564,-0.14151901518185256,0.7740322357252962,-0.008865158692155295,-0.6617393638432438,-0.006291626515900741,0.749655146542386,-0.005843290418780922,0.5940152696275535,-0.8736007990632373,-0.007865803264522287,0.7447157129281478,-0.93523011406188,-0.026494045210760826,0.8004524205012731,1.0224730590998485,-0.021011097608593446,0.6824117163484927,1.1661366296061377,0.0,0.0,0.0,0.0
0.02975920966232992,-0.14294439471378306,0.7726307491272164,-0.008460653768447618,-0.6616373043464667,-0.006605283575025681,0.7497472007709297,-0.0063827204585376615,0.5974655604236684,-0.8642486861699284,-0.00392365988294095,0.7310895293293329,-0.9214031909323527,-0.016381705612685718,0.7859761993066874,1.0278076953627808,-0.020563751368591912,0.6840624439367755,1.1517178900471932,0.0,0.0,0.0,0.0
0.026398926814940254,-0.14451914182943407,0.7711834747664492,-0.008076642024712786,-0.6614866339311531,-0.006862425554880968,0.749882062793571,-0.006675894924597385,0.600421518295087,-0.8550584281903953,0.0002836808038573606,0.7146326293579519,-0.9033599942278965,-0.004587461650520933,0.7699066302079061,1.0320966464308463,-0.019769950580101454,0.6849995061510052,1.1369499773924685,0.0,0.0,0.0,0.0
0.02258040505515222,-0.1461959270677777,0.769721380852771,-0.007731842116532562,-0.6612912755515004,-0.007051620475613691,0.7500562259895072,-0.006842374089676219,0.603264399309454,-0.846306860274922,0.00461005635100441,0.6953405537709991,-0.8808209537735272,0.008137058252249982,0.7527697068665142,1.0351156647496045,-0.01883137781625224,0.6853934008972362,1.1219081150223416,0.0,0.0,0.0,0.0
0.018436521723337145,-0.1479146985171613,0.7682753784263229,-0.00743160454033456,-0.6610682940753457,-0.007181774811112102,0.7502545594215545,-0.0071657870702119845,0.6066480479736212,-0.8382598843934406,0.008905749031872101,0.673670198730775,-0.8542032047504633,0.020774907783753797,0.7353761766682573,1.0368368676184274,-0.018149914128000873,0.6857207697893446,1.1068888976731324,0.0,0.0,0.0,0.0
0.014350908521515198,-0.149695590282868,0.7668537743080203,-0.007155119941922714,-0.6607556071069978,-0.007297912843493052,0.7505315265885959,-0.0077316050446441815,0.6110002735454524,-0.830258321271469,0.013266657442738248,0.6519910748216182,-0.8275187519168099,0.03288823491136875,0.7184997055212895,1.0374557434996974,-0.01822474573130127,0.687491136117928,1.0918589681241309,0.0,0.0,0.0,0.0
0.01065112430826815,-0.15138610292321084,0.7655939070048422,-0.006855158540819717,-0.6604224658158492,-0.007464687278046604,0.7508258465789084,-0.008630582210452948,0.6169867587832369,-0.8230650294943417,0.017404487826015336,0.6320400523736348,-0.8028217621075362,0.04241048409265005,0.7041255628380424,1.0369511601652885,-0.01989360348254457,0.6907591833399301,1.0772975517033188,0.0,0.0,0.0,0.0
0.007672554740969572,-0.15277124356048358,0.7646457103567167,-0.006492534230759717,-0.6601108987807353,-0.007737551965428851,0.7511002453732356,-0.009879317177399758,0.6243656077409899,-0.8179272557703738,0.02089471837215746,0.6156951509742341,-0.7825092212730372,0.04753401654923098,0.693925219965784,1.0355722456272687,-0.02420292284776698,0.6949305161364421,1.0632994579564754,0.0,0.0,0.0,0.0
0.005879258974906012,-0.15361528220506124,0.7640990736189269,-0.006120567146727613,-0.6598645122772703,-0.008068553878209905,0.7513163531650279,-0.011019712593330969,0.6312742146891197,-0.8165285599774862,0.02316763265504082,0.6057490091022327,-0.7705158449598732,0.048005614066309994,0.6888043935215962,1.0343524626669698,-0.03077247393503489,0.6989942994225944,1.050521887020362,0.0,0.0,0.0,0.0
0.005834870372635079,-0.15375816147974883,0.7640221076967002,-0.006003569243784088,-0.6598747510520735,-0.008050473167198322,0.7513084985291217,-0.010997906501597238,0.6313019401884558,-0.8165434628849849,0.023332347318684662,0.6055539474998247,-0.7704690775710055,0.047987423740475446,0.6886718811717463,1.034268542240355,-0.03078492183668144,0.6990385787079213,1.0505384703458331,0.0,0.0,0.0,0.0
0.005834870372635079,-0.15375816147974883,0.7640221076967002,-0.006003569243784088,-0.6598747510520735,-0.008050473167198322,0.7513084985291217,-0.010997906501597238,0.6313019401884558,-0.8165434628849849,0.023332347318684662,0.6055539474998247,-0.7704690775710055,0.047987423740475446,0.6886718811717463,1.034268542240355,-0.03078492183668144,0.6990385787079213,1.0505384703458331,0.0,0.0,0.0,0.0
0.005834870372635079,-0.15375816147974883,0.7640221076967002,-0.006003569243784088,-0.6598747510520735,-0.008050473167198322,0.7513084985291217,-0.010997906501597238,0.6313019401884558,-0.8165434628849849,0.023332347318684662,0.6055539474998247,-0.7704690775710055,0.047987423740475446,0.6886718811717463,1.034268542240355,-0.03078492183668144,0.6990385787079213,1.0505384703458331,0.0,0.0,0.0,0.0
0.006663878884593454,-0.15397751657317058,0.7641338918044175,-0.006090870645504474,-0.6601107872124954,-0.0078524115594471,0.7511025159944417,-0.010834626041183282,0.6359533081876867,-0.8227727534920202,0.023530247709335997,0.6111161118346667,-0.7775860004142995,0.051943088334075405,0.6903774597924568,1.0338886094461892,-0.02724453490104297,0.7028056007644249,1.052012112461512,0.0,0.0,0.0,0.0
0.008291959410362384,-0.15417456357550285,0.764301657683742,-0.006130684003025224,-0.6603762029836279,-0.007748794458396134,0.7508699231098706,-0.010640183541565288,0.6458076930520769,-0.8368343780105748,0.023833219741209926,0.6220670628707329,-0.7932502202297871,0.055071580253963325,0.6940053797442846,1.034515070561147,-0.025192097621618028,0.7078912604960467,1.0538347516372284,0.0,0.0,0.0,0.0
0.010674750256310131,-0.15443539212637306,0.7645445503999762,-0.006096544424794388,-0.6606880684775446,-0.007757704571779021,0.7505957143078189,-0.010190882771628114,0.660162963902869,-0.857297830045951,0.024454259746963372,0.6380111876413033,-0.8166195258384442,0.057749827925787534,0.6997395431975291,1.035536085565362,-0.024291272722124127,0.7144197962690642,1.0559798819753263,0.0,0.0,0.0,0.0
0.013762305744246188,-0.15500173572233608,0.765058663737397,-0.005894905645916175,-0.6611081759290248,-0.007973302922068303,0.750225070394036,-0.008791716253259715,0.6779022366321082,-0.8809393667899824,0.026072986948819106,0.658837675098609,-0.8465554594610307,0.060574370619011844,0.7090530419381427,1.0344010856222157,-0.024018544271804148,0.7234030161998029,1.0573547077888152,0.0,0.0,0.0,0.0
0.017564000872430395,-0.15626662905825764,0.7666843466721986,-0.0052196036640108495,-0.662131215499881,-0.008719540940296205,0.7493190100378018,-0.005106762928939896,0.6976724209596237,-0.8990688163404631,0.029991060639040022,0.6848336833840113,-0.8784681620448149,0.06229272335750381,0.7293061117427728,1.0234959177615879,-0.026517879587725963,0.7396203544719396,1.0522312622880579,0.0,0.0,0.0,0.0
0.02058673758687243,-0.1574853279130379,0.7676657299346743,-0.0051515714815772926,-0.6616562238789424,-0.008756736552467236,0.7497385025983924,-0.0022716694765528727,0.7144564918677347,-0.9231953064414127,0.026039141466470683,0.6611341117802526,-0.850835624376732,0.04444381652724361,0.719309875478954,1.0497930005033544,-0.016605381809483163,0.750614223956848,1.0496532646438717,0.0,0.0,0.0,0.0
0.024008904082224027,-0.15860833385160084,0.7687742403500489,-0.004927289228772003,-0.6613729652806017,-0.008961617935243749,0.749987474575931,0.000534423010680254,0.7331896834544638,-0.9484136336131814,0.02254452625265866,0.6427969006637906,-0.8382067912783737,0.03141383537559761,0.7124941788400292,1.0713425552810798,-0.01007713497750186,0.7627073880563042,1.0459768495768376,0.0,0.0,0.0,0.0
0.027272706373353918,-0.15972751854251707,0.7700241401761273,-0.0045765582584343,-0.6613397601431101,-0.009273885071376189,0.750015181062386,0.0034747600867161567,0.7503052944318068,-0.9688830914485708,0.019897309485678468,0.6296686824660614,-0.835263762743419,0.023545333926844044,0.7073570760692787,1.0899353770401985,-0.005432665101558761,0.7755836688445776,1.0408599652641748,0.0,0.0,0.0,0.0
0.030171708878118576,-0.16083989509729288,0.7713419747115166,-0.004194070433842227,-0.6614008193250336,-0.009614552342523345,0.7499592831298397,0.006473229664722012,0.7649987301706929,-0.9846614559904501,0.017793124119741013,0.6200076979508208,-0.8375158324368392,0.018922369450259637,0.7029955144374047,1.1065823052509454,-0.001101582161994014,0.7884468590378086,1.0346237938900713,0.0,0.0,0.0,0.0
0.03260924543522669,-0.1619406201573779,0.7726591167694512,-0.003822166384828553,-0.661480652657363,-0.009947940243081741,0.7498865085391494,0.00947968570288922,0.7769250389949623,-0.9960231242490205,0.01609019386339699,0.6124382459298437,-0.8424645196887613,0.016153047713684685,0.6988718131478826,1.1219019922734053,0.003662478306403808,0.8006963184411935,1.0277955825651848,0.0,0.0,0.0,0.0
0.034568892000088586,-0.16301510469990743,0.7739341648556477,-0.003476584670485196,-0.661548744815075,-0.01026047839914428,0.7498239087783534,0.012435202843156978,0.7861229781027893,-1.0034464046107476,0.0146839189745228,0.6059699808623911,-0.8487560389231471,0.01440487278562894,0.694646518556938,1.1363060450300713,0.009017662051309699,0.811999635968434,1.0207549687340076,0.0,0.0,0.0,0.0
0.03608555414941455,-0.16404392559013203,0.7751485293449274,-0.0031629344317879427,-0.6615980075177832,-0.010546601844131198,0.7497778614255164,0.01527400745345425,0.7928783671821115,-1.0075437522188393,0.013475078033152893,0.5999439239293292,-0.8556588924059226,0.013209716466537782,0.6901251181792624,1.1500926129902698,0.014823970571715143,0.8222485559235838,1.0137068534646865,0.0,0.0,0.0,0.0
0.03722146559358145,-0.1650079410094564,0.7762969477623296,-0.002880428716584769,-0.6616310528140174,-0.010806855104972432,0.7497461336781697,0.01793799456446609,0.797599929877647,-1.0089784887085977,0.012375051987828395,0.5939462381157721,-0.862776847341555,0.012286134420289425,0.6852237959835797,1.163484880735379,0.020752640436132036,0.8314460705794369,1.0067337997209607,0.0,0.0,0.0,0.0
0.03804844151908516,-0.1658936321900863,0.7773801769150368,-0.002630075612940656,-0.6616544575648227,-0.011039593823841932,0.7497230080870368,0.020383271050961,0.800723058963049,-1.0083986862080967,0.01130610151408381,0.5877431027405101,-0.869906571376445,0.011480654317126568,0.6799307280234141,1.1766511860034499,0.026568158167311246,0.8396988435195177,0.9998722633194206,0.0,0.0,0.0,0.0
0.038636196937306376,-0.16669304394792814,0.7784010532170893,-0.0024114086563525104,-0.6616743770851802,-0.01124489819702927,0.7497031119595071,0.02258487790386979,0.8026536811017138,-1.0063857858134164,0.010209415714914846,0.5812029756853707,-0.8769508456619611,0.01069731515103389,0.6742836134779449,1.1897095449876631,0.03207879793265852,0.8471336728174418,0.9931377661110055,0.0,0.0,0.0,0.0
0.039045541165860925,-0.16740254741821536,0.7793617838825538,-0.0022210348790858907,-0.6616931580605103,-0.01142687373058927,0.7496843723439347,0.024536287325821214,0.803739457110778,-1.0034375434157843,0.009047903728343786,0.5742420443454617,-0.8838699054457337,0.009860164664568986,0.6683482799007261,1.2027273883176475,0.03708017078598619,0.8538340595653963,0.9865421949181841,0.0,0.0,0.0,0.0
0.03932607396371576,-0.16802314864444098,0.7802620595871402,-0.0020576049399646922,-0.6617138219374599,-0.011586429748166822,0.7496641506464887,0.02624029107151781,0.8042542101477326,-0.9999508114991315,0.0077969976944233105,0.5668372197890376,-0.890649405957325,0.008938542003207536,0.6622318481832715,1.2157159833439946,0.041515295291743456,0.8598952006356922,0.9801299734698296,0.0,0.0,0.0,0.0
0.039515359384813785,-0.16855792740682615,0.7810955364635959,-0.0019188739192676101,-0.6617364166134942,-0.011725627672986252,0.7496424097568709,0.027707564127111103,0.8044014308626656,-0.996250081689875,0.006445986520731111,0.5590372012289069,-0.8972545901723775,0.007909566100611236,0.656081125288813,1.2286023133620532,0.04534836822211494,0.8653472598412951,0.9739960523781519,0.0,0.0,0.0,0.0
0.03963987632004087,-0.16901152464124558,0.7818462762574975,-0.0018040334858837278,-0.6617596187792747,-0.011844552469654466,0.749620343235884,0.028951240274355857,0.8043186515665073,-0.9926088667258393,0.004992337321513219,0.5510523342210784,-0.9035686281074686,0.0067620165096030456,0.6501060866507292,1.2411714364930349,0.048623776537299004,0.8701642778314199,0.9683269440605206,0.0,0.0,0.0,0.0
0.03971584013054698,-0.16938976593906951,0.7824841345023835,-0.0017132876116606618,-0.6617805636750509,-0.011942010135112126,0.7496005193310796,0.02998680173014583,0.8040814002115444,-0.9892736947357119,0.003443254034331124,0.5433764923789128,-0.9093062331694204,0.005476035181878621,0.6446091741157117,1.2529565404510061,0.051444385534522276,0.874231899416971,0.9634455811802528,0.0,0.0,0.0,0.0
0.03976209786548143,-0.16969379172486782,0.7829621648968506,-0.0016478988687829862,-0.6617941979886688,-0.012015902137127065,0.7495874478896267,0.03081810874865952,0.803789306552351,-0.9866078172146011,0.00178422222544,0.5369076591847879,-0.9138984600155701,0.003983242294171219,0.6400958448929244,1.2630461349803095,0.0538840098697819,0.8773364795127058,0.9598248792110436,0.0,0.0,0.0,0.0
0.03981080839812382,-0.169915425151087,0.7832232328544209,-0.0016116670761481874,-0.6617911312468109,-0.012062347768265997,0.749589488252483,0.031425483239099564,0.8036431431992522,-0.9851939854047306,-6.35855388484124e-05,0.5329045850143975,-0.916408584151811,0.0020962732117956236,0.637478777377735,1.269740172220102,0.055949872944406315,0.8792104113744541,0.9580130028960155,0.0,0.0,0.0,0.0
0.03985197777824145,-0.17006631228836172,0.783226600279843,-0.0016060568687833515,-0.661765314979069,-0.01208138306958175,0.749611985399856,0.031842954398654845,0.8035610557272221,-0.9850968127686106,-0.002107601454943704,0.5324758780211609,-0.9157184726814901,-0.0005084562309457131,0.638135988794234,1.2702140586012272,0.05783359007534793,0.8796292445609626,0.9584418355668745,0.0,0.0,0.0,0.0
0.03982584756073874,-0.17017216322133638,0.7829735347247581,-0.0016280207454616776,-0.6617191066274611,-0.012073641268419331,0.7496528534322593,0.03213271311623318,0.8031431901848055,-0.9856885036709032,-0.004207332846652581,0.5355709224817334,-0.9118435512752652,-0.0037474185676698957,0.6418816085674653,1.2644050437737082,0.059830425617286284,0.8785429398876173,0.9611542289226178,0.0,0.0,0.0,0.0
0.03971708832297416,-0.17023248039285074,0.7825071067711931,-0.0016754496300768957,-0.6616548114841374,-0.012040105716254227,0.7497100367227112,0.03229039277550693,0.8023113217218678,-0.9866654966362245,-0.006355194748730186,0.5410598024015066,-0.905865949226924,-0.007337167220889064,0.6473252854738023,1.2550665974149076,0.061864603321238144,0.8761451705643443,0.9657110102089363,0.0,0.0,0.0,0.0
0.039501911406042055,-0.17025320662890947,0.7818856977845652,-0.0017441549942682402,-0.661580438924795,-0.011983149906314236,0.7497764232581299,0.032327276515426676,0.8009214741141697,-0.9875330043796574,-0.008495088284517028,0.5476949711643767,-0.8986756400109703,-0.011072112938004459,0.6536259579665686,1.2438832856139597,0.06389901405569245,0.8727213368863513,0.9715419298243706,0.0,0.0,0.0,0.0
0.03914746234213186,-0.17024599812751634,0.7811590371696068,-0.0018309298090618685,-0.661499802066382,-0.011905774823133004,0.7498485927759233,0.03227176590537205,0.7987697841686128,-0.9877564945342366,-0.010568690609237255,0.554576935831518,-0.8908341268251065,-0.014862461727427745,0.6602634326350437,1.231748741281002,0.06597499900271739,0.8684884002417962,0.9781729298743499,0.0,0.0,0.0,0.0
0.03861283070034933,-0.1702269747689713,0.7803631515772532,-0.0019333263361922036,-0.6614127677028508,-0.01181094643872908,0.7499266060843246,0.0321650798017669,0.7955987555357307,-0.9867900418115843,-0.012522011432706072,0.5612026960571866,-0.8826317642385982,-0.018679430578181323,0.6668893315016409,1.2190988579844355,0.06820002466006735,0.8635682608625601,0.9852729003683651,0.0,0.0,0.0,0.0
0.03785074605246875,-0.17021675884727566,0.7795226141723466,-0.0020494342984921604,-0.6613160694011153,-0.01170149602534939,0.7500132873234207,0.03206079849411727,0.7911040841596807,-0.984072229355102,-0.014306910921070037,0.5673569799812431,-0.8741949767318211,-0.022526407499371473,0.6732585208503544,1.2061243315559962,0.07074269525146712,0.8580072488228436,0.9926298756625339,0.0,0.0,0.0,0.0
0.036809979569804585,-0.17024082582081085,0.7786544296563017,-0.0021776389393209916,-0.6612038159151313,-0.011580365358914373,0.7501137692684178,0.03202558254577177,0.7849440864470096,-0.9790193945921936,-0.01588461110783987,0.5729895238618548,-0.8655810635834518,-0.026433564251259655,0.6791929808192505,1.192894745547084,0.07382335922101578,0.8518032763442619,1.0001109081857535,0.0,0.0,0.0,0.0
0.035439681271193055,-0.1703292220244565,0.7777713504879749,-0.002316972541056123,-0.6610679374594917,-0.01145033461508759,0.7502350988446889,0.032137676113559936,0.776760081510463,-0.971038700614624,-0.017233843895868538,0.5781352930415345,-0.8568432182715575,-0.03046899274533019,0.6845638021341138,1.179433152208227,0.07770754188010978,0.8449354701395327,1.0076271163812722,0.0,0.0,0.0,0.0
0.03369735612481844,-0.1705143591490822,0.7768838286002813,-0.002467990507201686,-0.6608986091544429,-0.011313192442570733,0.7503858668160912,0.03247982370386396,0.7662200671716087,-0.9595836125597228,-0.018361992261201908,0.5828868839613845,-0.8480661634549108,-0.0347671459270186,0.6892952266601801,1.165772712854701,0.08268501447657715,0.8373916910774623,1.015108913358761,0.0,0.0,0.0,0.0
0.03156253559897736,-0.1708253601785045,0.77600029256772,-0.0026343768486882073,-0.6606849706924446,-0.011167953821361709,0.7505755833806389,0.03312244790666008,0.7531022303817435,-0.944279842955056,-0.019316018218511737,0.5874130361094969,-0.8393775770712973,-0.039581576998044474,0.6934072637148813,1.1520232429720147,0.08902789128344235,0.8291974247803506,1.0224929718231694,0.0,0.0,0.0,0.0
0.029058436148385925,-0.17127696391313293,0.775125141681863,-0.002825308345918249,-0.6604157931510407,-0.011008213889727444,0.750814102835309,0.03409310819174956,0.7374424658575628,-0.9251675277042389,-0.02018803777890228,0.5920083145814243,-0.8309392622721364,-0.045399465985667686,0.6971271543146202,1.1384751207663668,0.09691418453566011,0.8204431951831027,1.0297251584875644,0.0,0.0,0.0,0.0
0.026283395034603012,-0.17185066376630478,0.7742524290736186,-0.003060266198519648,-0.6600734039327135,-0.01082322120890885,0.7511168977423807,0.03533892195191203,0.7197865276854682,-0.9031647938950825,-0.021098012043117433,0.5971367539496619,-0.8229439620063096,-0.05330585151793619,0.7011407057408799,1.1257368340149523,0.1062672421511775,0.8112596356878438,1.0367873887324366,0.0,0.0,0.0,0.0
0.023430567459733972,-0.1724476022898387,0.773357459080497,-0.0033868728559775445,-0.6596056916136148,-0.010539208548238425,0.7515302959737279,0.03652036916120146,0.7015158150529013,-0.8808793460465725,-0.021845947211127696,0.6031059464556342,-0.8152105249873114,-0.06456431626160557,0.7067601740808729,1.1143915130423796,0.11709232402418573,0.8019044047634046,1.0436830670681245,0.0,0.0,0.0,0.0
0.020848204999979195,-0.17297929025060022,0.7725068008077608,-0.0038487188548320004,-0.6589628602219368,-0.010145782714889024,0.7520972007024112,0.03745520457324543,0.6851044553053866,-0.862238681104403,-0.023166861503115442,0.610154355847108,-0.8081952622421136,-0.08348956479950945,0.7153637454351597,1.105797409125283,0.12895311129920106,0.7932064709006269,1.0497807216598656,0.0,0.0,0.0,0.0
0.018713946406886058,-0.1734239704010161,0.7718261842597,-0.004482086999135551,-0.6581338275739977,-0.009597503944627255,0.7528264499982479,0.0380474553144595,0.67195069357332,-0.8492008502878123,-0.024699250178267587,0.6176514652719197,-0.8032926597959995,-0.11463950311790257,0.7269221113996177,1.1013741343158248,0.14261289970961608,0.7863749294315745,1.0541673706665364,0.0,0.0,0.0,0.0
0.017320518153794057,-0.17371901018608346,0.7714776266812672,-0.005231927758500398,-0.6572157842779139,-0.00888021917246942,0.7536319934393345,0.03807252225203778,0.6640756221992726,-0.8439488620023106,-0.02580768065803159,0.6241326727956138,-0.8030290269621408,-0.1575806577742346,0.7391164870354852,1.102327197779937,0.15740910771365657,0.783014972798878,1.0557654251683324,0.0,0.0,0.0,0.0
0.01729841133119952,-0.1736823283523972,0.7714496463933396,-0.005318749542498529,-0.6572227259985686,-0.008860034070160587,0.7536255695838553,0.038015957479907714,0.6639618213617903,-0.843914726273944,-0.02583831661062848,0.6241556665760307,-0.8030301761621385,-0.1575700031732728,0.7391378405231357,1.102334910396487,0.1574236185620834,0.7829160315201752,1.0557110042628726,0.0,0.0,0.0,0.0
0.01729841133119952,-0.1736823283523972,0.7714496463933396,-0.005318749542498529,-0.6572227259985686,-0.008860034070160587,0.7536255695838553,0.038015957479907714,0.6639618213617903,-0.843914726273944,-0.02583831661062848,0.6241556665760307,-0.8030301761621385,-0.1575700031732728,0.7391378405231357,1.102334910396487,0.1574236185620834,0.7829160315201752,1.0557110042628726,0.0,0.0,0.0,0.0
0.017552864720959828,-0.17372495418010964,0.7715455710873699,-0.005428660541102741,-0.6575056754675223,-0.008825186460966777,0.7533783461559377,0.03814824519028468,0.6650786191421753,-0.8441546110483132,-0.025719025691776462,0.625374081800782,-0.8031372359461442,-0.1569699398496969,0.7410178934760642,1.1021537548556215,0.16060605163418765,0.785876221176766,1.0557173867710732,0.0,0.0,0.0,0.0
0.018243894215290067,-0.17379752989887498,0.7716236860965099,-0.005473035332282388,-0.6577247020458546,-0.008830854636433093,0.7531867485619576,0.038394104124105405,0.6689577628444116,-0.8490102095716701,-0.02556063656752277,0.6296603065321751,-0.8086793752070809,-0.15779938941573582,0.7439013035049231,1.1025301130124705,0.16371197804486012,0.789322299651656,1.056306596327338,0.0,0.0,0.0,0.0
0.0195210873945669,-0.17385872385119774,0.771715360281949,-0.005466309405243469,-0.6579296220917813,-0.008868489833647325,0.7530073583463328,0.038652978691728006,0.6765381751072197,-0.8596315585345438,-0.02548018360897302,0.6377388952238104,-0.8204101968338499,-0.16082061476022666,0.7486138149991026,1.1035625795618587,0.1668845102277696,0.7940137800016398,1.0572859241506185,0.0,0.0,0.0,0.0
0.021474719587520466,-0.17384517464537722,0.771968878565194,-0.0054256194523423775,-0.6582038402313388,-0.008930057015328334,0.7527672425391394,0.03876877958900709,0.6883554112036026,-0.875887721652245,-0.02563763914710724,0.6497798815068355,-0.8375326061049381,-0.1671738296890075,0.7566880540757004,1.104372746131815,0.1700800028725229,0.801295908480245,1.0573337225587562,0.0,0.0,0.0,0.0
0.024184115822485697,-0.17365718714617778,0.7730185712724851,-0.00537028789329964,-0.6589437225962029,-0.00904086685202104,0.7521187360952826,0.03853635645700235,0.7046344330809902,-0.8937378737723952,-0.026207705135797586,0.6654134012522314,-0.8550304930675277,-0.18025512500316257,0.7739058949329083,1.100562004423563,0.1734291900027836,0.81620029464577,1.0511548827237998,0.0,0.0,0.0,0.0
0.026642659275627714,-0.17422229888102422,0.7737059872398198,-0.0071134408485088885,-0.659170985905716,-0.007352717585190941,0.7519234986642547,0.038641046983576476,0.6771212107659513,-0.8607956222667162,-0.026752057890033803,0.6808445061687449,-0.8714021166803743,-0.1398859210625237,0.7706990328770859,1.0943945372948258,0.1236853794862911,0.7879566141285507,1.0696528918814234,0.0,0.0,0.0,0.0
0.029512390004278702,-0.17478111275021732,0.7747553719434181,-0.00823418013231083,-0.6594679444064083,-0.006314743690717878,0.751661062308043,0.037035082152826325,0.656927374096217,-0.8453329742259328,-0.02663731865301675,0.6989553620590343,-0.891695760091191,-0.11436689809645176,0.7750382023329724,1.0860233480609858,0.08820345883350961,0.7670943044548215,1.084358604444959,0.0,0.0,0.0,0.0
0.03233012500295305,-0.17520274668501848,0.7758805126561871,-0.008878518564039256,-0.6597903937916701,-0.005764368737946658,0.7513751261662803,0.03497038870839257,0.6426022792510665,-0.8407859510474448,-0.026330081531524357,0.7163641717812742,-0.9114517455472841,-0.10002500929679477,0.7833186154711941,1.0775718390117617,0.06586077499139653,0.7530813185937587,1.0979051227098493,0.0,0.0,0.0,0.0
0.0348923187282366,-0.17547460848272897,0.7769996171197602,-0.009279484260791481,-0.6600974652558116,-0.005440244552158928,0.7511029431934872,0.03316217931324634,0.6322636323461727,-0.8424125080688856,-0.0261448696449729,0.7317998641995975,-0.9286107137157152,-0.0916676824558872,0.7928860284928922,1.0693341521392659,0.051649106777550094,0.743350995059043,1.1112544648588663,0.0,0.0,0.0,0.0
0.037094716455617356,-0.17561655181266825,0.7780891199691277,-0.009566043969079811,-0.6603675165412117,-0.005215121152820662,0.7508635271547921,0.031641840805878674,0.6244434270220395,-0.8473777892311831,-0.026156848035130142,0.744763801257962,-0.9423445946191152,-0.08653029881047009,0.8024163175672626,1.0612790876965337,0.041998327720150476,0.7359971437774147,1.1245096464942896,0.0,0.0,0.0,0.0
0.038907301916797234,-0.17565982032429955,0.779145111244863,-0.009799731531474244,-0.6605952833179296,-0.005030665934778908,0.7506613945849805,0.030244788891723374,0.618076354098969,-0.8540960670474439,-0.02634480985200629,0.7552274281681209,-0.9525741557785025,-0.0830812523707069,0.8113027955404022,1.0533322503906104,0.03488567197926443,0.7297930419159194,1.1376429789656552,0.0,0.0,0.0,0.0
0.040346985932483766,-0.1756382692893064,0.7801682737260354,-0.010006506234803238,-0.6607837118001602,-0.004863723673291902,0.7504939042021629,0.028809114858059995,0.6124117035274805,-0.8616914518721736,-0.026647567062113218,0.7634153588011052,-0.959626176542167,-0.08044361800431812,0.8193182911933539,1.0454404547215492,0.029206191190301895,0.7239950080954217,1.150632434195294,0.0,0.0,0.0,0.0
0.04145658748429084,-0.17558269641657973,0.7811590855947195,-0.010194710187238307,-0.660939300148573,-0.0047080174277027145,0.750355345136698,0.027240563316520687,0.6069500147465252,-0.8696853487341225,-0.026996359650498163,0.7696669593777498,-0.9640108188575395,-0.07813343806577859,0.8264418572216424,1.0375821138732897,0.024361097776885107,0.7181843304637998,1.1634842484658316,0.0,0.0,0.0,0.0
0.04228948365760674,-0.1755181542764857,0.782116367717712,-0.010366020997912988,-0.6610687261162438,-0.004563082430764313,0.750239870467071,0.025511084601504103,0.6013732420419725,-0.8778206292075927,-0.027332516368511233,0.774350013369901,-0.9662858783397259,-0.075875161110133,0.8327391624484761,1.0297635402533978,0.020027758209802415,0.7121478519864809,1.1762257694245315,0.0,0.0,0.0,0.0
0.042899641623540874,-0.17546272436873972,0.7830376667193544,-0.01051901135224696,-0.6611788010723614,-0.004431517260224984,0.7501415233590648,0.023639253088011188,0.5954914678662878,-0.8859652099905398,-0.027612212782872764,0.7778087560907953,-0.9669735524049226,-0.07356146994791452,0.8383245859655591,1.022015326158644,0.01602349416275103,0.7058045629936689,1.1888900386960384,0.0,0.0,0.0,0.0
0.04333561628700021,-0.1754284801294529,0.783918830157531,-0.010651950416852695,-0.6612752535741567,-0.004316088616648576,0.7500552955228066,0.021668840292902326,0.5891959956072845,-0.8940537516045507,-0.027806657945988432,0.7803386666769944,-0.9665266520983613,-0.07116757308478087,0.843310393118323,1.0143900520453264,0.012242137097741473,0.699157177217376,1.2014987181146284,0.0,0.0,0.0,0.0
0.04363758936550973,-0.175423333409207,0.7847528013396258,-0.010763909875057405,-0.6613615842922882,-0.004218065236974583,0.7499781336760778,0.01965420632801177,0.5824422778380082,-0.9020438460105084,-0.027899305612426678,0.7821783330680963,-0.965325932296241,-0.06868281078844808,0.8477664716409028,1.006966760107436,0.008632276164571205,0.6922701223570237,1.214040793426835,0.0,0.0,0.0,0.0
0.04383515282008317,-0.17545352499628258,0.7855273727222407,-0.010854441639936636,-0.6614392382665889,-0.004138247587109339,0.7499087878435001,0.01763018492406901,0.5752739727099043,-0.9098656720473398,-0.02787756573848547,0.7835037580626869,-0.9636837846525823,-0.06608984776158368,0.8517001038017298,0.9998664392243479,0.005161546543154802,0.6852625364276165,1.2264330274796749,0.0,0.0,0.0,0.0
0.04394629805083428,-0.17552528123397532,0.7862221665199196,-0.010922219622706121,-0.6615094713486901,-0.004080560026656573,0.7498461665330821,0.015586638611896221,0.567899831345346,-0.9173492060181591,-0.02772286871735203,0.7844243894422678,-0.9618499685506136,-0.06341080536318233,0.8550634277473511,0.9932820861337877,0.0017568945311207626,0.6783122535271199,1.2384484510420741,0.0,0.0,0.0,0.0
0.043981703281299966,-0.17564345093033568,0.7868039881066128,-0.010966944273267326,-0.661569590928439,-0.004045919426091058,0.7497926600254782,0.013527324598194801,0.5608075817209626,-0.9241449841892936,-0.027424747708085846,0.7850070634849884,-0.9600723484769041,-0.060619897428944775,0.8576885595897694,0.9875213515160864,-0.0015827304750829579,0.671698162387407,1.249609575247523,0.0,0.0,0.0,0.0
0.04394458939449462,-0.17581020360055077,0.7872244101493803,-0.010987195834319367,-0.6616161981940103,-0.004036738798435795,0.7497512871311897,0.011466509285733877,0.5548712276999003,-0.9296361734615604,-0.02697747395465972,0.7852679400986424,-0.958588650013666,-0.0577594720759415,0.859324324474413,0.9830437836073573,-0.004808834646732875,0.6658723160148352,1.2589785109001959,0.0,0.0,0.0,0.0
0.04383067894298899,-0.17602251200811625,0.7874247393432203,-0.010976490817880748,-0.6616497986533869,-0.004062470415751868,0.749721652965538,0.009437879585994749,0.5513148183734119,-0.9329136836824481,-0.026379341114741953,0.7851627903502136,-0.9575835058584391,-0.055107514847502335,0.8597332256431486,0.9804341566959378,-0.007797299606326668,0.6616368629436488,1.264834713656832,0.0,0.0,0.0,0.0
0.04362973629320257,-0.1762728415493757,0.7873607156116285,-0.01092255991489823,-0.6616776405716421,-0.004137558300838314,0.749697457821325,0.007513652398997246,0.5512598322780795,-0.9329327023903716,-0.025634577887879276,0.784600138353033,-0.9570955062264365,-0.05314037896911814,0.8588264300278435,0.9801659034077367,-0.010247420730134484,0.660410239257167,1.2644065542234382,0.0,0.0,0.0,0.0
0.04331808058788547,-0.1765696367083285,0.7870265164455416,-0.010818711905877536,-0.661705304726064,-0.0042709769369384705,0.7496737983457128,0.005694659594936766,0.5546828458857287,-0.9296509010546383,-0.024708504907339984,0.783458411818218,-0.9569604324746489,-0.05191789252458491,0.856576673437628,0.9822667866998537,-0.012194271365307095,0.662170632521077,1.2576973510482459,0.0,0.0,0.0,0.0
0.04286314562701325,-0.17693796532813647,0.7864541543408042,-0.010670464147745829,-0.6617271831435024,-0.004452491469209403,0.7496555553076052,0.00396180531887097,0.560409689815045,-0.9240659542209656,-0.023546622271154557,0.7816218646372086,-0.9568826706016318,-0.05081871204968771,0.8529001568516645,0.986294143843332,-0.01385264565445467,0.6654623991365682,1.2474821572057737,0.0,0.0,0.0,0.0
0.04222605665415276,-0.17740102587636175,0.7856921066895726,-0.010477288043626031,-0.661744103820151,-0.004678461130799562,0.749641967539147,0.002316593867432956,0.5671708662219499,-0.9170464843790443,-0.022091515350869187,0.7789301543959855,-0.9564190745675926,-0.049431861559258425,0.8478852679728661,0.9916570797150661,-0.0153190714458372,0.6694329109463604,1.2354679679355918,0.0,0.0,0.0,0.0
0.04135963258333699,-0.1779801746265957,0.7847793836868083,-0.010236125177299401,-0.6617575580131948,-0.0049480505861874986,0.7496316915320244,0.0007719738354195998,0.5740372082234076,-0.9091721017937372,-0.02028814133504392,0.7751657509169124,-0.9550776570070755,-0.047455734518754955,0.8415892012586442,0.9978558597793417,-0.016601237660755837,0.6735761409915826,1.2225696640504724,0.0,0.0,0.0,0.0
0.040210233838467724,-0.1786949715264513,0.7837433484884981,-0.009938620564136214,-0.661771796781625,-0.005266931324683808,0.7496209523753473,-0.0006398015952901862,0.580498301480341,-0.90076783554942,-0.018080239045865018,0.7700607199159529,-0.9523333549143067,-0.044793462153824716,0.8340710127404716,1.0045108252614718,-0.017703456863588145,0.6775766596236733,1.2092335819554878,0.0,0.0,0.0,0.0
0.038718015048135664,-0.17957023871231637,0.7825987986696447,-0.009598254464801469,-0.6617702196550963,-0.005610387630226392,0.7496242881867643,-0.0019055549821392096,0.586238034119344,-0.8919788496021566,-0.015438180970763545,0.7633291757419426,-0.9477019466702584,-0.04062949010600479,0.8249939869080041,1.0112724727602513,-0.018488393420953757,0.6811671237435436,1.1956324328507946,0.0,0.0,0.0,0.0
0.036824147387053696,-0.18062323197200275,0.781356885240829,-0.009224884767285224,-0.6617415694592305,-0.005960200523410607,0.7496515675701515,-0.002989799343619569,0.5911613631432737,-0.8828930952003591,-0.012346786491557004,0.7546521354160344,-0.940641763116085,-0.03452438796627036,0.8141482354082306,1.0178498133851384,-0.018874183039330573,0.6841787174269788,1.1818021298076609,0.0,0.0,0.0,0.0
0.03447739981821489,-0.18185730474004688,0.7800295928373804,-0.008821661862055085,-0.6616846046636817,-0.006310043427399192,0.7497038385822784,-0.003835715242320296,0.5953360922757178,-0.8736201101317019,-0.008814693275646806,0.7436900429240489,-0.9305393010116896,-0.02660856795663422,0.8015681212567933,1.0240004480280702,-0.018884827029961703,0.6865323928626774,1.167717927050879,0.0,0.0,0.0,0.0
0.031640092202631864,-0.18326663645462848,0.7786313459704083,-0.00841282799932764,-0.6615842927285132,-0.00662869680548801,0.7497943106736857,-0.004417748022101115,0.598831543538878,-0.8643094114760347,-0.004907249629547133,0.7301411796031013,-0.9168140993404388,-0.01669169575784954,0.7871660015318811,1.0294316872744027,-0.01847959410267161,0.688161899126805,1.1533232087021223,0.0,0.0,0.0,0.0
0.02830441871412299,-0.1848255649721788,0.7771855545420883,-0.008021322360910438,-0.6614338386560348,-0.006892420823527526,0.7499289499702729,-0.004744955271884288,0.6018477591009914,-0.8551836875746788,-0.0007322287937753108,0.7137890313876426,-0.8989354587705412,-0.005091918217614464,0.7711542522464097,1.0338527309189338,-0.01772942762951469,0.6890887639777519,1.138591397004885,0.0,0.0,0.0,0.0
0.024514091088368134,-0.1864882395740987,0.7757231270507549,-0.007666904698561081,-0.661235129282794,-0.007087779656463854,0.7501060496718122,-0.004928146774467658,0.6047638838653694,-0.8465248880737439,0.0035655013280140096,0.6946290018158291,-0.8766310152011205,0.007484278920072538,0.7540344962594939,1.0370299808497665,-0.016810784895959843,0.6894855415257611,1.1235972157992824,0.0,0.0,0.0,0.0
0.020400181794268512,-0.18819495428018182,0.7742753081713442,-0.007354271025372958,-0.6610050014666257,-0.007224076609198669,0.7503106792862113,-0.005239801784392221,0.6082397063328853,-0.8386092955108468,0.007837254928000985,0.6731123834478845,-0.8503122195185202,0.019993050157530657,0.7366260306214669,1.0389276780466732,-0.016085740468914398,0.6898428834469941,1.1086348881610062,0.0,0.0,0.0,0.0
0.016325735747303394,-0.1899577789249666,0.7728513112749521,-0.007063743062185987,-0.6606899999857623,-0.007348920198320288,0.7505896487593493,-0.005832502528542296,0.6127209026165101,-0.8308317418267926,0.012164802779895213,0.6514576756004833,-0.8237106148665241,0.031899130349330826,0.7197276154635969,1.039743022623792,-0.016053573691287088,0.6916323086014203,1.0936751224372598,0.0,0.0,0.0,0.0
0.012635029744784315,-0.19163302528291223,0.7715882372134298,-0.006749047359765596,-0.6603550862659535,-0.007525438487275606,0.7508854627558021,-0.00674875597663769,0.6188821554577044,-0.8239070214731216,0.016277331747261033,0.6315251131492817,-0.799089769457879,0.04122641354690377,0.7053288862537764,1.0394283806171012,-0.017362008453000306,0.6950233267387207,1.0792142606485997,0.0,0.0,0.0,0.0
0.009662580288396005,-0.19300592819371087,0.7706395931841202,-0.006372197077011855,-0.6600465050589843,-0.007810964941395571,0.7511571041336933,-0.008027720923446075,0.626523735594234,-0.8191222631227677,0.019754351968418283,0.6151809702902361,-0.7787953356590638,0.0461377167906338,0.6951508758781056,1.038199212074954,-0.02092357279438194,0.6994676665413416,1.0653796039035295,0.0,0.0,0.0,0.0
0.007873163213212572,-0.1938437643969208,0.7701042327890254,-0.005990425313698468,-0.6598080584103294,-0.008156705576729744,0.7513660286541353,-0.009221431306601389,0.6338188852632618,-0.818216813236831,0.022034074857380265,0.6052310814169298,-0.7667410697125943,0.04642821929463273,0.6901468463494274,1.0369871587308137,-0.02637627435135651,0.703951685237361,1.0528029577632654,0.0,0.0,0.0,0.0
0.007828461814306985,-0.1939862071632218,0.7700278922452481,-0.005872833151502701,-0.6598181666583826,-0.008139583839798485,0.7513582660444087,-0.009199423458573193,0.633846865780548,-0.8182318256754981,0.022199113387892436,0.6050362976704751,-0.7666947494692917,0.046409521348091495,0.6900140233436904,1.0369036433828596,-0.02638827915778315,0.7039963352326691,1.0528196390482123,0.0,0.0,0.0,0.0
0.007828461814306985,-0.1939862071632218,0.7700278922452481,-0.005872833151502701,-0.6598181666583826,-0.008139583839798485,0.7513582660444087,-0.009199423458573193,0.633846865780548,-0.8182318256754981,0.022199113387892436,0.6050362976704751,-0.7666947494692917,0.046409521348091495,0.6900140233436904,1.0369036433828596,-0.02638827915778315,0.7039963352326691,1.0528196390482123,0.0,0.0,0.0,0.0
0.007828461814306985,-0.1939862071632218,0.7700278922452481,-0.005872833151502701,-0.6598181666583826,-0.008139583839798485,0.7513582660444087,-0.009199423458573193,0.633846865780548,-0.8182318256754981,0.022199113387892436,0.6050362976704751,-0.7666947494692917,0.046409521348091495,0.6900140233436904,1.0369036433828596,-0.02638827915778315,0.7039963352326691,1.0528196390482123,0.0,0.0,0.0,0.0
0.008645011089534903,-0.19419452165668769,0.7701362117833715,-0.005969765037259348,-0.6600423905505083,-0.007940346485294245,0.7511626691199874,-0.009051612740782736,0.6384535340162475,-0.8244669791202559,0.02237642025600287,0.6105161396998807,-0.7737333636504531,0.050385080237525415,0.691632910262904,1.0365285738096754,-0.022709597772575005,0.7077744977071041,1.0542075513134348,0.0,0.0,0.0,0.0
0.010253103473938714,-0.19436812337977183,0.7702984042061823,-0.0060162662619674175,-0.6603021847221552,-0.007835630961808433,0.7509350386543727,-0.00890170128848309,0.6482166422436827,-0.8384293995283127,0.0226236461758197,0.621312478759231,-0.7891843518691419,0.05338409310401405,0.6952125229613696,1.0372042081829604,-0.020655257173642902,0.7128624713083692,1.0558896612360924,0.0,0.0,0.0,0.0
0.012609704441828249,-0.19459050457867577,0.7705341644580412,-0.00598766409313516,-0.6606133370405397,-0.007843160824714295,0.7506614760537188,-0.008532169077066304,0.6624561735717773,-0.8587328757093257,0.023147778501919455,0.6370384237950654,-0.8122232699347957,0.05577803978061885,0.7009337769730133,1.0383258635917643,-0.019893922514120952,0.7193852522266123,1.057828956127682,0.0,0.0,0.0,0.0
0.015666006409865863,-0.1950991009870735,0.7710405103846646,-0.005791131906605733,-0.661037071273769,-0.008056570429287088,0.7502876414189136,-0.007260474376339844,0.6800760918221614,-0.8821906299206135,0.02461566335443212,0.6575864285779051,-0.8417183222647537,0.058126366882227665,0.7102754683093029,1.0373574131611338,-0.019934062351580198,0.7283520172497246,1.0589116076489213,0.0,0.0,0.0,0.0
0.01943245486131224,-0.19628798870814135,0.7726369027199674,-0.00511593951143713,-0.6620690869970768,-0.008801106090370528,0.7493736662956328,-0.0037539920396771204,0.6997108911264656,-0.9001691748445461,0.028325474848123786,0.6832363572826341,-0.8731627509322916,0.059078998005697436,0.7305167394380345,1.026882492381432,-0.023015277007360956,0.7444049425677343,1.0535801072079891,0.0,0.0,0.0,0.0
0.022444080137537653,-0.1974343457888007,0.773597805174617,-0.005051467447950121,-0.6615928796183217,-0.008845878252722017,0.7497940348875131,-0.0010687871291245959,0.7165416108699627,-0.9244390186516395,0.024395763897478787,0.660258083592745,-0.8469263517807597,0.041886818058707864,0.7206209045759358,1.0524740497495586,-0.013604560173589044,0.7552572958995997,1.0508048489906117,0.0,0.0,0.0,0.0
0.02581484246467963,-0.19849964147328536,0.7746865952597545,-0.0048264025415384795,-0.6613199531891032,-0.009055505151110723,0.7500337480266656,0.0016138395284590033,0.7350275608284658,-0.9492769375536682,0.020944782547483116,0.6423223344501559,-0.8351501850793471,0.029355367236455994,0.7137423553633594,1.0735528682538655,-0.007534822646403723,0.7671807784079692,1.0469428998659696,0.0,0.0,0.0,0.0
0.029027895979313503,-0.19956338887864405,0.7759158192466491,-0.0044769849869703135,-0.6612944615440604,-0.009369622808289702,0.7500545326208009,0.004428415197450531,0.7519171135981612,-0.9694323531894198,0.01828510214080663,0.6293995401327237,-0.8326783857759651,0.021750473612691112,0.7085450061088971,1.0918701348885047,-0.0033507125577852213,0.779864530971594,1.0416671121288454,0.0,0.0,0.0,0.0
0.03187968044920502,-0.20062509860162053,0.7772125065895776,-0.004097950825891502,-0.6613601854536084,-0.009710286237138868,0.7499944148038638,0.007307863512154336,0.7664111978094678,-0.9849669921766351,0.016137424467180826,0.6198331342802393,-0.8351780393074463,0.017238438082673627,0.7041339596198826,1.1083696656324042,0.0005631120189441121,0.7925241329110421,1.0353135969392826,0.0,0.0,0.0,0.0
0.03427431652465026,-0.2016812453001699,0.7785095510753595,-0.003731081910475988,-0.6614410305308991,-0.010042741504143804,0.749920652803402,0.010207638824672492,0.7781632313824437,-0.996144352171623,0.014379000259772852,0.6122929206821033,-0.8402444123613301,0.014492624998173997,0.699963105077361,1.1236159250052036,0.0049768828188574395,0.8045714453980275,1.02840252046161,0.0,0.0,0.0,0.0
0.03619573276428454,-0.20271771977373226,0.7797669379273958,-0.003391252817385835,-0.6615076545484492,-0.010353888876983498,0.7498592663715381,0.013071033277132901,0.7872089218208007,-1.0034231508674933,0.012917433826340256,0.6058185444251264,-0.8465790474708239,0.012724222712975393,0.6956911402609843,1.1379875679913003,0.01005531735864426,0.8156892505331326,1.0213028383150147,0.0,0.0,0.0,0.0
0.037679030038025925,-0.20371486131296837,0.7809667465443673,-0.003082938258907729,-0.661554279904816,-0.010638876273388751,0.7498154736619882,0.015832667015055146,0.7938321476021402,-1.0074004361036217,0.01166008011219584,0.5997692770176849,-0.8534831569873131,0.011488096349009566,0.6911259679523559,1.1517640198740937,0.0156430434666676,0.8257753364371263,1.0142098433758135,0.0,0.0,0.0,0.0
0.03878649395999528,-0.2046532209818755,0.7821037770579473,-0.002805854409499373,-0.661584676556241,-0.010897355718013795,0.7497860298547591,0.018432889848991264,0.7984400678322736,-1.0087322798869114,0.010518975491503536,0.5937454526063248,-0.8605817650918246,0.010522139770526039,0.6861853882534499,1.1651588284666632,0.021427101975719377,0.8348458569782294,1.0072025569823349,0.0,0.0,0.0,0.0
0.03958980369182268,-0.20551817524828125,0.7831785906497933,-0.002559989388495281,-0.6616054880757757,-0.011128800353939629,0.7497651461658026,0.020826527883802102,0.8014682123585506,-1.0080642250968936,0.009416645687934676,0.5875171472935482,-0.8676819354821942,0.009674476105298122,0.6808590196594827,1.1783342906458647,0.027135606058272664,0.8429974177808761,1.0003098502310743,0.0,0.0,0.0,0.0
0.04015836665541817,-0.20630063323236686,0.7841935092829807,-0.00234406171404914,-0.661622345976967,-0.011334436992529924,0.7497478957734244,0.022987374299245095,0.8033226713164205,-1.0059795026446519,0.0082940079775681,0.5809523830740186,-0.8746923979799727,0.008846060433870446,0.6751835157094763,1.1914051646687922,0.03253634251142852,0.8503407548661863,0.9935424906101246,0.0,0.0,0.0,0.0
0.040552807589714454,-0.2069966825202766,0.7851502748652831,-0.00215611590438773,-0.6616390065437899,-0.011516391650893744,0.7497309843585875,0.02490584865975281,0.8043489673971795,-1.0029722374999799,0.007110723471820424,0.5739758731583097,-0.8815787352429751,0.007972725175433425,0.6692290080745029,1.2044384261128807,0.037463111014122814,0.8569770916825962,0.9869168705477591,0.0,0.0,0.0,0.0
0.04082224958511137,-0.20760643302217777,0.7860478178749929,-0.0019940465671274194,-0.6616577216404496,-0.011676716174245054,0.749712436518992,0.026584043649391223,0.8048203192262515,-0.9994424046285274,0.005842462524196386,0.5665601367344697,-0.8883283447579787,0.0070168133357593875,0.6631002925228938,1.217444231208344,0.04182362958422729,0.8629836823766983,0.9804769356660803,0.0,0.0,0.0,0.0
0.041003903943534904,-0.2081326541939194,0.7868793641253772,-0.0018564195260695764,-0.6616792095565723,-0.011816404505134747,0.749691636562463,0.028030624741029447,0.8049382513239774,-0.995712621361179,0.004476686049716767,0.5587567512836943,-0.8949084633001112,0.0059605624938641345,0.6569454216882642,1.2303496131897276,0.04560379570115503,0.8683989983400997,0.9743211238684745,0.0,0.0,0.0,0.0
0.04112380285036949,-0.20857949509241383,0.7876286214432323,-0.0017425247352574889,-0.6617020900604692,-0.011935488613649509,0.7496698284769816,0.02925752097422347,0.8048389549938345,-0.9920562928370743,0.003010266720443818,0.5507746939397605,-0.9012029957508452,0.004792154471611705,0.6509730122257823,1.2429389945518174,0.048845764976091,0.8731945120563084,0.9686365607954541,0.0,0.0,0.0,0.0
0.04119766862186716,-0.2089521766622906,0.7882652863461582,-0.001652319985602691,-0.6617230191285185,-0.012033238584407798,0.7496499963071261,0.030279370187628957,0.8045971809145659,-0.9887207108216484,0.0014504116998205665,0.5431042086315301,-0.906926361183147,0.0034891893686761245,0.645482126296754,1.2547439618236182,0.05163638316939428,0.8772479581589949,0.963743913700034,0.0,0.0,0.0,0.0
0.041244030646478254,-0.2092513035926851,0.7887424192140001,-0.0015870406383422463,-0.6617367233310183,-0.012107644172427703,0.7496368422441185,0.031098853490432926,0.8043125997378818,-0.9860700488346958,-0.00021816587742861434,0.5366407263343657,-0.9115086994776467,0.0019832890849517375,0.6409763404176203,1.2648500668745832,0.05404129625240334,0.8803428755540766,0.9601132677566675,0.0,0.0,0.0,0.0
0.04129349016444571,-0.20946897401050638,0.7890029444236695,-0.0015504297272715224,-0.6617338696691784,-0.012154807988192757,0.7496386746580553,0.03169692281185892,0.8041769400681987,-0.9846727567613498,-0.0020717323205815,0.5326400504189106,-0.9140135229460209,9.024595134673541e-05,0.6383627383726579,1.2715516658559305,0.05607075141629065,0.8822103455059491,0.9582916033558005,0.0,0.0,0.0,0.0
0.04133462793012608,-0.20961726836026162,0.7890061504737509,-0.0015439304343032876,-0.6617081981281702,-0.012174795953941426,0.7496610241650984,0.03210873062220081,0.8040996704983414,-0.984581036063505,-0.004114751093680744,0.5322067570489254,-0.9133218510870365,-0.002510129050665779,0.639012562797742,1.2720177200462182,0.057924731875052364,0.8826245528710149,0.9587113973247321,0.0,0.0,0.0,0.0
0.041309410081969214,-0.20972106924486783,0.7887533243195616,-0.0015647029557811997,-0.6616616243384806,-0.012168129506326269,0.749702196346483,0.032394379324134144,0.8036929884907194,-0.9851878224371701,-0.006210820350884719,0.535290344337314,-0.9094467841978557,-0.005736622582747208,0.6427446296149439,1.2661862911776747,0.059896677913049944,0.881537419338439,0.9614148779194464,0.0,0.0,0.0,0.0
0.04120270433742046,-0.20978022963733664,0.7882876129263487,-0.0016105887831311158,-0.6615968448992948,-0.012135810763739055,0.7497597901462686,0.03255033871100406,0.8028782373398371,-0.9861868004864235,-0.008351878137645779,0.5407648725968583,-0.9034733335005164,-0.009309268597675472,0.648171527623657,1.2568174490601927,0.06191425818509444,0.8791449097637812,0.9659643608264032,0.0,0.0,0.0,0.0
0.04099095774228733,-0.20980109973681768,0.7876675778363829,-0.0016772628913602013,-0.6615219972647814,-0.01208033986909301,0.7498265794919883,0.0325889785330648,0.8015112857784428,-0.987081360226483,-0.010481586222372226,0.5473855061763466,-0.8962922675383955,-0.013025115783441258,0.6544554732621772,1.2455999336389074,0.06394242689633586,0.8757336728315116,0.9717899891469652,0.0,0.0,0.0,0.0
0.040641471570248104,-0.20979587026565752,0.7869432576647731,-0.0017613715327904642,-0.6614408277507676,-0.012004871273565669,0.7498992012400119,0.03254015552321912,0.7993877348076736,-0.9873348579112271,-0.012541130788406359,0.5542545428162474,-0.8884646874013777,-0.016795877140724204,0.6610785624799593,1.233429401021923,0.06602712101044815,0.8715222890198897,0.9784173721228887,0.0,0.0,0.0,0.0
0.04011337574124362,-0.20978136355778346,0.7861511063686635,-0.0018603319447306676,-0.6613530151466039,-0.011912502905467533,0.7499778802045287,0.03244693995562064,0.7962488549144081,-0.9863983056295029,-0.014475553086467977,0.5608700608619063,-0.880279881830959,-0.02059346854411901,0.6676935825841609,1.2207424426625204,0.06828420012492029,0.8666351873711725,0.9855147134139525,0.0,0.0,0.0,0.0
0.03935931294253772,-0.2097790385223856,0.7853161979665764,-0.001971983724898825,-0.6612549048905729,-0.011806339186833353,0.7500657787110097,0.0323652509586309,0.7917884411362925,-0.9837064869373993,-0.01623512207831961,0.5670165525290085,-0.8718625143806433,-0.024422580105191594,0.6740553834845421,1.2077297712416275,0.07088945499032187,0.8611198918639154,0.9928689934562214,0.0,0.0,0.0,0.0
0.03832785030816281,-0.20981538062186958,0.7844560506643591,-0.002094480858060438,-0.6611400925012825,-0.011689568016425183,0.7501684779014112,0.03236446424762981,0.7856621038358494,-0.9786712797684696,-0.017779218449791866,0.5726425306415919,-0.8632672825418355,-0.02831505786465994,0.679985173973539,1.1944610557158322,0.07407354264449555,0.8549755810086431,1.0003467294847195,0.0,0.0,0.0,0.0
0.036967818981858615,-0.20992158574643513,0.7835838220655136,-0.002226659963549965,-0.6609998252869411,-0.011565177682426875,0.7502936222714505,0.03252579805251261,0.7775076722010943,-0.9706954537222428,-0.019084808298185613,0.5777803120692784,-0.85454337164147,-0.03234189419411133,0.6853526301417069,1.1809601226107707,0.07811443504314065,0.8481816883822186,1.0078597633545836,0.0,0.0,0.0,0.0
0.03523630512326941,-0.21013127592009467,0.7827101029906877,-0.0023689951796755262,-0.6608234084195888,-0.011435040922572842,0.7504505650511932,0.032934910077429144,0.7669890171240368,-0.9592292440518772,-0.02015825528774882,0.5825179250604503,-0.845769116923882,-0.03664262867598651,0.6900800929743258,1.1672623529343358,0.08331619754811065,0.8407247233237414,1.0153413236355122,0.0,0.0,0.0,0.0
0.033112346298427575,-0.2104746527816548,0.7818429691450829,-0.002525229221672853,-0.6605988293799648,-0.011298130054100033,0.7506498265479574,0.033664592847448035,0.7538800922386311,-0.9438984109740076,-0.021047216866633685,0.5870162000948977,-0.837061755426705,-0.04148066695831472,0.6941851330159671,1.153482207904895,0.08996258253236601,0.8326246764385339,1.0227335940803886,0.0,0.0,0.0,0.0
0.030618643126096877,-0.2109671073487058,0.780985730307597,-0.0027048848395718945,-0.6603134154706608,-0.011147699610614186,0.7509025274567043,0.03474333874674148,0.7382134776436551,-0.9247493724684922,-0.02184784313909548,0.591556497802211,-0.8285658121715512,-0.0473627005668851,0.6978926672089965,1.1399187144161684,0.09823856313023369,0.8239614277586961,1.0299910605414062,0.0,0.0,0.0,0.0
0.027853010483395346,-0.2115898275094053,0.7801304478602598,-0.0029283846015521154,-0.6599473031734406,-0.010972391305641017,0.7512260566745299,0.03611696889192669,0.7205350784920076,-0.9027197363424565,-0.022688730258434174,0.5965802716278319,-0.8204469673154808,-0.05542105318721065,0.7018889022922286,1.1271937918201005,0.10806235306956326,0.8148458911120713,1.0371055226148187,0.0,0.0,0.0,0.0
0.02500397280865129,-0.21224239173866158,0.7792495414869981,-0.0032448116166184236,-0.6594469951767042,-0.010695380484507463,0.7516679723031173,0.037437610531729504,0.7022050331591885,-0.8804074940792357,-0.023353413976183676,0.6023539249578956,-0.81247910803769,-0.06693580551825505,0.7074604931451924,1.1159091975885729,0.11945082857589959,0.8055159131945062,1.044090711176946,0.0,0.0,0.0,0.0
0.022421202098075077,-0.21283195645310396,0.7784051806337966,-0.003700100931162085,-0.6587571949467523,-0.010304921495452148,0.7522759307275212,0.03851292579019628,0.6857250503700406,-0.8618290954876454,-0.024622892524509086,0.609051840325299,-0.8050313462139074,-0.0863959060439832,0.7160022727560462,1.1074543334831894,0.13191929786995987,0.7967552670459248,1.050321595893167,0.0,0.0,0.0,0.0
0.020277690037267572,-0.21332991014976324,0.7777194730530806,-0.004331981764432386,-0.657862092470785,-0.009752749301578635,0.7530628028956241,0.03922693357140848,0.6724899947167344,-0.8489806989964749,-0.026157436104299808,0.6159329269003956,-0.7993625552033323,-0.11851734342522398,0.72744180702217,1.1032982209799032,0.14617576706737256,0.7897232303459084,1.054877025619083,0.0,0.0,0.0,0.0
0.018862573847953076,-0.21366073467571908,0.777352760315985,-0.005082134937377253,-0.6568615387622847,-0.00902427798056594,0.7539400859526248,0.03932006061763732,0.6645219595190597,-0.844041043170253,-0.027352786354021382,0.6214258801702028,-0.7978458100341635,-0.16285422711444963,0.7393443610449479,1.104750628770021,0.1613518541011541,0.7859777547339577,1.056639653370832,0.0,0.0,0.0,0.0
0.01884290326542614,-0.21363025108679654,0.7773256247058937,-0.00516594566682481,-0.6568676957309355,-0.009001780619707415,0.753934421058074,0.039270239189203984,0.6644091635053756,-0.8440075502329863,-0.027383640011103254,0.6214486175477053,-0.7978463166864652,-0.1628435028838463,0.7393653020210307,1.1047583271768626,0.16136593350880088,0.7858798490678177,1.0565854192490294,0.0,0.0,0.0,0.0
0.01884290326542614,-0.21363025108679654,0.7773256247058937,-0.00516594566682481,-0.6568676957309355,-0.009001780619707415,0.753934421058074,0.039270239189203984,0.6644091635053756,-0.8440075502329863,-0.027383640011103254,0.6214486175477053,-0.7978463166864652,-0.1628435028838463,0.7393653020210307,1.1047583271768626,0.16136593350880088,0.7858798490678177,1.0565854192490294,0.0,0.0,0.0,0.0
0.019102958015134917,-0.21367448460180477,0.7774237924180484,-0.0052757348044143665,-0.6571867077633499,-0.008967752674535956,0.7536560071898925,0.03940589831382021,0.6655019390329471,-0.8440366121637244,-0.027258917220331233,0.6226436176961927,-0.7977438922081396,-0.1624088804950908,0.7414568818976915,1.1046215247775473,0.1647433216218411,0.7890629471926853,1.0566238485066806,0.0,0.0,0.0,0.0
0.01979562674835004,-0.21374772006961146,0.7775037596549478,-0.005319339175694071,-0.6574258726566587,-0.008975156560531434,0.7534469942584406,0.039656307651387446,0.6693567202589249,-0.8487495194238125,-0.027098172256260475,0.6269232384151132,-0.8031832657764788,-0.16340290009568276,0.7444881654900252,1.1050122005557386,0.16799970940191222,0.7926601491326658,1.0572053546489195,0.0,0.0,0.0,0.0
0.02107147119870377,-0.2138137707451506,0.7775991585708125,-0.005312123502854894,-0.6576383281158389,-0.009014969557742772,0.7532611373625799,0.03993331698434341,0.6769040725010546,-0.8592596164592172,-0.02700650265760429,0.6350288210866408,-0.8149207599606872,-0.16655448901617714,0.7493082292546123,1.1060003804306828,0.17137235766464257,0.7974821278919092,1.0581346242233556,0.0,0.0,0.0,0.0
0.023023005554239286,-0.2138161170942378,0.7778561074403609,-0.005271981732927876,-0.6579101727890997,-0.009077411521415193,0.753023247549035,0.04009488235273377,0.6886726660242259,-0.8754235787431008,-0.027130236146190097,0.6471502709354037,-0.832184935462857,-0.1729391609131767,0.7574404814830529,1.1067130202424658,0.1749631791256975,0.8049163981493964,1.0581346424901668,0.0,0.0,0.0,0.0
0.025733829350100858,-0.21366278889389168,0.7789013629204503,-0.0052200343297714585,-0.6586462943804636,-0.009184013166824708,0.7523785377339196,0.03994828409124992,0.7048759129801028,-0.8931818744026183,-0.027630702330594163,0.6629193673040384,-0.8499461174832951,-0.185911198100023,0.7746601256647362,1.1028146400219059,0.17919751964117733,0.8200834568921787,1.0520140872784907,0.0,0.0,0.0,0.0
0.028220265520280816,-0.21427803245608812,0.7796040344030148,-0.00701295788832685,-0.65895215986132,-0.007446825766829331,0.7521152931710379,0.0400845611884044,0.6775820986364498,-0.8602511038648637,-0.028104664860606424,0.6785376405840108,-0.8660868838506411,-0.1439266309021954,0.7714402101242271,1.0964843972796519,0.1274540994904097,0.7915677873975564,1.070541943658853,0.0,0.0,0.0,0.0
0.031117560418026463,-0.21488478775724096,0.780668414736386,-0.008168451513130748,-0.6593105728741305,-0.006374223437697182,0.751799317751639,0.03852851939453418,0.6575418683896599,-0.8448275958519122,-0.02791127133989185,0.69687507561422,-0.8863353591549742,-0.11712254247433426,0.7757880525230565,1.087908535576979,0.09064524463888027,0.7704696909868545,1.085273065844272,0.0,0.0,0.0,0.0
0.03396136637807938,-0.21535082507299994,0.7818029356018529,-0.008832618283095872,-0.6596711622167977,-0.0058030725102607055,0.7514800509283298,0.03651592662469473,0.6432893164231712,-0.8402909139302865,-0.027521546003211883,0.7145292259351994,-0.9062386892483393,-0.10180292142764644,0.784054209997595,1.0792676489218413,0.06755733552778131,0.7563211040748427,1.0988200896902633,0.0,0.0,0.0,0.0
0.03654703881541557,-0.21565969228935045,0.7829265280409494,-0.009243771958429528,-0.6600019485562578,-0.0054667534750939386,0.751187123950062,0.03476535149969873,0.6329909957004809,-0.8419235586937173,-0.027263919177627247,0.7301872903438601,-0.9236102978004368,-0.09272156200062537,0.7935987788663104,1.0708846196642166,0.05295328623248495,0.7465363982177177,1.1121779252278674,0.0,0.0,0.0,0.0
0.03876990552650054,-0.21583060143999752,0.7840172152193579,-0.009534268658373935,-0.660287017361787,-0.005235562890254278,0.7509345785791511,0.03330255940418592,0.6252014568439518,-0.8468986178267908,-0.027216367818598982,0.743336473067134,-0.937560434372077,-0.08707717655236835,0.8031123267132656,1.0627304840583225,0.04310139759685644,0.7391849380498997,1.1254529561645847,0.0,0.0,0.0,0.0
0.04060018055505025,-0.21589560042546724,0.7850724302082863,-0.009768304655623209,-0.660524231527232,-0.0050487180726033875,0.7507242038427546,0.031959264204954006,0.6188631719272649,-0.8536327802290802,-0.027358022641142957,0.7539490376792249,-0.9479868539552107,-0.08328833007517651,0.8119902094670197,1.0547228293635305,0.03589306929109123,0.7330193716874563,1.1386156902430618,0.0,0.0,0.0,0.0
0.04205524837735794,-0.21588981646450706,0.7860939192711435,-0.00997347470909625,-0.6607186203412351,-0.004881528917284638,0.7505515340148413,0.03057176034299458,0.6132281439633698,-0.8612498563555924,-0.02762619845458744,0.7622553237885575,-0.9552092632622748,-0.08043725392925835,0.8200066317546685,1.046798302033833,0.03017596303306451,0.7272812635804337,1.1516414760722724,0.0,0.0,0.0,0.0
0.04317837438045794,-0.21584544343315049,0.7870828003646357,-0.010159276878948032,-0.6608778982773778,-0.004726522007451713,0.7504097898158618,0.029044977165098115,0.6077964000559192,-0.869270016293196,-0.027950116260332936,0.7686013386434044,-0.9597383709692767,-0.07799865818947209,0.8271370587523738,1.0389260616465594,0.02532728491405276,0.7215417370556998,1.164534468232319,0.0,0.0,0.0,0.0
0.044023302653539854,-0.21578871413655226,0.7880383475650747,-0.01032776322850315,-0.6610097762885319,-0.004582911261970063,0.7502922163277758,0.027351231294835156,0.6022502693126137,-0.8774348638166858,-0.028268609369842032,0.7733604443211922,-0.9621341617415728,-0.0756744920998305,0.833448306858845,1.0311053452774366,0.02101067249691535,0.7155825648745178,1.1773206058293806,0.0,0.0,0.0,0.0
0.04464419406872588,-0.21573880225701939,0.7889582684788348,-0.010477945197776384,-0.6611214793177749,-0.004452772646091074,0.7501924920077989,0.025509228756623387,0.5963983666038188,-0.8856109806282394,-0.028535846927967404,0.7768813848467224,-0.962922657047084,-0.07332922876191257,0.8390498228621471,1.0233610879251995,0.017037798402012735,0.7093193593059975,1.1900321308796806,0.0,0.0,0.0,0.0
0.04508966449970545,-0.21570865657982974,0.7898384526564399,-0.010608396486022154,-0.6612189139383302,-0.004338486618442524,0.750105450792135,0.023562342376459735,0.5901304212676478,-0.8937319052826975,-0.028721382131556294,0.7794627963668568,-0.9625600712813929,-0.07091507900311088,0.8440487434283822,1.0157416706581082,0.013299532065839979,0.7027529155632642,1.202690171003807,0.0,0.0,0.0,0.0
0.04539988311101061,-0.2157067268607159,0.7906718998843233,-0.010718163036795412,-0.6613059626877563,-0.0042415335883156284,0.7500277022134286,0.02156417021302959,0.5834016797460894,-0.9017539140022268,-0.0288069804146361,0.7813448161696928,-0.9614282043239625,-0.06841618210755487,0.8485162750187415,1.008323724636497,0.009737641942682871,0.6959465087914799,1.2152830506270755,0.0,0.0,0.0,0.0
0.04560481638138724,-0.21573930655226117,0.7914463567206524,-0.010806866183131751,-0.6613840227550447,-0.004162347957898333,0.7499580394576297,0.01955562173185485,0.5762563067914338,-0.9096072887415552,-0.028780649464904492,0.7827063931655078,-0.9598438293796231,-0.06580810062228343,0.8524580050416689,1.0012276577964547,0.006326261916183186,0.6890200474809979,1.2277284539559896,0.0,0.0,0.0,0.0
0.04572240506581458,-0.21581261446852928,0.7921414142814525,-0.01087304666969183,-0.6614546639865688,-0.004105170484218282,0.749895093944366,0.017526571558559887,0.56890357908781,-0.9171212778643983,-0.02862338596396533,0.7836569242969018,-0.9580560164668577,-0.06311952125958084,0.8558297574722594,0.9946468124128808,0.002987063717052024,0.6821497449876008,1.2397983651307796,0.0,0.0,0.0,0.0
0.04576318618792955,-0.2159313661685256,0.7927238370003765,-0.010916302197674851,-0.6615154554532949,-0.0040711498992503795,0.7498410246720612,0.015480331916790324,0.5618317268701051,-0.9239456032887509,-0.02832471248004543,0.7842625541722402,-0.9563110295872365,-0.060330923283192825,0.8584665509862199,0.988889519775521,-0.00028455769703612235,0.6756116734756661,1.2510133682239326,0.0,0.0,0.0,0.0
0.045730180246527266,-0.21609756728608212,0.7931452498373989,-0.010935195934577745,-0.661563185269774,-0.004062841708615047,0.7497986841164992,0.013430872383978706,0.5559152093092541,-0.9294614442905206,-0.027879038321237715,0.7845385709066638,-0.9548444200073631,-0.05748924620410687,0.8601196769800066,0.9844149852339329,-0.003444608061834453,0.669852568572801,1.2604318455139103,0.0,0.0,0.0,0.0
0.04561886291010729,-0.2163082486897886,0.7933470576595246,-0.010923751360671849,-0.6615979073826188,-0.004089010717283356,0.7497680712023578,0.01141082197848912,0.5523759968660635,-0.9327564793927074,-0.0272853193609274,0.7844407982530022,-0.9538409312749874,-0.054856537948554294,0.8605452627094062,0.9818047434344841,-0.006370654362099504,0.665665899944441,1.266326860243647,0.0,0.0,0.0,0.0
0.04541839401114889,-0.21655638859380805,0.7932851436111479,-0.010870441548225031,-0.6616263576143635,-0.004163654107902443,0.7497433296768745,0.009483065040588125,0.5523300582183308,-0.9327800444393402,-0.026546569523052517,0.7838764310707882,-0.9533374089390233,-0.05288871321286032,0.8596468069657739,0.9815270000091323,-0.008779393726706936,0.6644571891087064,1.2659169415240745,0.0,0.0,0.0,0.0
0.045105503627116766,-0.2168504514719048,0.7929536480224305,-0.010768934245784642,-0.6616536181296228,-0.0042950322372355175,0.749719995978012,0.007650039647470657,0.5557530053883427,-0.9294908388761034,-0.02562914811930185,0.7827266980036607,-0.953174804426149,-0.051632342537495275,0.8573910490544849,0.9836090544347537,-0.01069954735294351,0.6662046640890487,1.2592057689920821,0.0,0.0,0.0,0.0
0.0446485597314026,-0.21721496519261277,0.7923846364867589,-0.010623527209253619,-0.6616751917765772,-0.004474400477467132,0.7497019814549187,0.00589682413813058,0.5614782981759772,-0.9238925281389642,-0.024478329007500747,0.7808783774690454,-0.9530596019303559,-0.05050771695287128,0.8537128107485241,0.9876144510985287,-0.012344577122029953,0.6694646928087064,1.248977248444179,0.0,0.0,0.0,0.0
0.044009701575202634,-0.2176729409511892,0.7916264069394421,-0.010433510006426542,-0.661691938189866,-0.004698178764714832,0.7496885005919319,0.004226946030161872,0.5682377522590031,-0.916858441780708,-0.023037323571575438,0.7781754011321572,-0.9525559395863796,-0.049107218986873626,0.8487012798650305,0.9929569339655228,-0.013804809258398996,0.6733934207741097,1.2369457942380757,0.0,0.0,0.0,0.0
0.04314280578991348,-0.21824552484056853,0.7907179869546871,-0.01019534825586752,-0.6617055702296771,-0.0049660139117725394,0.7496780188232728,0.0026550453855067376,0.5751048299890862,-0.9089714986584186,-0.021251215017502902,0.7744046649943012,-0.9511786643627975,-0.04714333672973173,0.8424201045082506,0.9991403532816309,-0.015088070014138921,0.6774915053537972,1.2240312143093397,0.0,0.0,0.0,0.0
0.041995067451193066,-0.21895244818432677,0.7896863776914866,-0.009901559229011302,-0.6617193272338975,-0.005282207159318903,0.7496676526151296,0.001211684108693067,0.5815647230472442,-0.9005587687463388,-0.01906510496398428,0.7693032895728517,-0.9484134912723483,-0.044485642365885286,0.8349120101740332,1.0057871395589058,-0.0161903337181129,0.6814445478863906,1.210682431562975,0.0,0.0,0.0,0.0
0.04050766593131749,-0.21981776798164337,0.7885463361177543,-0.009563540071513766,-0.6617183502749987,-0.005624782150294203,0.7496704112050817,-8.780613492185923e-05,0.5873115174571631,-0.8917691271418249,-0.016447869778953267,0.7625873536389705,-0.9437777603644484,-0.04038621969343629,0.8258694747128615,1.0125582516946348,-0.016986790624025753,0.6849925928701822,1.1970753993774113,0.0,0.0,0.0,0.0
0.03862243951091603,-0.22085872844272877,0.7873087349959443,-0.009190537803236318,-0.6616914657347854,-0.005976034832871509,0.7496960885560995,-0.0012079043070427184,0.5922523714154301,-0.8826925783124361,-0.013383644072454067,0.7539411086081084,-0.9367369516956534,-0.03440865747164694,0.8150825159624245,1.0191684567862715,-0.017397777035742513,0.6879684171500573,1.1832476757972983,0.0,0.0,0.0,0.0
0.03628836502186091,-0.22207966776163943,0.7859851740831753,-0.008786987859510017,-0.6616354680247085,-0.006327366787398676,0.749747464634339,-0.0020930846075779717,0.5964481360118674,-0.8734388210113914,-0.009881345914530926,0.7430298918441887,-0.9266912668278553,-0.026615610336784362,0.8025532873593183,1.0253730059474142,-0.017435186823516247,0.690289378513594,1.169174071189455,0.0,0.0,0.0,0.0
0.033467945919611775,-0.22347515542004992,0.7845898523366172,-0.008376137183384529,-0.6615354137348358,-0.006648406058490846,0.7498376726981955,-0.002713926957264219,0.5999729190507206,-0.864159567548428,-0.0060041243932717585,0.7295539882401156,-0.9130668254433918,-0.016827559003527094,0.7881964220907554,1.0308833528078052,-0.01706170558035936,0.6918924667440519,1.1547989929447082,0.0,0.0,0.0,0.0
0.03015310638297077,-0.22502005219306903,0.7831456125324545,-0.007980449755283094,-0.6613839890472845,-0.006915516454281383,0.7499731375761237,-0.0030744407169944056,0.6030291465866354,-0.8550811075467665,-0.0018581498546761579,0.7132973933757791,-0.8953399728489682,-0.005358241572018533,0.772216818126227,1.0354133459123478,-0.016342477548323218,0.6928031971558929,1.1400963500609602,0.0,0.0,0.0,0.0
0.02638689906421134,-0.2266686800520604,0.7816830949711568,-0.007618051088213513,-0.6611835651162287,-0.0071169151475141456,0.750151723344414,-0.0032760662038621843,0.606004161174078,-0.8464904153442887,0.002414199239493437,0.6942529838101975,-0.873238462760718,0.007053766863691493,0.7551259744955532,1.038734282778242,-0.01545311255180236,0.693201154285952,1.1251420017442597,0.0,0.0,0.0,0.0
0.02229858256298831,-0.22836274725637282,0.7802335068160592,-0.007296340689790261,-0.6609478345040294,-0.0072579018886653026,0.7503612772106163,-0.003585757013390633,0.6095455877753733,-0.8386665522050629,0.0066625769112359165,0.6728705677483351,-0.8471791565737512,0.01944479111461327,0.7377029714024945,1.040794400281053,-0.014698135575373326,0.6935824487684702,1.1102243176093334,0.0,0.0,0.0,0.0
0.0182351812471402,-0.23010789984897526,0.7788067152584238,-0.006995171164783878,-0.6606309642254146,-0.00738976953416157,0.7506418506806067,-0.004204978825829705,0.61411801778215,-0.8310484597404969,0.010959137128159942,0.6512496188199005,-0.8206726033138626,0.031164446275826208,0.7207829598181866,1.0417955662255454,-0.014594804037912697,0.695389569579946,1.0953171225900225,0.0,0.0,0.0,0.0
0.014553863534112678,-0.23176773562233502,0.7775394889719837,-0.006669429919847417,-0.6602944977421764,-0.007574073362954839,0.7509389644762374,-0.005136399897485688,0.6203978624042348,-0.8243058631082645,0.015047002229145222,0.6313467550842697,-0.7961458453946528,0.04031878927706238,0.7063551593635596,1.0416673377453278,-0.01563858824383799,0.6988853006654138,1.0809270126487578,0.0,0.0,0.0,0.0
0.011588111356619307,-0.23312820584360552,0.7765886209836395,-0.006282085423770106,-0.6599879080650627,-0.007869584443179815,0.7512087368044401,-0.006434326465005245,0.6282133168666227,-0.8197490635307882,0.018509771768418788,0.6150170223971871,-0.7758992771441011,0.04504850367349207,0.696182395327777,1.0405910258488933,-0.01863841010537308,0.7035574298670542,1.0672038582678958,0.0,0.0,0.0,0.0
0.009802661255671537,-0.23396017484085035,0.7760625390479505,-0.005892857595122429,-0.6597550376864272,-0.008227265034854696,0.7514125874556473,-0.007656683330052604,0.6357631274303838,-0.8191480743775389,0.020794633955382,0.6050746492482582,-0.7638180601928196,0.045187158255874146,0.6912701419222513,1.0393902051519686,-0.02323797242290927,0.7083883496163135,1.0547582745467252,0.0,0.0,0.0,0.0
0.009757654567911205,-0.23410208067618224,0.7759867907871647,-0.005774903046704879,-0.659765070546944,-0.008210968489362782,0.7514048723407732,-0.007634515564464761,0.6357913067337119,-0.8191631079516025,0.020959770834485518,0.6048803056749681,-0.7637722008712076,0.04516798312854606,0.6911370881015189,1.039307092386813,-0.023249634800108287,0.7084332876515513,1.054775020209926,0.0,0.0,0.0,0.0
0.009757654567911205,-0.23410208067618224,0.7759867907871647,-0.005774903046704879,-0.659765070546944,-0.008210968489362782,0.7514048723407732,-0.007634515564464761,0.6357913067337119,-0.8191631079516025,0.020959770834485518,0.6048803056749681,-0.7637722008712076,0.04516798312854606,0.6911370881015189,1.039307092386813,-0.023249634800108287,0.7084332876515513,1.054775020209926,0.0,0.0,0.0,0.0
0.009757654567911205,-0.23410208067618224,0.7759867907871647,-0.005774903046704879,-0.659765070546944,-0.008210968489362782,0.7514048723407732,-0.007634515564464761,0.6357913067337119,-0.8191631079516025,0.020959770834485518,0.6048803056749681,-0.7637722008712076,0.04516798312854606,0.6911370881015189,1.039307092386813,-0.023249634800108287,0.7084332876515513,1.054775020209926,0.0,0.0,0.0,0.0
0.010563364149452472,-0.23430236738374197,0.7760920826458423,-0.005879699819431927,-0.659978425864756,-0.008010913455632962,0.7512188308267561,-0.007496476303328787,0.6403587423241726,-0.8254051730103473,0.021122611986947343,0.6102920659832953,-0.7707514572490682,0.04916998940135303,0.692677688671673,1.03893016874381,-0.019445834264997082,0.7122192236160608,1.056091675135013,0.0,0.0,0.0,0.0
0.01215428460144011,-0.23445873277662313,0.7762495786627721,-0.005931350809876779,-0.6602330460537194,-0.007905532890259996,0.7509957699787118,-0.007377896342730223,0.6500423432941247,-0.839281744430846,0.021328166970406615,0.6209589687922913,-0.7860257535935359,0.05207542338558231,0.6962144359987394,1.0396359597822769,-0.017383384577679503,0.7173084463900974,1.0576570961680098,0.0,0.0,0.0,0.0
0.014488591421194259,-0.2346522156723125,0.7764791928064807,-0.005906759773217036,-0.6605435439738754,-0.007912249743622323,0.7507228070382629,-0.007066980957815157,0.6641815229234684,-0.859446678947612,0.02177793374719022,0.6365019941885276,-0.8087878471541409,0.054250511424013756,0.701923936583131,1.040828827207011,-0.01673654093447964,0.7238250255651383,1.0594268298035046,0.0,0.0,0.0,0.0
0.017518548864289055,-0.23511642318422554,0.7769777925190613,-0.005713626446543457,-0.6609708992321348,-0.00812429949189001,0.7503458006804985,-0.0058921824237367386,0.681696944655022,-0.8827453989096469,0.023127737670460016,0.656816603966172,-0.8379148909231113,0.056221450392430525,0.7112860039848489,1.0399942826125363,-0.017044715374390562,0.7327709286114701,1.060277298230561,0.0,0.0,0.0,0.0
0.021255672716830966,-0.23624457032590745,0.778549836074863,-0.005038462400082075,-0.6620115698127012,-0.0088665669096205,0.7494242318753799,-0.0025298764147270152,0.7012158768774909,-0.9005904590270211,0.026667144599801493,0.6821758951858095,-0.8689567520334178,0.05656053849212003,0.7315207406676822,1.0298637213613855,-0.020632233406115613,0.7486877995638597,1.054766786953911,0.0,0.0,0.0,0.0
0.024256678250260805,-0.23733320532030033,0.7794929920475995,-0.0049764676796433234,-0.6615343474694242,-0.008917835793239471,0.7498453267790641,3.7061534157232894e-05,0.7180768471315488,-0.9249695252409559,0.02276086373760747,0.6597493500137851,-0.8438087394214735,0.03989477624777064,0.7217298768320395,1.054834623430854,-0.011637877625289008,0.7594193255467581,1.0518307241471334,0.0,0.0,0.0,0.0
0.027584008345497003,-0.23835301282438418,0.7805642784109248,-0.004750309021348259,-0.6612698819891956,-0.009131765397344723,0.7500774550664251,0.002623748758373186,0.7363528897640422,-0.9494906968533682,0.019354802396295383,0.6421149260469942,-0.8326990674596823,0.027766991233744466,0.7148106425976862,1.0755043475311201,-0.005954915243212035,0.7711944636142513,1.0478207324937214,0.0,0.0,0.0,0.0
0.03075484850388258,-0.23937296199453037,0.781775183350043,-0.004401556278831421,-0.661251337069388,-0.009447585886132705,0.7500920201196617,0.00533965299276868,0.7530517721145198,-0.9693842027436383,0.016691997019104118,0.6293444424607403,-0.830595307178664,0.02037685676599359,0.7095732147698426,1.093584412558741,-0.002163259391442356,0.7837129821599476,1.0424200826990446,0.0,0.0,0.0,0.0
0.033567634044300965,-0.2403947000319602,0.783053063464412,-0.00402548981087203,-0.6613214586575006,-0.009787930368825812,0.7500279462593332,0.008125267136706025,0.7673779357284644,-0.9847175697892478,0.014512596639538477,0.619846718411627,-0.8332892353909995,0.01595739345898991,0.7051272210272324,1.1099589164904193,0.0014061877901313464,0.7962019693345539,1.0359785664882002,0.0,0.0,0.0,0.0
0.035926998894266475,-0.24141565779927177,0.7843322819269339,-0.0036631176542302815,-0.6614038803473171,-0.010119006956402986,0.7499527280627623,0.010940396166719428,0.7789829063533044,-0.9957419889726906,0.012710141893327625,0.6123269141558261,-0.8384485615603974,0.013234056014762312,0.7009226059474248,1.1251444904024104,0.005541280717621461,0.8080845716930877,1.0290088582517554,0.0,0.0,0.0,0.0
0.03781704254232734,-0.24242186889084255,0.785574139102709,-0.003328173789396265,-0.6614698832380745,-0.010428681421165542,0.7498918318211311,0.013730198133817815,0.7879003669934646,-1.0029004607983674,0.011203240341049798,0.6058460376468083,-0.8448174438608049,0.011450558470460434,0.6966163988516607,1.1394908157117134,0.010399238170479734,0.8190512226965116,1.0218676605575867,0.0,0.0,0.0,0.0
0.03927295434169869,-0.24339338092934165,0.7867613511197054,-0.0030242421686362923,-0.6615144256677801,-0.010712792733958386,0.749849821407308,0.016429590271357198,0.794413076574995,-1.0067791553822971,0.00990505435796801,0.5997763704307822,-0.851722638323388,0.010180270154214788,0.6920169971331173,1.1532609037231196,0.01580777273684447,0.829002344278155,1.0147405564562517,0.0,0.0,0.0,0.0
0.04035706165597279,-0.24431036889899407,0.7878886544484025,-0.0027507581669440574,-0.6615420105413432,-0.010971063074550829,0.7498228039966767,0.018978228875764114,0.7989273130415384,-1.0080284137102689,0.008729556362610209,0.5937269212957491,-0.8588050715038997,0.009172572563123248,0.6870440657121348,1.1666595733027731,0.021444205805922496,0.8379558721212139,1.0077026805357538,0.0,0.0,0.0,0.0
0.04114103718983085,-0.24515789236767338,0.7889561961890111,-0.0025080445475319994,-0.661560238004186,-0.011202293723227138,0.7498041543094643,0.021329442598566936,0.8018774249306801,-1.0072900738131079,0.007598672644814942,0.5874752167903409,-0.8658818751639825,0.008284742064593013,0.6816907226886643,1.179844956773748,0.02704462618510689,0.8460151593583994,1.0007835621508687,0.0,0.0,0.0,0.0
0.041694155335898875,-0.24592635196943774,0.7899658370276834,-0.002295007737004265,-0.661575256000513,-0.011407373298116029,0.7497884937912691,0.0234554652941929,0.803668719420557,-1.0051461317060202,0.006452029101056075,0.5808933287552227,-0.8728674173259546,0.007422168009378913,0.6759958309298526,1.1929296937780345,0.032377414887480555,0.8532927819076762,0.9939940544423971,0.0,0.0,0.0,0.0
0.04207671485452864,-0.2466109464012271,0.7909187941650049,-0.002108906509012141,-0.6615901787077452,-0.011589570776771327,0.749773078871201,0.02534604638367554,0.8046468582022378,-1.0020933749046776,0.005249296662895689,0.5739031281803033,-0.8797294462002824,0.0065154846134043735,0.6700279624486271,1.2059790358690199,0.03723852501176133,0.8598733290243616,0.9873476091220448,0.0,0.0,0.0,0.0
0.042337574358961155,-0.24721142192204235,0.7918136877732718,-0.0019483295381097553,-0.6616077867508329,-0.01175005593766438,0.7497554779447344,0.0270014009332161,0.8050838275038156,-0.9985307394274568,0.003964216978054593,0.566480306774472,-0.8864574892545865,0.005531723941997855,0.6638931560976556,1.2190028913442448,0.04155087036222867,0.8658407225080258,0.9808894660896277,0.0,0.0,0.0,0.0
0.04251357587833731,-0.24772997220546739,0.7926433564798309,-0.0018116302672380347,-0.6616284891030865,-0.01189020687358988,0.7497353422264719,0.02842932817337714,0.8051805368921292,-0.9947821247940215,0.0025838993937511053,0.5586743645079773,-0.8930193952194224,0.004450504095329584,0.6577380341943192,1.231927660405165,0.0452848048673906,0.8712255724981731,0.9747174433977647,0.0,0.0,0.0,0.0
0.04263040985536394,-0.24817033716327788,0.7933912388364112,-0.0016981951759145947,-0.6616508493585511,-0.012010001510003317,0.7497139651493642,0.029640748435104093,0.8050723353723404,-0.991121229137694,0.0011045541637538896,0.5506932306797296,-0.8992994037305957,0.003259832243360962,0.6517700660322723,1.2445371904915683,0.0484796350817007,0.8759971990491642,0.9690188175945719,0.0,0.0,0.0,0.0
0.04270347615984756,-0.2485374474718984,0.794026832246239,-0.0016082241525164458,-0.6616715770498941,-0.01210844762685543,0.7496942865164765,0.03064933122562598,0.8048330339561661,-0.9877951740201888,-0.0004674156680642865,0.5430264029917093,-0.9050121119357085,0.0019378852813827364,0.6462874703687781,1.25636205837307,0.051226899574289234,0.8800343644043452,0.9641149136319753,0.0,0.0,0.0,0.0
0.04275057813235044,-0.24883170950109051,0.7945031123863798,-0.0015430014697678483,-0.6616853737503609,-0.01218339664924072,0.7496810322779927,0.031457072113888956,0.8045590643514461,-0.985163974661271,-0.0021458237958761482,0.5365669933115618,-0.9095871139618011,0.0004192988737329133,0.6417907856272075,1.266484729678517,0.053593209965343454,0.8831198009978127,0.9604751819868671,0.0,0.0,0.0,0.0
0.0428008284689408,-0.24904559417311092,0.7947630599139072,-0.0015061421346837705,-0.6616828549103774,-0.012231117125832225,0.7496825533700092,0.03204608540765711,0.8044334333199512,-0.9837824427361852,-0.004005288354560417,0.5325680877693526,-0.9120880932000034,-0.0014796393971203325,0.639181827515632,1.2731944059725202,0.0555898757411865,0.8849820641081464,0.9586455122290707,0.0,0.0,0.0,0.0
0.04284160361628366,-0.2491914759198414,0.7947660289290891,-0.0014989571458104932,-0.6616575127951339,-0.012251822759124016,0.7497045963099809,0.03245239470244985,0.8043584925992567,-0.983692456409314,-0.006047413859238439,0.5321305081017421,-0.9113948130377686,-0.004075876896303167,0.6398254233357954,1.2736542449483073,0.057420244728905404,0.8853930042813436,0.9590581105552713,0.0,0.0,0.0,0.0
0.04281696278712815,-0.24929320548439307,0.7945133468142077,-0.0015187608977292107,-0.6616107923044855,-0.012246031665214768,0.7497458820027096,0.03273363988529766,0.8039609998747287,-0.9843112618273329,-0.008141174435253359,0.5352041769009155,-0.9075178900978869,-0.007292109771672761,0.6435464315403044,1.2678034737514428,0.059370742188604,0.8843058916847969,0.9617536717567922,0.0,0.0,0.0,0.0
0.04271188475991961,-0.24935088966762933,0.794048211772409,-0.0015633398310256185,-0.6615457677293523,-0.012214738519658552,0.7498036765252962,0.0328868250515189,0.803161551803123,-0.9853295100761807,-0.010277230335648247,0.5406663309318596,-0.901545243798793,-0.010850136279660666,0.6489592346208938,1.2584082049444012,0.06137154428938252,0.8819184665476916,0.9662959038975157,0.0,0.0,0.0,0.0
0.04250301139329716,-0.24937119897023202,0.7934293251874268,-0.0016282980735332047,-0.6614706939288645,-0.012160516790609843,0.7498706498790545,0.032925148258164255,0.8018157743788342,-0.9862489787478844,-0.012399178259428364,0.547274410700892,-0.8943687756089477,-0.014549691488255722,0.6552289871641787,1.2471609676807116,0.06339028642792868,0.8785186061936424,0.9721155459478296,0.0,0.0,0.0,0.0
0.04215776358882465,-0.24936673392147213,0.7927069812684182,-0.0017101781891621327,-0.6613892514143118,-0.012086635804397177,0.7499434956309105,0.0328795688538663,0.7997187079950182,-0.9865311737248162,-0.014447961335631053,0.5541321437905485,-0.8865494913889805,-0.018304069228128054,0.6618398034139835,1.2349592683738886,0.06547718160498715,0.8743262159422934,0.978738079704162,0.0,0.0,0.0,0.0
0.04163528519287056,-0.24935484680256825,0.7919179958372904,-0.0018062559866599565,-0.6613009344148821,-0.011996344749855949,0.7500225991888224,0.03279459496869821,0.796610483999161,-0.9856243891688752,-0.016367884510228588,0.5607383587830086,-0.8783758814392093,-0.022086208564571407,0.6684455082758468,1.222240331341173,0.06775420148412985,0.8694673369729985,0.9858311095486875,0.0,0.0,0.0,0.0
0.04088811969135802,-0.24935766545274263,0.791087875980671,-0.0019141947963010396,-0.6612017682371222,-0.01189294260390096,0.750111402029462,0.03272797651174254,0.7921830987423344,-0.9829599094952188,-0.01810799024976956,0.5668774634077827,-0.8699712458189758,-0.02590190504304042,0.674801019049407,1.209194932854344,0.07040482787286442,0.8639909910373997,0.9931808766231266,0.0,0.0,0.0,0.0
0.03986462653598,-0.2494024906383572,0.790234591038644,-0.002031956134611361,-0.6610848995956902,-0.011779827914111784,0.7502158771547941,0.0327512840890542,0.7860896482799838,-0.9779454835889523,-0.019626147332012737,0.5724969809342754,-0.8613881714155867,-0.029784585808597244,0.6807269041700867,1.1958928152875263,0.07366929807319145,0.8578975955744239,1.000653486098853,0.0,0.0,0.0,0.0
0.038513321943597134,-0.2495214626529735,0.7893716748065233,-0.0021582009216074265,-0.6609409563497072,-0.011660191245254692,0.7503442105650184,0.032948218683653135,0.7779647360108435,-0.9699797376024069,-0.020897857100695087,0.5776270149829238,-0.852672537813809,-0.03380795265250947,0.6860915346631705,1.18235843648093,0.07783674542231081,0.8511668858067248,1.0081612713509982,0.0,0.0,0.0,0.0
0.03679088240458566,-0.24974922016517528,0.7885098770228586,-0.0022933007023456077,-0.660758420617384,-0.011536045037867005,0.7505064756682603,0.033406995092512624,0.7674684184213529,-0.9585097545707603,-0.021928649575937858,0.5823516678038461,-0.8438973932563267,-0.03811636866252142,0.6908153489534011,1.168629025566872,0.08322328304588793,0.8437838736228109,1.015639591341031,0.0,0.0,0.0,0.0
0.03467587631589858,-0.2501169244038703,0.7876570167397753,-0.0024410465775642092,-0.6605242301229174,-0.011406356390679284,0.7507141118601822,0.03420261804928202,0.7543706707986133,-0.9431608330884164,-0.022766939003171338,0.5868252354076219,-0.8351713902601503,-0.04298204232570335,0.6949135567521686,1.1548230544636418,0.0901238524004978,0.835764060390877,1.023035163333591,0.0,0.0,0.0,0.0
0.032190536661888404,-0.25064061652565045,0.7868155115399526,-0.00261127332470754,-0.6602244031529148,-0.011264111724180027,0.7509793862151386,0.035364727085544403,0.7387009692399997,-0.9239844989124754,-0.023512642008145655,0.5913181782626548,-0.8266248304272692,-0.04892900171836592,0.6986087957967054,1.14124712625016,0.0987307738262365,0.8271784797474406,1.0303096785932222,0.0,0.0,0.0,0.0
0.029432258271134826,-0.2513013687625685,0.7859757685373745,-0.0028253145967102405,-0.659837086518418,-0.011097400713770966,0.7513214255894168,0.036838520979066716,0.7210055740315531,-0.9019358705580117,-0.024302324322003414,0.5962533360938104,-0.8184012002943121,-0.05713171045309824,0.7025878017287196,1.1285345787140628,0.10895998427062198,0.8181217127702299,1.0374629945202072,0.0,0.0,0.0,0.0
0.02658446753795437,-0.2519981057518681,0.785107668311871,-0.0031334868307544158,-0.6593077710075511,-0.010826728743724062,0.7517886846009628,0.03827060268946981,0.7026183058411073,-0.8795915783827557,-0.024900632142935735,0.6018627137347295,-0.8102399874849292,-0.06887694660526841,0.7081087687411122,1.1173041775862367,0.12084538961187065,0.8088143313749818,1.0445192278970918,0.0,0.0,0.0,0.0
0.023999624663576292,-0.2526339848580559,0.7842695483263398,-0.0035839903453179145,-0.6585762484764137,-0.010439106528409858,0.7524330568301913,0.03945953070040105,0.6860756031124224,-0.8610631441140744,-0.02613235267481402,0.6082689533674251,-0.8024358231324822,-0.08880929143537525,0.7165876835182939,1.1089740051263426,0.13385548652412282,0.8000026472350623,1.0508580159132133,0.0,0.0,0.0,0.0
0.02184688046047671,-0.2531749971380708,0.7835802879371953,-0.004215892853875509,-0.6576228004942066,-0.00988380801903688,0.7532707274656598,0.040273378021244303,0.6727699079497348,-0.8483803810466741,-0.027674002539333827,0.6146398816025413,-0.7961375949941538,-0.12177996614796127,0.727914379541072,1.105059607151786,0.1486549846741063,0.7928040638217035,1.0555539049330402,0.0,0.0,0.0,0.0
0.02041254798670314,-0.2535351648575241,0.7831985477578696,-0.004968318010964525,-0.6565498332067045,-0.009145642471799888,0.7542108389277951,0.040423734516829846,0.6647247363864155,-0.8437198030300236,-0.028944172784660785,0.6193163342762961,-0.7935949313035572,-0.16733038836554653,0.7395546679606667,1.1069637848578953,0.16420068645419394,0.7887360952509558,1.0574587605989882,0.0,0.0,0.0,0.0
0.020394953636661266,-0.2535099428851023,0.7831720650114038,-0.00504978193071938,-0.6565553897963365,-0.009121044240469152,0.7542057586519717,0.04037962321210714,0.6646126136412551,-0.8436869369211258,-0.028975243334446742,0.6193388583447911,-0.7935948956245749,-0.1673195814759502,0.739575235602253,1.10697146515426,0.16421436949539434,0.7886390550679647,1.0574046322289135,0.0,0.0,0.0,0.0
0.020394953636661266,-0.2535099428851023,0.7831720650114038,-0.00504978193071938,-0.6565553897963365,-0.009121044240469152,0.7542057586519717,0.04037962321210714,0.6646126136412551,-0.8436869369211258,-0.028975243334446742,0.6193388583447911,-0.7935948956245749,-0.1673195814759502,0.739575235602253,1.10697146515426,0.16421436949539434,0.7886390550679647,1.0574046322289135,0.0,0.0,0.0,0.0
0.020659076369187027,-0.2535555033652402,0.783272263290585,-0.005157899567808141,-0.6569055334526982,-0.009087390183749093,0.7539004811849657,0.040515787037694054,0.6656787190213534,-0.8435231419276753,-0.028848035445629267,0.6205085923172691,-0.7933046363460725,-0.1670482542471973,0.7418545641615673,1.1068709213009198,0.16775055242862932,0.7920137658116733,1.0574657626595967,0.0,0.0,0.0,0.0
0.02135188952852766,-0.25362934490220435,0.7833539101800558,-0.005199713424433384,-0.6571619882437858,-0.009096326745936951,0.7536765493416318,0.040769085803623414,0.6695046816646268,-0.8480997321092063,-0.02868636021682133,0.6247737316605526,-0.7986423320765345,-0.1681997275303804,0.7450164380498941,1.1072707629591407,0.17112350739898635,0.795737733369939,1.0580344067694334,0.0,0.0,0.0,0.0
0.022624970089979008,-0.2536995631855544,0.7834522572230967,-0.005190915781089842,-0.6573809842094127,-0.00913862022914611,0.7534850905051306,0.041061632949026726,0.6770149131852418,-0.8584997497328895,-0.028585563402836033,0.6328907210440011,-0.8103687798990197,-0.17148437956636395,0.7499325242107513,1.1082205796824054,0.1746431160275525,0.80066316336222,1.0589148796620111,0.0,0.0,0.0,0.0
0.02457280330989762,-0.2537154428542264,0.7837099710165335,-0.005149590144824795,-0.6576514764996686,-0.009203373624763785,0.7532485081917315,0.04126362205932449,0.6887310103511239,-0.8745704105473484,-0.028680154514777234,0.6450659637831491,-0.8277387613099544,-0.17793563151705896,0.7581170302553291,1.1088668689151553,0.17852952641420325,0.8082062711848,1.0588819153567324,0.0,0.0,0.0,0.0
0.02728207421706718,-0.2535919651652613,0.7847394531209849,-0.005098871866558224,-0.6583847652337971,-0.00930828585268741,0.752606708864737,0.04119336852423368,0.7048496421596465,-0.8922623243480197,-0.02911974670061915,0.6609287127772572,-0.8457394210668702,-0.19086096801371766,0.7752942843037987,1.1049905111734444,0.18348014356459413,0.8235267355192091,1.0529001025353175,0.0,0.0,0.0,0.0
0.029792011224479237,-0.254254885222706,0.78546922538045,-0.006931954014012165,-0.658757558196902,-0.0075289342778705705,0.7522856789017337,0.04133788652800536,0.6778199157557409,-0.8594611706996749,-0.02952564052656105,0.6767206047598061,-0.8616494066848285,-0.14742750105247518,0.7721133777371357,1.098388584109416,0.13027983281118904,0.7948459647530621,1.0714331049160262,0.0,0.0,0.0,0.0
0.03271230781345166,-0.25490621096927285,0.7865512608194496,-0.008117899873836255,-0.659169331837431,-0.006424288416028352,0.7519232807840045,0.039820911409036035,0.6579627993282146,-0.8441460812209189,-0.02926132969988844,0.6952545570757225,-0.8818342771284323,-0.11942364957504789,0.7764659694312724,1.0895821717192866,0.09238115435380216,0.7735584894972918,1.086186504778982,0.0,0.0,0.0,0.0
0.03557808625947562,-0.25541270356885504,0.7876951175981242,-0.008798540342075948,-0.6595638384544907,-0.005835145453497577,0.7515744006873596,0.03785668364111423,0.6438108266598154,-0.8396610345115744,-0.02879706444954175,0.7131199306171127,-0.9018533997004731,-0.10322463520258521,0.7847200868273905,1.0807582615411797,0.06866153676675596,0.7593053782925291,1.0997319732108544,0.0,0.0,0.0,0.0
0.038183440135576625,-0.2557548543767461,0.7888224152327207,-0.009217492659874631,-0.65991610516074,-0.005489024860973887,0.7512626987842667,0.03615997177962688,0.6335737089484851,-0.8413227867600707,-0.02847434287918099,0.7289673257783842,-0.9194013466459974,-0.09350759564339658,0.7942455299075687,1.072245343161327,0.053719714266181814,0.7494839316929106,1.1130952624173622,0.0,0.0,0.0,0.0
0.040423265572349015,-0.25595158474765156,0.7899135345379916,-0.009510546000797294,-0.6602149152850578,-0.005253327597099118,0.7509981476002908,0.03474959076224585,0.6258274060995745,-0.8463191566578928,-0.028373841316114798,0.742272137341252,-0.9335312123229168,-0.08742236935675976,0.8037438151589794,1.064006588615121,0.04369314029722746,0.7421415592237639,1.1263859792346198,0.0,0.0,0.0,0.0
0.04226800333931976,-0.25603582080672377,0.790967513201432,-0.009744328514957186,-0.6604608108995778,-0.005064915808699953,0.75078020216007,0.0334539497917367,0.619523721032943,-0.8530734755641768,-0.02847480278764119,0.7530080195346847,-0.944119747805301,-0.08333759114146568,0.8126120635656815,1.0559481775378625,0.0364017323393917,0.7360136102737382,1.139572966211898,0.0,0.0,0.0,0.0
0.04373549889243743,-0.25604391001851173,0.7919871774620685,-0.009947812738357913,-0.6606606682293695,-0.0048977684363512635,0.7506027806641734,0.0321082608885903,0.6139194584122586,-0.8607119543505494,-0.028712971457662953,0.7614108437459881,-0.9514806009648469,-0.08029841549755166,0.8206262790697523,1.0479962445461866,0.03065300662216492,0.7303298609500339,1.1526291742764536,0.0,0.0,0.0,0.0
0.04486945773671212,-0.25600931921877473,0.7929742417141162,-0.010131363292096423,-0.6608233592606092,-0.004743519608135395,0.7504580883401115,0.03061732882531287,0.6085164015418411,-0.8687552649376857,-0.029015519088507993,0.7678327417605906,-0.9561252092506463,-0.07774596322727137,0.8277603974896423,1.0401115612459018,0.02580312396283299,0.7246536807872943,1.1655568791815119,0.0,0.0,0.0,0.0
0.04572396904147513,-0.2559593895067916,0.7939283114923931,-0.010297393741596609,-0.6609574392065735,-0.004601021982351678,0.7503386287779255,0.028954024162916144,0.6029979823849533,-0.8769447878035609,-0.029319054174034437,0.7726522628637399,-0.9586162717030211,-0.07535937277536946,0.8340807905551764,1.032287229060734,0.02150420069273749,0.7187627048501543,1.1783807829228452,0.0,0.0,0.0,0.0
0.046353389699783455,-0.25591426876444373,0.7948471850362181,-0.010445246292554645,-0.6610705226128466,-0.0044719465084683534,0.750237737425072,0.02713738216511967,0.5971723352355252,-0.8851465273801022,-0.029575920951586638,0.7762222214657272,-0.9594835133627332,-0.0729791058506359,0.839692774309083,1.0245436264781644,0.01756277812816158,0.712569970238181,1.1911324477182719,0.0,0.0,0.0,0.0
0.04680641950371755,-0.25588764141899056,0.7957267644552928,-0.010573627255892205,-0.6611687813690432,-0.004358508571373127,0.7501500145655273,0.02521071170399965,0.5909287703185802,-0.8932935249309479,-0.029754124493646568,0.7788439980545423,-0.9591860686751366,-0.0705417645528925,0.844700888505677,1.0169260372285236,0.013866518570975985,0.7060751352446469,1.2038325999585529,0.0,0.0,0.0,0.0
0.04712323785062278,-0.255888418051551,0.7965600743998505,-0.010681494776475332,-0.6612564733268825,-0.00426243763869337,0.7500717390876758,0.02322717834461896,0.5842228260892324,-0.9013412887279485,-0.029833948975513017,0.7807591293249556,-0.9581067762002853,-0.06802890455797626,0.8491782403016334,1.00950931854737,0.010351262800037037,0.6993407628439753,1.2164690784614096,0.0,0.0,0.0,0.0
0.04733409753194312,-0.25592301189358596,0.7973347825638304,-0.010768616382947486,-0.6613348959098313,-0.004183757646937932,0.7500017923479125,0.021232309062713547,0.5770985940373332,-0.9092201620349658,-0.029803845381347453,0.7821491050300546,-0.9565663643118163,-0.06540603407794046,0.8531272340675945,1.00241324095754,0.006996312566567551,0.6924869196598563,1.2289602822772387,0.0,0.0,0.0,0.0
0.047456902375086804,-0.25599767060954254,0.798030427901885,-0.010833461847003057,-0.6614058351338089,-0.0041269031345120295,0.7499386148384923,0.019216028131427497,0.5697655475741922,-0.9167588735332083,-0.029644472829250503,0.7831234601096176,-0.9548137651496822,-0.06270524880468034,0.8565058368887363,0.9958313933815215,0.00371923004075111,0.6856882005260072,1.24107732169093,0.0,0.0,0.0,0.0
0.04750208607018828,-0.2561169838338829,0.7986137241891456,-0.010875487202498531,-0.661467125310185,-0.004093292778948902,0.7498841316271561,0.01718139403751419,0.5627125220082613,-0.9236066162104987,-0.029345303283750446,0.7837478106563123,-0.9530940047182656,-0.05991448876785407,0.8591523857668247,0.9900729968333248,0.000511898803302008,0.6792181721871121,1.252339151256839,0.0,0.0,0.0,0.0
0.04747250928704032,-0.25628280425237987,0.7990363020739685,-0.01089322532436547,-0.6615157232398479,-0.004085628531470806,0.7498410452809291,0.015142064275155357,0.5568142536468806,-0.9291429976385194,-0.02890087533366982,0.7840367527027381,-0.9516410217386724,-0.05708548214612163,0.8608204157029432,0.9855974158380577,-0.0025861327073428957,0.6735185920646826,1.2618008643155298,0.0,0.0,0.0,0.0
0.04736341992432515,-0.25649223359279927,0.7992395342836617,-0.010881311800163359,-0.6615511489973179,-0.004111865238761563,0.7498098204732279,0.013129175014110553,0.5532896587323295,-0.9324528292323699,-0.028310908386076115,0.78394623199239,-0.9506403730100434,-0.054460445897351016,0.8612572769934465,0.982984021920677,-0.005453878784226729,0.6693742446614778,1.267729743228497,0.0,0.0,0.0,0.0
0.04716351851105106,-0.25673852427213084,0.7991793933589709,-0.01082858357950832,-0.6615799340963763,-0.004185982084898515,0.7497847758741709,0.011198363132057734,0.5532510970226884,-0.9324807623802597,-0.027577364634954287,0.7833820780951029,-0.9501269880933103,-0.05248913890734928,0.860364333561491,0.9826981911709186,-0.007824362975274932,0.668180024959607,1.2673357572698944,0.0,0.0,0.0,0.0
0.0468498906745147,-0.25703005875529317,0.7988499946270726,-0.010728780751044052,-0.6616069710343987,-0.004315979340664102,0.7497616164252577,0.009353604868346202,0.5566744496532772,-0.9291865892363894,-0.026667283973689355,0.782227538428499,-0.9499453683547728,-0.05121603572920841,0.8581071444561309,0.9847677906465904,-0.009722585092495632,0.6699148708497833,1.2606229701716338,0.0,0.0,0.0,0.0
0.04639163872114173,-0.25739103142641473,0.7982834335380571,-0.01058545030924139,-0.661628453052421,-0.004493971533180985,0.7497436512389216,0.0075830806890381155,0.5623985023275123,-0.9235790246306029,-0.025525903334106086,0.7803717261483691,-0.9498043807787683,-0.05008553205150338,0.8544315452412102,0.9887605351308075,-0.011358340347690087,0.6731451825687403,1.2503830987552988,0.0,0.0,0.0,0.0
0.045751741525814286,-0.25784433057014716,0.7975280513250935,-0.010397528292764819,-0.6616454243248602,-0.004716682167807136,0.7497299359000578,0.0058926509774081615,0.5691576247738779,-0.9165352037583215,-0.02409654505429197,0.7776621470598342,-0.9492734060571637,-0.04869835733117925,0.8494309514385219,0.9940925936598209,-0.012817598797139135,0.6770355917598933,1.238337109345893,0.0,0.0,0.0,0.0
0.044884882060177746,-0.25841120181987337,0.7966230051961555,-0.010161576395627196,-0.6616592870990384,-0.004983441090952815,0.7497192110888189,0.004297958118036434,0.576025310592763,-0.90863976291463,-0.02232455387611102,0.7738901238435905,-0.9478743465790019,-0.04675779041374192,0.8431661438156086,1.0002674352549004,-0.014105453668034387,0.6810910096240255,1.2254086737705057,0.0,0.0,0.0,0.0
0.043738841449255314,-0.259111825868715,0.79559483447582,-0.009871884127743757,-0.6616715437471533,-0.0052959993086127664,0.7497101216405914,0.0028266309474784964,0.582477982656862,-0.9002203962920403,-0.020157036362062297,0.7687978328789513,-0.9451047444812658,-0.04406831034384515,0.8356493347493887,1.0069070519697776,-0.015204107175586588,0.6849954554776317,1.2120484814893213,0.0,0.0,0.0,0.0
0.04225586929489924,-0.2599688514491106,0.7944584236195333,-0.009536275436086018,-0.6616705467783389,-0.0056372605230451175,0.7497128572131175,0.00149824840558696,0.5882275284657721,-0.8914312840702409,-0.01756037401567907,0.7621009976334063,-0.9404774527486806,-0.04001205520302307,0.8266295414745188,1.0136872682223428,-0.016010281459229517,0.6885012844468128,1.1984363243114746,0.0,0.0,0.0,0.0
0.04037841930321574,-0.26099923490871385,0.7932243667724411,-0.009163042415431297,-0.6616456082906667,-0.00599057809801645,0.7497367809154212,0.00034851573300690103,0.5931847588695519,-0.8823645664741848,-0.014518001205517167,0.753485954182276,-0.9334625994601794,-0.034170252489919097,0.8159029343528097,1.020330383250042,-0.016449029418476348,0.6914438028012947,1.1846115064296632,0.0,0.0,0.0,0.0
0.038055428251034175,-0.2622087311023068,0.7919037352349406,-0.00875960478634734,-0.661590189335636,-0.0063428631598228995,0.7497876091172486,-0.0005709709749609833,0.5973951648366456,-0.8731275518380585,-0.011040645908650231,0.7426237603246654,-0.9234770434930115,-0.02647955136794223,0.8034135851429827,1.0265847198165734,-0.01650969780724381,0.693732154472427,1.1705471838303907,0.0,0.0,0.0,0.0
0.03524967805550646,-0.26359184094001054,0.7905108060022423,-0.008347205191931864,-0.6614905362325819,-0.006666078976642469,0.7498774286717077,-0.0012259029485971018,0.600942863183327,-0.863874012788285,-0.007188593257385447,0.7292153778676642,-0.9099483932871383,-0.01681227702617999,0.7890980836952632,1.0321672843740433,-0.01616682631517241,0.6953092237668627,1.1561891661832557,0.0,0.0,0.0,0.0
0.031952864292541794,-0.26512387934772397,0.78906804092799,-0.007947917402251472,-0.661338877676934,-0.006936651658369897,0.7500130681166499,-0.0016162479539251595,0.6040319021839601,-0.8548318233611771,-0.0030666497293761075,0.7130453453017899,-0.8923586967383703,-0.005474645312817527,0.7731540631985601,1.036795119779711,-0.015481940414427471,0.6962034587555385,1.14151156500119,0.0,0.0,0.0,0.0
0.028207249697443097,-0.2667600107811368,0.7876056923417305,-0.007580783172763209,-0.6611361185592738,-0.0071412237789250255,0.7501936865808753,-0.001838459959301325,0.6070455783016603,-0.846288561532917,0.0011830556143366368,0.6941062049103944,-0.8704413787666949,0.006831399981074352,0.7560719967820282,1.0402367674964597,-0.014612504326194342,0.6965966818081444,1.12658909399958,0.0,0.0,0.0,0.0
0.02414100436221656,-0.2684420623157451,0.7861548411909026,-0.007252455084475108,-0.6608960304727308,-0.007285766098993257,0.7504070604765027,-0.00215082105553632,0.6106342370279381,-0.8385266965100665,0.005410970022396166,0.6728440009982797,-0.8446105533369818,0.019117667075641536,0.7386380619433311,1.0424395834023563,-0.013841817749843832,0.6969961353181384,1.1117073667923345,0.0,0.0,0.0,0.0
0.020088195493573376,-0.2701710693126539,0.7847254537726004,-0.006943766085693654,-0.6605773664520324,-0.007422662593839836,0.750689170778334,-0.002794843112574186,0.6152687614842259,-0.8310192749404609,0.009680371638274787,0.6512643890400452,-0.8182066584623734,0.03068443582872609,0.7216944407114854,1.043607050073158,-0.013692180595864724,0.6988177987167896,1.0968404022246283,0.0,0.0,0.0,0.0
0.01641619096068951,-0.2718164563255052,0.7834539027442412,-0.006610116831575181,-0.6602394380726272,-0.007612811399060183,0.7509875071341845,-0.003738656752235191,0.6216257908731265,-0.8243950393360395,0.013745977041664638,0.6313998966579455,-0.7937849787886314,0.039693051987521724,0.707235277692944,1.0436517476016296,-0.014544563069547465,0.7024008748538269,1.0825014351057423,0.0,0.0,0.0,0.0
0.013457400306114201,-0.2731650576789683,0.7824999026759683,-0.006214999653552896,-0.659934355349303,-0.007916377807685313,0.751255849475671,-0.005046277193524933,0.6295520919670432,-0.8199760178993849,0.017195402319273207,0.6150947302698988,-0.7736056641297083,0.044264741521591044,0.6970597556410107,1.0427235275455413,-0.017130964319364644,0.7072606635978409,1.0688565734219513,0.0,0.0,0.0,0.0
0.011675941087252565,-0.2739916719257968,0.7819814572348492,-0.005819948090134169,-0.6597055477362747,-0.008284009649903114,0.7514559825261425,-0.006279040835535729,0.6372624957654208,-0.8195453040497425,0.019484808718160794,0.6051680262465337,-0.7615220359899332,0.04427223391788094,0.6922220276858063,1.0415367517029188,-0.02109050978288688,0.7123726457458992,1.0564996026172657,0.0,0.0,0.0,0.0
0.011630631334802374,-0.2741330045480598,0.7819062550040327,-0.005701796227061475,-0.6597155520215501,-0.008268417200446444,0.751448277140673,-0.006256744671042648,0.6372908326408296,-0.8195602984643936,0.01964990181780834,0.6049742146220763,-0.7614766441255439,0.04425261181132859,0.6920887977534743,1.0414540218232649,-0.02110191020194185,0.7124178089292056,1.056516390287775,0.0,0.0,0.0,0.0
0.011630631334802374,-0.2741330045480598,0.7819062550040327,-0.005701796227061475,-0.6597155520215501,-0.008268417200446444,0.751448277140673,-0.006256744671042648,0.6372908326408296,-0.8195602984643936,0.01964990181780834,0.6049742146220763,-0.7614766441255439,0.04425261181132859,0.6920887977534743,1.0414540218232649,-0.02110191020194185,0.7124178089292056,1.056516390287775,0.0,0.0,0.0,0.0
0.011630631334802374,-0.2741330045480598,0.7819062550040327,-0.005701796227061475,-0.6597155520215501,-0.008268417200446444,0.751448277140673,-0.006256744671042648,0.6372908326408296,-0.8195602984643936,0.01964990181780834,0.6049742146220763,-0.7614766441255439,0.04425261181132859,0.6920887977534743,1.0414540218232649,-0.02110191020194185,0.7124178089292056,1.056516390287775,0.0,0.0,0.0,0.0
0.012426828450121089,-0.2743274558056916,0.782008953945561,-0.0058129945973497,-0.6599189300303778,-0.008067860990455221,0.7512710060293897,-0.006124418489873986,0.641823482195584,-0.8258090957143319,0.019802653307500178,0.6103290629271109,-0.768410522176846,0.048283902558277,0.6935591313705616,1.0410702539992445,-0.01718582604505544,0.7162094850147558,1.057772028228051,0.0,0.0,0.0,0.0
0.014002860198460336,-0.2744712610479316,0.7821624675274191,-0.00586855004805252,-0.6601687393195257,-0.007962217725340942,0.7510521944808469,-0.006027179294403593,0.6514369456835065,-0.8396100747944537,0.01997720810337198,0.6208869856532429,-0.783538090995138,0.05112262430220538,0.6970573925507981,1.041792249605858,-0.01511231538032313,0.7212991292148879,1.0592385757944283,0.0,0.0,0.0,0.0
0.01631801593072523,-0.2746433469081894,0.7823866064626392,-0.00584670083460706,-0.6604785731181549,-0.007968687485469542,0.7507798416053242,-0.005758057023708149,0.665487354424437,-0.8596526489131046,0.02037050153256631,0.6362764688714915,-0.8060693989176394,0.05313088143280698,0.7027548127019505,1.0430347813123284,-0.01456059556042474,0.7278085159206006,1.0608679017711329,0.0,0.0,0.0,0.0
0.019325477214715107,-0.27507416864306117,0.7828768718035822,-0.005655673108424566,-0.6609089788392657,-0.00818023560153511,0.7504001724392345,-0.0046543717960099125,0.6829083481221317,-0.8828135987342505,0.021629649934795978,0.6563962358226575,-0.8348964733438755,0.05480829974244752,0.7121244255131317,1.042311680743823,-0.01509564709866134,0.736726216452241,1.061539020402979,0.0,0.0,0.0,0.0
0.02303827531915934,-0.2761528495737073,0.7844295038273337,-0.0049804469521015264,-0.6619586074453833,-0.008919695032490035,0.7494707707560406,-0.001411141952123436,0.7023291434608036,-0.9005357190156946,0.025026407976682503,0.681509183693131,-0.8655820132964636,0.054653888109486466,0.7323628265828751,1.0324533072929665,-0.01913388139400059,0.752536988692396,1.0558623360004846,0.0,0.0,0.0,0.0
0.02602929164925913,-0.27719503072783613,0.7853575914561662,-0.004920690349528266,-0.6614803939772912,-0.008976091521131756,0.749892595623624,0.001061428857815131,0.7192093523241537,-0.9249997087299229,0.02114509801945395,0.6595086599714773,-0.841290034886525,0.038393240852871005,0.722677064671284,1.056890170595771,-0.01047755019327482,0.7631707803736566,1.0527894643744096,0.0,0.0,0.0,0.0
0.029319339787926828,-0.2781790755699444,0.7864135197049793,-0.004693652132668504,-0.6612234289552521,-0.009193362159061769,0.7501180098641336,0.0035734278397966546,0.7373024602132728,-0.9492472430178901,0.01778560416153284,0.6421033298931214,-0.8307062889564754,0.0265824791417728,0.7157348610089682,1.0772112703844872,-0.005109893009430589,0.7748231205189952,1.0486591474431788,0.0,0.0,0.0,0.0
0.032454471274875066,-0.2791644510343388,0.7876082814613188,-0.004345558622687505,-0.6612111788241927,-0.009510313514027187,0.7501269539584904,0.0062118079258736865,0.7538369061462427,-0.9689170097076013,0.015126706779550997,0.6294468578140572,-0.8288932098271926,0.019361959334023807,0.7104714651121816,1.0950907448087135,-0.001641960542982662,0.7872041331908748,1.043158185532455,0.0,0.0,0.0,0.0
0.03523450910122696,-0.2801543320183535,0.7888697241542145,-0.003971741092691186,-0.6612852066310246,-0.009850576278612579,0.7500593755901159,0.008923343127725542,0.7680193814214407,-0.9840796447303046,0.012924729921187459,0.6199980818591135,-0.8317400690117411,0.015013320346873181,0.7060011474661173,1.111360557886925,0.0016332427207407436,0.7995474791931816,1.036645075571896,0.0,0.0,0.0,0.0
0.037564365307610675,-0.2811469755628651,0.7901334593929659,-0.0036126962128061576,-0.661368904584148,-0.010181018605038039,0.7499829780304365,0.01167133327160923,0.7794991324313426,-0.9949751526191338,0.011087502375362258,0.6124896486305376,-0.8369719850990192,0.012303474960321418,0.7017711270666902,1.1264962002514518,0.005522706828848525,0.8112867953833245,1.0296268968206788,0.0,0.0,0.0,0.0
0.03942823675053535,-0.2821287083257571,0.791361771401261,-0.003281527226431428,-0.6614342884748187,-0.010489882617673517,0.7499225799851208,0.014402366615666563,0.7883074941583704,-1.002032746807583,0.009543405169382005,0.6059999303548846,-0.8433674877655661,0.010503722924958,0.6974380389704106,1.1408228078894764,0.010187908201124047,0.8221224710868784,1.0224526144317203,0.0,0.0,0.0,0.0
0.04086142018486574,-0.28307947517318655,0.792537857587366,-0.0029812615083469073,-0.6614773502801752,-0.010773212869872794,0.7498818340449364,0.017051415502295126,0.7947259102638342,-1.0058279965796364,0.008210767621237427,0.599912689802654,-0.8502739005241504,0.00920401009386618,0.692812798321928,1.1545896598821306,0.015450920094597274,0.8319614341381032,1.0153013610297992,0.0,0.0,0.0,0.0
0.04192626102424339,-0.2839791384103204,0.7936564854886703,-0.0027112325383746006,-0.6615031897620154,-0.011030661930736324,0.7498563220045368,0.019557458038638453,0.7991601135355942,-1.0070068740500628,0.0070051265757927195,0.5938439306695755,-0.8573447788292442,0.00816356573933287,0.6878165050887397,1.1679942295601378,0.020984727961185484,0.8408248874418988,1.0082440380202693,0.0,0.0,0.0,0.0
0.042694360470455786,-0.28481214341655314,0.7947175960009295,-0.0024712319410175585,-0.6615195356725697,-0.011261596872721269,0.7498392983647347,0.02187310865922919,0.8020445692579693,-1.0062099147790093,0.005848833645515691,0.5875736141506469,-0.8644038776466201,0.007241675578669575,0.6824434994954673,1.181190385727272,0.026502302733246393,0.848810003650665,1.0013057702456925,0.0,0.0,0.0,0.0
0.04323483490580499,-0.28556836145122244,0.795722618448893,-0.0022599361663507614,-0.6615325141054446,-0.011467216488390325,0.7498253986201469,0.02396981611619904,0.8037843821704763,-1.0040197266644058,0.004681184944610021,0.5809747189707845,-0.8713696487818742,0.0063440606610714574,0.6767330547200215,1.1942886679858764,0.031754546120797617,0.8560228532721911,0.9944960150909855,0.0,0.0,0.0,0.0
0.04360785574745356,-0.28624285447370507,0.7966723727738756,-0.0020753925458444986,-0.6615460550885996,-0.011649687333674205,0.7498111725811504,0.025835737969597632,0.8047238827362824,-1.0009313047165125,0.0034600239085472045,0.573973794739457,-0.8782130781560642,0.005407814976492567,0.6707564111880951,1.2073538993809756,0.03655818343465977,0.8625575088971641,0.9878311147539579,0.0,0.0,0.0,0.0
0.04386199152377629,-0.2868348574488438,0.7975649555704317,-0.0019157447063530002,-0.6615624895042084,-0.011810860156820605,0.7497945758576613,0.027470775668230023,0.8051347204471495,-0.9973457647382599,0.0021591573890247353,0.5665438791160682,-0.8849247240370813,0.0043960894446860126,0.6646181810200569,1.2203952407463894,0.04081361499379544,0.8684865711569849,0.9813561607720988,0.0,0.0,0.0,0.0
0.04403386195823249,-0.28734635008129134,0.798392902590866,-0.0017797494930079343,-0.6615825439065891,-0.011951591324737046,0.7497749859488743,0.02888163189300024,0.8052168101951199,-0.9935865002562941,0.0007645324322169175,0.558735734853381,-0.8914734024855174,0.0032910280527105257,0.6584654534887333,1.2333390345940651,0.04450095445310118,0.8738442413103743,0.9751706696564431,0.0,0.0,0.0,0.0
0.0441489038171436,-0.28778076246682704,0.7991394038811264,-0.0016668652980004958,-0.6616047667349491,-0.01207180703590916,0.7497537100065325,0.030078459734243706,0.8051049177679963,-0.989927609000789,-0.000728341973757671,0.5507565412775924,-0.8977435437217598,0.0020804835225621873,0.6525049970541509,1.2459687638729484,0.04765815332205327,0.8785984572042352,0.9694623111443088,0.0,0.0,0.0,0.0
0.044222241242093105,-0.28814262640167415,0.7997738322088328,-0.0015772026882534724,-0.6616255616347633,-0.012170759368692776,0.7497339536392583,0.031074335484541887,0.8048727769627113,-0.9866175869470433,-0.0023135944713649076,0.543093696936028,-0.9034492781250862,0.0007403676222673325,0.6470335769028969,1.2578137938809342,0.050367801462985834,0.882623511558606,0.9645510581220466,0.0,0.0,0.0,0.0
0.04427079191597281,-0.28843213828900904,0.8002491807448213,-0.0015120396611789787,-0.6616395915861674,-0.012246160661204122,0.7497204786657575,0.03187047013184751,0.8046127500582262,-0.9840106454806292,-0.004002018685315167,0.5366377984628792,-0.9080190594778695,-0.0007897003361257565,0.6425479349994213,1.2679530988390837,0.05269593343765313,0.8857010012141554,0.9609045959582715,0.0,0.0,0.0,0.0
0.04432196507503862,-0.2886423934851995,0.8005085127529784,-0.001474932536000096,-0.6616374277503589,-0.012294440695408996,0.7497216720236183,0.03245082952176171,0.8044973950524473,-0.9826452721274813,-0.0058672095428262995,0.5326398990267956,-0.9105172986932873,-0.0026947386845546295,0.6399443234286881,1.2746711889892466,0.05465946174932651,0.8875577710508593,0.9590682674798148,0.0,0.0,0.0,0.0
0.04436214335148979,-0.2887860112579057,0.8005112271489181,-0.0014671255721025944,-0.6616124268643329,-0.012315830548097022,0.7497433990900846,0.03285198957812317,0.8044231022709273,-0.9825546094369828,-0.007908253628430069,0.5321978555961783,-0.9098223553571856,-0.005287664423922881,0.6405820993115486,1.2751260868789724,0.05646743031643054,0.8879649991548256,0.9594744360917187,0.0,0.0,0.0,0.0
0.044337848535158625,-0.2888856722093768,0.8002586502032055,-0.0014860886732357482,-0.661565653852257,-0.012310838730866233,0.7497847160573718,0.03312876508569415,0.8040334492675115,-0.9831833777893176,-0.010000661540571392,0.5352626253224707,-0.9059423290975558,-0.008495867652900857,0.6442939092067367,1.269258642429725,0.05839736827761538,0.8868778689434708,0.9621623759622328,0.0,0.0,0.0,0.0
0.044234105707297196,-0.2889416780684586,0.7997939836680487,-0.0015295458020942224,-0.6615005600939491,-0.0122804299046708,0.7498425571587592,0.03327849488505313,0.8032479989822627,-0.9842189804145426,-0.012133089620909582,0.5407139777267603,-0.8999681155960183,-0.01204139284955177,0.6496949603931186,1.259840536549825,0.060381524614927275,0.8844954601397945,0.9666974545706197,0.0,0.0,0.0,0.0
0.044027717231026525,-0.28896093935963324,0.7991760369763954,-0.00159304253558222,-0.6614254630027231,-0.012227263079400613,0.7499095366407205,0.03331503800674421,0.8019221309979132,-0.9851619349451447,-0.01424913098489521,0.5473110852990312,-0.8927929502917007,-0.015726933797536778,0.6559528425777359,1.2485676711209508,0.062389147494158595,0.8811061692197395,0.9725110087848631,0.0,0.0,0.0,0.0
0.04368619675737293,-0.2889563595304369,0.7984553278946226,-0.001673039948186472,-0.6613439725173477,-0.012154709953200072,0.7499824091125467,0.03327017928529778,0.7998503510576069,-0.9854721223402144,-0.016289662571635718,0.5541588081569454,-0.8849779246886917,-0.019467461118318916,0.6625534290348946,1.2363392091828198,0.06447392098270771,0.8769308587596064,0.9791283974070736,0.0,0.0,0.0,0.0
0.04316868178866381,-0.2889456892925197,0.7976689906846601,-0.0017666973733636076,-0.6612553985296734,-0.012066158421652077,0.7500617204715205,0.03318952674131709,0.7967717490116293,-0.9845954789300363,-0.01819847593677686,0.560756526586227,-0.8768109477398106,-0.023237075740090665,0.6691513983197801,1.2235929448406981,0.06676288851621728,0.8720967461797283,0.9862166609385152,0.0,0.0,0.0,0.0
0.04242761042921563,-0.28895157388915826,0.7968429181680952,-0.001871528942246022,-0.6611554906804272,-0.01196507473938688,0.7501511524413081,0.0331322469336753,0.7923766793723585,-0.9819600848461003,-0.019923657341724483,0.5668886062179621,-0.8684142101931633,-0.027042677828662796,0.675501802260582,1.2105197254912268,0.06944639382866886,0.8666542094374602,0.993561372157391,0.0,0.0,0.0,0.0
0.04141113629440138,-0.28900196290166563,0.79599548455112,-0.001985327273483087,-0.6610369937777075,-0.011855050583787082,0.7502570286965689,0.03317167593416986,0.7863159497707501,-0.9769699269383224,-0.021421832503910984,0.5725017334116178,-0.8598385440185083,-0.030919238171296163,0.6814246579753835,1.1971893516994367,0.07277321999117158,0.8606047542708803,1.0010282378893327,0.0,0.0,0.0,0.0
0.040067470578249754,-0.28912977260563766,0.7951405704866797,-0.0021065951864552963,-0.6608899769330392,-0.011739470332695701,0.7503880232802727,0.03339358839694217,0.7782212051248875,-0.9690197726426578,-0.022667285544007775,0.5776241468017904,-0.8511270615522383,-0.03494298983520615,0.6867871652862232,1.183626804930832,0.07704266833892141,0.8539284505744369,1.0085299633282743,0.0,0.0,0.0,0.0
0.03835289614652632,-0.2893705064722816,0.7942890893300437,-0.0022356014953312004,-0.6607021690345202,-0.011620501051718735,0.7505548679972313,0.033888438492156614,0.7677489702824544,-0.957553639419893,-0.023664888343358264,0.5823366196923061,-0.8423483876782633,-0.03926273783505731,0.6915079859894552,1.169870881955161,0.08258186648888619,0.8466090375291614,1.0160036877177494,0.0,0.0,0.0,0.0
0.03624553552807341,-0.28975618380038193,0.7934486659229247,-0.002376170564763765,-0.6604595490939534,-0.011497139622241123,0.7507698406333099,0.03473330413851593,0.754665493038965,-0.9421960456734279,-0.0244638533032415,0.586787956518443,-0.8336040074484318,-0.04415863415804601,0.6956000918510556,1.156043522199177,0.08969643244059884,0.8386582517184435,1.023400017885677,0.0,0.0,0.0,0.0
0.033767190311374165,-0.29030348776668236,0.792620971958652,-0.0025384143526110715,-0.6601469455352232,-0.011362167586094932,0.7510462488427958,0.03595912891515394,0.7389973264702034,-0.9230026970459551,-0.025167658537689527,0.5912394867444266,-0.8250123256548697,-0.050170213924447433,0.69928395348818,1.142457948184454,0.09858628089543625,0.8301396793706746,1.030686840912759,0.0,0.0,0.0,0.0
0.031014901527615046,-0.29099351992831785,0.7917950172840027,-0.0027445244103429496,-0.6597406722355762,-0.011203197698575258,0.7514048185533797,0.03751104157222671,0.7212911788359385,-0.9009445370010108,-0.025920316204843582,0.5960983860358967,-0.8166983335331042,-0.0585098727429501,0.703246948514549,1.1297570780136608,0.10916682137981408,0.8211339802061203,1.0378707024398426,0.0,0.0,0.0,0.0
0.02816660076130222,-0.291725294351947,0.7909384077705426,-0.0030458442989760243,-0.6591855145629213,-0.010938407568418185,0.7518946278986107,0.03903244681985718,0.7028502298606194,-0.87856700007483,-0.026465813617437585,0.6015674756106497,-0.8083753762377407,-0.0704632701602658,0.7087166128417429,1.118575079860123,0.12149354064047582,0.8118464148626569,1.044986403958106,0.0,0.0,0.0,0.0
0.025578603339404732,-0.2923982520973497,0.790106089578188,-0.0034927355643554468,-0.6584168571209548,-0.010553677466665058,0.7525713673460952,0.04031359292595293,0.6862510213998695,-0.8600807941584699,-0.02767093477565031,0.6077272102927556,-0.8002732442891318,-0.09081481375338851,0.7171339376632059,1.1103560811713398,0.1349890017996384,0.8029919545715066,1.0514168745553838,0.0,0.0,0.0,0.0
0.02341683340745671,-0.2929741571777031,0.7894140450101614,-0.004125469503975748,-0.6574117380335507,-0.009996160676167803,0.7534539561040303,0.04120991235783134,0.6728839558285319,-0.8475449257151176,-0.029224106483507692,0.6136693968399729,-0.7934502619784746,-0.12453229983465068,0.728355977916008,1.1066586832265883,0.15028419542711485,0.7956525600012041,1.0562352687831922,0.0,0.0,0.0,0.0
0.02196533399096404,-0.29335851511082894,0.789019382226712,-0.004881209743347567,-0.6562749685187326,-0.00924991546640843,0.7544493213934532,0.0414090904983613,0.66477392238934,-0.8431344382998812,-0.03056016660095171,0.6176614341391523,-0.7900547791387176,-0.17114611348199574,0.7397634913801561,1.1089680014389145,0.16618712557874482,0.791311447548098,1.0582685535042637,0.0,0.0,0.0,0.0
0.021949519846859892,-0.2933377951864435,0.7889934102222897,-0.004960837887444549,-0.6562800667502031,-0.00922340458406148,0.7544446917313965,0.04136985216143061,0.6646622376817298,-0.8431021814722692,-0.030591447833786416,0.6176837778594249,-0.7900542807353441,-0.17113521515300112,0.7397837186961059,1.1089756587595698,0.16620044325986702,0.7912151539189779,1.0582144859440876,0.0,0.0,0.0,0.0
0.021949519846859892,-0.2933377951864435,0.7889934102222897,-0.004960837887444549,-0.6562800667502031,-0.00922340458406148,0.7544446917313965,0.04136985216143061,0.6646622376817298,-0.8431021814722692,-0.030591447833786416,0.6176837778594249,-0.7900542807353441,-0.17113521515300112,0.7397837186961059,1.1089756587595698,0.16620044325986702,0.7912151539189779,1.0582144859440876,0.0,0.0,0.0,0.0
0.02221663604169538,-0.29338443970419453,0.789094932919219,-0.005066245374207156,-0.6566572329350437,-0.00918972581744171,0.7541161452530375,0.04150433151854334,0.6657007135041316,-0.8427648592524898,-0.03046405718756644,0.618827937427956,-0.7895980686555942,-0.1710214209975924,0.742227519241055,1.108909263357927,0.16986693200850664,0.7947534721392002,1.0582955722634708,0.0,0.0,0.0,0.0
0.022908711357526073,-0.29345891610796304,0.7891774588359197,-0.00510557753208241,-0.6569286634873649,-0.00920000195981752,0.7538793166884922,0.04175945840024973,0.6694958037146727,-0.8472155051284856,-0.030302370228565,0.6230745443535802,-0.7948413082023269,-0.17232151356832306,0.7455023918682959,1.1093198580667525,0.1733310905680044,0.7985822058231871,1.0588537432082874,0.0,0.0,0.0,0.0
0.02417834681500008,-0.29353300523923964,0.7892778229839716,-0.0050943931389934,-0.6571534379786088,-0.009245019425964476,0.7536829145783083,0.042066171046631316,0.6769672897107049,-0.8575098839226026,-0.030193438140624872,0.6311940344713869,-0.806549424913241,-0.17573774465871278,0.7505038182680123,1.1102386227034629,0.1769587024034504,0.8035896082502618,1.059690688353202,0.0,0.0,0.0,0.0
0.026121846007680714,-0.2935610470072052,0.7895361410919588,-0.005050534612406809,-0.6574233885598993,-0.009313339298075728,0.7534469072108978,0.042305773199287924,0.6886305474512973,-0.8734823368987586,-0.030261058004586592,0.6434078445761879,-0.8239986770859279,-0.1822785643289109,0.7587458404470993,1.1108263890014627,0.18106527180895968,0.8112186911718615,1.059621817874398,0.0,0.0,0.0,0.0
0.028828741221511196,-0.29346435377349106,0.790553493033836,-0.00499833994030058,-0.6581563463051114,-0.009419866175315315,0.7528057561797642,0.04230738996466342,0.7046660078555523,-0.8910793897633129,-0.030643320396198083,0.6593445155747071,-0.8421860266406347,-0.19522992575294157,0.7759253302938985,1.1069566204007375,0.18658062451926735,0.8266718698826854,1.0537376510070555,0.0,0.0,0.0,0.0
0.03135819876608126,-0.2941712325849868,0.7913067981972687,-0.006868192954003362,-0.6585849426879646,-0.00759926789559566,0.752436676616503,0.04244193633163534,0.6779178397160422,-0.8584988853649911,-0.03099190873569018,0.6752881063832354,-0.8578963946109817,-0.1503858703267329,0.772720258854527,1.1001017098406753,0.13223255829188385,0.797855754801188,1.0722934402058726,0.0,0.0,0.0,0.0
0.034297511278071145,-0.29486348769998316,0.7924048974511468,-0.008080177801903949,-0.6590425035316931,-0.00646570571833617,0.7520344964926354,0.040954449296283064,0.6582590293663729,-0.8433460430276564,-0.030664073477741482,0.693991139111957,-0.8780198976488606,-0.12128711607988157,0.7770609248352134,1.0910768780202325,0.09347490101323344,0.7764158023208916,1.0870820649968889,0.0,0.0,0.0,0.0
0.03718135746809728,-0.29540656660025943,0.793557398358128,-0.008773773813969387,-0.659467054727489,-0.005861726040629579,0.7516594074379278,0.03903291043457461,0.6442218778906023,-0.8389465840851947,-0.03013235647311149,0.7120356831531458,-0.8981291634617503,-0.10431885840989712,0.7853071992928405,1.0820829039926627,0.0692518561260621,0.7620807409333572,1.1006361536882057,0.0,0.0,0.0,0.0
0.03980279456761489,-0.2957784919386386,0.7946881055267554,-0.009198222569699162,-0.6598387230981918,-0.0055081588472207475,0.7513307609753641,0.03738482941553947,0.6340553329131428,-0.8406574344889405,-0.02975119318569068,0.7280420050841513,-0.9158193036943634,-0.09405550670030798,0.7948210204284274,1.0734514833844857,0.05403906379125607,0.7522327041082556,1.1140097184253464,0.0,0.0,0.0,0.0
0.04205638702266381,-0.2959981278745985,0.7957795999192578,-0.009492596969393566,-0.6601500683422122,-0.00526936316225367,0.7510552653982351,0.03602141158291942,0.6263569615242364,-0.845685599994169,-0.029603776221025974,0.741476077607216,-0.9300946413903467,-0.08759288108224118,0.8043091863207208,1.0651363795337572,0.04387207917346789,0.7449012676667977,1.1273169550358815,0.0,0.0,0.0,0.0
0.043912806755800164,-0.2960992895153765,0.7968324818728534,-0.009725567926114693,-0.6604039645928506,-0.005080159027969042,0.7508303462586006,0.03476793805300705,0.620089578387329,-0.8524642662292349,-0.02966914438889188,0.752313229006504,-0.9408137199920075,-0.08325543501204262,0.8131710054417973,1.0570321330267853,0.03651467877592393,0.7388081221787609,1.1405264554691936,0.0,0.0,0.0,0.0
0.045390305557534705,-0.29611950555023725,0.7978505762632273,-0.009927278339522741,-0.6606088676955271,-0.0049133408661399145,0.7506485410285804,0.033458758582805795,0.6145156542295211,-0.8601242785999524,-0.029881441665523166,0.7607944673313778,-0.9482852442831874,-0.08005383603401892,0.8211835754217085,1.0490547472652498,0.0307429211921202,0.7331733312500868,1.153609805298755,0.0,0.0,0.0,0.0
0.0465329726641371,-0.29609342138980993,0.798836142861664,-0.010108757412576,-0.6607746887729451,-0.004759840375739589,0.7505011443163752,0.03199881815808347,0.6091396034400672,-0.8681883579773155,-0.03016582767124461,0.7672774008238662,-0.9530214249063823,-0.07740044969329155,0.8283199934009281,1.041157282543541,0.025896092877865526,0.7275538710995264,1.1665680202294682,0.0,0.0,0.0,0.0
0.047395191836713806,-0.2960493886861257,0.7997890640119362,-0.010272683101400386,-0.6609107291121001,-0.004618232568525152,0.7503800051003181,0.030361643543795967,0.6036463764932904,-0.8763987080877841,-0.03045685674532183,0.7721451545107758,-0.9555874858989933,-0.07495458415437946,0.8346462946146651,1.0333274177342746,0.02161704854994722,0.7217238683153314,1.1794249411513622,0.0,0.0,0.0,0.0
0.04803149415545735,-0.29600839959441594,0.8007072207457285,-0.010418562252687526,-0.6610250315901877,-0.004489985971147378,0.7502780825785578,0.028566799187916762,0.5978444571405758,-0.8846215095872844,-0.030705147835549004,0.7757540295275972,-0.956516200093858,-0.07253936636679849,0.8402658077167313,1.0255817374642417,0.017707683754606737,0.7155944097250984,1.1922116718097726,0.0,0.0,0.0,0.0
0.048490649825254105,-0.29598479056316596,0.8015865049218017,-0.010545197475603757,-0.6611240082209303,-0.004377186513125655,0.7501897658608261,0.026657653521204507,0.5916229702201079,-0.892789736836821,-0.030877347206761753,0.7784077945494571,-0.9562693081953473,-0.07007793539278476,0.8452808049817863,1.0179629432771349,0.014052970016604154,0.7091641375401003,1.2049486886215828,0.0,0.0,0.0,0.0
0.04881284293414237,-0.2959878912131084,0.8024199352708242,-0.010651498489608753,-0.6612122065868404,-0.00428172307413083,0.7501110786330273,0.024687047232439016,0.584937604724437,-0.9008584649021996,-0.030952513099946156,0.7803492485923845,-0.9552307673276417,-0.06754802083183303,0.8497652464831712,1.010544388953134,0.01058404902538461,0.702494869377596,1.217623484759139,0.0,0.0,0.0,0.0
0.04902855456720186,-0.2960242187114307,0.8031951116979387,-0.010737296806871417,-0.6612909074322734,-0.00420336969018688,0.7500409174757929,0.022704241359438826,0.5778326481519186,-0.9087582115639651,-0.030919352413353116,0.7817619194160345,-0.9537243820815211,-0.0649086848432892,0.8537198096246927,1.0034454330425984,0.00728380079405898,0.6957068236721176,1.2301550777338643,0.0,0.0,0.0,0.0
0.04915566807698935,-0.29610003266817103,0.8038915359090233,-0.010800935503631665,-0.6613621327472043,-0.004146806800630574,0.7499775150987353,0.020699397223305754,0.5705180760617354,-0.9163174084927356,-0.030758194773964704,0.7827554826034859,-0.9519989340218682,-0.06219727617592082,0.8571053483889194,0.996859982994443,0.004066011468735382,0.6889733261218036,1.2423138647695067,0.0,0.0,0.0,0.0
0.04920451332590918,-0.29621987386504534,0.8044758272210508,-0.010841916057840646,-0.661423793847161,-0.004113452946143843,0.7499227275485674,0.018675079295883475,0.5634823173215585,-0.9231847049531581,-0.030458611426352613,0.7833952906149948,-0.9502990259969065,-0.059401488664017926,0.8597599800916527,0.9910978443793259,0.0009201689349217076,0.6825649888606682,1.2536173011718155,0.0,0.0,0.0,0.0
0.04917781616769781,-0.29638545212607237,0.8048995889899194,-0.010858750323325722,-0.6614729877875928,-0.004106135521875048,0.7498791326739574,0.01664457294222823,0.5576001921226771,-0.9287384459406702,-0.030015283070831636,0.7836953620173422,-0.9488573770107028,-0.056577400606417534,0.8614390626793393,0.9866188503440887,-0.0021183879580826143,0.6769188688274335,1.2631175019266327,0.0,0.0,0.0,0.0
0.04907065879063841,-0.29659382612381036,0.805104179475511,-0.010846361129737948,-0.6615089959175317,-0.004132459975246022,0.749847402839388,0.014638055000075685,0.5540890574067971,-0.9320611873669656,-0.02942842117652472,0.7836115349555062,-0.9478596511128023,-0.053959987337156255,0.8618865719766456,0.9840014235637222,-0.0049320107022257954,0.6728124430424574,1.2690765662259642,0.0,0.0,0.0,0.0
0.048871342204808495,-0.296838508985013,0.8050455903285811,-0.010794058382846725,-0.66153801652635,-0.004206163269889477,0.7498221450347791,0.012704795324037234,0.5540571565262276,-0.9320933087047817,-0.028699295538232385,0.7830486452133836,-0.9473398434774795,-0.05198758879884208,0.8609990281457675,0.9837085673550532,-0.007267269647965591,0.671630406756437,1.2686966511631308,0.0,0.0,0.0,0.0
0.04855724892062217,-0.29712782686498973,0.8047179379878359,-0.010695656298805633,-0.6615647703739945,-0.004335012387596771,0.7497992165933097,0.010850026230937383,0.5574805644604744,-0.92879539134921,-0.027795486083671314,0.7818917089669554,-0.9471455024222185,-0.050702340018534096,0.8587408797661199,0.9857683632490429,-0.009146266263287758,0.6733521295236905,1.2619820886969881,0.0,0.0,0.0,0.0
0.04809809998207703,-0.2974857152994788,0.8041533634866924,-0.010554107511328611,-0.6615860066406273,-0.00451178316274491,0.7497814417846307,0.009064527744101537,0.5632026135881666,-0.9231805488100353,-0.026662206000035774,0.7800319017870363,-0.9469875687518452,-0.04956748378457453,0.8550667757684761,0.9897516754074414,-0.010774870420107989,0.6765529912544688,1.251731698263237,0.0,0.0,0.0,0.0
0.0474575697099984,-0.2979349820300812,0.8034001852523713,-0.010368208028287017,-0.6616028098893564,-0.004733242136500278,0.749767843153911,0.007355857041833092,0.5699591043364121,-0.9161291636446264,-0.02524304084544642,0.7773198004523466,-0.9464402266580422,-0.048185467026563254,0.8500711010976945,0.9950768129519283,-0.012233628647380004,0.6804051398920844,1.2396723692360125,0.0,0.0,0.0,0.0
0.04659105267729688,-0.2984967651796062,0.8024976330974852,-0.010134230657451577,-0.6616167085722797,-0.004998993412228868,0.7497570528990234,0.005740924235231988,0.5768254405420016,-0.9082280522756314,-0.02348333769382863,0.7735498454357903,-0.945030015821423,-0.046267326528741534,0.8438185939822724,1.0012489767750476,-0.013526466413469414,0.6844191320280049,1.2267315931575327,0.0,0.0,0.0,0.0
0.045446919010678766,-0.29919129816496554,0.8014721273673694,-0.009846787987109426,-0.6616287757739376,-0.005310238474713356,0.7497480944967844,0.004246777237669603,0.5832766066894436,-0.8998061488806063,-0.021330733540561864,0.7684675408646336,-0.9422608873209146,-0.043603319553041274,0.8363147824910383,1.007891501429109,-0.014631562044983304,0.6882810270468694,1.213362140557202,0.0,0.0,0.0,0.0
0.043968055771782144,-0.3000408964800056,0.80033854461637,-0.00951279109666215,-0.6616280627378575,-0.005651035999541426,0.7497505446449724,0.0028937881573672863,0.5890290195775115,-0.8910194332306568,-0.018750934654544665,0.7617905752080486,-0.9376483244284273,-0.03960342907743364,0.8273206666137737,1.0146852362255976,-0.015450657504862486,0.6917471570635996,1.199745692360477,0.0,0.0,0.0,0.0
0.04209737116432069,-0.3010624975810494,0.7991073454830047,-0.009140194374850197,-0.6616039134331846,-0.00600501373770306,0.7497737381281737,0.0017175525980711826,0.5939947515488824,-0.8819609310189912,-0.01572694462035549,0.7532076275325684,-0.9306673333004486,-0.03384988240151894,0.8166320287482078,1.0213559465727868,-0.015909953327656743,0.6946540889363468,1.1859225502462247,0.0,0.0,0.0,0.0
0.039784010936911064,-0.30226229085487016,0.7977893839885809,-0.008736918316823565,-0.6615489113659406,-0.006358122503618517,0.749824164992762,0.0007690596356282065,0.5982164372160973,-0.8727376718574135,-0.012269422412476742,0.7423926545036639,-0.9207424908910617,-0.026248028076805,0.804177660874916,1.0276521901734383,-0.015993693785041032,0.6969098977620769,1.1718658403049311,0.0,0.0,0.0,0.0
0.03699088461442592,-0.3036350013401357,0.7963987565088562,-0.008323783267796798,-0.6614492145458899,-0.0066826038444047,0.74991399107804,8.448709793992251e-05,0.60178010411384,-0.8635037491273816,-0.008437545904134664,0.7290480790246427,-0.907306157701994,-0.016671072917334776,0.789892578417149,1.033293869067918,-0.015677245413640437,0.6984595421798537,1.157521786047848,0.0,0.0,0.0,0.0
0.03370953887994222,-0.30515620118704234,0.794957563444639,-0.007922570493553866,-0.6612967732860225,-0.0069549718994538975,0.7500502909033149,-0.00033299726686202317,0.6048910737014157,-0.8544876616644221,-0.0043351952138409805,0.712958720168528,-0.8898446778480196,-0.005423801887250864,0.7739700980122908,1.0380015861100853,-0.015019311971473532,0.6993346114342244,1.14286461038695,0.0,0.0,0.0,0.0
0.029981775144695893,-0.306781202173967,0.7934957542055775,-0.007551689152214225,-0.6610925089275105,-0.007162425419429062,0.7502322082482122,-0.0005741439166853913,0.6079352743680208,-0.8459776572522126,-0.000103417671797011,0.6941155652353492,-0.8680924995740366,0.006780406545360194,0.7569020159146486,1.0415471604450577,-0.01417437596300718,0.6997217515077179,1.12796904678563,0.0,0.0,0.0,0.0
0.02593462085933442,-0.3084525607247861,0.7920440921278882,-0.007219258850747167,-0.6608484586991463,-0.0073087670006921415,0.7504490514762066,-0.0008923735445835595,0.6115545796655762,-0.8382554490604456,0.004107129792037669,0.6729630701233438,-0.8424669669908929,0.018994421100921775,0.7394516826568445,1.0438714999805248,-0.013392396175841167,0.7001336732452902,1.1131163624142673,0.0,0.0,0.0,0.0
0.021891906500270977,-0.31016723134521207,0.7906124941578972,-0.006905467302169712,-0.6605281769973009,-0.00744910686126347,0.750732544066747,-0.0015586497529360918,0.61623013246352,-0.8308224218967941,0.008353674579911194,0.6514305523376672,-0.8161697422615152,0.03043711240268375,0.7224849626625175,1.0451850261875677,-0.013216302648331242,0.7019666960362059,1.098281361405035,0.0,0.0,0.0,0.0
0.018229045047289172,-0.31179942291771234,0.7893367696445277,-0.006566200543778231,-0.6601890920439779,-0.007643735964186943,0.7510318375788582,-0.0025118759116242676,0.6226352883929697,-0.8242702980999198,0.012400127701276428,0.6316107934967661,-0.791858989074166,0.039320540236676416,0.7079964990701375,1.045387493687807,-0.013935916322697464,0.7056219424469903,1.083981217787901,0.0,0.0,0.0,0.0
0.015277309320374372,-0.3131370274138021,0.7883792451826805,-0.006165392244440741,-0.6598852392819223,-0.007953847276037675,0.7512990052101903,-0.0038220492035134215,0.6306273658225685,-0.8199242656050245,0.015837795535547972,0.6153377498980405,-0.7717595738924035,0.04375454472785728,0.6978143952341754,1.044598746414701,-0.016225008163675326,0.710634463924393,1.0703940004030095,0.0,0.0,0.0,0.0
0.013499830917647102,-0.3139588407519227,0.7878671108445466,-0.005765742757972176,-0.6596594589896964,-0.00832990279389781,0.7514963520173029,-0.005052038129015768,0.6384310649257955,-0.819568746668475,0.018131585934996183,0.6054326585000441,-0.7596914367821467,0.04364731822542117,0.6930384725433525,1.0434278832480623,-0.019713890558305528,0.7159700842190013,1.058101197491987,0.0,0.0,0.0,0.0
0.013454219412395068,-0.3140995944370831,0.787792409121119,-0.005647509987256421,-0.6596694708278273,-0.008314913660788894,0.7514886273919864,-0.005029637826013902,0.6384595291828263,-0.8195836614518063,0.018296543695989806,0.605239426774689,-0.759646512748774,0.04362728197156587,0.6929051056917275,1.043345510602261,-0.019725093381286547,0.7160154247177687,1.0581180122111113,0.0,0.0,0.0,0.0
0.013454219412395068,-0.3140995944370831,0.787792409121119,-0.005647509987256421,-0.6596694708278273,-0.008314913660788894,0.7514886273919864,-0.005029637826013902,0.6384595291828263,-0.8195836614518063,0.018296543695989806,0.605239426774689,-0.759646512748774,0.04362728197156587,0.6929051056917275,1.043345510602261,-0.019725093381286547,0.7160154247177687,1.0581180122111113,0.0,0.0,0.0,0.0
