-0.0455695,-0.00158498,0.456194,0.00115816,-0.00176578,0.00502616,0.999985,-0.00634721,0.726606,-1.3017,0.00638027,0.724651,-1.29884,-0.00635801,-0.743733,1.29775,0.00634459,-0.747285,1.30355,0.000125342,0.0000198542,-0.0000104716,-0.000134248
-0.0460177,-0.00156444,0.456109,0.00105956,-0.00277104,0.00491818,0.999984,-0.0063644,0.727681,-1.3035,0.00639465,0.726018,-1.30106,-0.00637509,-0.744943,1.2995,0.00636165,-0.747965,1.30444,0.000125228,0.0000197922,-0.0000104725,-0.000134276
-0.0454448,-0.00144402,0.455357,0.000837999,-0.00203508,0.00474952,0.999986,-0.00637999,0.728716,-1.30523,0.00640773,0.727301,-1.30315,-0.00638867,-0.746097,1.3012,0.00637527,-0.748669,1.3054,0.00012522,0.0000197866,-0.0000110486,-0.000134898
-0.0440742,-0.0015399,0.454569,0.000925614,-0.00049349,0.00470458,0.999988,-0.00639321,0.729782,-1.30701,0.00641954,0.728576,-1.30524,-0.00640246,-0.747264,1.30294,0.00638787,-0.749452,1.30652,0.000125783,0.00001994,-0.0000113351,-0.000135099
-0.043742,-0.00198654,0.454448,0.00140916,-0.0000944791,0.00472224,0.999988,-0.00640542,0.730934,-1.30892,0.00642963,0.729907,-1.30742,-0.00641673,-0.748504,1.30483,0.0064025,-0.750368,1.30787,0.000126443,0.0000204544,-0.0000113322,-0.000135437
-0.0439171,-0.00217207,0.454193,0.00160464,-0.000233007,0.0047371,0.999987,-0.00641773,0.732214,-1.31106,0.00644017,0.73134,-1.30977,-0.00643058,-0.749867,1.30694,0.00641703,-0.751456,1.30953,0.000126873,0.0000208021,-0.0000113319,-0.000136088
-0.0441077,-0.00197444,0.453815,0.0013857,-0.000390749,0.00475723,0.999988,-0.00643067,0.733662,-1.31347,0.00645137,0.732917,-1.31237,-0.00644444,-0.751392,1.30933,0.00643157,-0.752748,1.31154,0.000127435,0.0000209938,-0.0000113322,-0.000136882
-0.0442642,-0.00165385,0.453411,0.00103889,-0.00050802,0.00478184,0.999988,-0.00644546,0.735308,-1.31621,0.00646433,0.73467,-1.31527,-0.00645839,-0.75311,1.31205,0.00644618,-0.754268,1.31393,0.00012821,0.0000210386,-0.0000113621,-0.000137677
-0.04436,-0.00148984,0.453012,0.000863478,-0.000539847,0.0047951,0.999988,-0.00646286,0.737173,-1.31931,0.00647834,0.736626,-1.31851,-0.00647226,-0.755046,1.31514,0.00646215,-0.756034,1.31674,0.000129002,0.0000210382,-0.0000114569,-0.000138407
-0.0444059,-0.00150543,0.452538,0.000881501,-0.000505394,0.00480988,0.999988,-0.00647788,0.739274,-1.3228,0.00649317,0.738805,-1.32213,-0.00648737,-0.757217,1.31863,0.00647673,-0.758061,1.31999,0.000129767,0.0000210382,-0.0000115154,-0.000139162
-0.0444068,-0.00161467,0.451985,0.00100157,-0.000411268,0.00482671,0.999988,-0.00649487,0.741623,-1.32671,0.00650895,0.74122,-1.32613,-0.00650376,-0.759636,1.32253,0.00649362,-0.760359,1.32369,0.000130544,0.0000210448,-0.0000115217,-0.000139975
-0.0444084,-0.00173174,0.451401,0.00113012,-0.000299081,0.00483502,0.999988,-0.00651221,0.744229,-1.33105,0.00652533,0.743883,-1.33055,-0.00652122,-0.762314,1.32686,0.0065115,-0.762932,1.32785,0.000131279,0.0000211194,-0.0000115218,-0.000140766
-0.0444496,-0.00180842,0.450755,0.00121523,-0.000217054,0.00484359,0.999988,-0.00653043,0.747096,-1.33582,0.00654276,0.746799,-1.3354,-0.00653975,-0.765255,1.33163,0.00653038,-0.765785,1.33247,0.000131983,0.0000212213,-0.000011522,-0.000141529
-0.0445434,-0.00182875,0.450032,0.00123882,-0.00018125,0.00485436,0.999987,-0.00654986,0.750228,-1.34103,0.0065615,0.749972,-1.34067,-0.00655944,-0.768462,1.33683,0.00655039,-0.768918,1.33755,0.000132687,0.0000213274,-0.0000115221,-0.000142291
-0.0446828,-0.00180193,0.449235,0.00121097,-0.000184124,0.00486735,0.999987,-0.00657075,0.753622,-1.34668,0.00658174,0.753402,-1.34637,-0.00658033,-0.771936,1.34248,0.00657162,-0.772328,1.34309,0.000133406,0.0000214161,-0.0000115222,-0.000143062
-0.0448497,-0.00175396,0.448369,0.00116009,-0.000204806,0.00488162,0.999987,-0.00659318,0.757278,-1.35276,0.00660352,0.757087,-1.3525,-0.00660247,-0.775674,1.34857,0.00659409,-0.776011,1.34909,0.000134149,0.000021479,-0.0000115224,-0.000143848
-0.0450259,-0.00171236,0.447439,0.0011164,-0.000222206,0.00489593,0.999987,-0.00661707,0.761191,-1.35927,0.00662679,0.761024,-1.35904,-0.00662585,-0.779672,1.35508,0.00661782,-0.779963,1.35552,0.000134909,0.0000215211,-0.0000115227,-0.000144645
-0.0452006,-0.00169386,0.446449,0.00109829,-0.000223749,0.00490931,0.999987,-0.00664227,0.765354,-1.3662,0.0066514,0.765209,-1.366,-0.00665047,-0.783923,1.362,0.00664278,-0.784175,1.36238,0.000135676,0.0000215546,-0.0000115229,-0.000145446
-0.0453731,-0.00170004,0.445399,0.00110759,-0.00020808,0.00492143,0.999987,-0.00666863,0.76976,-1.37353,0.00667724,0.769633,-1.37336,-0.00667633,-0.788422,1.36934,0.00666895,-0.78864,1.36966,0.00013644,0.0000215922,-0.0000115232,-0.000146246
-0.0455497,-0.00172093,0.444291,0.00113331,-0.00018244,0.00493254,0.999987,-0.00669607,0.774402,-1.38125,0.00670422,0.77429,-1.38111,-0.00670339,-0.79316,1.37707,0.0066963,-0.793349,1.37734,0.000137193,0.0000216409,-0.0000115234,-0.00014704
-0.045739,-0.00174257,0.443122,0.00116005,-0.000157115,0.00494322,0.999987,-0.00672457,0.77927,-1.38935,0.00673232,0.779171,-1.38923,-0.00673162,-0.798127,1.38517,0.00672481,-0.798292,1.38541,0.000137938,0.0000217011,-0.0000115236,-0.000147828
-0.0459476,-0.00175427,0.441893,0.0011759,-0.000140044,0.00495399,0.999987,-0.00675417,0.784353,-1.39781,0.00676155,0.784266,-1.3977,-0.00676099,-0.803313,1.39363,0.00675444,-0.803458,1.39384,0.000138677,0.0000217678,-0.0000115238,-0.000148614
-0.0461775,-0.00175238,0.440605,0.00117673,-0.000133899,0.00496514,0.999987,-0.00678488,0.789642,-1.40661,0.0067919,0.789565,-1.40652,-0.00679144,-0.808708,1.40244,0.00678515,-0.808836,1.40261,0.000139416,0.0000218347,-0.0000115239,-0.0001494
-0.0464261,-0.00173994,0.439261,0.0011659,-0.000136277,0.00497658,0.999987,-0.00681669,0.795125,-1.41573,0.00682337,0.795056,-1.41565,-0.00682292,-0.814301,1.41157,0.0068169,-0.814413,1.41172,0.00014016,0.0000218969,-0.0000115241,-0.00015019
-0.0466889,-0.00172354,0.437863,0.00115073,-0.000142082,0.00498805,0.999987,-0.00684955,0.800791,-1.42516,0.00685589,0.800729,-1.42509,-0.00685539,-0.820079,1.421,0.00684964,-0.820179,1.42113,0.00014091,0.000021953,-0.0000115242,-0.000150983
-0.0469613,-0.00170944,0.436416,0.00113821,-0.000146455,0.00499921,0.999987,-0.00688338,0.806626,-1.43487,0.00688937,0.80657,-1.43481,-0.00688877,-0.82603,1.43072,0.00688329,-0.826119,1.43083,0.000141664,0.0000220045,-0.0000115244,-0.000151779
-0.0472411,-0.00170087,0.434922,0.00113203,-0.000146812,0.00500982,0.999987,-0.00691807,0.81262,-1.44484,0.00692373,0.812568,-1.44479,-0.006923,-0.832142,1.4407,0.0069178,-0.832221,1.44079,0.000142419,0.0000220546,-0.0000115245,-0.000152577
-0.0475281,-0.00169754,0.433385,0.00113187,-0.000143327,0.0050198,0.999987,-0.00695353,0.818758,-1.45505,0.00695887,0.818711,-1.45501,-0.00695802,-0.8384,1.45092,0.00695309,-0.838472,1.451,0.000143174,0.0000221059,-0.0000115247,-0.000153375
-0.0478236,-0.00169671,0.431805,0.00113465,-0.000138048,0.00502922,0.999987,-0.00698969,0.825027,-1.46548,0.00699472,0.824984,-1.46544,-0.00699375,-0.844793,1.46136,0.00698909,-0.844858,1.46143,0.000143926,0.0000221599,-0.0000115248,-0.000154172
-0.0481294,-0.00169517,0.430186,0.00113671,-0.000133433,0.0050382,0.999987,-0.00702647,0.831415,-1.47611,0.0070312,0.831376,-1.47608,-0.00703013,-0.851307,1.472,0.00702574,-0.851366,1.47206,0.000144678,0.0000222162,-0.0000115249,-0.000154968
-0.0484462,-0.00169084,0.428531,0.00113565,-0.000131094,0.00504682,0.999987,-0.00706382,0.837909,-1.48692,0.00706827,0.837871,-1.48689,-0.00706709,-0.857927,1.48281,0.00706296,-0.857981,1.48286,0.000145428,0.0000222734,-0.000011525,-0.000155765
-0.0487737,-0.00168337,0.426841,0.00113105,-0.000131284,0.00505512,0.999987,-0.00710169,0.844493,-1.49787,0.00710585,0.844458,-1.49785,-0.00710454,-0.86464,1.49378,0.00710068,-0.86469,1.49382,0.00014618,0.0000223301,-0.000011525,-0.000156564
-0.0491106,-0.00167384,0.425122,0.00112411,-0.000133141,0.00506304,0.999987,-0.00714,0.851155,-1.50896,0.00714387,0.851122,-1.50893,-0.00714242,-0.871432,1.50487,0.00713882,-0.871478,1.50491,0.000146933,0.0000223853,-0.0000115251,-0.000157363
-0.0494554,-0.00166388,0.423376,0.00111669,-0.000135378,0.0050705,0.999987,-0.00717867,0.85788,-1.52015,0.00718225,0.857849,-1.52013,-0.00718064,-0.878288,1.51607,0.00717731,-0.878332,1.5161,0.000147688,0.0000224391,-0.0000115252,-0.000158165
-0.0498066,-0.00165474,0.421606,0.00111023,-0.00013698,0.00507741,0.999986,-0.00721761,0.864655,-1.53142,0.00722091,0.864625,-1.5314,-0.00721914,-0.885195,1.52735,0.00721607,-0.885236,1.52738,0.000148444,0.0000224919,-0.0000115252,-0.000158967
-0.0501633,-0.00164685,0.419818,0.00110526,-0.000137583,0.00508374,0.999986,-0.00725675,0.871466,-1.54275,0.00725977,0.871437,-1.54273,-0.00725783,-0.892139,1.53869,0.00725502,-0.892177,1.53872,0.0001492,0.0000225444,-0.0000115252,-0.000159771
-0.0505251,-0.00163989,0.418013,0.00110137,-0.000137444,0.00508948,0.999986,-0.00729599,0.878298,-1.55412,0.00729874,0.87827,-1.5541,-0.00729662,-0.899103,1.55007,0.00729408,-0.89914,1.55009,0.000149957,0.0000225972,-0.0000115253,-0.000160576
-0.0508916,-0.00163315,0.416196,0.00109773,-0.000137135,0.00509466,0.999986,-0.00733526,0.885137,-1.5655,0.00733774,0.88511,-1.56548,-0.00733546,-0.906076,1.56146,0.00733317,-0.906111,1.56148,0.000150713,0.0000226504,-0.0000115253,-0.000161382
-0.0512626,-0.00162597,0.414371,0.00109357,-0.000137171,0.00509931,0.999986,-0.00737448,0.891968,-1.57686,0.0073767,0.891943,-1.57685,-0.00737425,-0.91304,1.57283,0.00737222,-0.913074,1.57285,0.00015147,0.0000227037,-0.0000115253,-0.000162188
-0.0516374,-0.0016181,0.412542,0.00108855,-0.000137777,0.00510347,0.999986,-0.00741357,0.898779,-1.5882,0.00741553,0.898754,-1.58819,-0.00741291,-0.919983,1.58418,0.00741113,-0.920016,1.58419,0.000152227,0.0000227569,-0.0000115253,-0.000162996
-0.0520152,-0.00160965,0.410712,0.00108281,-0.000138862,0.00510714,0.999986,-0.00745245,0.905554,-1.59947,0.00745415,0.905529,-1.59946,-0.00745136,-0.92689,1.59546,0.00744983,-0.926921,1.59547,0.000152985,0.0000228096,-0.0000115252,-0.000163805
-0.0523947,-0.00160099,0.408886,0.00107674,-0.000140143,0.00511033,0.999986,-0.00749104,0.912278,-1.61066,0.00749249,0.912254,-1.61065,-0.00748952,-0.933745,1.60666,0.00748824,-0.933776,1.60667,0.000153744,0.0000228617,-0.0000115252,-0.000164615
-0.0527749,-0.00159246,0.407067,0.00107077,-0.000141339,0.00511304,0.999986,-0.00752926,0.918938,-1.62174,0.00753046,0.918914,-1.62173,-0.00752732,-0.940535,1.61775,0.00752627,-0.940564,1.61776,0.000154503,0.0000229133,-0.0000115252,-0.000165427
-0.0531546,-0.00158425,0.405262,0.00106511,-0.000142301,0.00511529,0.999986,-0.00756702,0.925519,-1.63269,0.00756799,0.925496,-1.63268,-0.00756466,-0.947243,1.62871,0.00756386,-0.947272,1.62871,0.000155263,0.0000229645,-0.0000115251,-0.00016624
-0.0535329,-0.00157635,0.403473,0.00105975,-0.000143079,0.00511718,0.999986,-0.00760425,0.932007,-1.64348,0.00760497,0.931984,-1.64348,-0.00760148,-0.953857,1.63951,0.0076009,-0.953886,1.63952,0.000156025,0.000023014,-0.000011525,-0.000167054
-0.0539087,-0.00156864,0.401705,0.0010545,-0.000143733,0.00511878,0.999986,-0.00764086,0.938386,-1.6541,0.00764134,0.938364,-1.65409,-0.00763768,-0.960361,1.65013,0.00763734,-0.960389,1.65014,0.00015679,0.0000230609,-0.000011525,-0.00016787
-0.0542811,-0.00156102,0.399963,0.00104925,-0.000144372,0.00512008,0.999986,-0.00767677,0.944644,-1.66451,0.00767701,0.944621,-1.6645,-0.00767318,-0.96674,1.66055,0.00767308,-0.966767,1.66056,0.000157557,0.0000231046,-0.0000115249,-0.000168687
-0.0546491,-0.00155343,0.398251,0.00104392,-0.000145076,0.00512112,0.999986,-0.00771191,0.950764,-1.67469,0.00771191,0.950742,-1.67469,-0.00770791,-0.972979,1.67075,0.00770804,-0.973006,1.67075,0.000158329,0.0000231452,-0.0000115248,-0.000169505
-0.0550114,-0.00154589,0.396574,0.00103851,-0.000145852,0.00512192,0.999986,-0.00774617,0.956733,-1.68462,0.00774593,0.956711,-1.68462,-0.00774177,-0.979064,1.68069,0.00774214,-0.979091,1.68069,0.000159103,0.000023183,-0.0000115246,-0.000170325
-0.0553671,-0.00153846,0.394936,0.00103308,-0.000146664,0.00512249,0.999986,-0.00777949,0.962537,-1.69428,0.00777902,0.962515,-1.69428,-0.0077747,-0.98498,1.69035,0.0077753,-0.985007,1.69035,0.000159879,0.0000232186,-0.0000115245,-0.000171146
-0.0557147,-0.00153121,0.393343,0.00102773,-0.000147463,0.00512288,0.999986,-0.00781176,0.96816,-1.70364,0.00781107,0.968138,-1.70363,-0.0078066,-0.990712,1.69971,0.00780741,-0.990739,1.69972,0.000160657,0.0000232527,-0.0000115244,-0.000171969
-0.0560532,-0.00152419,0.3918,0.00102251,-0.000148219,0.0051231,0.999986,-0.00784292,0.973588,-1.71267,0.00784202,0.973566,-1.71266,-0.00783739,-0.996246,1.70875,0.00783841,-0.996272,1.70876,0.000161436,0.0000232862,-0.0000115242,-0.000172793
-0.0563813,-0.00151743,0.39031,0.00101744,-0.000148932,0.00512318,0.999986,-0.00787286,0.978806,-1.72135,0.00787177,0.978785,-1.72135,-0.007867,-1.00157,1.71744,0.00786821,-1.00159,1.71745,0.000162214,0.0000233202,-0.000011524,-0.000173619
-0.0566977,-0.00151093,0.388879,0.00101252,-0.000149621,0.00512317,0.999986,-0.00790151,0.983801,-1.72966,0.00790025,0.983779,-1.72966,-0.00789533,-1.00666,1.72576,0.00789671,-1.00668,1.72576,0.000162991,0.0000233559,-0.0000115239,-0.000174446
-0.0570012,-0.00150467,0.387512,0.00100773,-0.000150315,0.0051231,0.999986,-0.00792877,0.988557,-1.73758,0.00792737,0.988536,-1.73757,-0.00792232,-1.01151,1.73368,0.00792384,-1.01153,1.73368,0.000163765,0.0000233945,-0.0000115237,-0.000175275
-0.0572906,-0.00149865,0.386213,0.00100305,-0.000151035,0.005123,0.999986,-0.00795457,0.99306,-1.74507,0.00795304,0.993039,-1.74507,-0.00794786,-1.0161,1.74118,0.00794951,-1.01612,1.74118,0.000164534,0.0000234375,-0.0000115235,-0.000176105
-0.0575645,-0.00149287,0.384988,0.000998479,-0.000151886,0.00512305,0.999986,-0.00797882,0.997296,-1.75212,0.0079772,0.997275,-1.75211,-0.00797189,-1.02041,1.74824,0.00797363,-1.02044,1.74824,0.000165299,0.0000234844,-0.0000115232,-0.000176936
-0.0578213,-0.0014873,0.383841,0.000993951,-0.00015283,0.00512351,0.999986,-0.00800146,1.00125,-1.75869,0.00799974,1.00123,-1.75869,-0.00799432,-1.02445,1.75482,0.00799615,-1.02447,1.75482,0.000166065,0.0000235311,-0.000011523,-0.000177769
-0.0580597,-0.00148207,0.382778,0.000989632,-0.000153695,0.00512432,0.999986,-0.0080224,1.00491,-1.76478,0.0080206,1.00489,-1.76478,-0.00801507,-1.02817,1.76091,0.00801698,-1.0282,1.76091,0.000166831,0.0000235774,-0.0000115228,-0.000178604
-0.0582784,-0.00147729,0.381802,0.000985659,-0.000154525,0.00512551,0.999986,-0.00804156,1.00825,-1.77035,0.00803968,1.00823,-1.77034,-0.00803405,-1.03158,1.76648,0.00803603,-1.03161,1.76648,0.000167597,0.0000236233,-0.0000115225,-0.00017944
-0.0584762,-0.00147296,0.38092,0.000982016,-0.000155347,0.00512712,0.999986,-0.00805885,1.01127,-1.77537,0.00805691,1.01125,-1.77537,-0.00805118,-1.03466,1.77151,0.00805322,-1.03469,1.77151,0.000168363,0.0000236689,-0.0000115223,-0.000180277
-0.0586517,-0.00146904,0.380136,0.000978641,-0.000156196,0.00512924,0.999986,-0.00807419,1.01395,-1.77983,0.0080722,1.01393,-1.77983,-0.00806638,-1.03739,1.77597,0.00806848,-1.03742,1.77597,0.00016913,0.0000237142,-0.000011522,-0.000181116
-0.0588035,-0.0014642,0.379316,0.000972815,-0.000169312,0.00511951,0.999986,-0.00809327,1.01748,-1.7853,0.0081035,1.01673,-1.78435,-0.00808101,-1.03984,1.78026,0.00809449,-1.04119,1.78151,0.000169707,0.0000237664,-0.0000115238,-0.000181763
-0.0589326,-0.00145601,0.376347,0.000939608,-0.000358317,0.00505029,0.999987,-0.00856774,1.03079,-1.80379,0.00831137,1.02805,-1.80038,-0.008141,-1.04969,1.79695,0.0087857,-1.05563,1.80134,0.000169649,0.0000238545,-0.0000116302,-0.000181706
-0.0589299,-0.00143303,0.3707,0.000864188,-0.000671209,0.00492829,0.999987,-0.00904523,1.05399,-1.83513,0.0087211,1.05045,-1.8312,-0.00830847,-1.06923,1.82913,0.00976392,-1.0785,1.83346,0.000169586,0.0000238711,-0.0000118123,-0.000181771
-0.0580971,-0.00135478,0.36344,0.000793746,-0.000677213,0.00468888,0.999988,-0.0089834,1.08548,-1.87501,0.00921401,1.08151,-1.87139,-0.0088177,-1.09249,1.86904,0.00962743,-1.10475,1.87199,0.000169495,0.0000237832,-0.0000122442,-0.000182191
-0.0559433,-0.00121135,0.355369,0.000621252,-0.0000891612,0.00433029,0.99999,-0.00865745,1.12452,-1.91999,0.00995963,1.11955,-1.91646,-0.00944391,-1.11518,1.91192,0.00933553,-1.131,1.91334,0.000169402,0.0000236574,-0.0000127551,-0.000182737
-0.0521645,-0.0010063,0.347128,0.000434224,0.00110346,0.00387243,0.999992,-0.00831853,1.17047,-1.96596,0.0107629,1.16368,-1.96287,-0.010392,-1.13307,1.95396,0.00876364,-1.15315,1.95346,0.000169267,0.0000234837,-0.0000133737,-0.000183375
-0.0466692,-0.000754937,0.339175,0.000169324,0.0026938,0.00334389,0.999991,-0.00784005,1.22174,-2.00943,0.011723,1.21263,-2.00676,-0.0114798,-1.14619,1.99325,0.00807533,-1.16901,1.99079,0.000169009,0.0000232229,-0.0000139355,-0.000183869
-0.0399888,-0.000470172,0.33196,-0.000143039,0.00415215,0.00289542,0.999987,-0.00749714,1.27073,-2.04747,0.0125272,1.25984,-2.04453,-0.0125206,-1.15504,2.02875,0.00743573,-1.17793,2.02438,0.000168721,0.0000229453,-0.0000141415,-0.000184082
-0.0327719,-0.00016826,0.325782,-0.000475848,0.00507051,0.00263199,0.999984,-0.00742944,1.31659,-2.07788,0.0129975,1.30441,-2.0744,-0.0133187,-1.15733,2.05943,0.00700003,-1.18024,2.05359,0.000168633,0.0000228496,-0.0000142101,-0.000184154
-0.025544,0.000140093,0.32069,-0.000825139,0.0051832,0.00254615,0.999983,-0.00759518,1.35811,-2.10015,0.013155,1.34466,-2.0956,-0.0138367,-1.15452,2.08584,0.00680853,-1.17722,2.07882,0.000168659,0.0000228685,-0.0000141676,-0.000184115
-0.0187138,0.000459461,0.316615,-0.00117766,0.00434761,0.00252337,0.999987,-0.00786854,1.39415,-2.11456,0.013121,1.37935,-2.10868,-0.0142941,-1.14837,2.10916,0.00665668,-1.17057,2.10076,0.000168776,0.0000229759,-0.0000140373,-0.000183989
-0.0125807,0.000800163,0.313445,-0.00152196,0.00252415,0.00250243,0.999993,-0.00821772,1.42416,-2.12196,0.0129305,1.40789,-2.11459,-0.0148529,-1.14028,2.13012,0.00639186,-1.16184,2.12016,0.000168958,0.0000231465,-0.0000138428,-0.000183801
-0.0073443,0.0011694,0.311067,-0.00184823,-0.000246053,0.00248005,0.999995,-0.0086806,1.44802,-2.12347,0.0125528,1.43011,-2.11439,-0.0155683,-1.1315,2.14933,0.00596431,-1.15237,2.1377,0.000169187,0.00002336,-0.0000136195,-0.000183572
-0.00311531,0.00157043,0.309383,-0.00211484,-0.00385495,0.00245925,0.999987,-0.00935302,1.46586,-2.12012,0.0119019,1.44617,-2.10917,-0.016535,-1.12302,2.16722,0.00528253,-1.14313,2.15381,0.000169449,0.0000236001,-0.0000134032,-0.000183316
0.0000692362,0.00200608,0.308305,-0.00230626,-0.00816073,0.00244671,0.999961,-0.010279,1.47805,-2.11289,0.0109438,1.45652,-2.09995,-0.0177882,-1.11558,2.18412,0.00431468,-1.13476,2.16869,0.000169719,0.0000238448,-0.0000131925,-0.000183055
0.00223153,0.00247972,0.307755,-0.00244489,-0.0130096,0.00244738,0.999909,-0.0114255,1.4851,-2.10264,0.00972143,1.46166,-2.08754,-0.0192872,-1.1096,2.20014,0.00310081,-1.12763,2.18244,0.000169978,0.0000240768,-0.0000129853,-0.000182806
0.00343922,0.00299457,0.30767,-0.00257755,-0.0182483,0.00246252,0.999827,-0.012705,1.48765,-2.09007,0.00833108,1.46218,-2.07262,-0.0209451,-1.10525,2.21528,0.00172578,-1.12185,2.19499,0.00017021,0.0000242836,-0.0000127807,-0.000182583
0.00379227,0.0035531,0.307993,-0.00276112,-0.0237334,0.00248904,0.999711,-0.0140039,1.48635,-2.07577,0.00689479,1.45866,-2.05566,-0.0226565,-1.1025,2.22947,0.000291986,-1.11739,2.20624,0.000170407,0.0000244574,-0.0000125801,-0.000182392
0.00341127,0.00415545,0.30868,-0.00302557,-0.02933,0.00252469,0.999562,-0.0152565,1.4818,-2.06016,0.00548565,1.45164,-2.03706,-0.0243544,-1.10111,2.24249,-0.00113988,-1.11405,2.21606,0.000170572,0.0000245996,-0.0000124051,-0.000182234
0.00242681,0.0047995,0.309693,-0.00337007,-0.0349174,0.00257006,0.999381,-0.0164528,1.47455,-2.04356,0.00411875,1.44173,-2.01714,-0.0260218,-1.10084,2.25419,-0.00255562,-1.11155,2.22425,0.000170708,0.0000247104,-0.000012262,-0.000182107
0.000970061,0.00548348,0.310998,-0.00378827,-0.0404005,0.00262374,0.999173,-0.0175954,1.46515,-2.02623,0.00279817,1.42946,-1.99614,-0.027657,-1.10136,2.26444,-0.00395549,-1.10956,2.23072,0.000170814,0.0000247904,-0.0000121502,-0.000182012
-0.000833879,0.00620969,0.312562,-0.0042677,-0.045712,0.00268614,0.998942,-0.0187147,1.45415,-2.00843,0.00150034,1.41529,-1.97424,-0.0292815,-1.10233,2.27316,-0.00536157,-1.10776,2.23539,0.000170892,0.0000248418,-0.0000120678,-0.000181947
-0.00287065,0.00698153,0.314356,-0.00479101,-0.0508129,0.00275746,0.998693,-0.0198491,1.44182,-1.99011,0.000188662,1.39965,-1.95153,-0.0309334,-1.10343,2.28033,-0.00681196,-1.10586,2.2383,0.000170945,0.0000248677,-0.0000120123,-0.000181909
-0.00504059,0.00780325,0.316353,-0.00533595,-0.0556904,0.00283057,0.99843,-0.0210416,1.42851,-1.9713,-0.00117745,1.3829,-1.92807,-0.0326831,-1.10435,2.28601,-0.00837587,-1.10365,2.23959,0.000170977,0.0000248721,-0.0000119798,-0.000181893
-0.0072606,0.00867962,0.318528,-0.00587491,-0.0603544,0.00288056,0.998156,-0.0223273,1.41449,-1.95194,-0.00263116,1.36534,-1.9039,-0.0346566,-1.10483,2.29035,-0.0101719,-1.10086,2.2393,0.000170991,0.0000248589,-0.0000119663,-0.000181896
-0.00946443,0.0096141,0.320858,-0.00637974,-0.0648336,0.0028795,0.997872,-0.023735,1.40001,-1.93198,-0.00419916,1.34721,-1.87904,-0.0369866,-1.10465,2.29354,-0.0123238,-1.09734,2.23754,0.000170992,0.000024832,-0.0000119677,-0.000181914
-0.0116023,0.0106093,0.323323,-0.00682539,-0.0691708,0.00280719,0.997578,-0.0252939,1.38524,-1.91131,-0.00591132,1.32877,-1.85354,-0.0397825,-1.10366,2.29579,-0.0149309,-1.09298,2.23452,0.000170982,0.0000247958,-0.0000119801,-0.000181943
-0.0136397,0.0116687,0.325906,-0.00719172,-0.0734177,0.00266368,0.997272,-0.027049,1.37032,-1.88987,-0.00781386,1.31017,-1.82738,-0.0431058,-1.10176,2.29733,-0.0180463,-1.08772,2.23045,0.000170966,0.0000247524,-0.000012,-0.000181979
-0.0155558,0.0127938,0.328589,-0.00746362,-0.0776303,0.00245552,0.996951,-0.0290363,1.35533,-1.86755,-0.0099413,1.29143,-1.80034,-0.0469879,-1.0989,2.29835,-0.0216937,-1.08154,2.22556,0.000170945,0.0000247054,-0.0000120246,-0.000182019
-0.0173413,0.0139835,0.331357,-0.00763062,-0.0818643,0.00218941,0.996612,-0.0312756,1.34032,-1.84428,-0.0123132,1.27258,-1.77232,-0.0514435,-1.09508,2.29906,-0.0258805,-1.07445,2.22009,0.000170923,0.0000246574,-0.0000120512,-0.000182061
-0.0189961,0.0152342,0.334197,-0.00768701,-0.0861712,0.00187224,0.996249,-0.0337715,1.32531,-1.81998,-0.0149343,1.25366,-1.74324,-0.0564709,-1.09032,2.29964,-0.0305982,-1.0665,2.21424,0.000170901,0.0000246106,-0.0000120779,-0.000182102
-0.0205274,0.0165404,0.337097,-0.00763229,-0.0905955,0.0015111,0.995857,-0.0365145,1.3103,-1.79455,-0.0177957,1.23466,-1.713,-0.0620526,-1.08465,2.30025,-0.0358234,-1.05775,2.20821,0.000170879,0.0000245664,-0.0000121033,-0.000182141
-0.0219471,0.0178954,0.340046,-0.00747047,-0.0951721,0.00111318,0.995432,-0.0394838,1.29525,-1.76794,-0.020877,1.21559,-1.68156,-0.0681576,-1.07814,2.30102,-0.0415205,-1.04829,2.20216,0.00017086,0.0000245259,-0.0000121263,-0.000182176
-0.0232706,0.0192912,0.343034,-0.00720972,-0.0999248,0.000685652,0.994969,-0.042649,1.28014,-1.74011,-0.0241482,1.19642,-1.64885,-0.0747434,-1.07086,2.30204,-0.0476428,-1.0382,2.19621,0.000170844,0.0000244896,-0.0000121463,-0.000182208
-0.0245145,0.0207196,0.346052,-0.00685895,-0.104866,0.000234491,0.994463,-0.0459788,1.26498,-1.71112,-0.0275766,1.17705,-1.61478,-0.0817616,-1.06281,2.30328,-0.0541476,-1.02762,2.19051,0.00017083,0.0000244584,-0.0000121626,-0.000182236
-0.0256959,0.0221758,0.349091,-0.00642257,-0.109997,-0.000249634,0.993911,-0.0494459,1.24975,-1.68099,-0.0311326,1.15742,-1.57931,-0.0892236,-1.05406,2.3048,-0.0610433,-1.01666,2.18513,0.000170811,0.0000244388,-0.0000121824,-0.000182253
-0.0268302,0.0236508,0.352145,-0.00592759,-0.115309,-0.000758213,0.993312,-0.0529773,1.23412,-1.64933,-0.0347601,1.13779,-1.54288,-0.0970629,-1.04495,2.30693,-0.0682173,-1.00515,2.17975,0.000170795,0.0000244229,-0.0000121996,-0.000182266
-0.0279319,0.025129,0.355206,-0.00540727,-0.120777,-0.00124427,0.992664,-0.0565189,1.2181,-1.61634,-0.0384032,1.11806,-1.50539,-0.105047,-1.03551,2.30948,-0.0754565,-0.993203,2.1745,0.000170786,0.0000244057,-0.0000122084,-0.000182281
-0.0290133,0.0265995,0.358267,-0.00487124,-0.126369,-0.00169329,0.99197,-0.0600568,1.20204,-1.58262,-0.0420245,1.09784,-1.46638,-0.113054,-1.02551,2.31197,-0.0827024,-0.981205,2.16977,0.000170779,0.0000243921,-0.0000122157,-0.000182292
-0.0300835,0.0280556,0.361322,-0.00434315,-0.132051,-0.00210352,0.991231,-0.0635284,1.18575,-1.54802,-0.0455727,1.07726,-1.42616,-0.121017,-1.01517,2.31455,-0.0898663,-0.969072,2.16531,0.000170773,0.0000243805,-0.0000122208,-0.000182301
-0.0311494,0.0294911,0.364365,-0.00383699,-0.137782,-0.00247514,0.990452,-0.066896,1.16918,-1.51262,-0.0490115,1.05632,-1.38482,-0.128879,-1.00458,2.31714,-0.0968923,-0.95685,2.16104,0.000170769,0.0000243701,-0.0000122236,-0.000182309
-0.0322152,0.0309006,0.367388,-0.00336312,-0.143519,-0.00280967,0.989638,-0.0701313,1.15235,-1.47655,-0.0523127,1.03499,-1.34247,-0.136589,-0.993799,2.31969,-0.103736,-0.944598,2.1569,0.000170766,0.0000243604,-0.0000122247,-0.000182317
-0.033283,0.0322797,0.370385,-0.00292901,-0.149219,-0.00310953,0.988795,-0.0732136,1.13527,-1.43994,-0.0554553,1.01326,-1.2992,-0.144106,-0.982901,2.3221,-0.110362,-0.932374,2.15283,0.000170765,0.000024351,-0.0000122245,-0.000182324
-0.0343528,0.0336247,0.373349,-0.00253929,-0.154839,-0.00337788,0.987931,-0.0761288,1.11794,-1.40292,-0.0584255,0.991123,-1.25512,-0.151394,-0.971944,2.32431,-0.116743,-0.920232,2.14875,0.000170763,0.0000243413,-0.0000122235,-0.000182332
-0.0354227,0.0349326,0.376274,-0.00219595,-0.16034,-0.00361825,0.987053,-0.0788693,1.10041,-1.36563,-0.0612155,0.968574,-1.21032,-0.158426,-0.960988,2.32624,-0.122857,-0.908223,2.14462,0.000170761,0.0000243312,-0.000012222,-0.00018234
-0.0364897,0.0362009,0.379152,-0.00189706,-0.165685,-0.00383426,0.986169,-0.081436,1.0827,-1.32821,-0.0638264,0.945618,-1.16491,-0.165185,-0.950086,2.32784,-0.128693,-0.896396,2.14039,0.00017076,0.0000243203,-0.0000122195,-0.00018235
-0.0375494,0.037427,0.381978,-0.00162817,-0.170841,-0.00402766,0.985289,-0.0838549,1.06484,-1.2908,-0.066285,0.922275,-1.11902,-0.171678,-0.939292,2.32906,-0.134269,-0.884798,2.13603,0.000170758,0.0000243084,-0.0000122159,-0.000182362
-0.0385968,0.0386093,0.384743,-0.00138428,-0.175782,-0.00420179,0.984419,-0.0861344,1.04688,-1.25353,-0.0685999,0.898562,-1.07274,-0.177898,-0.928659,2.32987,-0.139587,-0.873468,2.13151,0.000170756,0.0000242955,-0.0000122123,-0.000182375
-0.0396266,0.0397462,0.38744,-0.00116272,-0.180485,-0.00436019,0.983567,-0.0882789,1.02888,-1.21654,-0.0707756,0.8745,-1.02616,-0.183834,-0.918234,2.33024,-0.144643,-0.862449,2.12683,0.000170753,0.0000242817,-0.0000122089,-0.00018239
-0.0406333,0.040837,0.390062,-0.000932113,-0.184933,-0.0045145,0.98274,-0.0903502,1.01111,-1.18027,-0.0728604,0.849906,-0.97906,-0.189545,-0.90787,2.32995,-0.149552,-0.851962,2.12219,0.000170753,0.0000242629,-0.0000122019,-0.000182409
-0.041611,0.0418912,0.392601,-0.000687664,-0.189124,-0.00471276,0.981942,-0.0923427,0.993502,-1.1446,-0.0748543,0.824884,-0.931665,-0.195221,-0.897712,2.32928,-0.154439,-0.841922,2.11738,0.000170745,0.0000242519,-0.0000122018,-0.000182424
-0.0425501,0.0429102,0.395043,-0.000524234,-0.193062,-0.00498671,0.981174,-0.0940512,0.975821,-1.10911,-0.0765722,0.79997,-0.884853,-0.200774,-0.888087,2.32873,-0.159114,-0.832101,2.1121,0.000170724,0.0000242192,-0.0000121566,-0.000182456
-0.0434432,0.0438912,0.397377,-0.00044797,-0.196739,-0.00536531,0.980441,-0.0954533,0.958426,-1.07436,-0.0779746,0.774854,-0.838173,-0.20621,-0.878773,2.32805,-0.163632,-0.822756,2.10663,0.000170702,0.0000241838,-0.0000121068,-0.000182492
-0.0442883,0.0448285,0.399607,-0.000428725,-0.200152,-0.00582213,0.979748,-0.0966179,0.941366,-1.04046,-0.0791304,0.749546,-0.791638,-0.211502,-0.869792,2.3272,-0.167984,-0.813895,2.101,0.000170681,0.0000241491,-0.0000120584,-0.000182527
-0.0450831,0.0457169,0.401729,-0.000442633,-0.203297,-0.00633132,0.979097,-0.0976007,0.924684,-1.00755,-0.0800973,0.724088,-0.745311,-0.21661,-0.861178,2.32613,-0.172154,-0.805525,2.09528,0.000170661,0.0000241149,-0.0000120114,-0.000182564
-0.0458259,0.0465514,0.40374,-0.00047034,-0.206173,-0.00686888,0.978491,-0.0984479,0.908443,-0.975768,-0.0809233,0.698534,-0.699267,-0.221492,-0.852972,2.32484,-0.17612,-0.797659,2.08954,0.000170642,0.0000240815,-0.0000119656,-0.000182602
-0.0465148,0.0473274,0.405634,-0.000497509,-0.208782,-0.00741286,0.977934,-0.099195,0.892723,-0.945266,-0.081646,0.672951,-0.653603,-0.226104,-0.845213,2.32333,-0.179856,-0.79031,2.08386,0.000170625,0.0000240488,-0.0000119208,-0.00018264
-0.0471481,0.048041,0.407407,-0.000515327,-0.211125,-0.00794419,0.977427,-0.0998661,0.87762,-0.916227,-0.0822911,0.647417,-0.608437,-0.230399,-0.837941,2.32162,-0.183331,-0.78349,2.0783,0.000170608,0.0000240172,-0.0000118769,-0.000182679
-0.0477242,0.0486889,0.409053,-0.000520572,-0.213205,-0.00844679,0.976971,-0.100473,0.863239,-0.888838,-0.0828723,0.622033,-0.563917,-0.234328,-0.831193,2.31973,-0.186512,-0.777207,2.07293,0.000170593,0.0000239866,-0.0000118339,-0.000182718
-0.0482425,0.0492659,0.410573,-0.000623285,-0.215035,-0.00888753,0.976566,-0.10081,0.84927,-0.862622,-0.0832062,0.597372,-0.520922,-0.237564,-0.825315,2.31809,-0.188994,-0.771135,2.0675,0.000170576,0.0000239611,-0.0000117915,-0.000182757
-0.0486995,0.0497584,0.411953,-0.000660051,-0.21659,-0.00922977,0.976219,-0.101203,0.836547,-0.839008,-0.0835926,0.573096,-0.478927,-0.240253,-0.819875,2.31597,-0.191136,-0.765813,2.06268,0.000170567,0.0000239275,-0.0000117454,-0.000182798
-0.0490951,0.0501679,0.413191,-0.000651736,-0.217875,-0.00947754,0.97593,-0.101613,0.825146,-0.818126,-0.0839931,0.549217,-0.437967,-0.24238,-0.815001,2.31356,-0.192885,-0.761144,2.05835,0.000170555,0.0000238996,-0.0000117013,-0.000182837
-0.0494284,0.0504982,0.414289,-0.000685095,-0.218908,-0.00963435,0.975698,-0.101876,0.815,-0.799823,-0.084254,0.526275,-0.398878,-0.24378,-0.810782,2.31104,-0.194039,-0.757002,2.05444,0.000170544,0.0000238744,-0.000011656,-0.000182876
-0.0496874,0.0507551,0.415213,-0.0000751623,-0.21963,-0.00977439,0.975534,-0.103302,0.808244,-0.787584,-0.0855992,0.503014,-0.359897,-0.246124,-0.805824,2.30657,-0.196678,-0.755082,2.0525,0.00017057,0.0000237975,-0.0000116168,-0.000182899
-0.0498889,0.0509941,0.416017,0.000340461,-0.220181,-0.01003,0.975407,-0.104249,0.801627,-0.775752,-0.0864912,0.481387,-0.324,-0.248395,-0.802145,2.30356,-0.198663,-0.753472,2.05057,0.000170568,0.0000237596,-0.0000115948,-0.000182899
-0.0500362,0.0512121,0.416717,0.000368389,-0.220642,-0.0103802,0.9753,-0.104361,0.795145,-0.764133,-0.0865838,0.463487,-0.294357,-0.249981,-0.79921,2.30156,-0.199513,-0.751707,2.04825,0.000170587,0.0000237078,-0.0000115593,-0.000182899
-0.0501292,0.0513937,0.417288,0.000510775,-0.22092,-0.0108135,0.975232,-0.104589,0.789927,-0.754801,-0.0867823,0.448593,-0.270065,-0.25192,-0.796654,2.29971,-0.200518,-0.750532,2.04573,0.000170609,0.0000236508,-0.0000115207,-0.000182898
-0.0501785,0.051541,0.417759,0.000724657,-0.22104,-0.0113149,0.975199,-0.10486,0.785772,-0.747425,-0.0870151,0.436675,-0.25102,-0.254063,-0.794433,2.29794,-0.201611,-0.75016,2.04308,0.000170632,0.0000235963,-0.0000114802,-0.000182897
-0.0501949,0.0516571,0.418152,0.000925159,-0.22104,-0.0118667,0.975192,-0.105028,0.782462,-0.741596,-0.0871397,0.427863,-0.237324,-0.256168,-0.792503,2.29629,-0.202597,-0.750724,2.0404,0.000170656,0.0000235427,-0.0000114379,-0.000182896
-0.0501872,0.0517444,0.418479,0.00109759,-0.220942,-0.0124517,0.975207,-0.105077,0.779888,-0.737125,-0.0871424,0.422057,-0.228757,-0.258158,-0.790834,2.29472,-0.203426,-0.752376,2.03776,0.000170681,0.0000234883,-0.0000113944,-0.000182895
-0.0501635,0.0518053,0.418748,0.0012383,-0.220765,-0.0130537,0.975239,-0.105014,0.777949,-0.733834,-0.087031,0.418958,-0.224782,-0.259996,-0.789408,2.29323,-0.204066,-0.755233,2.03521,0.000170705,0.0000234324,-0.0000113507,-0.000182894
-0.0501289,0.0518443,0.418968,0.00135947,-0.220535,-0.0136471,0.975283,-0.104885,0.776521,-0.731495,-0.086855,0.418168,-0.224671,-0.261674,-0.788212,2.29184,-0.204839,-0.759296,2.03303,0.000170727,0.0000233738,-0.0000113079,-0.000182889
-0.0500911,0.051863,0.419147,0.00145154,-0.220259,-0.014227,0.975337,-0.104678,0.775531,-0.729995,-0.0866007,0.419154,-0.227548,-0.263154,-0.787224,2.2905,-0.205314,-0.764692,2.03097,0.000170749,0.0000233125,-0.0000112661,-0.000182886
-0.0500542,0.0518651,0.419292,0.00151765,-0.21995,-0.0147833,0.975398,-0.104409,0.774892,-0.729178,-0.0862874,0.421398,-0.232534,-0.264436,-0.786433,2.28923,-0.205476,-0.771438,2.02903,0.000170768,0.0000232487,-0.0000112254,-0.000182883
-0.0500211,0.0518542,0.419408,0.00155901,-0.219624,-0.0153073,0.975463,-0.104093,0.774523,-0.728891,-0.0859299,0.424445,-0.238848,-0.265521,-0.78582,2.28804,-0.20532,-0.779516,2.0272,0.000170787,0.0000231827,-0.0000111859,-0.000182881
-0.0499934,0.0518335,0.4195,0.00158035,-0.219291,-0.0157917,0.97553,-0.10375,0.774357,-0.729004,-0.0855481,0.427912,-0.245834,-0.266422,-0.785362,2.28693,-0.204852,-0.78889,2.02545,0.000170803,0.0000231147,-0.0000111474,-0.000182878
-0.0499718,0.0518059,0.419573,0.00158574,-0.218964,-0.0162316,0.975597,-0.103395,0.774339,-0.729402,-0.0851586,0.431502,-0.252973,-0.267153,-0.785037,2.2859,-0.204069,-0.799512,2.02374,0.000170819,0.0000230453,-0.0000111101,-0.000182875
-0.0499562,0.051774,0.419629,0.00157885,-0.218651,-0.0166229,0.97566,-0.103042,0.774419,-0.729983,-0.0847758,0.434996,-0.259879,-0.267728,-0.78482,2.28498,-0.202988,-0.811312,2.02203,0.000170834,0.0000229748,-0.0000110736,-0.000182873
-0.0499459,0.05174,0.419673,0.00156229,-0.218361,-0.0169637,0.975719,-0.102702,0.774559,-0.730661,-0.0844103,0.438243,-0.266279,-0.268165,-0.784689,2.28415,-0.201631,-0.82421,2.02026,0.000170848,0.0000229035,-0.0000110378,-0.00018287
-0.0499402,0.0517055,0.419706,0.0015379,-0.218101,-0.017253,0.975772,-0.102383,0.774729,-0.731366,-0.0840695,0.441138,-0.27198,-0.268477,-0.784623,2.28343,-0.200017,-0.838117,2.01837,0.000170861,0.0000228318,-0.0000110027,-0.000182868
-0.0499378,0.0516722,0.41973,0.00150645,-0.217876,-0.0174916,0.975819,-0.102088,0.774904,-0.732043,-0.083757,0.44362,-0.276869,-0.268676,-0.784603,2.28282,-0.198167,-0.852935,2.01627,0.000170874,0.0000227599,-0.000010968,-0.000182865
-0.0499378,0.0516408,0.419748,0.00146918,-0.217688,-0.0176813,0.975857,-0.10182,0.775067,-0.732648,-0.0834757,0.445657,-0.280883,-0.268778,-0.784614,2.28232,-0.196103,-0.868565,2.01389,0.000170887,0.0000226881,-0.0000109337,-0.000182862
-0.0499392,0.0516122,0.419761,0.00142687,-0.21754,-0.0178246,0.975888,-0.101581,0.775206,-0.733155,-0.0832264,0.44724,-0.284006,-0.268794,-0.784642,2.28193,-0.193854,-0.884894,2.01114,0.0001709,0.0000226166,-0.0000108996,-0.00018286
-0.049941,0.0515869,0.41977,0.00138068,-0.217431,-0.0179247,0.97591,-0.101371,0.775313,-0.733544,-0.0830102,0.448377,-0.286248,-0.268738,-0.784676,2.28165,-0.191464,-0.901804,2.00792,0.000170913,0.0000225455,-0.0000108657,-0.000182857
-0.0499425,0.0515651,0.419776,0.0013313,-0.21736,-0.0179853,0.975925,-0.10119,0.775384,-0.733807,-0.0828256,0.449087,-0.287648,-0.26862,-0.784709,2.28146,-0.188965,-0.919172,2.00413,0.000170926,0.0000224752,-0.000010832,-0.000182855
-0.0499433,0.0515467,0.41978,0.00127874,-0.217323,-0.0180105,0.975933,-0.101035,0.775417,-0.733943,-0.0826695,0.449397,-0.288261,-0.268448,-0.784735,2.28137,-0.186382,-0.936876,1.99967,0.00017094,0.0000224056,-0.0000107984,-0.000182853
-0.0499429,0.0515316,0.419782,0.00122366,-0.217319,-0.018005,0.975934,-0.100904,0.775413,-0.733958,-0.0825392,0.449346,-0.288163,-0.268231,-0.784752,2.28135,-0.183737,-0.954792,1.99445,0.000170955,0.0000223367,-0.0000107651,-0.000182851
-0.0499414,0.0515194,0.419784,0.00116579,-0.217341,-0.0179735,0.97593,-0.100792,0.775377,-0.733868,-0.0824297,0.448971,-0.287433,-0.267976,-0.784757,2.28139,-0.181045,-0.972796,1.98839,0.000170969,0.0000222688,-0.0000107322,-0.000182849
-0.0499388,0.0515099,0.419785,0.00110433,-0.217385,-0.0179211,0.975921,-0.100692,0.775312,-0.733686,-0.0823349,0.448317,-0.286162,-0.267688,-0.784751,2.28149,-0.178318,-0.990763,1.98142,0.000170985,0.0000222018,-0.0000107002,-0.000182847
-0.0499353,0.0515026,0.419787,0.0010392,-0.217447,-0.0178524,0.975908,-0.100602,0.775224,-0.733432,-0.0822502,0.44743,-0.284443,-0.267372,-0.784735,2.28162,-0.175566,-1.00857,1.97345,0.000171001,0.0000221358,-0.0000106696,-0.000182845
-0.0499311,0.0514972,0.419789,0.000970232,-0.21752,-0.0177722,0.975894,-0.100517,0.77512,-0.733126,-0.0821708,0.446357,-0.282373,-0.267034,-0.784713,2.28178,-0.172802,-1.02609,1.96443,0.000171018,0.0000220707,-0.0000106413,-0.000182844
-0.0499265,0.0514932,0.419792,0.000897081,-0.217601,-0.0176846,0.975877,-0.100432,0.775004,-0.732789,-0.082092,0.445145,-0.280047,-0.266679,-0.784685,2.28196,-0.170032,-1.04321,1.95431,0.000171035,0.0000220066,-0.0000106168,-0.000182843
-0.0499219,0.0514905,0.419795,0.000819502,-0.217685,-0.0175937,0.97586,-0.100343,0.774884,-0.732439,-0.0820095,0.44384,-0.277557,-0.266309,-0.784656,2.28214,-0.167264,-1.05982,1.94303,0.000171053,0.0000219435,-0.000010598,-0.000182842
-0.0499176,0.0514886,0.4198,0.00073721,-0.217768,-0.0175032,0.975843,-0.100246,0.774766,-0.732095,-0.0819193,0.442486,-0.274991,-0.26593,-0.784628,2.28232,-0.164505,-1.0758,1.93057,0.000171072,0.0000218812,-0.0000105873,-0.000182841
-0.0499138,0.0514874,0.419805,0.00065027,-0.217846,-0.0174161,0.975827,-0.10014,0.774654,-0.731771,-0.0818186,0.441125,-0.27243,-0.265545,-0.784604,2.28249,-0.161758,-1.09106,1.91692,0.000171091,0.0000218197,-0.0000102486,-0.000182841
-0.0499108,0.0514865,0.419811,0.000558772,-0.217918,-0.0173351,0.975813,-0.100021,0.774553,-0.731482,-0.0817051,0.439794,-0.269946,-0.265159,-0.784585,2.28264,-0.159025,-1.10552,1.90209,0.000171111,0.000021759,-0.0000102387,-0.00018284
-0.0499086,0.0514859,0.419818,0.000463481,-0.21798,-0.0172622,0.975801,-0.09989,0.774466,-0.731235,-0.0815782,0.438529,-0.267605,-0.264776,-0.784574,2.28277,-0.156312,-1.1191,1.88609,0.000171131,0.000021699,-0.0000102196,-0.00018284
-0.0499075,0.0514854,0.419825,0.000365469,-0.218031,-0.0171989,0.97579,-0.0997471,0.774395,-0.731038,-0.0814387,0.437357,-0.265458,-0.264401,-0.784571,2.28287,-0.153624,-1.13175,1.86895,0.000171151,0.0000216396,-0.0000101935,-0.00018284
-0.0499075,0.0514849,0.419833,0.000265729,-0.218071,-0.0171463,0.975782,-0.0995934,0.774342,-0.730895,-0.0812874,0.436301,-0.263547,-0.264039,-0.784577,2.28295,-0.150967,-1.1434,1.85069,0.000171172,0.0000215807,-0.0000101625,-0.00018284
-0.0499085,0.0514843,0.419841,0.000165433,-0.218098,-0.0171051,0.975777,-0.0994306,0.774306,-0.730807,-0.081126,0.435378,-0.261901,-0.263693,-0.784592,2.283,-0.148349,-1.15401,1.83135,0.000171193,0.0000215223,-0.000010128,-0.00018284
-0.0499105,0.0514837,0.419849,0.0000658762,-0.218114,-0.0170755,0.975774,-0.0992609,0.774289,-0.730772,-0.0809567,0.434598,-0.260537,-0.263368,-0.784614,2.28302,-0.145775,-1.16356,1.81099,0.000171214,0.0000214644,-0.0000100912,-0.00018284
-0.0499133,0.0514829,0.419857,-0.0000317147,-0.218119,-0.0170572,0.975773,-0.0990868,0.774288,-0.730785,-0.080782,0.433967,-0.259459,-0.263068,-0.784644,2.28303,-0.143254,-1.17202,1.78965,0.000171236,0.0000214069,-0.0000100526,-0.00018284
-0.0499168,0.0514821,0.419865,-0.000125815,-0.218114,-0.0170497,0.975774,-0.0989116,0.774301,-0.73084,-0.0806053,0.433481,-0.258662,-0.262796,-0.784678,2.28301,-0.140791,-1.17939,1.76741,0.000171257,0.0000213498,-0.0000100129,-0.000182841
-0.0499209,0.0514812,0.419873,-0.000215299,-0.2181,-0.0170523,0.975777,-0.0987379,0.774325,-0.730931,-0.0804292,0.433136,-0.25813,-0.262553,-0.784717,2.28298,-0.138392,-1.18566,1.74434,0.000171279,0.000021293,-0.00000997224,-0.000182841
-0.0499253,0.0514801,0.419881,-0.00029855,-0.218079,-0.0170638,0.975782,-0.0985695,0.774359,-0.731047,-0.0802578,0.432921,-0.257841,-0.262343,-0.784757,2.28293,-0.136063,-1.19087,1.72053,0.0001713,0.0000212365,-0.00000993096,-0.000182841
-0.0499299,0.0514788,0.419888,-0.000374558,-0.218053,-0.017083,0.975787,-0.0984092,0.774397,-0.73118,-0.0800939,0.432821,-0.257766,-0.262167,-0.784798,2.28287,-0.13381,-1.19502,1.69606,0.000171322,0.0000211803,-0.00000988916,-0.000182842
-0.0499345,0.0514774,0.419895,-0.000442476,-0.218023,-0.0171086,0.975794,-0.0982594,0.774438,-0.731321,-0.07994,0.432819,-0.25787,-0.262025,-0.784837,2.2828,-0.131637,-1.19815,1.67103,0.000171344,0.0000211244,-0.00000984694,-0.000182843
-0.0499389,0.0514758,0.419901,-0.000501991,-0.217991,-0.0171392,0.9758,-0.0981218,0.774479,-0.731461,-0.079798,0.432898,-0.258118,-0.261916,-0.784872,2.28274,-0.129546,-1.20031,1.64553,0.000171366,0.0000210688,-0.00000980433,-0.000182843
-0.049943,0.051474,0.419906,-0.000552802,-0.217958,-0.0171735,0.975807,-0.0979978,0.774516,-0.731594,-0.0796693,0.433038,-0.25847,-0.261838,-0.784903,2.28267,-0.127541,-1.20154,1.61969,0.000171388,0.0000210136,-0.0000097614,-0.000182844
-0.0499467,0.0514721,0.419911,-0.000595189,-0.217927,-0.01721,0.975813,-0.0978879,0.774548,-0.73171,-0.0795546,0.433217,-0.258887,-0.261789,-0.784928,2.2826,-0.125622,-1.2019,1.59361,0.000171411,0.0000209587,-0.00000971824,-0.000182845
-0.04995,0.0514699,0.419916,-0.000629104,-0.217898,-0.0172474,0.975819,-0.097793,0.774571,-0.731805,-0.079455,0.433418,-0.259334,-0.261765,-0.784946,2.28254,-0.123792,-1.20145,1.5674,0.000171433,0.0000209041,-0.0000096748,-0.000182846
-0.0499527,0.0514675,0.41992,-0.000654951,-0.217872,-0.0172844,0.975824,-0.0977133,0.774586,-0.731874,-0.0793708,0.433624,-0.25978,-0.261764,-0.784957,2.28249,-0.122052,-1.20026,1.54119,0.000171456,0.0000208499,-0.00000963112,-0.000182847
-0.0499548,0.0514648,0.419923,-0.000673482,-0.217851,-0.0173199,0.975828,-0.0976481,0.77459,-0.731914,-0.0793011,0.43382,-0.260195,-0.261781,-0.78496,2.28245,-0.120401,-1.1984,1.51509,0.000171479,0.0000207961,-0.00000958711,-0.000182848
-0.0499563,0.051462,0.419926,-0.000685226,-0.217835,-0.0173528,0.975831,-0.0975971,0.774583,-0.731922,-0.079246,0.433994,-0.260557,-0.261812,-0.784956,2.28242,-0.11884,-1.19594,1.48924,0.000171502,0.0000207427,-0.00000954291,-0.000182849
-0.0499573,0.0514588,0.419928,-0.000691164,-0.217825,-0.0173824,0.975833,-0.0975589,0.774566,-0.731899,-0.0792042,0.434134,-0.260844,-0.261854,-0.784945,2.2824,-0.117369,-1.19297,1.46375,0.000171525,0.0000206896,-0.00000949835,-0.00018285
-0.0499576,0.0514554,0.41993,-0.000692832,-0.21782,-0.0174081,0.975834,-0.0975312,0.774538,-0.731847,-0.0791731,0.434231,-0.261041,-0.261902,-0.784927,2.2824,-0.115985,-1.18955,1.43877,0.000171549,0.0000206371,-0.00000945349,-0.000182851
-0.0499575,0.0514519,0.419932,-0.000691364,-0.21782,-0.0174294,0.975833,-0.0975121,0.774501,-0.731767,-0.0791511,0.434278,-0.261136,-0.26195,-0.784904,2.2824,-0.114688,-1.18579,1.41442,0.000171573,0.0000205849,-0.00000940836,-0.000182853
-0.0499568,0.0514481,0.419933,-0.00068767,-0.217827,-0.0174459,0.975831,-0.0975002,0.774455,-0.731661,-0.0791367,0.434274,-0.261126,-0.261997,-0.784876,2.28242,-0.113477,-1.18174,1.39083,0.000171597,0.0000205331,-0.00000936286,-0.000182854
-0.0499558,0.0514442,0.419934,-0.000682724,-0.217838,-0.0174576,0.975829,-0.0974937,0.774403,-0.731534,-0.0791283,0.434216,-0.261008,-0.262038,-0.784845,2.28245,-0.11235,-1.17752,1.36815,0.000171621,0.0000204818,-0.00000931708,-0.000182855
-0.0499544,0.0514402,0.419935,-0.000677123,-0.217853,-0.0174644,0.975825,-0.0974918,0.774345,-0.731388,-0.0791247,0.434105,-0.260786,-0.262071,-0.78481,2.28248,-0.111309,-1.17319,1.3465,0.000171646,0.000020431,-0.00000927108,-0.000182857
-0.0499527,0.051436,0.419936,-0.000671515,-0.217873,-0.0174663,0.975821,-0.097493,0.774282,-0.731229,-0.0791248,0.433945,-0.260466,-0.262094,-0.784775,2.28253,-0.110351,-1.16884,1.32602,0.000171671,0.0000203805,-0.00000922475,-0.000182858
-0.0499509,0.0514318,0.419936,-0.000666265,-0.217895,-0.0174634,0.975816,-0.0974968,0.774216,-0.73106,-0.0791277,0.433739,-0.260058,-0.262106,-0.784738,2.28258,-0.109477,-1.16455,1.30683,0.000171696,0.0000203306,-0.00000917825,-0.00018286
-0.0499491,0.0514276,0.419937,-0.000661989,-0.21792,-0.0174562,0.97581,-0.0975017,0.774149,-0.730886,-0.0791322,0.433493,-0.259573,-0.262107,-0.784702,2.28263,-0.108686,-1.1604,1.28907,0.000171721,0.000020281,-0.00000913145,-0.000182862
-0.0499471,0.0514234,0.419937,-0.000658736,-0.217946,-0.017445,0.975805,-0.0975075,0.774081,-0.730712,-0.0791379,0.433216,-0.259028,-0.262096,-0.784668,2.28268,-0.107979,-1.15648,1.27285,0.000171747,0.000020232,-0.00000908445,-0.000182863
-0.0499453,0.0514194,0.419938,-0.000656824,-0.217974,-0.0174303,0.975799,-0.0975133,0.774015,-0.730541,-0.0791439,0.432914,-0.258437,-0.262073,-0.784636,2.28274,-0.107355,-1.15285,1.2583,0.000171772,0.0000201835,-0.0000090372,-0.000182865
-0.0499465,0.0514133,0.419981,-0.00119873,-0.218115,-0.0173655,0.975768,-0.0965001,0.772857,-0.72836,-0.0781845,0.433552,-0.258964,-0.26076,-0.785218,2.284,-0.104733,-1.14451,1.24252,0.000171777,0.0000201965,-0.0000090067,-0.000182876
-0.0499899,0.0513917,0.4201,-0.00304348,-0.218617,-0.0170939,0.975656,-0.0931067,0.770409,-0.723472,-0.0749395,0.434472,-0.258473,-0.255793,-0.785955,2.28633,-0.100589,-1.1402,1.24023,0.000171822,0.0000201711,-0.00000895716,-0.000182872
-0.0500422,0.0513078,0.42015,-0.00443397,-0.219007,-0.0166652,0.975571,-0.0905928,0.770065,-0.722466,-0.07259,0.432451,-0.252719,-0.251082,-0.786347,2.28736,-0.0973639,-1.13939,1.24123,0.00017186,0.0000201681,-0.0000089145,-0.000182948
-0.0500939,0.0511743,0.420156,-0.0054959,-0.219249,-0.0160784,0.975521,-0.0887104,0.77025,-0.722872,-0.0709365,0.429861,-0.246192,-0.246466,-0.787028,2.28785,-0.0946902,-1.13925,1.24265,0.000171893,0.0000201686,-0.00000887186,-0.000183014
-0.0501378,0.0510032,0.420143,-0.00624329,-0.219355,-0.0153493,0.975504,-0.0874413,0.770597,-0.724013,-0.0699431,0.429013,-0.243189,-0.242015,-0.787916,2.2878,-0.0925565,-1.13939,1.24417,0.000171927,0.0000201716,-0.00000882832,-0.000183069
-0.0501693,0.050806,0.420128,-0.00668479,-0.219351,-0.0144976,0.975515,-0.0867797,0.771,-0.72562,-0.0695843,0.431931,-0.247466,-0.23782,-0.788893,2.28724,-0.0909754,-1.13973,1.24573,0.000171963,0.0000201766,-0.00000878399,-0.000183112
-0.0501867,0.0505944,0.420115,-0.0068454,-0.219259,-0.0135502,0.975549,-0.0866844,0.771405,-0.727508,-0.0698053,0.439873,-0.261382,-0.233957,-0.789879,2.28622,-0.0899278,-1.1402,1.2473,0.000171998,0.0000201826,-0.00000873933,-0.00018315
-0.050192,0.0503798,0.420107,-0.00676425,-0.219099,-0.0125428,0.975598,-0.087081,0.771786,-0.72955,-0.0705228,0.453049,-0.285386,-0.230487,-0.79083,2.28483,-0.0893668,-1.14075,1.24885,0.000172034,0.0000201885,-0.0000086949,-0.000183188
-0.050189,0.0501728,0.420103,-0.00649001,-0.218891,-0.0115163,0.97566,-0.0878715,0.772129,-0.731646,-0.0716327,0.470826,-0.318388,-0.227452,-0.79173,2.28318,-0.0892238,-1.14135,1.25031,0.00017207,0.0000201936,-0.00000865107,-0.00018323
-0.0501822,0.0499821,0.420103,-0.00607458,-0.218647,-0.0105106,0.975728,-0.0889485,0.772425,-0.733718,-0.0730241,0.492216,-0.358638,-0.224878,-0.792575,2.2814,-0.0894194,-1.14195,1.25164,0.000172106,0.0000201977,-0.00000860809,-0.000183277
-0.0501749,0.0498143,0.420105,-0.00556778,-0.218384,-0.00956004,0.9758,-0.0902078,0.772674,-0.735705,-0.0745907,0.516254,-0.404413,-0.222767,-0.793361,2.27958,-0.0898721,-1.14251,1.25277,0.000172141,0.0000202009,-0.00000856605,-0.00018333
-0.0501694,0.0496735,0.420109,-0.0050143,-0.218114,-0.008692,0.975872,-0.0915546,0.772883,-0.737564,-0.0762372,0.542152,-0.454298,-0.221103,-0.79408,2.27782,-0.0905041,-1.14303,1.25371,0.000172175,0.0000202035,-0.00000852487,-0.000183387
-0.0501668,0.0495618,0.420113,-0.0044522,-0.217849,-0.00792639,0.97594,-0.0929078,0.773061,-0.739266,-0.0778818,0.569314,-0.507212,-0.219858,-0.794726,2.27617,-0.0912451,-1.14348,1.25442,0.000172209,0.0000202055,-0.00000848457,-0.000183447
-0.0501674,0.0494794,0.420118,-0.00391246,-0.217599,-0.00727646,0.976003,-0.0942001,0.773217,-0.740786,-0.0794574,0.597301,-0.562355,-0.218994,-0.795293,2.2747,-0.0920338,-1.14385,1.25493,0.000172243,0.0000202072,-0.000008445,-0.000183511
-0.0501711,0.0494252,0.420121,-0.00341913,-0.217372,-0.00674969,0.97606,-0.0953786,0.773356,-0.74211,-0.0809107,0.625788,-0.619135,-0.21847,-0.795776,2.27344,-0.0928189,-1.14413,1.25524,0.000172276,0.0000202086,-0.00000840604,-0.000183577
-0.0501773,0.0493968,0.420124,-0.00298926,-0.217173,-0.00634842,0.976108,-0.0964048,0.773484,-0.743227,-0.0822033,0.654535,-0.677109,-0.218241,-0.796171,2.27241,-0.0935601,-1.14434,1.25536,0.000172309,0.0000202097,-0.00000836748,-0.000183646
-0.0501854,0.0493913,0.420125,-0.00263383,-0.217007,-0.00607086,0.976148,-0.097253,0.773603,-0.744133,-0.0833091,0.68336,-0.735943,-0.218264,-0.796479,2.27163,-0.0942268,-1.14447,1.25534,0.000172342,0.0000202107,-0.00000832915,-0.000183717
-0.0501947,0.0494053,0.420125,-0.00235787,-0.216874,-0.00591161,0.976179,-0.0979104,0.773714,-0.74483,-0.0842149,0.712123,-0.795379,-0.2185,-0.7967,2.27108,-0.0947992,-1.14453,1.25517,0.000172374,0.0000202116,-0.00000829085,-0.00018379
-0.0502045,0.0494351,0.420124,-0.00216153,-0.216775,-0.00586243,0.976202,-0.0983747,0.773815,-0.745323,-0.0849179,0.74071,-0.855216,-0.218911,-0.796836,2.27076,-0.0952664,-1.14453,1.25489,0.000172407,0.0000202123,-0.00000825241,-0.000183865
-0.0502142,0.0494771,0.420122,-0.00204073,-0.216708,-0.00591288,0.976216,-0.0986533,0.773906,-0.74562,-0.0854249,0.769031,-0.915292,-0.219464,-0.796892,2.27064,-0.0956261,-1.14447,1.25452,0.000172439,0.000020213,-0.00000821358,-0.000183942
-0.0502232,0.0495268,0.42012,-0.00196354,-0.216665,-0.00603404,0.976225,-0.0988212,0.773982,-0.745761,-0.0858137,0.797022,-0.975497,-0.220133,-0.79686,2.27065,-0.095927,-1.14438,1.25408,0.000172467,0.0000202136,-0.00000820706,-0.000183982
-0.0502295,0.0495743,0.420122,-0.00175011,-0.2166,-0.00608845,0.97624,-0.0992872,0.773984,-0.745888,-0.086555,0.82474,-1.03589,-0.220943,-0.79683,2.27047,-0.0964946,-1.14433,1.2537,0.000172485,0.0000202141,-0.00000825742,-0.000183959
-0.0502334,0.0496166,0.420127,-0.00139571,-0.21651,-0.00605824,0.976261,-0.100062,0.773904,-0.746014,-0.0876758,0.852113,-1.09635,-0.221855,-0.796845,2.27013,-0.0973292,-1.14434,1.25342,0.000172503,0.0000202145,-0.00000830876,-0.000183935
-0.0502354,0.0496525,0.420134,-0.000934968,-0.216403,-0.00595511,0.976286,-0.101074,0.773774,-0.746162,-0.0891006,0.879042,-1.15669,-0.222807,-0.796886,2.26963,-0.0983575,-1.14442,1.25324,0.000172521,0.0000202149,-0.00000836105,-0.00018391
-0.0502357,0.0496814,0.42014,-0.000403672,-0.216286,-0.005791,0.976313,-0.102246,0.773614,-0.746335,-0.0907533,0.905436,-1.21676,-0.223743,-0.796949,2.26903,-0.0995053,-1.14454,1.25315,0.000172539,0.0000202152,-0.00000841423,-0.000183885
-0.0502349,0.0497031,0.420147,0.000164169,-0.216167,-0.00557771,0.97634,-0.103505,0.773438,-0.74653,-0.0925627,0.931204,-1.27643,-0.224613,-0.797033,2.26837,-0.100703,-1.1447,1.25317,0.000172557,0.0000202155,-0.00000846838,-0.00018386
-0.0502331,0.0497175,0.420153,0.000737834,-0.216052,-0.00532669,0.976367,-0.104787,0.77326,-0.746744,-0.0944652,0.956262,-1.33558,-0.225374,-0.797135,2.26767,-0.101889,-1.1449,1.25328,0.000172574,0.0000202157,-0.00000852346,-0.000183833
-0.0502304,0.0497251,0.420158,0.00129102,-0.215944,-0.00504862,0.976392,-0.106035,0.77309,-0.746975,-0.0964068,0.980529,-1.3941,-0.225993,-0.797253,2.26698,-0.103011,-1.14511,1.25348,0.000172592,0.000020216,-0.00000857944,-0.000183807
-0.0502271,0.0497265,0.420162,0.00180227,-0.215848,-0.00475353,0.976414,-0.107203,0.772938,-0.747218,-0.0983434,1.00392,-1.45192,-0.226447,-0.797383,2.26632,-0.104026,-1.14533,1.25376,0.00017261,0.0000202162,-0.00000863632,-0.000183779
-0.0502232,0.0497224,0.420164,0.00225582,-0.215766,-0.00445027,0.976432,-0.108258,0.77281,-0.747469,-0.100243,1.02637,-1.50894,-0.226725,-0.797522,2.26571,-0.104907,-1.14555,1.2541,0.000172628,0.0000202165,-0.00000869415,-0.00018375
-0.0502188,0.0497139,0.420166,0.00264029,-0.215701,-0.00414697,0.976447,-0.109174,0.772712,-0.747727,-0.102082,1.04778,-1.56509,-0.226824,-0.797667,2.26516,-0.105631,-1.14577,1.2545,0.000172645,0.0000202167,-0.00000875255,-0.000183721
-0.0502139,0.0497018,0.420166,0.00294892,-0.215652,-0.00385083,0.976458,-0.109936,0.772647,-0.747989,-0.103847,1.06809,-1.62031,-0.22675,-0.797815,2.26469,-0.10619,-1.14597,1.25493,0.000172662,0.000020217,-0.00000881154,-0.000183691
-0.0502086,0.0496873,0.420166,0.00318042,-0.21562,-0.0035676,0.976466,-0.110539,0.772614,-0.748251,-0.105534,1.08719,-1.67454,-0.226518,-0.797962,2.2643,-0.106584,-1.14616,1.25539,0.00017268,0.0000202173,-0.0000088713,-0.000183661
-0.0502029,0.0496713,0.420165,0.0033368,-0.215603,-0.00330217,0.97647,-0.110987,0.772614,-0.74851,-0.107148,1.10501,-1.72771,-0.226149,-0.798105,2.26399,-0.10682,-1.14632,1.25586,0.000172697,0.0000202177,-0.00000893152,-0.000183629
-0.0501971,0.0496549,0.420163,0.00342339,-0.215599,-0.00305834,0.976471,-0.111287,0.772643,-0.748765,-0.108698,1.12145,-1.77977,-0.22567,-0.798243,2.26376,-0.106912,-1.14646,1.25633,0.000172714,0.000020218,-0.00000899224,-0.000183597
-0.0501912,0.0496389,0.420161,0.0034483,-0.215607,-0.0028387,0.97647,-0.111457,0.772698,-0.749011,-0.1102,1.13643,-1.83066,-0.225107,-0.798373,2.26359,-0.106881,-1.14658,1.25678,0.00017273,0.0000202185,-0.00000905357,-0.000183563
-0.0501851,0.0496245,0.420157,0.00340996,-0.215626,-0.00265171,0.976466,-0.111486,0.772788,-0.749256,-0.111643,1.14982,-1.8803,-0.224489,-0.798504,2.26352,-0.106727,-1.14668,1.25721,0.000172745,0.0000202189,-0.0000090978,-0.000183547
-0.0501771,0.0496181,0.420145,0.00315513,-0.215683,-0.00259371,0.976455,-0.111038,0.77304,-0.749551,-0.1126,1.16148,-1.92859,-0.223729,-0.798612,2.26379,-0.106166,-1.1467,1.25754,0.000172755,0.0000202195,-0.00000908576,-0.000183581
-0.0501674,0.049621,0.420127,0.002678,-0.215776,-0.00267861,0.976436,-0.110094,0.773412,-0.74982,-0.113017,1.17127,-1.97545,-0.22284,-0.798648,2.26435,-0.105189,-1.14663,1.25771,0.000172765,0.0000202202,-0.00000907312,-0.000183615
-0.0501569,0.049632,0.420107,0.00203766,-0.215895,-0.00288512,0.97641,-0.108778,0.773861,-0.750037,-0.113009,1.17909,-2.02084,-0.221905,-0.798623,2.26514,-0.103913,-1.14647,1.25773,0.000172775,0.0000202209,-0.0000090599,-0.00018365
-0.0501461,0.04965,0.420087,0.00129105,-0.216029,-0.00319124,0.976381,-0.107208,0.774344,-0.750181,-0.112693,1.18485,-2.06471,-0.221,-0.798541,2.26609,-0.102451,-1.14624,1.25761,0.000172785,0.0000202216,-0.00000904633,-0.000183684
-0.0501358,0.0496738,0.42007,0.000491653,-0.21617,-0.00357492,0.976349,-0.105496,0.774827,-0.750243,-0.112181,1.18845,-2.10703,-0.22019,-0.798408,2.26713,-0.100907,-1.14596,1.25735,0.000172795,0.0000202224,-0.00000903242,-0.000183718
-0.0501267,0.0497023,0.420054,-0.000312833,-0.216308,-0.00401492,0.976317,-0.103746,0.775285,-0.750221,-0.11158,1.1898,-2.14772,-0.219531,-0.79823,2.2682,-0.0993745,-1.14564,1.25696,0.000172804,0.0000202232,-0.00000901828,-0.000183752
-0.0501191,0.0497344,0.420042,-0.00108206,-0.216436,-0.00449133,0.976286,-0.102043,0.775698,-0.750119,-0.110983,1.18882,-2.18674,-0.219062,-0.798016,2.26925,-0.0979318,-1.1453,1.25648,0.000172814,0.0000202239,-0.00000900387,-0.000183786
-0.0501134,0.0497691,0.420032,-0.00178396,-0.21655,-0.00498594,0.976257,-0.100458,0.776052,-0.749947,-0.110473,1.18542,-2.22399,-0.218811,-0.797776,2.27025,-0.0966396,-1.14495,1.2559,0.000172823,0.0000202247,-0.0000089893,-0.000183821
-0.0501097,0.0498052,0.420025,-0.00239455,-0.216645,-0.00548218,0.976232,-0.0990462,0.776339,-0.749716,-0.11012,1.17955,-2.25941,-0.218786,-0.797521,2.27116,-0.0955425,-1.14462,1.25527,0.000172833,0.0000202254,-0.00000897471,-0.000183855
-0.0501082,0.0498418,0.42002,-0.00289857,-0.216719,-0.00596573,0.976211,-0.0978437,0.776554,-0.749437,-0.10998,1.17115,-2.2929,-0.218985,-0.797259,2.27196,-0.0946671,-1.1443,1.25459,0.000172843,0.0000202261,-0.00000896004,-0.00018389
-0.0501094,0.0498765,0.420019,-0.00324738,-0.216764,-0.00640073,0.976198,-0.0969642,0.776657,-0.7491,-0.110222,1.16024,-2.3244,-0.219409,-0.796981,2.27254,-0.0941015,-1.14403,1.2539,0.000172855,0.0000202266,-0.00000898386,-0.000183888
-0.0501151,0.0499021,0.420031,-0.00326208,-0.21675,-0.00667536,0.976199,-0.0968013,0.776534,-0.748702,-0.111438,1.14689,-2.35384,-0.220172,-0.796758,2.27268,-0.0941808,-1.14385,1.2533,0.000172871,0.0000202268,-0.00000904866,-0.000183849
-0.0501243,0.0499185,0.420048,-0.00297209,-0.216684,-0.00678935,0.976214,-0.0972997,0.776245,-0.748323,-0.113647,1.13119,-2.38114,-0.221208,-0.796613,2.27243,-0.094844,-1.1438,1.25282,0.000172887,0.0000202269,-0.00000911429,-0.00018381
-0.0501359,0.0499266,0.420068,-0.00244169,-0.216577,-0.00675976,0.976239,-0.0983303,0.775841,-0.747995,-0.116768,1.11326,-2.40619,-0.222409,-0.796541,2.27186,-0.0959624,-1.14385,1.2525,0.000172902,0.0000202266,-0.00000918022,-0.000183771
-0.0501484,0.049927,0.420088,-0.00173705,-0.216443,-0.00660564,0.976271,-0.0997577,0.775369,-0.747741,-0.120708,1.09332,-2.42891,-0.223672,-0.796537,2.27106,-0.0974038,-1.144,1.25232,0.000172918,0.000020226,-0.00000924588,-0.000183732
-0.0501604,0.0499206,0.420107,-0.000924909,-0.216294,-0.00634763,0.976307,-0.101445,0.774869,-0.747574,-0.12536,1.07161,-2.44926,-0.224897,-0.796597,2.2701,-0.0990344,-1.14422,1.25232,0.000172932,0.000020225,-0.00000931057,-0.000183693
-0.0501708,0.049908,0.420123,-0.0000679727,-0.216141,-0.00600664,0.976344,-0.10326,0.774377,-0.747494,-0.130607,1.04847,-2.46723,-0.225995,-0.796711,2.26907,-0.100729,-1.14451,1.25247,0.000172947,0.0000202236,-0.00000937365,-0.000183654
-0.0501784,0.04989,0.420135,0.000776732,-0.215997,-0.00560361,0.976378,-0.105086,0.773921,-0.747498,-0.136328,1.02429,-2.48284,-0.226887,-0.796869,2.26803,-0.102374,-1.14483,1.25278,0.000172961,0.0000202218,-0.0000094343,-0.000183615
-0.0501821,0.0498674,0.420145,0.00155984,-0.21587,-0.00515889,0.976407,-0.106815,0.773523,-0.747578,-0.142394,0.999528,-2.49618,-0.227515,-0.797059,2.26704,-0.103872,-1.14518,1.25324,0.000172974,0.0000202195,-0.00000949184,-0.000183575
-0.0501813,0.0498409,0.42015,0.00224168,-0.215768,-0.00469163,0.976431,-0.108363,0.773201,-0.747721,-0.148671,0.97464,-2.50736,-0.227838,-0.79727,2.26615,-0.105145,-1.14553,1.25384,0.000172986,0.0000202168,-0.00000954559,-0.000183536
-0.0501754,0.0498112,0.420152,0.00279237,-0.215698,-0.00421953,0.976447,-0.109663,0.772966,-0.747914,-0.155022,0.950106,-2.51654,-0.227833,-0.797491,2.2654,-0.106136,-1.14588,1.25456,0.000172998,0.0000202138,-0.00000959505,-0.000183497
-0.0501644,0.0497793,0.42015,0.00319306,-0.215662,-0.00375816,0.976456,-0.110671,0.772824,-0.748144,-0.161307,0.926381,-2.52391,-0.2275,-0.797712,2.26481,-0.10681,-1.1462,1.25538,0.00017301,0.0000202104,-0.00000964015,-0.000183458
-0.0501485,0.049746,0.420146,0.00343552,-0.215662,-0.00332087,0.976456,-0.111363,0.772773,-0.748395,-0.167389,0.903884,-2.52967,-0.226856,-0.797924,2.26441,-0.107154,-1.1465,1.25628,0.000173021,0.0000202068,-0.00000968082,-0.000183419
-0.0501282,0.0497123,0.420138,0.00352071,-0.215697,-0.00291881,0.97645,-0.111736,0.772809,-0.748654,-0.173135,0.882981,-2.53405,-0.225933,-0.798119,2.26418,-0.107175,-1.14676,1.25723,0.000173031,0.000020203,-0.00000971714,-0.000183379
-0.0501043,0.0496792,0.420129,0.00345845,-0.215764,-0.00256049,0.976436,-0.111804,0.772921,-0.748905,-0.17842,0.863974,-2.53726,-0.22478,-0.798291,2.26413,-0.106897,-1.14698,1.25821,0.000173041,0.0000201991,-0.00000974961,-0.000183339
-0.0500779,0.0496476,0.420117,0.00326555,-0.215859,-0.00225208,0.976416,-0.111596,0.773097,-0.749139,-0.183132,0.847104,-2.53951,-0.223454,-0.798437,2.26425,-0.106358,-1.14716,1.25917,0.00017305,0.0000201952,-0.00000977859,-0.0001833
-0.0500747,0.0496779,0.420146,0.00319667,-0.215878,-0.00219737,0.976413,-0.111558,0.773119,-0.749163,-0.183604,0.84536,-2.53971,-0.223301,-0.798451,2.26427,-0.106287,-1.14717,1.25928,0.000173092,0.000020172,-0.00000975015,-0.000183185
-0.0500742,0.0496887,0.420119,0.00318936,-0.215873,-0.00220138,0.976414,-0.111563,0.773115,-0.74916,-0.183533,0.84511,-2.53963,-0.223324,-0.798449,2.26427,-0.106299,-1.14717,1.25926,0.000173103,0.0000201728,-0.00000977827,-0.000183177
-0.0500736,0.0496651,0.420109,0.0032207,-0.21587,-0.00221231,0.976414,-0.111567,0.773112,-0.749158,-0.183473,0.843887,-2.53947,-0.223343,-0.798447,2.26426,-0.106309,-1.14717,1.25925,0.000173112,0.0000201741,-0.00000981221,-0.000183167
-0.0500759,0.0496301,0.420108,0.00326438,-0.21587,-0.00222533,0.976414,-0.111571,0.77311,-0.749155,-0.183422,0.841285,-2.53919,-0.223359,-0.798445,2.26426,-0.106318,-1.14717,1.25923,0.00017312,0.0000201759,-0.00000984731,-0.000183156
-0.0500807,0.0496048,0.420106,0.00329634,-0.215874,-0.00223531,0.976413,-0.111574,0.773107,-0.749154,-0.183378,0.836963,-2.53874,-0.223373,-0.798444,2.26426,-0.106325,-1.14717,1.25922,0.000173126,0.000020178,-0.00000988227,-0.000183148
-0.0500856,0.0495978,0.420105,0.00330685,-0.215878,-0.00224013,0.976412,-0.111577,0.773105,-0.749152,-0.183341,0.830637,-2.5381,-0.223385,-0.798443,2.26426,-0.106332,-1.14718,1.25922,0.000173129,0.0000201805,-0.00000991676,-0.000183143
-0.0500884,0.0496058,0.420105,0.00329959,-0.21588,-0.00224064,0.976412,-0.111579,0.773104,-0.749151,-0.18331,0.82207,-2.53723,-0.223395,-0.798442,2.26426,-0.106337,-1.14718,1.25921,0.000173131,0.0000201831,-0.0000099503,-0.000183142
-0.0500888,0.0496197,0.420106,0.00328537,-0.215879,-0.00223931,0.976412,-0.111581,0.773102,-0.74915,-0.183283,0.811072,-2.5361,-0.223403,-0.798441,2.26426,-0.106342,-1.14718,1.2592,0.00017313,0.0000201859,-0.00000998236,-0.000183142
-0.0500875,0.0496301,0.420107,0.00327481,-0.215877,-0.00223854,0.976413,-0.111582,0.773101,-0.749149,-0.18326,0.797487,-2.53467,-0.22341,-0.79844,2.26426,-0.106345,-1.14718,1.2592,0.000173129,0.0000201889,-0.0000100126,-0.000183145
-0.0500859,0.0496325,0.420106,0.00327335,-0.215874,-0.0022396,0.976413,-0.111584,0.7731,-0.749148,-0.18324,0.781194,-2.53291,-0.223416,-0.79844,2.26426,-0.106349,-1.14718,1.25919,0.000173128,0.0000201919,-0.0000100409,-0.00018315
-0.0500844,0.0496274,0.420106,0.00328032,-0.215871,-0.00224238,0.976414,-0.111585,0.773099,-0.749147,-0.183224,0.762104,-2.53078,-0.223422,-0.798439,2.26426,-0.106352,-1.14718,1.25919,0.000173125,0.000020195,-0.0000100672,-0.000183157
-0.050083,0.0496187,0.420104,0.00329126,-0.215869,-0.00224591,0.976414,-0.111586,0.773099,-0.749147,-0.18321,0.740153,-2.52825,-0.223426,-0.798439,2.26426,-0.106354,-1.14718,1.25919,0.000173123,0.0000201981,-0.0000100916,-0.000183166
-0.0500812,0.0496106,0.420103,0.00330133,-0.215866,-0.00224913,0.976415,-0.111587,0.773098,-0.749146,-0.183198,0.7153,-2.52527,-0.22343,-0.798438,2.26426,-0.106356,-1.14718,1.25918,0.00017312,0.0000202012,-0.0000101142,-0.000183177
-0.0500786,0.0496056,0.420102,0.00330776,-0.215862,-0.00225143,0.976416,-0.111587,0.773097,-0.749146,-0.183188,0.687527,-2.52181,-0.223433,-0.798438,2.26426,-0.106358,-1.14718,1.25918,0.000173116,0.0000202043,-0.0000101349,-0.000183189
-0.0500748,0.0496037,0.420101,0.00331051,-0.215857,-0.00225282,0.976417,-0.111588,0.773097,-0.749146,-0.183179,0.656836,-2.51783,-0.223436,-0.798437,2.26426,-0.106359,-1.14718,1.25918,0.000173112,0.0000202073,-0.0000101539,-0.000183202
-0.05007,0.0496032,0.420101,0.00331143,-0.215851,-0.00225372,0.976418,-0.111588,0.773097,-0.749145,-0.183172,0.623244,-2.51329,-0.223438,-0.798437,2.26426,-0.106361,-1.14718,1.25918,0.000173108,0.0000202102,-0.0000101711,-0.000183215
-0.0500643,0.0496025,0.4201,0.00331273,-0.215844,-0.00225462,0.97642,-0.111589,0.773096,-0.749145,-0.183165,0.586788,-2.50813,-0.22344,-0.798437,2.26425,-0.106362,-1.14718,1.25918,0.000173105,0.000020213,-0.0000101868,-0.000183229
-0.050058,0.0496001,0.4201,0.00331577,-0.215837,-0.00225585,0.976421,-0.111589,0.773096,-0.749145,-0.18316,0.547517,-2.50233,-0.223442,-0.798437,2.26425,-0.106363,-1.14718,1.25917,0.000173101,0.0000202157,-0.000010201,-0.000183242
-0.050051,0.049596,0.420099,0.0033207,-0.215828,-0.00225743,0.976423,-0.11159,0.773096,-0.749145,-0.183155,0.505493,-2.49583,-0.223443,-0.798437,2.26425,-0.106364,-1.14718,1.25917,0.000173098,0.0000202182,-0.0000102136,-0.000183255
-0.0500434,0.049591,0.420098,0.00332671,-0.215819,-0.00225921,0.976425,-0.11159,0.773095,-0.749145,-0.183152,0.460792,-2.48859,-0.223444,-0.798436,2.26425,-0.106364,-1.14718,1.25917,0.000173096,0.0000202206,-0.0000102247,-0.000183267
-0.0500349,0.0495859,0.420097,0.00333272,-0.215809,-0.00226094,0.976427,-0.11159,0.773095,-0.749145,-0.183148,0.413501,-2.48058,-0.223445,-0.798436,2.26425,-0.106365,-1.14718,1.25917,0.000173093,0.0000202228,-0.0000102341,-0.000183278
-0.0500256,0.0495815,0.420096,0.00333794,-0.215798,-0.00226244,0.97643,-0.11159,0.773095,-0.749144,-0.183145,0.363717,-2.47175,-0.223446,-0.798436,2.26425,-0.106366,-1.14718,1.25917,0.000173092,0.0000202248,-0.000010242,-0.000183288
-0.0500156,0.049578,0.420096,0.00334208,-0.215786,-0.00226366,0.976432,-0.11159,0.773095,-0.749144,-0.183143,0.311547,-2.46207,-0.223447,-0.798436,2.26425,-0.106366,-1.14718,1.25917,0.000173092,0.0000202267,-0.0000102481,-0.000183296
-0.0500048,0.0495753,0.420095,0.00334533,-0.215774,-0.00226462,0.976435,-0.11159,0.773095,-0.749144,-0.183141,0.257106,-2.4515,-0.223448,-0.798436,2.26425,-0.106366,-1.14718,1.25917,0.000173092,0.0000202283,-0.0000102524,-0.000183302
-0.0499934,0.049573,0.420095,0.00334801,-0.215761,-0.00226541,0.976438,-0.111591,0.773095,-0.749144,-0.183139,0.200519,-2.44001,-0.223448,-0.798436,2.26425,-0.106367,-1.14718,1.25917,0.000173094,0.0000202298,-0.0000102549,-0.000183305
-0.0499817,0.049571,0.420095,0.00335034,-0.215747,-0.00226607,0.976441,-0.111591,0.773095,-0.749144,-0.183138,0.141916,-2.42759,-0.223449,-0.798436,2.26425,-0.106367,-1.14718,1.25917,0.000173097,0.0000202311,-0.0000102555,-0.000183305
-0.0499696,0.0495693,0.420095,0.00335231,-0.215733,-0.0022666,0.976444,-0.111591,0.773095,-0.749144,-0.183136,0.0814362,-2.41419,-0.223449,-0.798436,2.26425,-0.106367,-1.14718,1.25917,0.000173101,0.0000202321,-0.0000102541,-0.000183303
-0.0499575,0.0495681,0.420095,0.00335371,-0.215719,-0.00226695,0.976447,-0.111591,0.773095,-0.749144,-0.183135,0.0192233,-2.39982,-0.22345,-0.798436,2.26425,-0.106368,-1.14718,1.25917,0.000173107,0.000020233,-0.0000102506,-0.000183297
-0.0499453,0.0495676,0.420096,0.00335424,-0.215705,-0.00226706,0.97645,-0.111591,0.773095,-0.749144,-0.183134,-0.0445726,-2.38445,-0.22345,-0.798436,2.26425,-0.106368,-1.14718,1.25917,0.000173114,0.0000202336,-0.0000102448,-0.000183288
-0.0499335,0.0495681,0.420097,0.00335361,-0.215691,-0.00226686,0.976453,-0.111591,0.773095,-0.749144,-0.183134,-0.109796,-2.36808,-0.22345,-0.798436,2.26425,-0.106368,-1.14718,1.25917,0.000173123,0.0000202341,-0.0000102367,-0.000183276
-0.0499221,0.0495698,0.420098,0.00335169,-0.215679,-0.00226632,0.976456,-0.111591,0.773095,-0.749144,-0.183133,-0.176289,-2.35073,-0.22345,-0.798436,2.26425,-0.106368,-1.14718,1.25917,0.000173133,0.0000202343,-0.0000102262,-0.00018326
-0.0499115,0.0495726,0.420099,0.00334842,-0.215667,-0.00226544,0.976459,-0.111591,0.773095,-0.749144,-0.183132,-0.243886,-2.33238,-0.22345,-0.798435,2.26425,-0.106368,-1.14718,1.25917,0.000173145,0.0000202344,-0.0000102135,-0.00018324
-0.0499019,0.0495765,0.420101,0.00334387,-0.215656,-0.00226422,0.976461,-0.111591,0.773095,-0.749144,-0.183132,-0.312421,-2.31307,-0.223451,-0.798435,2.26425,-0.106368,-1.14718,1.25917,0.000173158,0.0000202342,-0.0000101985,-0.000183217
-0.0498935,0.0495815,0.420103,0.0033381,-0.215646,-0.00226268,0.976463,-0.111591,0.773095,-0.749144,-0.183132,-0.381724,-2.29281,-0.223451,-0.798435,2.26425,-0.106368,-1.14718,1.25917,0.000173173,0.0000202339,-0.0000101816,-0.00018319
-0.0498867,0.0495875,0.420105,0.00333118,-0.215639,-0.00226084,0.976465,-0.111591,0.773095,-0.749144,-0.183131,-0.451622,-2.27164,-0.223451,-0.798435,2.26425,-0.106368,-1.14718,1.25917,0.000173188,0.0000202334,-0.0000101629,-0.00018316
-0.0498815,0.0495944,0.420107,0.00332318,-0.215633,-0.00225873,0.976466,-0.111591,0.773095,-0.749144,-0.183131,-0.521942,-2.24959,-0.223451,-0.798435,2.26425,-0.106369,-1.14718,1.25917,0.000173205,0.0000202327,-0.0000101426,-0.000183128
-0.0498782,0.0496022,0.42011,0.00331416,-0.21563,-0.00225635,0.976467,-0.111591,0.773095,-0.749144,-0.183131,-0.592507,-2.22672,-0.223451,-0.798435,2.26425,-0.106369,-1.14718,1.25917,0.000173223,0.0000202319,-0.0000101212,-0.000183093
-0.0498769,0.0496108,0.420112,0.00330421,-0.215629,-0.00225374,0.976467,-0.111591,0.773095,-0.749144,-0.18313,-0.663142,-2.20307,-0.223451,-0.798435,2.26425,-0.106369,-1.14718,1.25917,0.000173241,0.000020231,-0.0000100989,-0.000183056
-0.0498777,0.0496201,0.420115,0.00329346,-0.21563,-0.00225093,0.976467,-0.111591,0.773095,-0.749144,-0.18313,-0.733668,-2.17871,-0.223451,-0.798435,2.26425,-0.106369,-1.14718,1.25917,0.00017326,0.0000202298,-0.0000100761,-0.000183018
-0.0498808,0.04963,0.420117,0.00328208,-0.215634,-0.00224797,0.976466,-0.111591,0.773095,-0.749144,-0.18313,-0.80391,-2.15371,-0.223451,-0.798435,2.26425,-0.106369,-1.14718,1.25917,0.000173278,0.0000202286,-0.0000100532,-0.000182979
-0.0498861,0.0496402,0.42012,0.0032703,-0.215641,-0.00224491,0.976465,-0.111591,0.773095,-0.749144,-0.18313,-0.873691,-2.12815,-0.223451,-0.798435,2.26425,-0.106369,-1.14718,1.25917,0.000173297,0.0000202272,-0.0000100306,-0.000182939
-0.0498935,0.0496506,0.420122,0.00325834,-0.21565,-0.00224181,0.976463,-0.111591,0.773095,-0.749144,-0.18313,-0.942835,-2.10211,-0.223451,-0.798435,2.26425,-0.106369,-1.14718,1.25917,0.000173315,0.0000202258,-0.0000100087,-0.0001829
-0.049903,0.0496609,0.420124,0.00324644,-0.215661,-0.00223872,0.97646,-0.111591,0.773095,-0.749144,-0.18313,-1.01117,-2.07569,-0.223451,-0.798435,2.26425,-0.106368,-1.14718,1.25917,0.000173333,0.0000202242,-0.00000998782,-0.000182862
-0.0499144,0.049671,0.420126,0.0032348,-0.215675,-0.00223571,0.976457,-0.111591,0.773095,-0.749144,-0.18313,-1.07852,-2.04897,-0.223451,-0.798435,2.26425,-0.106368,-1.14718,1.25917,0.000173349,0.0000202225,-0.00000996831,-0.000182825
-0.0499277,0.0496808,0.420128,0.00322363,-0.215691,-0.00223282,0.976454,-0.111591,0.773095,-0.749144,-0.18313,-1.14472,-2.02206,-0.223451,-0.798435,2.26425,-0.106368,-1.14718,1.25917,0.000173364,0.0000202208,-0.00000995049,-0.00018279
-0.0499424,0.0496899,0.42013,0.00321312,-0.215708,-0.0022301,0.97645,-0.111591,0.773095,-0.749144,-0.18313,-1.2096,-1.99506,-0.223451,-0.798435,2.26425,-0.106368,-1.14718,1.25917,0.000173378,0.000020219,-0.00000993463,-0.000182758
-0.0499585,0.0496984,0.420131,0.00320342,-0.215727,-0.00222759,0.976446,-0.111591,0.773095,-0.749144,-0.18313,-1.273,-1.9681,-0.223451,-0.798435,2.26425,-0.106368,-1.14718,1.25917,0.00017339,0.0000202171,-0.00000992097,-0.000182729
-0.0499757,0.049706,0.420132,0.00319466,-0.215747,-0.00222532,0.976442,-0.111591,0.773095,-0.749144,-0.18313,-1.33475,-1.94127,-0.223451,-0.798435,2.26425,-0.106368,-1.14718,1.25917,0.0001734,0.0000202151,-0.00000990969,-0.000182703
-0.0499936,0.0497128,0.420132,0.00318695,-0.215768,-0.00222333,0.976437,-0.111591,0.773095,-0.749144,-0.18313,-1.39471,-1.9147,-0.223451,-0.798435,2.26425,-0.106368,-1.14718,1.25917,0.000173409,0.0000202132,-0.00000990093,-0.00018268
-0.050012,0.0497186,0.420133,0.00318036,-0.215789,-0.00222162,0.976432,-0.111591,0.773095,-0.749144,-0.18313,-1.45272,-1.88851,-0.223451,-0.798435,2.26425,-0.106368,-1.14718,1.25917,0.000173415,0.0000202111,-0.00000989476,-0.000182662
-0.0500306,0.0497233,0.420132,0.00317493,-0.215811,-0.00222021,0.976427,-0.111591,0.773095,-0.749144,-0.18313,-1.50863,-1.86282,-0.223451,-0.798435,2.26425,-0.106368,-1.14717,1.25917,0.000173419,0.0000202091,-0.00000989124,-0.000182647
-0.0500492,0.0497271,0.420132,0.00317067,-0.215833,-0.00221911,0.976423,-0.111591,0.773095,-0.749144,-0.18313,-1.56231,-1.83774,-0.223451,-0.798435,2.26425,-0.106368,-1.14717,1.25917,0.000173422,0.000020207,-0.00000989036,-0.000182636
-0.0500675,0.0497299,0.420131,0.00316754,-0.215854,-0.0022183,0.976418,-0.111591,0.773095,-0.749144,-0.18313,-1.61361,-1.8134,-0.223451,-0.798435,2.26425,-0.106368,-1.14717,1.25917,0.000173422,0.0000202049,-0.00000989205,-0.00018263
-0.0500853,0.0497317,0.42013,0.00316549,-0.215874,-0.00221776,0.976414,-0.111592,0.773095,-0.749144,-0.183131,-1.66241,-1.78991,-0.223451,-0.798435,2.26425,-0.106368,-1.14717,1.25917,0.00017342,0.0000202028,-0.00000989625,-0.000182627
-0.0501025,0.0497327,0.420129,0.00316443,-0.215894,-0.00221749,0.976409,-0.111592,0.773095,-0.749144,-0.183131,-1.70859,-1.7674,-0.223451,-0.798435,2.26425,-0.106368,-1.14717,1.25917,0.000173416,0.0000202007,-0.00000990283,-0.000182629
-0.0501188,0.0497329,0.420128,0.00316426,-0.215913,-0.00221746,0.976405,-0.111592,0.773094,-0.749144,-0.183131,-1.75203,-1.74596,-0.223451,-0.798435,2.26425,-0.106368,-1.14717,1.25917,0.00017341,0.0000201986,-0.00000991163,-0.000182634
-0.0501341,0.0497325,0.420127,0.00316485,-0.21593,-0.00221763,0.976401,-0.111592,0.773094,-0.749144,-0.183131,-1.79261,-1.72571,-0.223451,-0.798435,2.26425,-0.106368,-1.14717,1.25917,0.000173402,0.0000201965,-0.00000992251,-0.000182642
-0.0501484,0.0497315,0.420125,0.00316608,-0.215947,-0.00221798,0.976398,-0.111592,0.773094,-0.749144,-0.183131,-1.83025,-1.70676,-0.223451,-0.798435,2.26425,-0.106368,-1.14717,1.25917,0.000173393,0.0000201944,-0.00000993527,-0.000182654
-0.0501615,0.04973,0.420124,0.0031678,-0.215962,-0.00221846,0.976394,-0.111592,0.773094,-0.749144,-0.183131,-1.86483,-1.6892,-0.223451,-0.798435,2.26425,-0.106367,-1.14717,1.25917,0.000173382,0.0000201923,-0.00000994972,-0.000182669
-0.0501734,0.0497283,0.420122,0.00316989,-0.215975,-0.00221906,0.976391,-0.111592,0.773094,-0.749144,-0.183131,-1.89628,-1.67312,-0.223451,-0.798435,2.26425,-0.106367,-1.14717,1.25917,0.00017337,0.0000201902,-0.00000996565,-0.000182687
-0.0501841,0.0497263,0.42012,0.0031722,-0.215987,-0.00221973,0.976389,-0.111592,0.773094,-0.749144,-0.183131,-1.92451,-1.6586,-0.223451,-0.798435,2.26425,-0.106367,-1.14717,1.25917,0.000173356,0.0000201881,-0.00000998286,-0.000182707
-0.0501935,0.0497243,0.420119,0.0031746,-0.215998,-0.00222044,0.976386,-0.111592,0.773094,-0.749144,-0.183131,-1.94946,-1.64573,-0.223451,-0.798435,2.26426,-0.106367,-1.14717,1.25917,0.000173342,0.000020186,-0.0000100011,-0.00018273
-0.0502994,0.0497487,0.420128,0.00308657,-0.216264,-0.00226704,0.976327,-0.111592,0.773094,-0.749143,-0.183131,-1.96588,-1.63724,-0.223451,-0.798436,2.26426,-0.106367,-1.14717,1.25917,0.000173382,0.0000201737,0.00198975,-0.000182606
-0.0505169,0.0497783,0.420124,0.00300744,-0.21657,-0.00224755,0.97626,-0.11159,0.773055,-0.749078,-0.183118,-1.96551,-1.63728,-0.223459,-0.798407,2.26426,-0.106367,-1.14718,1.25922,0.000173355,0.0000201711,0.00998891,-0.000182148
-0.0503348,0.0497059,0.42011,0.00307205,-0.216393,-0.00219475,0.976299,-0.111585,0.77289,-0.748798,-0.183061,-1.96523,-1.63679,-0.223489,-0.798274,2.26428,-0.106371,-1.1472,1.25942,0.000173406,0.0000201694,0.0179882,-0.000181854
-0.0499666,0.049579,0.420131,0.00320202,-0.21607,-0.00214211,0.97637,-0.111575,0.772518,-0.748164,-0.182932,-1.96505,-1.63545,-0.223553,-0.79797,2.26433,-0.106381,-1.14725,1.25987,0.000173865,0.0000201684,0.0259877,-0.000181909
-0.0496208,0.0494579,0.420166,0.00332425,-0.215901,-0.00210129,0.976407,-0.111556,0.77187,-0.747061,-0.182708,-1.96498,-1.633,-0.223664,-0.797442,2.26442,-0.106399,-1.14732,1.26067,0.000174412,0.0000201675,0.0339873,-0.000182011
-0.0493821,0.0493791,0.420211,0.00339772,-0.216006,-0.00206012,0.976384,-0.111527,0.770887,-0.745393,-0.182369,-1.96502,-1.6292,-0.223832,-0.796642,2.26456,-0.106427,-1.14744,1.26187,0.000174963,0.0000201666,0.0419869,-0.00018212
-0.0491997,0.0493495,0.420271,0.0034146,-0.216342,-0.00201668,0.976309,-0.111485,0.769522,-0.743079,-0.1819,-1.96519,-1.62388,-0.224066,-0.795532,2.26474,-0.106466,-1.14759,1.26353,0.000175463,0.0000201652,0.0499865,-0.000182216
-0.0489576,0.0493531,0.420353,0.00339434,-0.216792,-0.00197327,0.97621,-0.11143,0.767736,-0.740053,-0.181285,-1.96549,-1.61688,-0.224372,-0.794081,2.26499,-0.106518,-1.14779,1.26571,0.000175901,0.0000201633,0.057986,-0.000182294
-0.0485579,0.0493661,0.420459,0.00337215,-0.217247,-0.00192632,0.976109,-0.11136,0.765497,-0.73626,-0.180516,-1.96592,-1.60807,-0.224755,-0.792262,2.26529,-0.106584,-1.14805,1.26844,0.000176304,0.0000201611,0.0659854,-0.00018236
-0.0479614,0.0493714,0.42059,0.0033631,-0.217676,-0.00188434,0.976013,-0.111275,0.762779,-0.731658,-0.179582,-1.96648,-1.59737,-0.22522,-0.790055,2.26566,-0.106664,-1.14836,1.27176,0.000176707,0.0000201587,0.0739849,-0.000182433
-0.0471831,0.0493602,0.420744,0.00337089,-0.218108,-0.00185713,0.975917,-0.111174,0.759565,-0.726215,-0.178477,-1.96719,-1.58468,-0.225771,-0.787443,2.2661,-0.106758,-1.14872,1.27568,0.000177132,0.0000201564,0.0819843,-0.000182514
-0.0462627,0.0493326,0.420919,0.00339325,-0.218598,-0.00184692,0.975807,-0.111058,0.755839,-0.719905,-0.177196,-1.96803,-1.56997,-0.226408,-0.784417,2.2666,-0.106868,-1.14914,1.28023,0.000177581,0.0000201542,0.0899838,-0.000182607
-0.0452315,0.0492942,0.421114,0.00342421,-0.219187,-0.0018518,0.975675,-0.110925,0.751592,-0.712713,-0.175736,-1.96901,-1.55319,-0.227135,-0.780966,2.26718,-0.106993,-1.14962,1.28541,0.00017804,0.000020152,0.0979833,-0.000182704
-0.0440982,0.0492537,0.421327,0.00345717,-0.219884,-0.00186526,0.975518,-0.110775,0.746818,-0.70463,-0.174096,-1.97013,-1.53431,-0.227952,-0.777088,2.26783,-0.107133,-1.15016,1.29124,0.000178495,0.0000201498,0.105983,-0.000182801
-0.0428503,0.0492189,0.421559,0.00348255,-0.220677,-0.00188483,0.975339,-0.110609,0.741516,-0.695653,-0.172274,-1.97139,-1.51335,-0.228859,-0.772781,2.26855,-0.10729,-1.15076,1.29771,0.000178936,0.0000201475,0.113982,-0.000182896
-0.0414677,0.0491936,0.421808,0.00349613,-0.22154,-0.00190694,0.975143,-0.110426,0.735687,-0.685784,-0.170271,-1.97278,-1.49029,-0.229856,-0.768046,2.26934,-0.107461,-1.15141,1.30482,0.000179366,0.0000201452,0.121982,-0.000182999
-0.0399491,0.0491766,0.422074,0.00351714,-0.222438,-0.00189398,0.974939,-0.110226,0.729337,-0.675032,-0.168088,-1.97431,-1.46516,-0.230942,-0.762887,2.27021,-0.10765,-1.15213,1.31257,0.000179793,0.0000201428,0.129982,-0.000183356
-0.0383125,0.0491693,0.422354,0.00353947,-0.223367,-0.00183465,0.974726,-0.110011,0.722472,-0.663409,-0.165729,-1.97597,-1.438,-0.232115,-0.757308,2.27114,-0.107854,-1.15291,1.32094,0.00018023,0.0000201405,0.137982,-0.000184075
-0.0365884,0.0491649,0.422646,0.00355122,-0.224341,-0.0017298,0.974503,-0.109779,0.715103,-0.650932,-0.163197,-1.97776,-1.40884,-0.233374,-0.751321,2.27214,-0.108074,-1.15374,1.32993,0.000180687,0.0000201383,0.145982,-0.000184807
-0.0347967,0.0491571,0.422946,0.00356918,-0.225387,-0.00158048,0.974262,-0.109532,0.707242,-0.637623,-0.160496,-1.97967,-1.37773,-0.234717,-0.744934,2.27321,-0.108307,-1.15462,1.33952,0.000181155,0.0000201362,0.153982,-0.000185532
-0.0329434,0.0491449,0.42325,0.00359376,-0.2265,-0.00140662,0.974003,-0.10927,0.698905,-0.623507,-0.157631,-1.9817,-1.34473,-0.236142,-0.73816,2.27435,-0.108555,-1.15557,1.34969,0.000181623,0.0000201342,0.161982,-0.000186252
-0.0310261,0.0491314,0.423555,0.00361727,-0.227664,-0.0012345,0.973732,-0.108994,0.690107,-0.608611,-0.154607,-1.98385,-1.30991,-0.237647,-0.731012,2.27554,-0.108815,-1.15656,1.36042,0.000182088,0.0000201322,0.169982,-0.00018697
-0.0290416,0.04912,0.42386,0.00363146,-0.228861,-0.00108345,0.973452,-0.108704,0.680867,-0.592968,-0.151432,-1.98611,-1.27334,-0.239227,-0.723506,2.2768,-0.109089,-1.1576,1.3717,0.000182552,0.0000201302,0.177983,-0.000187687
-0.0269908,0.0491131,0.424161,0.00363119,-0.230084,-0.000962297,0.973164,-0.1084,0.671205,-0.57661,-0.148112,-1.98847,-1.23509,-0.240879,-0.715657,2.27811,-0.109375,-1.15869,1.38349,0.000183017,0.0000201283,0.185983,-0.000188403
-0.0248778,0.0491115,0.424456,0.00361407,-0.231327,-0.000873645,0.972869,-0.108084,0.661143,-0.559574,-0.144654,-1.99094,-1.19526,-0.2426,-0.707483,2.27948,-0.109672,-1.15982,1.39576,0.000183486,0.0000201265,0.193983,-0.000189116
-0.0227082,0.0491153,0.42474,0.00357857,-0.23259,-0.000820328,0.972568,-0.107756,0.650705,-0.541901,-0.141067,-1.9935,-1.15394,-0.244386,-0.699002,2.2809,-0.109981,-1.161,1.4085,0.000183959,0.0000201248,0.201983,-0.000189826
-0.0204875,0.0491241,0.425012,0.0035227,-0.233868,-0.000808377,0.972262,-0.107417,0.639913,-0.52363,-0.137359,-1.99615,-1.11122,-0.246232,-0.690236,2.28237,-0.110299,-1.16222,1.42166,0.000184436,0.0000201232,0.209983,-0.000190533
-0.0182165,0.0491317,0.425267,0.00345755,-0.235164,-0.000809253,0.971949,-0.107068,0.628795,-0.504806,-0.133538,-1.99887,-1.06721,-0.248134,-0.681204,2.28388,-0.110628,-1.16347,1.43523,0.000184915,0.0000201217,0.217983,-0.000191236
-0.0158889,0.0491359,0.425503,0.00339059,-0.23647,-0.000802383,0.971633,-0.106709,0.617376,-0.485473,-0.129614,-2.00168,-1.022,-0.250088,-0.671928,2.28543,-0.110965,-1.16476,1.44916,0.00018539,0.0000201204,0.225984,-0.000191939
-0.0134992,0.0491386,0.425718,0.00331896,-0.237771,-0.000787242,0.971315,-0.106341,0.605684,-0.465678,-0.125597,-2.00455,-0.975721,-0.252088,-0.66243,2.28702,-0.11131,-1.16607,1.46343,0.000185864,0.0000201191,0.233984,-0.000192641
-0.0110463,0.049141,0.425908,0.00324111,-0.239057,-0.000762745,0.971,-0.105966,0.593748,-0.44547,-0.121495,-2.00748,-0.92847,-0.25413,-0.652734,2.28864,-0.111662,-1.16742,1.47799,0.00018634,0.000020118,0.241984,-0.000193342
-0.00853457,0.049143,0.426072,0.00315726,-0.240324,-0.000727976,0.970687,-0.105584,0.581597,-0.424897,-0.11732,-2.01046,-0.880367,-0.256209,-0.642864,2.29029,-0.11202,-1.16879,1.49282,0.000186822,0.000020117,0.249984,-0.000194042
-0.00597126,0.0491434,0.426207,0.00306911,-0.241572,-0.000682266,0.970378,-0.105197,0.569261,-0.404012,-0.113081,-2.01349,-0.831531,-0.25832,-0.632843,2.29197,-0.112384,-1.17018,1.50787,0.000187312,0.0000201161,0.257984,-0.000194741
-0.00336364,0.0491406,0.426312,0.00297902,-0.242801,-0.000625109,0.970071,-0.104804,0.556771,-0.382864,-0.108788,-2.01656,-0.782084,-0.260457,-0.622697,2.29366,-0.112753,-1.17158,1.52311,0.000187809,0.0000201154,0.265984,-0.000195437
-0.000717081,0.0491329,0.426385,0.00288921,-0.244008,-0.000556079,0.969769,-0.104408,0.544157,-0.361508,-0.104454,-2.01966,-0.732147,-0.262616,-0.61245,2.29538,-0.113124,-1.17301,1.5385,0.000188312,0.0000201148,0.273985,-0.000196132
0.00196476,0.0491193,0.426423,0.00280143,-0.245188,-0.000474802,0.969471,-0.104009,0.53145,-0.339996,-0.100087,-2.02279,-0.681846,-0.26479,-0.602129,2.2971,-0.113499,-1.17444,1.554,0.00018882,0.0000201144,0.281985,-0.000196826
0.00467875,0.0490992,0.426428,0.00271697,-0.246337,-0.000380968,0.96918,-0.103608,0.518684,-0.318381,-0.0957004,-2.02592,-0.631305,-0.266975,-0.591758,2.29884,-0.113876,-1.17588,1.56958,0.000189334,0.000020114,0.289985,-0.00019752
0.007421,0.0490722,0.426397,0.00263694,-0.247449,-0.000274358,0.968897,-0.103206,0.505889,-0.296718,-0.0913036,-2.02907,-0.580651,-0.269164,-0.581365,2.30058,-0.114253,-1.17732,1.58519,0.000189855,0.0000201139,0.297985,-0.000198214
0.0101864,0.0490377,0.426331,0.0025625,-0.248523,-0.000154861,0.968623,-0.102804,0.493097,-0.275061,-0.0869079,-2.03221,-0.530011,-0.271353,-0.570974,2.30231,-0.11463,-1.17876,1.6008,0.000190383,0.0000201138,0.305985,-0.000198909
0.0129687,0.0489955,0.426229,0.00249485,-0.249557,-0.000022474,0.968357,-0.102403,0.480341,-0.253464,-0.0825245,-2.03535,-0.479512,-0.273536,-0.560612,2.30405,-0.115006,-1.1802,1.61636,0.000190919,0.000020114,0.313985,-0.000199605
0.0157614,0.0489453,0.426093,0.00243519,-0.250549,0.0001227,0.968101,-0.102004,0.467653,-0.231982,-0.0781644,-2.03847,-0.429281,-0.275707,-0.550305,2.30577,-0.11538,-1.18163,1.63185,0.000191464,0.0000201142,0.321986,-0.000200302
0.0185582,0.0488867,0.425923,0.0023846,-0.251499,0.000280454,0.967855,-0.101609,0.455064,-0.210668,-0.0738384,-2.04156,-0.379444,-0.277861,-0.540079,2.30748,-0.115751,-1.18304,1.64721,0.000192017,0.0000201147,0.329986,-0.000201001
0.0213529,0.0488199,0.42572,0.00234403,-0.252406,0.000450477,0.967618,-0.101217,0.442607,-0.189577,-0.0695575,-2.04462,-0.330125,-0.279993,-0.529959,2.30917,-0.116118,-1.18445,1.66241,0.000192579,0.0000201152,0.337986,-0.000201702
0.0241395,0.0487448,0.425486,0.00231428,-0.253269,0.000632345,0.967393,-0.100831,0.430312,-0.16876,-0.0653324,-2.04765,-0.28145,-0.282097,-0.519972,2.31085,-0.116481,-1.18583,1.67741,0.000193148,0.0000201159,0.345986,-0.000202405
0.0269121,0.0486617,0.425222,0.00229605,-0.254086,0.000825537,0.967179,-0.100451,0.41821,-0.148271,-0.0611738,-2.05062,-0.233541,-0.284168,-0.510142,2.31249,-0.116837,-1.1872,1.69217,0.000193727,0.0000201168,0.353986,-0.00020311
0.0296642,0.0485708,0.424931,0.0022899,-0.254858,0.00102944,0.966975,-0.100078,0.406332,-0.128161,-0.0570921,-2.05354,-0.186518,-0.286201,-0.500493,2.3141,-0.117187,-1.18853,1.70667,0.000194314,0.0000201178,0.361987,-0.000203818
0.0323896,0.0484726,0.424615,0.00229618,-0.255585,0.00124338,0.966783,-0.0997125,0.394708,-0.108481,-0.0530977,-2.0564,-0.1405,-0.28819,-0.491051,2.31568,-0.11753,-1.18984,1.72085,0.00019491,0.0000201189,0.369987,-0.000204529
0.0350818,0.0483677,0.424277,0.00231503,-0.256266,0.00146662,0.966602,-0.0993562,0.383368,-0.0892798,-0.0492006,-2.05919,-0.0956032,-0.290131,-0.481839,2.31722,-0.117864,-1.19112,1.73469,0.000195514,0.0000201201,0.377987,-0.000205243
0.0377343,0.048257,0.42392,0.0023463,-0.256904,0.0016984,0.966433,-0.0990097,0.372339,-0.0706067,-0.0454106,-2.0619,-0.0519404,-0.292018,-0.472879,2.31872,-0.118189,-1.19236,1.74814,0.000196127,0.0000201216,0.385987,-0.000205961
0.0403409,0.0481414,0.423548,0.0023896,-0.257499,0.00193789,0.966274,-0.0986739,0.361649,-0.0525085,-0.0417373,-2.06453,-0.00962171,-0.293847,-0.464196,2.32017,-0.118504,-1.19357,1.76119,0.000196748,0.0000201231,0.393987,-0.000206683
0.0428955,0.0480222,0.423163,0.00244431,-0.258051,0.00218423,0.966126,-0.0983496,0.351326,-0.0350308,-0.0381899,-2.06707,0.031246,-0.295614,-0.455811,2.32158,-0.118808,-1.19473,1.77378,0.000197377,0.0000201247,0.401988,-0.000207408
0.0453922,0.0479005,0.42277,0.00250968,-0.258562,0.00243652,0.965988,-0.0980376,0.341396,-0.0182177,-0.0347774,-2.06951,0.0705596,-0.297313,-0.447744,2.32292,-0.119101,-1.19585,1.7859,0.000198014,0.0000201265,0.409988,-0.000208137
0.0478251,0.0477775,0.422371,0.00258484,-0.259033,0.00269381,0.965861,-0.0977387,0.331883,-0.00211164,-0.0315084,-2.07185,0.10822,-0.298941,-0.440017,2.32422,-0.119381,-1.19692,1.79751,0.000198659,0.0000201284,0.417988,-0.00020887
0.0501887,0.0476545,0.421971,0.00266877,-0.259465,0.00295513,0.965744,-0.0974538,0.322812,0.0132467,-0.0283912,-2.07408,0.144132,-0.300494,-0.432648,2.32545,-0.119649,-1.19795,1.80858,0.00019931,0.0000201305,0.425988,-0.000209607
0.0524774,0.0475329,0.421574,0.00276036,-0.25986,0.00321946,0.965637,-0.0971834,0.314205,0.0278187,-0.0254336,-2.07619,0.178205,-0.301966,-0.425657,2.32662,-0.119902,-1.19892,1.81908,0.000199969,0.0000201326,0.433988,-0.000210347
0.0546861,0.047414,0.421183,0.00285836,-0.26022,0.00348582,0.965539,-0.0969283,0.306085,0.0415674,-0.0226431,-2.07819,0.210353,-0.303356,-0.41906,2.32772,-0.120142,-1.19983,1.82898,0.000200634,0.0000201348,0.441989,-0.000211092
0.0568099,0.0472991,0.420803,0.00296142,-0.260545,0.00375321,0.96545,-0.0966891,0.298471,0.0544582,-0.0200267,-2.08006,0.240496,-0.304659,-0.412876,2.32876,-0.120366,-1.20069,1.83827,0.000201305,0.0000201371,0.449989,-0.00021184
0.0588442,0.0471896,0.420436,0.0030681,-0.260838,0.00402063,0.965369,-0.0964665,0.291383,0.0664585,-0.017591,-2.0818,0.268556,-0.305872,-0.407118,2.32972,-0.120575,-1.20149,1.84692,0.000201982,0.0000201396,0.457989,-0.000212591
0.0607846,0.0470867,0.420087,0.00317694,-0.261099,0.00428713,0.965297,-0.0962609,0.28484,0.0775381,-0.0153422,-2.08341,0.294463,-0.306992,-0.401802,2.33061,-0.120768,-1.20222,1.85491,0.000202664,0.0000201421,0.465989,-0.000213346
0.0626271,0.0469918,0.419759,0.00328642,-0.261331,0.0045517,0.965233,-0.0960729,0.278856,0.0876689,-0.013286,-2.08488,0.318151,-0.308016,-0.396942,2.33142,-0.120944,-1.2029,1.86221,0.000203351,0.0000201447,0.473989,-0.000214104
0.0643663,0.046907,0.419456,0.00338376,-0.261529,0.00480071,0.965178,-0.095903,0.273448,0.0968254,-0.0114276,-2.08621,0.339562,-0.308942,-0.392549,2.33216,-0.121103,-1.20351,1.86881,0.000204044,0.0000201473,0.48199,-0.0002148
0.0659779,0.046822,0.419182,0.00339026,-0.261686,0.00495442,0.965134,-0.0957516,0.268629,0.104985,-0.00977158,-2.0874,0.35864,-0.309767,-0.388635,2.33281,-0.121244,-1.20405,1.87469,0.000204762,0.00002015,0.48999,-0.000215339
0.0674206,0.0466975,0.41894,0.00340083,-0.261814,0.00503984,0.965099,-0.0956184,0.264412,0.112126,-0.00832221,-2.08843,0.375337,-0.31049,-0.38521,2.33338,-0.121368,-1.20452,1.87984,0.000205507,0.0000201528,0.497989,-0.000215664
0.0683988,0.0465473,0.418891,0.0035779,-0.261059,0.00478158,0.965304,-0.095501,0.263513,0.113649,-0.00707985,-2.08865,0.378921,-0.310644,-0.384475,2.3335,-0.121397,-1.20462,1.88094,0.00020595,0.0000201692,0.514989,-0.0182151
0.0687107,0.0461985,0.419108,0.00402219,-0.260598,0.00439512,0.965429,-0.095399,0.263638,0.113451,-0.00602285,-2.08862,0.378678,-0.310628,-0.384521,2.33347,-0.121399,-1.2046,1.88087,0.000205812,0.0000201708,0.534989,-0.0422144
0.0686148,0.0458013,0.419227,0.00450705,-0.260608,0.00399109,0.965426,-0.0953114,0.263873,0.113102,-0.00512363,-2.08855,0.378479,-0.310602,-0.384551,2.33338,-0.121402,-1.20454,1.8808,0.000205365,0.0000201715,0.554989,-0.0662136
0.0682702,0.0456448,0.419205,0.00449598,-0.26072,0.00318009,0.965399,-0.0952366,0.264273,0.112523,-0.00435863,-2.08843,0.378324,-0.310562,-0.384561,2.33323,-0.121405,-1.20445,1.88074,0.00020475,0.0000201713,0.574989,-0.0902127
0.0676803,0.0457771,0.419148,0.00390535,-0.260893,0.0018714,0.965358,-0.0951727,0.264885,0.111652,-0.00370776,-2.08824,0.378211,-0.310502,-0.38455,2.33299,-0.12141,-1.2043,1.88067,0.000204145,0.0000201715,0.594989,-0.114212
0.066832,0.0460985,0.419063,0.00299347,-0.261288,0.000373879,0.965256,-0.0951183,0.265749,0.110433,-0.00315402,-2.08798,0.378138,-0.310421,-0.384515,2.33265,-0.121416,-1.20408,1.88061,0.00020357,0.0000201721,0.614989,-0.138211
0.0658087,0.0465303,0.419008,0.00192123,-0.261884,-0.00115473,0.965097,-0.0950724,0.266898,0.10882,-0.00268297,-2.08762,0.378105,-0.310314,-0.384456,2.33219,-0.121423,-1.20379,1.88055,0.000202996,0.000020172,0.634989,-0.16221
0.0650591,0.0468332,0.419168,0.00111754,-0.262293,-0.00245019,0.964985,-0.0950348,0.268359,0.106774,-0.00228236,-2.08718,0.378109,-0.310179,-0.38437,2.33161,-0.121429,-1.20341,1.88048,0.000202519,0.000020171,0.654988,-0.186209
0.0647313,0.0469173,0.419308,0.000758583,-0.262338,-0.00341441,0.96497,-0.0950032,0.270155,0.104262,-0.00194157,-2.08663,0.378151,-0.310013,-0.384257,2.33088,-0.121437,-1.20296,1.8804,0.000202094,0.0000201699,0.674988,-0.210209
0.0647902,0.0468008,0.419397,0.000812378,-0.262122,-0.004059,0.965026,-0.0949759,0.272306,0.101257,-0.00165159,-2.08597,0.37823,-0.309815,-0.384114,2.33001,-0.121447,-1.2024,1.88031,0.000201612,0.0000201692,0.694987,-0.234208
0.0650971,0.0465985,0.41949,0.00104741,-0.261792,-0.00455932,0.965113,-0.094952,0.274826,0.0977342,-0.00140482,-2.08519,0.378346,-0.309582,-0.383941,2.32899,-0.121461,-1.20176,1.88022,0.000201078,0.0000201688,0.714987,-0.258208
0.0654579,0.0464214,0.419611,0.00126678,-0.261453,-0.00503144,0.965202,-0.0949312,0.277729,0.0936766,-0.00119483,-2.0843,0.378496,-0.309314,-0.383737,2.32781,-0.121476,-1.20101,1.88012,0.000200536,0.0000201687,0.734986,-0.282207
0.065746,0.0463332,0.419767,0.00136266,-0.261211,-0.00552512,0.965265,-0.0949131,0.281025,0.0890685,-0.00101615,-2.08328,0.378682,-0.30901,-0.383502,2.32647,-0.121495,-1.20016,1.88001,0.00019998,0.0000201688,0.754986,-0.306206
0.0659423,0.0463444,0.41996,0.00131506,-0.261082,-0.00605095,0.965297,-0.0948978,0.284724,0.0838978,-0.00086414,-2.08214,0.378902,-0.308668,-0.383236,2.32496,-0.121514,-1.1992,1.87988,0.000199425,0.0000201688,0.774986,-0.330205
0.0661072,0.046421,0.420185,0.00118348,-0.261017,-0.00657642,0.965311,-0.0948851,0.288831,0.078155,-0.000734846,-2.08086,0.379157,-0.308288,-0.382938,2.32328,-0.121536,-1.19813,1.87974,0.000198885,0.0000201687,0.794986,-0.354204
0.0663289,0.0465098,0.420432,0.0010628,-0.260941,-0.00704574,0.965328,-0.0948746,0.293351,0.0718327,-0.000624877,-2.07946,0.379445,-0.307869,-0.382607,2.32143,-0.121558,-1.19695,1.87959,0.000198361,0.0000201684,0.814985,-0.378203
0.0666759,0.0465688,0.420692,0.00102878,-0.2608,-0.00741354,0.965364,-0.0948658,0.298287,0.0649257,-0.000531337,-2.07793,0.379767,-0.307412,-0.382244,2.3194,-0.121583,-1.19566,1.87942,0.000197847,0.0000201679,0.834985,-0.402203
0.0671701,0.0465863,0.420964,0.00109139,-0.260567,-0.00768789,0.965424,-0.0948584,0.30364,0.0574303,-0.000451762,-2.07626,0.380121,-0.306914,-0.381849,2.3172,-0.121609,-1.19425,1.87924,0.000197345,0.0000201674,0.854985,-0.426202
0.067773,0.0465756,0.421247,0.00118993,-0.260246,-0.00796672,0.965509,-0.0948522,0.309412,0.0493447,-0.000384054,-2.07446,0.380509,-0.306377,-0.38142,2.31482,-0.121637,-1.19273,1.87904,0.000196872,0.000020167,0.874984,-0.450201
0.0684292,0.0465381,0.421546,0.00131834,-0.259895,-0.00825985,0.965601,-0.0948468,0.315601,0.0406683,-0.000326436,-2.07252,0.38093,-0.305799,-0.380959,2.31226,-0.121668,-1.1911,1.87882,0.000196407,0.0000201668,0.894984,-0.474201
0.0691082,0.0464853,0.421864,0.00146294,-0.259548,-0.00856261,0.965691,-0.0948421,0.322207,0.0314016,-0.000277408,-2.07045,0.381383,-0.305181,-0.380464,2.30952,-0.1217,-1.18934,1.87858,0.000195924,0.0000201666,0.914984,-0.4982
0.0698125,0.0464348,0.422201,0.00160324,-0.259203,-0.00886848,0.965781,-0.0948379,0.329226,0.0215465,-0.000235695,-2.06824,0.381869,-0.304522,-0.379937,2.3066,-0.121733,-1.18747,1.87833,0.000195412,0.0000201663,0.934983,-0.522199
0.0705615,0.0464001,0.422556,0.00172401,-0.258838,-0.00917245,0.965876,-0.0948343,0.336657,0.0111058,-0.00020021,-2.0659,0.382386,-0.303823,-0.379377,2.3035,-0.121768,-1.18548,1.87805,0.000194879,0.000020166,0.954983,-0.546198
0.0713729,0.0463831,0.422928,0.0018226,-0.258435,-0.0094735,0.96598,-0.0948312,0.344495,0.0000831907,-0.000170025,-2.06342,0.382935,-0.303083,-0.378783,2.30022,-0.121805,-1.18337,1.87775,0.000194342,0.0000201657,0.974983,-0.570198
0.0722539,0.0463762,0.423313,0.00190765,-0.257985,-0.0097744,0.966098,-0.0948287,0.352736,-0.0115167,-0.000144348,-2.0608,0.383516,-0.302302,-0.378157,2.29676,-0.121843,-1.18113,1.87743,0.000193816,0.0000201653,0.994982,-0.594197
0.0732029,0.046368,0.42371,0.00199192,-0.257486,-0.0100796,0.966227,-0.0948266,0.361375,-0.0236887,-0.000122506,-2.05805,0.384128,-0.301482,-0.377498,2.29312,-0.121882,-1.17878,1.87708,0.000193304,0.000020165,1.01498,-0.618196
0.0742162,0.04635,0.424117,0.00208464,-0.256944,-0.0103925,0.966368,-0.0948249,0.370406,-0.0364269,-0.000103924,-2.05517,0.384771,-0.300621,-0.376807,2.28931,-0.121922,-1.17631,1.87671,0.000192798,0.0000201646,1.03498,-0.642195
0.0752919,0.0463204,0.424533,0.00218755,-0.256357,-0.0107143,0.96652,-0.0948233,0.379825,-0.0497247,-0.0000881153,-2.05214,0.385445,-0.299719,-0.376083,2.28531,-0.121963,-1.17372,1.87631,0.000192288,0.0000201643,1.05498,-0.666195
0.0764314,0.0462834,0.424956,0.00229545,-0.255723,-0.0110439,0.966684,-0.094822,0.389623,-0.0635752,-0.0000746644,-2.04899,0.38615,-0.298778,-0.375327,2.28114,-0.122005,-1.171,1.87589,0.000191766,0.0000201639,1.07498,-0.690194
0.0776371,0.0462465,0.425386,0.00239972,-0.255039,-0.011379,0.966861,-0.0948207,0.399795,-0.0779705,-0.0000632194,-2.0457,0.386885,-0.297797,-0.374538,2.27679,-0.122048,-1.16817,1.87544,0.000191232,0.0000201636,1.09498,-0.714193
0.0789112,0.0462167,0.425821,0.00249226,-0.254303,-0.0117171,0.967051,-0.0948196,0.410333,-0.0929027,-0.000053481,-2.04228,0.387651,-0.296776,-0.373718,2.27226,-0.122092,-1.16521,1.87496,0.000190686,0.0000201632,1.11498,-0.738192
0.0800531,0.0462528,0.426315,0.00225383,-0.253886,-0.0121061,0.967156,-0.0948193,0.421231,-0.108362,-0.0000459782,-2.03887,0.388445,-0.295716,-0.372865,2.26756,-0.122135,-1.16213,1.87444,0.000190318,0.0000206354,1.13498,-0.762192
0.0806335,0.0465338,0.427008,0.000773174,-0.254404,-0.0127836,0.967013,-0.0948225,0.432482,-0.124339,-0.0000398523,-2.03516,0.389269,-0.294616,-0.371982,2.26269,-0.122175,-1.15893,1.8739,0.000190344,0.0000212054,1.15498,-0.786191
0.0813833,0.0467205,0.428023,-0.000332966,-0.25483,-0.0132631,0.966895,-0.0948258,0.444075,-0.140826,-0.0000349189,-2.03133,0.390123,-0.293476,-0.371068,2.25765,-0.122217,-1.15561,1.87331,0.000190344,0.0000219506,1.17498,-0.810191
0.0823268,0.0467469,0.429505,-0.00083942,-0.255177,-0.0134262,0.966801,-0.0948286,0.456,-0.157812,-0.0000306894,-2.02737,0.391006,-0.292299,-0.370122,2.25244,-0.122259,-1.15217,1.8727,0.000190345,0.0000226494,1.19498,-0.834191
0.0833043,0.0466546,0.431134,-0.000911287,-0.255579,-0.0133625,0.966695,-0.0948308,0.46825,-0.175289,-0.0000270733,-2.02328,0.391918,-0.291083,-0.369144,2.24705,-0.122301,-1.1486,1.87205,0.000190345,0.0000232873,1.21498,-0.858191
0.0841792,0.0464803,0.43267,-0.000682855,-0.256142,-0.0131459,0.966549,-0.0948327,0.480815,-0.193245,-0.0000240018,-2.01907,0.392859,-0.289829,-0.368136,2.2415,-0.122344,-1.14491,1.87136,0.000190346,0.0000239146,1.23498,-0.882191
0.0849424,0.0462246,0.434117,-0.000164147,-0.25687,-0.0127826,0.966361,-0.0948343,0.493686,-0.211669,-0.0000213932,-2.01474,0.393829,-0.288538,-0.367098,2.23578,-0.122386,-1.1411,1.87063,0.000190346,0.0000245592,1.25497,-0.906191
0.0856108,0.0458752,0.435578,0.000675296,-0.257752,-0.0122576,0.966133,-0.0948357,0.506853,-0.23055,-0.0000191819,-2.01028,0.394826,-0.287209,-0.36603,2.22989,-0.122428,-1.13717,1.86986,0.000190347,0.0000252297,1.27497,-0.930191
0.0862495,0.0454132,0.437095,0.00189043,-0.258731,-0.0115407,0.965879,-0.0948369,0.520306,-0.249877,-0.0000172747,-2.0057,0.395852,-0.285844,-0.364933,2.22384,-0.12247,-1.13311,1.86905,0.000190347,0.000025894,1.29497,-0.954191
0.0868584,0.044834,0.438652,0.00348599,-0.259806,-0.0106301,0.965596,-0.0948379,0.534036,-0.269638,-0.0000156378,-2.00099,0.396906,-0.284442,-0.363806,2.21763,-0.122511,-1.12894,1.8682,0.000190348,0.0000265507,1.31497,-0.978191
0.0874196,0.044138,0.440216,0.00545012,-0.260993,-0.00953261,0.965278,-0.0948388,0.548031,-0.289821,-0.0000142463,-1.99617,0.397987,-0.283004,-0.362649,2.21125,-0.122551,-1.12464,1.8673,0.000190348,0.0000272035,1.33497,-1.00219
0.0879279,0.0433228,0.441772,0.00777976,-0.262294,-0.00825028,0.964921,-0.0948395,0.562282,-0.310413,-0.0000130637,-1.99122,0.399094,-0.28153,-0.361464,2.20472,-0.122591,-1.12022,1.86635,0.000190349,0.0000278512,1.35497,-1.02619
0.0883819,0.0423837,0.443326,0.0104789,-0.263711,-0.00678146,0.964521,-0.0948401,0.576777,-0.331403,-0.0000120588,-1.98616,0.400229,-0.280021,-0.360251,2.19803,-0.122629,-1.11567,1.86536,0.000190349,0.0000284995,1.37497,-1.05019
0.0887855,0.0413139,0.444879,0.0135578,-0.26524,-0.00512114,0.964074,-0.0948407,0.591507,-0.352777,-0.0000112019,-1.98098,0.40139,-0.278477,-0.359009,2.19119,-0.122666,-1.11101,1.86431,0.00019035,0.0000291467,1.39497,-1.07419
0.0891359,0.0401072,0.446433,0.017023,-0.266885,-0.00326637,0.963573,-0.0948411,0.606459,-0.374523,-0.0000104849,-1.97568,0.402577,-0.276898,-0.357739,2.18419,-0.122702,-1.10623,1.86322,0.00019035,0.0000297958,1.41497,-1.09819
0.0894185,0.0387577,0.447986,0.0208703,-0.268658,-0.00122399,0.963009,-0.0948415,0.621623,-0.396628,-0.00000987794,-1.97027,0.40379,-0.275285,-0.356442,2.17704,-0.122736,-1.10132,1.86207,0.000190351,0.0000304459,1.43497,-1.12219
0.0896197,0.0372545,0.449538,0.0251069,-0.270572,0.00100491,0.962372,-0.0948418,0.636987,-0.419078,-0.00000934684,-1.96475,0.405028,-0.273639,-0.355118,2.16974,-0.122768,-1.0963,1.86087,0.000190352,0.000031086,1.45497,-1.14619
0.0897511,0.0355852,0.451084,0.0297744,-0.272626,0.0034477,0.961653,-0.0948421,0.652541,-0.44186,-0.00000886702,-1.95912,0.406291,-0.271959,-0.353768,2.16229,-0.122799,-1.09115,1.85961,0.000190352,0.0000317186,1.47497,-1.17019
0.0899765,0.0342384,0.452869,0.0328025,-0.27408,0.00485003,0.961135,-0.0948416,0.668272,-0.464961,-0.00000798668,-1.95338,0.407579,-0.270246,-0.352392,2.1547,-0.122829,-1.08588,1.8583,0.00019035,0.0000322103,1.49497,-1.19419
0.0902817,0.0333701,0.454637,0.0345547,-0.27517,0.00568113,0.960758,-0.0948418,0.684169,-0.488367,-0.00000741476,-1.94752,0.408891,-0.2685,-0.350989,2.14697,-0.122856,-1.0805,1.85692,0.00019035,0.0000327431,1.51496,-1.21819
0.09054,0.0326384,0.456336,0.0361261,-0.276264,0.00652804,0.96038,-0.094842,0.700221,-0.512064,-0.00000714388,-1.94157,0.410227,-0.266724,-0.34956,2.13909,-0.12288,-1.07499,1.85548,0.00019035,0.0000333315,1.53496,-1.24219
0.090758,0.0318086,0.45806,0.03794,-0.277421,0.00749751,0.95997,-0.0948423,0.716415,-0.536038,-0.00000692837,-1.93551,0.411587,-0.264917,-0.348107,2.13108,-0.122901,-1.06937,1.85399,0.00019035,0.000033941,1.55496,-1.26619
0.0909724,0.0308637,0.459845,0.0400404,-0.278616,0.00861115,0.959529,-0.0948425,0.73274,-0.560276,-0.00000671045,-1.92934,0.412969,-0.263078,-0.346628,2.12293,-0.122919,-1.06362,1.85242,0.000190351,0.0000345421,1.57496,-1.29019
0.0911785,0.0298589,0.461667,0.042258,-0.279814,0.00978233,0.959074,-0.0948426,0.749185,-0.584763,-0.0000064905,-1.92308,0.414375,-0.26121,-0.345126,2.11464,-0.122935,-1.05776,1.85079,0.000190351,0.0000351267,1.59496,-1.31419
0.0913494,0.0288505,0.463498,0.0444271,-0.281006,0.0109273,0.958615,-0.0948427,0.765737,-0.609486,-0.00000630148,-1.91671,0.415803,-0.259311,-0.343599,2.10623,-0.122948,-1.05178,1.8491,0.000190351,0.0000357114,1.61496,-1.33819
0.0914691,0.0278505,0.465327,0.0465033,-0.282192,0.0120193,0.958155,-0.0948428,0.782384,-0.63443,-0.00000612363,-1.91025,0.417253,-0.257383,-0.342049,2.09768,-0.122958,-1.04568,1.84733,0.000190351,0.0000363002,1.63496,-1.36219
0.091531,0.0268429,0.467167,0.0485289,-0.283391,0.0130789,0.957687,-0.0948429,0.799115,-0.659581,-0.00000595537,-1.90369,0.418724,-0.255427,-0.340476,2.08901,-0.122965,-1.03947,1.8455,0.000190351,0.0000368905,1.65496,-1.38619
0.0915504,0.0258044,0.46903,0.0505801,-0.284604,0.0141502,0.957205,-0.0948429,0.815918,-0.684924,-0.00000579203,-1.89703,0.420217,-0.253443,-0.33888,2.08021,-0.122969,-1.03314,1.84359,0.000190351,0.000037471,1.67496,-1.41019
0.091549,0.0247237,0.470916,0.0526874,-0.285818,0.0152482,0.956713,-0.094843,0.832781,-0.710447,-0.00000561428,-1.89029,0.42173,-0.251431,-0.337262,2.07129,-0.122969,-1.02669,1.84161,0.000190351,0.0000380229,1.69496,-1.43419
0.0915297,0.0236141,0.47282,0.0548106,-0.287023,0.016353,0.956215,-0.0948431,0.849691,-0.736133,-0.00000548507,-1.88345,0.423263,-0.249392,-0.335622,2.06225,-0.122966,-1.02013,1.83955,0.000190352,0.0000385655,1.71496,-1.45819
0.0914604,0.0224891,0.474734,0.0569129,-0.288239,0.0174476,0.955706,-0.0948431,0.866639,-0.76197,-0.00000537899,-1.87653,0.424817,-0.247327,-0.333961,2.05309,-0.12296,-1.01346,1.83742,0.000190352,0.0000391108,1.73496,-1.48219
0.0913238,0.0213884,0.476677,0.0588835,-0.289457,0.0184772,0.9552,-0.0948431,0.883611,-0.787943,-0.00000521838,-1.86951,0.42639,-0.245235,-0.33228,2.04382,-0.122949,-1.00667,1.83521,0.000190352,0.0000396472,1.75496,-1.50619
0.0911641,0.0202956,0.478614,0.0607712,-0.290645,0.0194618,0.954701,-0.0948432,0.900596,-0.814037,-0.00000507361,-1.86242,0.427982,-0.243119,-0.330578,2.03444,-0.122935,-0.999771,1.83292,0.000190352,0.0000401953,1.77496,-1.53019
0.0909718,0.0191997,0.480568,0.0626006,-0.291818,0.0204149,0.954205,-0.0948432,0.917583,-0.840239,-0.0000049333,-1.85524,0.429592,-0.240978,-0.328856,2.02495,-0.122917,-0.992758,1.83055,0.000190352,0.0000407431,1.79496,-1.55419
0.0907214,0.0180895,0.482549,0.0643906,-0.293005,0.0213414,0.953701,-0.0948432,0.934559,-0.866535,-0.00000483371,-1.84798,0.431221,-0.238813,-0.327115,2.01535,-0.122895,-0.985634,1.82809,0.000190352,0.0000413007,1.81495,-1.57819
0.090414,0.0169453,0.484549,0.0662016,-0.294219,0.0222782,0.953182,-0.0948433,0.951515,-0.89291,-0.00000470219,-1.84064,0.432867,-0.236624,-0.325355,2.00565,-0.122869,-0.9784,1.82556,0.000190352,0.0000418327,1.83495,-1.60219
0.0900586,0.015769,0.486569,0.0680323,-0.295451,0.0232268,0.952649,-0.0948433,0.968437,-0.919351,-0.00000457029,-1.83323,0.43453,-0.234413,-0.323577,1.99584,-0.122838,-0.971056,1.82293,0.000190353,0.0000423523,1.85495,-1.62619
0.0896533,0.0145714,0.4886,0.0698551,-0.296698,0.0241736,0.952106,-0.0948433,0.985316,-0.945844,-0.00000442743,-1.82574,0.43621,-0.232179,-0.321781,1.98594,-0.122804,-0.963604,1.82023,0.000190353,0.0000428649,1.87495,-1.65019
0.0892023,0.0133618,0.490637,0.0716464,-0.297947,0.0251062,0.951559,-0.0948433,1.00214,-0.972375,-0.0000042515,-1.81817,0.437907,-0.229924,-0.319967,1.97594,-0.122765,-0.956045,1.81743,0.000190353,0.0000433561,1.89495,-1.67419
0.0887756,0.0121474,0.492664,0.0733893,-0.299132,0.0260119,0.95103,-0.0948433,1.0189,-0.99893,-0.00000410093,-1.81054,0.439619,-0.227648,-0.318137,1.96585,-0.122722,-0.948379,1.81455,0.000190353,0.0000438156,1.91495,-1.69819
0.088252,0.0109281,0.494714,0.075087,-0.300369,0.0269019,0.950483,-0.0948434,1.03558,-1.0255,-0.00000402611,-1.80284,0.441346,-0.225351,-0.31629,1.95567,-0.122674,-0.940608,1.81158,0.000190353,0.0000443132,1.93495,-1.72219
0.0876398,0.00968424,0.49677,0.0767756,-0.301653,0.0277893,0.949915,-0.0948434,1.05217,-1.05206,-0.00000391703,-1.79508,0.443088,-0.223035,-0.314428,1.9454,-0.122622,-0.932733,1.80852,0.000190353,0.000044825,1.95495,-1.74619
0.08697,0.00841981,0.498834,0.0784464,-0.302953,0.0286672,0.949339,-0.0948434,1.06867,-1.07861,-0.00000374131,-1.78725,0.444845,-0.2207,-0.31255,1.93505,-0.122565,-0.924755,1.80536,0.000190353,0.0000453411,1.97495,-1.77019
0.0862965,0.00710856,0.500948,0.0801705,-0.304237,0.0295694,0.948756,-0.0948434,1.08506,-1.10513,-0.00000356606,-1.77936,0.446615,-0.218346,-0.310658,1.92461,-0.122504,-0.916675,1.80212,0.000190354,0.0000458567,1.99495,-1.79419
0.0855922,0.00574708,0.503073,0.0819481,-0.305534,0.0305002,0.948158,-0.0948434,1.10133,-1.1316,-0.0000034197,-1.7714,0.448399,-0.215975,-0.308751,1.9141,-0.122438,-0.908495,1.79878,0.000190354,0.0000463632,2.01495,-1.81819
0.0848087,0.00437432,0.505204,0.0836921,-0.306866,0.0314208,0.947545,-0.0948434,1.11748,-1.15803,-0.00000328099,-1.7634,0.450195,-0.213587,-0.306831,1.90351,-0.122367,-0.900216,1.79535,0.000190354,0.0000468696,2.03495,-1.84219
0.0839828,0.00300982,0.507324,0.0853607,-0.308188,0.0323071,0.946937,-0.0948434,1.13348,-1.18438,-0.00000308793,-1.75533,0.452004,-0.211183,-0.304897,1.89285,-0.122292,-0.891839,1.79182,0.000190354,0.0000473646,2.05495,-1.86619
0.0831403,0.00162753,0.509458,0.0870163,-0.309495,0.0331888,0.946329,-0.0948434,1.14934,-1.21066,-0.00000300296,-1.74722,0.453825,-0.208762,-0.302951,1.88212,-0.122211,-0.883366,1.7882,0.000190354,0.0000477627,2.07495,-1.89019
0.0822915,0.000194494,0.51161,0.0887237,-0.310797,0.0340983,0.945712,-0.0948434,1.16505,-1.23685,-0.00000307711,-1.73905,0.455656,-0.206327,-0.300992,1.87132,-0.122126,-0.874798,1.78448,0.000190354,0.0000479796,2.09495,-1.91419
0.0814376,-0.00128643,0.513777,0.0904766,-0.312093,0.0350326,0.945085,-0.0948435,1.18059,-1.26293,-0.00000337566,-1.73084,0.457497,-0.203878,-0.29902,1.86046,-0.122036,-0.866137,1.78066,0.000190354,0.0000479143,2.11495,-1.93819
0.0805789,-0.00281179,0.515959,0.0922696,-0.313384,0.035991,0.944448,-0.0948435,1.19595,-1.2889,-0.00000396786,-1.72258,0.459348,-0.201414,-0.297036,1.84954,-0.121941,-0.857385,1.77675,0.000190354,0.0000474775,2.13495,-1.96219
0.0796762,-0.00435733,0.518118,0.0940485,-0.314731,0.0369482,0.943787,-0.0948434,1.21113,-1.31474,-0.00000465718,-1.71428,0.461208,-0.198938,-0.295042,1.83856,-0.12184,-0.848542,1.77274,0.000190354,0.0000468818,2.15495,-1.98619
0.0786767,-0.00583902,0.520238,0.095633,-0.316119,0.0378227,0.943129,-0.0948434,1.22612,-1.34044,-0.00000520251,-1.70594,0.463078,-0.196449,-0.293038,1.82753,-0.121735,-0.839611,1.76863,0.000190355,0.0000462986,2.17495,-2.01019
0.077561,-0.00722728,0.522365,0.0969724,-0.317488,0.0385877,0.942501,-0.0948434,1.24092,-1.366,-0.00000567354,-1.69756,0.464957,-0.193949,-0.291025,1.81644,-0.121625,-0.830594,1.76442,0.000190355,0.0000457153,2.19495,-2.03419
0.0763427,-0.00856782,0.524495,0.098168,-0.318854,0.0392911,0.941887,-0.0948434,1.2555,-1.39139,-0.00000608727,-1.68914,0.466844,-0.191438,-0.289004,1.80531,-0.121511,-0.821491,1.76012,0.000190355,0.0000451288,2.21495,-2.05819
0.0750614,-0.00991262,0.526622,0.0993279,-0.320238,0.0399844,0.941267,-0.0948434,1.26988,-1.41661,-0.00000642207,-1.68069,0.468739,-0.188918,-0.286975,1.79414,-0.121391,-0.812306,1.75572,0.000190355,0.0000445426,2.23495,-2.08219
0.0737336,-0.0112853,0.528746,0.100499,-0.32164,0.0406897,0.940634,-0.0948434,1.28403,-1.44166,-0.00000669731,-1.67221,0.470642,-0.186387,-0.284939,1.78292,-0.121267,-0.80304,1.75122,0.000190355,0.0000439592,2.25495,-2.10618
0.0723522,-0.0126824,0.530875,0.101675,-0.323052,0.0414033,0.939992,-0.0948435,1.29795,-1.46651,-0.00000693276,-1.66369,0.472551,-0.183848,-0.282895,1.77166,-0.121139,-0.793695,1.74662,0.000190355,0.0000433832,2.27495,-2.13018
0.0708839,-0.014111,0.533023,0.102871,-0.324468,0.0421312,0.939342,-0.0948435,1.31164,-1.49117,-0.0000071456,-1.65515,0.474466,-0.181301,-0.280846,1.76037,-0.121005,-0.784273,1.74192,0.000190355,0.0000428145,2.29495,-2.15418
0.0693303,-0.0155571,0.53516,0.104059,-0.32591,0.0428633,0.938678,-0.0948435,1.32509,-1.51561,-0.0000072463,-1.64659,0.476387,-0.178746,-0.278791,1.74904,-0.120868,-0.774775,1.73712,0.000190355,0.000042257,2.31495,-2.17818
0.0677194,-0.0169864,0.537281,0.105175,-0.327365,0.0435702,0.938015,-0.0948435,1.33829,-1.53983,-0.00000724548,-1.638,0.478313,-0.176186,-0.276731,1.73769,-0.120725,-0.765205,1.73223,0.000190355,0.0000417097,2.33495,-2.20218
0.0660673,-0.0183794,0.5394,0.106188,-0.328812,0.0442352,0.937363,-0.0948434,1.35124,-1.56383,-0.00000720118,-1.6294,0.480243,-0.173619,-0.274666,1.7263,-0.120578,-0.755564,1.72724,0.000190355,0.0000411692,2.35495,-2.22618
0.064375,-0.0197372,0.541515,0.107101,-0.330254,0.0448614,0.936723,-0.0948434,1.36393,-1.58759,-0.00000714525,-1.62077,0.482178,-0.171047,-0.272598,1.7149,-0.120426,-0.745855,1.72215,0.000190355,0.0000406348,2.37495,-2.25018
0.0627897,-0.0212931,0.543575,0.108353,-0.331803,0.0456585,0.935992,-0.0948435,1.37636,-1.61111,-0.00000737032,-1.61213,0.484116,-0.168471,-0.270525,1.70348,-0.120269,-0.736082,1.71696,0.000190355,0.0000401899,2.39495,-2.26298
0.0612597,-0.0229435,0.545678,0.109731,-0.333318,0.0465095,0.935251,-0.0948434,1.38852,-1.63438,-0.0000073386,-1.60348,0.486058,-0.165892,-0.26845,1.69204,-0.120108,-0.726244,1.71168,0.000190355,0.0000397636,2.41495,-2.27578
0.0597761,-0.0245189,0.547749,0.110937,-0.334832,0.0472882,0.934529,-0.0948434,1.4004,-1.65738,-0.0000071978,-1.59482,0.488001,-0.16331,-0.266372,1.68058,-0.119942,-0.716345,1.70631,0.000190355,0.000039385,2.43495,-2.28858
0.0583482,-0.0259309,0.549808,0.111938,-0.336363,0.0479317,0.933827,-0.0948434,1.41201,-1.68012,-0.00000700383,-1.58615,0.489947,-0.160725,-0.264293,1.66912,-0.119772,-0.706388,1.70084,0.000190355,0.0000390573,2.45495,-2.30138
0.0569845,-0.0270467,0.551862,0.112845,-0.337931,0.0483464,0.93313,-0.0948434,1.42334,-1.70258,-0.00000668492,-1.57747,0.491894,-0.158139,-0.262213,1.65765,-0.119598,-0.696373,1.69528,0.000190355,0.0000387547,2.47495,-2.31418
0.0557701,-0.0278377,0.553889,0.113368,-0.339493,0.0485076,0.932491,-0.0948433,1.43439,-1.72477,-0.00000637623,-1.56879,0.493841,-0.155552,-0.260132,1.64617,-0.11942,-0.686306,1.68962,0.000190355,0.0000384828,2.49495,-2.32698
0.0547471,-0.0283644,0.555929,0.113535,-0.340998,0.0484597,0.931924,-0.0948433,1.44514,-1.74666,-0.00000617034,-1.56011,0.495789,-0.152965,-0.258051,1.6347,-0.119237,-0.676187,1.68388,0.000190355,0.0000381994,2.51496,-2.33978
0.0538857,-0.0286699,0.557985,0.113409,-0.342452,0.0482408,0.931417,-0.0948433,1.45561,-1.76827,-0.00000605877,-1.55144,0.497736,-0.150378,-0.255971,1.62323,-0.119051,-0.666018,1.67804,0.000190355,0.0000378871,2.53496,-2.35258
0.053127,-0.0288118,0.560045,0.113066,-0.343881,0.0479009,0.93095,-0.0948433,1.46578,-1.78957,-0.00000606456,-1.54277,0.499681,-0.147793,-0.253891,1.61177,-0.118861,-0.655803,1.67212,0.000190355,0.0000375201,2.55496,-2.36538
0.0524138,-0.0288943,0.562088,0.11252,-0.345297,0.0475236,0.930511,-0.0948432,1.47566,-1.81057,-0.00000620421,-1.53411,0.501624,-0.145209,-0.251813,1.60031,-0.118668,-0.645544,1.66611,0.000190355,0.0000371173,2.57496,-2.37818
0.0517505,-0.0291958,0.564109,0.111698,-0.346627,0.0473153,0.930126,-0.0948432,1.48524,-1.83126,-0.00000659284,-1.52545,0.503565,-0.142628,-0.249736,1.58887,-0.11847,-0.635245,1.66001,0.000190354,0.0000366631,2.59496,-2.39098
0.0510085,-0.0297956,0.566171,0.111105,-0.347931,0.0473302,0.929709,-0.0948433,1.49452,-1.85163,-0.00000691954,-1.51681,0.505502,-0.14005,-0.247663,1.57744,-0.118271,-0.624907,1.65383,0.000190355,0.0000361068,2.61496,-2.40378
0.0501167,-0.0306463,0.568177,0.110922,-0.349345,0.0475425,0.92919,-0.0948433,1.50351,-1.87169,-0.00000717669,-1.50819,0.507436,-0.137476,-0.245593,1.56604,-0.118067,-0.614535,1.64757,0.000190355,0.0000355179,2.63496,-2.41658
0.049036,-0.0316896,0.570128,0.111044,-0.350826,0.0479022,0.928599,-0.0948434,1.51219,-1.89143,-0.00000728199,-1.49958,0.509367,-0.134907,-0.243527,1.55465,-0.11786,-0.604131,1.64123,0.000190355,0.0000349987,2.65496,-2.42938
0.0477126,-0.0328102,0.57204,0.111286,-0.352362,0.0483299,0.927966,-0.0948434,1.52057,-1.91084,-0.00000731784,-1.49099,0.511294,-0.132344,-0.241466,1.54329,-0.117649,-0.5937,1.63481,0.000190355,0.0000345444,2.67496,-2.44218
0.0462766,-0.0340012,0.5739,0.111636,-0.353948,0.0488193,0.927294,-0.0948434,1.52864,-1.92991,-0.00000732615,-1.48242,0.513217,-0.129789,-0.23941,1.53196,-0.117434,-0.583244,1.62831,0.000190355,0.0000341792,2.69496,-2.45498
0.0448322,-0.0351559,0.575755,0.112093,-0.355538,0.0492775,0.926606,-0.0948434,1.53642,-1.94866,-0.00000716039,-1.47387,0.515135,-0.127241,-0.237361,1.52066,-0.117216,-0.572768,1.62174,0.000190355,0.0000338636,2.71496,-2.46778
0.0434278,-0.0359192,0.577598,0.112526,-0.357192,0.0494516,0.925908,-0.0948433,1.54389,-1.96707,-0.00000658511,-1.46535,0.517048,-0.124701,-0.235318,1.50939,-0.116995,-0.562272,1.6151,0.000190355,0.0000336062,2.73496,-2.48058
0.0422502,-0.0361918,0.579397,0.11235,-0.35882,0.0492928,0.925308,-0.0948433,1.55106,-1.98514,-0.00000604618,-1.45685,0.518954,-0.122169,-0.233283,1.49816,-0.116772,-0.551762,1.60839,0.000190355,0.0000334328,2.75496,-2.49338
0.0413869,-0.0360062,0.581246,0.111597,-0.360353,0.0488144,0.924829,-0.0948432,1.55794,-2.00287,-0.00000564987,-1.44839,0.520854,-0.119646,-0.231254,1.48698,-0.116546,-0.541239,1.60161,0.000190355,0.0000332485,2.77496,-2.50618
0.040813,-0.0354172,0.583133,0.110341,-0.36179,0.0480576,0.924459,-0.0948431,1.56451,-2.02026,-0.00000539561,-1.43996,0.522745,-0.117134,-0.229234,1.47583,-0.116317,-0.530706,1.59477,0.000190354,0.0000330453,2.79496,-2.51898
0.0404404,-0.0345379,0.58503,0.108729,-0.363159,0.0471122,0.924161,-0.0948431,1.57078,-2.03731,-0.00000535009,-1.43157,0.524628,-0.114632,-0.227221,1.46474,-0.116086,-0.520167,1.58786,0.000190354,0.0000327794,2.81496,-2.53178
0.0401523,-0.0335147,0.586918,0.106941,-0.364503,0.0460842,0.923893,-0.0948431,1.57676,-2.05401,-0.00000550741,-1.42322,0.526501,-0.112141,-0.225218,1.4537,-0.115852,-0.509623,1.58089,0.000190354,0.0000324453,2.83496,-2.54459
0.0398691,-0.0325777,0.588772,0.104957,-0.365817,0.0451523,0.923647,-0.0948431,1.58245,-2.07037,-0.00000592104,-1.41491,0.528364,-0.109662,-0.223224,1.44271,-0.115617,-0.49908,1.57387,0.000190354,0.0000320564,2.85496,-2.55739
0.0395444,-0.0321216,0.590614,0.102952,-0.367034,0.044595,0.923417,-0.0948431,1.58785,-2.08638,-0.0000066222,-1.40664,0.530218,-0.107195,-0.22124,1.43178,-0.11538,-0.488541,1.5668,0.000190353,0.0000315859,2.87496,-2.57019
0.0390429,-0.0321669,0.592435,0.101673,-0.368353,0.0443863,0.923043,-0.0948432,1.59295,-2.10204,-0.00000718348,-1.39842,0.532061,-0.104741,-0.219266,1.4209,-0.115142,-0.47801,1.55967,0.000190354,0.0000310553,2.89496,-2.58298
0.0383492,-0.0326285,0.59417,0.101008,-0.369809,0.0444681,0.92253,-0.0948433,1.59777,-2.11736,-0.00000748238,-1.39025,0.533894,-0.102302,-0.217305,1.41009,-0.114901,-0.46749,1.5525,0.000190354,0.000030533,2.91496,-2.59578
0.0373968,-0.0332447,0.595876,0.100572,-0.371303,0.0446597,0.921968,-0.0948433,1.60231,-2.13233,-0.00000742253,-1.38213,0.535715,-0.0998783,-0.215356,1.39935,-0.114659,-0.456986,1.54528,0.000190354,0.0000300265,2.93496,-2.60858
0.036173,-0.0337782,0.597537,0.100031,-0.372822,0.0448116,0.921406,-0.0948433,1.60657,-2.14695,-0.00000722399,-1.37405,0.537526,-0.0974706,-0.21342,1.38867,-0.114414,-0.446502,1.53802,0.000190354,0.000029576,2.95497,-2.62138
0.0348779,-0.0342517,0.599108,0.0994492,-0.374381,0.0449372,0.920831,-0.0948433,1.61056,-2.16123,-0.00000714758,-1.36603,0.539326,-0.0950798,-0.211496,1.37807,-0.114168,-0.436043,1.53072,0.000190354,0.0000292229,2.97497,-2.63418
0.0336095,-0.0344931,0.600692,0.0990434,-0.375963,0.0448757,0.920233,-0.0948433,1.61427,-2.17516,-0.00000679098,-1.35807,0.541113,-0.092706,-0.209587,1.36754,-0.11392,-0.42561,1.52339,0.000190354,0.0000289118,2.99497,-2.64698
0.0324763,-0.0342142,0.602245,0.0982573,-0.377576,0.044473,0.919676,-0.0948432,1.61772,-2.18876,-0.0000061944,-1.35016,0.542888,-0.0903493,-0.207692,1.35709,-0.113672,-0.415208,1.51602,0.000190354,0.0000287084,3.01497,-2.65978
0.0316422,-0.0334481,0.603779,0.096895,-0.37909,0.0438005,0.91923,-0.0948431,1.6209,-2.20201,-0.00000576987,-1.34232,0.544649,-0.0880108,-0.205812,1.34672,-0.113423,-0.404841,1.50863,0.000190353,0.0000285689,3.03497,-2.67259
0.0311334,-0.0322645,0.605367,0.0950714,-0.380453,0.0429428,0.918897,-0.094843,1.62383,-2.21492,-0.00000553092,-1.33454,0.546396,-0.0856912,-0.203947,1.33643,-0.113174,-0.394511,1.50122,0.000190353,0.0000284058,3.05497,-2.68539
0.0308777,-0.030756,0.606988,0.0928309,-0.381743,0.0418322,0.918643,-0.094843,1.6265,-2.2275,-0.0000055131,-1.32682,0.548127,-0.083391,-0.202097,1.32623,-0.112923,-0.384221,1.49378,0.000190352,0.0000282011,3.07497,-2.69819
0.0307552,-0.0290685,0.608594,0.0903637,-0.382992,0.0405878,0.918425,-0.094843,1.62893,-2.23974,-0.00000563841,-1.31918,0.549842,-0.081111,-0.200263,1.31612,-0.112673,-0.373975,1.48633,0.000190352,0.0000279424,3.09497,-2.71099
0.0306405,-0.0273769,0.610163,0.0878346,-0.384225,0.0393665,0.918208,-0.094843,1.63112,-2.25165,-0.00000595832,-1.3116,0.551542,-0.0788518,-0.198445,1.30611,-0.112422,-0.363778,1.47887,0.000190352,0.0000276359,3.11497,-2.72379
0.030483,-0.0260149,0.611679,0.085178,-0.385394,0.0384346,0.918008,-0.094843,1.63306,-2.26323,-0.00000664171,-1.3041,0.553224,-0.0766136,-0.196644,1.29618,-0.112171,-0.353634,1.4714,0.000190352,0.0000272944,3.13497,-2.73659
0.0301272,-0.0251741,0.613205,0.0830173,-0.386548,0.0378401,0.917746,-0.0948431,1.63478,-2.27449,-0.00000730127,-1.29667,0.55489,-0.0743964,-0.194862,1.28636,-0.111921,-0.343546,1.46392,0.000190352,0.0000268782,3.15497,-2.74939
0.029451,-0.0247487,0.614675,0.0814263,-0.387788,0.03751,0.917379,-0.0948431,1.63627,-2.28542,-0.00000767785,-1.28932,0.556538,-0.0722021,-0.193097,1.27664,-0.111671,-0.333519,1.45644,0.000190352,0.0000264252,3.17497,-2.76219
0.0284915,-0.0246072,0.616043,0.0802274,-0.389122,0.0373659,0.916925,-0.0948432,1.63755,-2.29604,-0.00000785619,-1.28204,0.558169,-0.0700317,-0.191352,1.26702,-0.111421,-0.323557,1.44897,0.000190352,0.000025999,3.19497,-2.77499
0.0273623,-0.0246043,0.617342,0.0792275,-0.390516,0.037317,0.916421,-0.0948431,1.63861,-2.30633,-0.00000787252,-1.27485,0.559783,-0.067886,-0.189626,1.2575,-0.111172,-0.313666,1.44151,0.000190352,0.0000256285,3.21497,-2.78779
0.026206,-0.0245736,0.618609,0.0782993,-0.391914,0.0372472,0.915907,-0.0948431,1.63946,-2.31632,-0.00000771779,-1.26773,0.56138,-0.0657654,-0.18792,1.2481,-0.110922,-0.303848,1.43405,0.000190352,0.0000253334,3.23497,-2.80059
0.0251422,-0.0241508,0.619913,0.0774052,-0.393322,0.036881,0.915394,-0.0948431,1.64012,-2.326,-0.00000712025,-1.2607,0.562958,-0.0636697,-0.186235,1.2388,-0.110673,-0.294109,1.42662,0.000190352,0.0000251252,3.25497,-2.81339
0.0244276,-0.0230935,0.621213,0.0758396,-0.394627,0.0361948,0.914991,-0.094843,1.64058,-2.33537,-0.00000635723,-1.25376,0.564518,-0.0615994,-0.184571,1.22962,-0.110426,-0.284451,1.4192,0.000190351,0.0000250345,3.27497,-2.82619
0.0241103,-0.021419,0.622489,0.0736017,-0.395775,0.0352763,0.914714,-0.0948429,1.64086,-2.34445,-0.00000586223,-1.2469,0.566057,-0.0595554,-0.182927,1.22056,-0.11018,-0.274878,1.41181,0.000190351,0.0000249137,3.29497,-2.83899
0.0240707,-0.0193248,0.623736,0.0708746,-0.396832,0.0341408,0.914514,-0.0948429,1.64095,-2.35323,-0.00000580667,-1.24013,0.567575,-0.0575384,-0.181305,1.21161,-0.109935,-0.265392,1.40445,0.00019035,0.0000247249,3.31497,-2.85179
0.0241246,-0.0171162,0.624941,0.0679773,-0.397859,0.0329148,0.914332,-0.0948429,1.64088,-2.36172,-0.00000614573,-1.23346,0.569072,-0.0555489,-0.179704,1.20279,-0.109692,-0.255998,1.39712,0.00019035,0.0000244708,3.33497,-2.86459
0.024121,-0.0151933,0.626103,0.06505,-0.398823,0.031984,0.914159,-0.0948429,1.64064,-2.36992,-0.00000682379,-1.22688,0.570547,-0.0535869,-0.178126,1.19409,-0.10945,-0.2467,1.38984,0.00019035,0.0000241605,3.35497,-2.87739
0.0238701,-0.0138125,0.627286,0.0626904,-0.399768,0.0314463,0.913929,-0.094843,1.64024,-2.37785,-0.00000771798,-1.2204,0.572,-0.0516524,-0.17657,1.18552,-0.109211,-0.237503,1.38259,0.00019035,0.0000237855,3.37497,-2.89019
0.0232945,-0.0129522,0.628426,0.0608834,-0.400839,0.0310254,0.913597,-0.094843,1.63969,-2.3855,-0.00000839986,-1.21402,0.573432,-0.0497472,-0.175038,1.17708,-0.108973,-0.22841,1.37539,0.00019035,0.0000234224,3.39498,-2.90299
0.0224625,-0.0124689,0.629505,0.0595338,-0.401956,0.0307779,0.913203,-0.094843,1.639,-2.39287,-0.000008671,-1.20773,0.574842,-0.0478726,-0.17353,1.16877,-0.108737,-0.219427,1.36825,0.00019035,0.0000231189,3.41498,-2.91579
0.0215701,-0.0120681,0.630604,0.058386,-0.403047,0.0306067,0.912802,-0.094843,1.63817,-2.39999,-0.00000853344,-1.20155,0.57623,-0.0460288,-0.172047,1.16059,-0.108503,-0.210557,1.36116,0.00019035,0.0000228809,3.43498,-2.92859
0.0207766,-0.0113048,0.631706,0.057214,-0.404145,0.0301241,0.912407,-0.094843,1.63722,-2.40684,-0.00000788389,-1.19546,0.577595,-0.0442154,-0.170589,1.15255,-0.108272,-0.201804,1.35414,0.000190349,0.0000226852,3.45498,-2.94139
0.0202509,-0.00995027,0.63273,0.0553723,-0.405186,0.0293142,0.912085,-0.0948429,1.63614,-2.41343,-0.00000717252,-1.18949,0.578937,-0.0424329,-0.169156,1.14464,-0.108043,-0.193173,1.34718,0.000190349,0.0000225394,3.47498,-2.95419
0.0200268,-0.00808697,0.633691,0.0529339,-0.406124,0.0282507,0.911846,-0.0948428,1.63495,-2.41978,-0.00000677891,-1.18361,0.580256,-0.0406822,-0.167748,1.13688,-0.107817,-0.184665,1.34029,0.000190348,0.0000223829,3.49498,-2.96699
0.0199865,-0.00594048,0.634621,0.0501664,-0.406985,0.0270489,0.911655,-0.0948428,1.63366,-2.42589,-0.00000676534,-1.17785,0.581549,-0.0389639,-0.166366,1.12926,-0.107594,-0.176285,1.33347,0.000190348,0.0000221739,3.51498,-2.97979
0.019973,-0.00381414,0.635508,0.0473131,-0.4078,0.0259166,0.911476,-0.0948428,1.63226,-2.43175,-0.00000706585,-1.1722,0.582817,-0.0372782,-0.16501,1.12178,-0.107373,-0.168037,1.32674,0.000190348,0.0000219162,3.53498,-2.99259
0.0198088,-0.00205955,0.636366,0.0447378,-0.408569,0.0251802,0.911283,-0.0948429,1.63078,-2.43738,-0.00000772921,-1.16665,0.584059,-0.0356246,-0.16368,1.11446,-0.107156,-0.159923,1.32009,0.000190348,0.0000216011,3.55498,-3.00539
0.0193585,-0.000783041,0.637232,0.0427825,-0.409367,0.0247841,0.911029,-0.0948429,1.62921,-2.44279,-0.00000836615,-1.16123,0.585277,-0.0340045,-0.162377,1.10728,-0.106943,-0.151949,1.31353,0.000190348,0.0000212679,3.57498,-3.01819
0.0186677,0.0000930921,0.638084,0.0413238,-0.410199,0.0246318,0.910726,-0.094843,1.62757,-2.44797,-0.00000873162,-1.15591,0.586469,-0.032419,-0.161101,1.10025,-0.106732,-0.144119,1.30706,0.000190347,0.0000209585,3.59498,-3.03099
0.0178693,0.000775666,0.63892,0.0401095,-0.411032,0.0245901,0.910406,-0.094843,1.62586,-2.45293,-0.00000874269,-1.15071,0.587636,-0.0308685,-0.159854,1.09337,-0.106525,-0.136437,1.30069,0.000190347,0.000020696,3.61498,-3.04379
0.0170974,0.0015293,0.63974,0.0389577,-0.411846,0.0244682,0.910092,-0.0948429,1.62409,-2.45769,-0.00000848002,-1.14563,0.588777,-0.0293532,-0.158635,1.08665,-0.106321,-0.128906,1.29442,0.000190347,0.0000204783,3.63498,-3.05659
0.0164852,0.00264478,0.640533,0.0375908,-0.412641,0.0240155,0.909801,-0.0948429,1.62226,-2.46223,-0.00000793921,-1.14066,0.589891,-0.0278728,-0.157445,1.08009,-0.106122,-0.121529,1.28826,0.000190347,0.0000203109,3.65498,-3.06939
0.0161227,0.00417713,0.641257,0.0357255,-0.413352,0.0233485,0.90957,-0.0948428,1.62039,-2.46658,-0.00000746043,-1.13581,0.590979,-0.0264281,-0.156283,1.07368,-0.105926,-0.11431,1.28221,0.000190346,0.000020157,3.67498,-3.08219
0.0159448,0.00602197,0.64193,0.0334985,-0.413991,0.0225406,0.909385,-0.0948428,1.61848,-2.47074,-0.00000725485,-1.13109,0.592039,-0.0250198,-0.155151,1.06743,-0.105734,-0.107251,1.27628,0.000190346,0.0000199803,3.69498,-3.09499
0.0158215,0.00797056,0.642564,0.0311416,-0.414591,0.0217115,0.909216,-0.0948428,1.61654,-2.4747,-0.00000731179,-1.12649,0.593071,-0.0236482,-0.154047,1.06135,-0.105547,-0.100357,1.27046,0.000190345,0.0000197972,3.71498,-3.1078
0.0156303,0.00974023,0.643249,0.0289384,-0.415092,0.0212731,0.90907,-0.0948429,1.61458,-2.47848,-0.00000768646,-1.12201,0.594075,-0.0223132,-0.152973,1.05543,-0.105363,-0.0936309,1.26477,0.000190345,0.0000194188,3.73498,-3.1206
0.0152093,0.0111768,0.643981,0.0272363,-0.415559,0.0212937,0.908909,-0.0948429,1.61259,-2.48209,-0.00000809053,-1.11766,0.595051,-0.0210148,-0.151929,1.04968,-0.105185,-0.0870749,1.25921,0.000190345,0.000019184,3.75498,-3.1334
0.0146312,0.01235,0.644588,0.025753,-0.416109,0.021259,0.908701,-0.0948429,1.6106,-2.48552,-0.00000810443,-1.11344,0.595999,-0.0197545,-0.150917,1.04409,-0.105011,-0.0806932,1.25378,0.000190345,0.0000189434,3.77499,-3.1462
0.014024,0.0132994,0.645139,0.0243999,-0.416689,0.0210576,0.908478,-0.0948428,1.6086,-2.48878,-0.00000799463,-1.10934,0.596918,-0.0185326,-0.149935,1.03867,-0.104842,-0.0744897,1.24849,0.000190345,0.000018712,3.79499,-3.159
0.0134341,0.0141086,0.645681,0.0231216,-0.417265,0.0207239,0.908254,-0.0948428,1.60661,-2.49188,-0.0000077172,-1.10537,0.597809,-0.0173493,-0.148984,1.03342,-0.104677,-0.0684672,1.24334,0.000190344,0.0000184942,3.81499,-3.1718
0.0129013,0.0149753,0.6462,0.0217844,-0.417807,0.0203285,0.908047,-0.0948428,1.60462,-2.49482,-0.00000694947,-1.10153,0.598671,-0.016205,-0.148065,1.02835,-0.104517,-0.0626282,1.23833,0.000190344,0.0000182865,3.83499,-3.1846
0.012456,0.0159629,0.646712,0.0203344,-0.418292,0.0198704,0.907868,-0.0948428,1.60265,-2.49761,-0.00000636129,-1.09782,0.599503,-0.0150997,-0.147177,1.02344,-0.104361,-0.0569762,1.23347,0.000190344,0.0000180821,3.85499,-3.1974
0.0120962,0.0170526,0.647218,0.0187909,-0.418722,0.0193573,0.907714,-0.0948427,1.6007,-2.50025,-0.00000581132,-1.09424,0.600305,-0.0140336,-0.14632,1.01871,-0.104211,-0.0515138,1.22876,0.000190343,0.0000178761,3.87499,-3.2102
0.0118109,0.018238,0.647708,0.0171612,-0.419105,0.018792,0.907581,-0.0948427,1.59877,-2.50274,-0.00000510276,-1.0908,0.601078,-0.0130071,-0.145496,1.01416,-0.104067,-0.0462431,1.22421,0.000190343,0.0000176644,3.89499,-3.223
0.0115929,0.0195141,0.64818,0.0154503,-0.419444,0.0181761,0.907468,-0.0948427,1.59688,-2.5051,-0.00000411742,-1.08749,0.601821,-0.0120205,-0.144705,1.00978,-0.103928,-0.0411667,1.21982,0.000190343,0.0000174443,3.91499,-3.2358
0.0114153,0.0208374,0.64864,0.0137063,-0.419747,0.0175339,0.907368,-0.0948427,1.59503,-2.50732,-0.00000297895,-1.08431,0.602533,-0.0110739,-0.143947,1.00558,-0.103794,-0.0362873,1.21559,0.000190342,0.0000172076,3.93499,-3.2486
0.0112942,0.022152,0.649062,0.0119923,-0.420041,0.016897,0.907269,-0.0948427,1.59322,-2.50942,-0.00000175286,-1.08127,0.603215,-0.0101679,-0.143222,1.00156,-0.103666,-0.0316079,1.21153,0.000190342,0.0000169774,3.95499,-3.2614
0.0112556,0.0232753,0.649459,0.0105045,-0.420364,0.0163631,0.907147,-0.0948427,1.59146,-2.51139,-0.000000947916,-1.07837,0.603866,-0.00930235,-0.142529,0.997723,-0.103544,-0.0271317,1.20763,0.000190342,0.0000167436,3.97499,-3.2742
0.0112838,0.0241393,0.649829,0.00931369,-0.42074,0.0159657,0.906993,-0.0948427,1.58976,-2.51323,-0.000000288694,-1.07561,0.604487,-0.00847778,-0.141869,0.994066,-0.103427,-0.0228609,1.20391,0.000190342,0.0000165079,3.99499,-3.287
0.0113674,0.0248223,0.650167,0.00833446,-0.421153,0.015662,0.906816,-0.0948427,1.58811,-2.51496,0.000000452021,-1.07298,0.605076,-0.00769456,-0.141241,0.990592,-0.103315,-0.0187973,1.20036,0.000190342,0.000016275,4.01499,-3.2998
0.0115089,0.0254584,0.65048,0.00741897,-0.421566,0.0153742,0.906637,-0.0948427,1.58653,-2.51657,0.00000128917,-1.07049,0.605634,-0.00695292,-0.140647,0.987301,-0.103209,-0.0149432,1.19699,0.000190341,0.000016048,4.03499,-3.3126
0.0117035,0.0261411,0.65078,0.00643538,-0.421938,0.0149828,0.906478,-0.0948427,1.58502,-2.51807,0.0000020339,-1.06814,0.606161,-0.00625287,-0.140085,0.984196,-0.103109,-0.0113005,1.19379,0.000190341,0.0000158243,4.05499,-3.3254
0.0119434,0.0268866,0.651067,0.00535641,-0.422264,0.014456,0.906342,-0.0948427,1.58358,-2.51946,0.0000026612,-1.06594,0.606657,-0.00559466,-0.139558,0.981276,-0.103014,-0.00787132,1.19079,0.000190341,0.0000156013,4.07498,-3.33819
0.0122358,0.0276571,0.651333,0.00424414,-0.422562,0.0138617,0.906218,-0.0948427,1.58222,-2.52075,0.00000318828,-1.06387,0.60712,-0.00497844,-0.139063,0.978542,-0.102926,-0.00465744,1.18796,0.00019034,0.0000153803,4.09498,-3.35099
0.0125954,0.0283986,0.651579,0.00318097,-0.422854,0.0132851,0.906095,-0.0948427,1.58093,-2.52194,0.00000363357,-1.06194,0.607553,-0.0044044,-0.138603,0.975996,-0.102843,-0.0016605,1.18533,0.00019034,0.0000151616,4.11498,-3.36379
0.013033,0.0290726,0.651807,0.00222401,-0.423152,0.0127834,0.905966,-0.0948427,1.57973,-2.52303,0.00000401202,-1.06016,0.607953,-0.0038727,-0.138176,0.973637,-0.102766,0.00111795,1.18288,0.00019034,0.0000149445,4.13498,-3.37659
0.013544,0.0296708,0.652015,0.0013777,-0.42346,0.0123525,0.905829,-0.0948427,1.57862,-2.52402,0.00000433326,-1.05852,0.608321,-0.00338349,-0.137784,0.971467,-0.102696,0.00367648,1.18062,0.00019034,0.0000147608,4.15498,-3.38939
0.0140881,0.0302189,0.652199,0.000548969,-0.423755,0.0118283,0.9057,-0.0948427,1.5776,-2.52492,0.00000461955,-1.05702,0.608657,-0.00293695,-0.137425,0.969486,-0.102631,0.00601374,1.17856,0.000190339,0.0000146285,4.17498,-3.40219
0.0146609,0.0307185,0.652363,-0.000289004,-0.424024,0.0111683,0.905582,-0.0948426,1.57666,-2.52573,0.00000483349,-1.05567,0.608962,-0.00253235,-0.137102,0.967695,-0.102573,0.00812849,1.17669,0.000190339,0.0000145384,4.19498,-3.41499
0.0152495,0.0311349,0.652494,-0.00109383,-0.42429,0.0104054,0.905466,-0.0948426,1.57583,-2.52645,0.00000494329,-1.05445,0.609234,-0.00216882,-0.136813,0.966094,-0.102523,0.0100196,1.17502,0.000190339,0.0000145479,4.21498,-3.42779
0.0158729,0.0314758,0.652619,-0.00188671,-0.424524,0.0094754,0.905365,-0.0948426,1.57509,-2.52708,0.0000050367,-1.05339,0.609474,-0.00184821,-0.136558,0.964683,-0.10248,0.0116862,1.17355,0.000190338,0.0000145369,4.23498,-3.44059
0.0164985,0.0317484,0.652737,-0.00259685,-0.424641,0.0085094,0.905318,-0.0948427,1.5746,-2.52762,0.00000486095,-1.05269,0.609631,-0.00163694,-0.136391,0.963757,-0.102451,0.012781,1.17258,0.000190336,0.0000145478,4.25078,-3.44979
0.0167003,0.0318316,0.652752,-0.00271481,-0.424652,0.00838598,0.905314,-0.0948413,1.57445,-2.52808,0.00000547796,-1.0527,0.609635,-0.00164037,-0.136386,0.963775,-0.102452,0.0127673,1.1726,0.000190337,0.000014781,4.25398,-3.44819
0.0167984,0.0318076,0.652689,-0.00276867,-0.424744,0.00821236,0.905272,-0.0948341,1.57375,-2.52848,0.00000612646,-1.05268,0.609667,-0.00164293,-0.136339,0.963785,-0.102446,0.0127912,1.1726,0.000190338,0.0000149428,4.25718,-3.44659
0.0169303,0.0316531,0.652684,-0.00274148,-0.424829,0.00797875,0.905234,-0.0948175,1.57217,-2.52881,0.00000664975,-1.05263,0.609742,-0.00164449,-0.136219,0.963785,-0.102431,0.0128742,1.17256,0.000190339,0.0000150922,4.26038,-3.44499
0.0170899,0.0314404,0.652718,-0.00268368,-0.424916,0.00770646,0.905196,-0.0947886,1.5694,-2.5291,0.00000705546,-1.05253,0.609874,-0.00164509,-0.136004,0.963772,-0.102402,0.0130344,1.17249,0.000190341,0.000015249,4.26358,-3.44339
0.0172627,0.0312453,0.652767,-0.00264842,-0.42502,0.00741606,0.90515,-0.0947447,1.5652,-2.52934,0.00000736423,-1.05238,0.610075,-0.00164484,-0.135673,0.963745,-0.102357,0.0132872,1.17237,0.000190343,0.000015406,4.26678,-3.44179
0.0174604,0.0311136,0.652835,-0.0026682,-0.425134,0.00711864,0.905098,-0.0946836,1.55938,-2.52955,0.00000760938,-1.05215,0.610356,-0.00164393,-0.135212,0.963702,-0.102293,0.0136456,1.17219,0.000190345,0.0000155575,4.26998,-3.44019
0.017695,0.0310624,0.652931,-0.00275568,-0.425255,0.00681603,0.905044,-0.0946035,1.55176,-2.52972,0.00000781348,-1.05186,0.610724,-0.0016426,-0.134605,0.963642,-0.102208,0.0141205,1.17196,0.000190347,0.00001571,4.27318,-3.43859
0.0179693,0.0310848,0.65306,-0.00290706,-0.425382,0.00650329,0.904986,-0.0945028,1.54221,-2.52987,0.00000799785,-1.05149,0.611188,-0.00164101,-0.13384,0.963563,-0.102101,0.0147214,1.17166,0.00019035,0.0000158634,4.27638,-3.43699
0.0182778,0.0311559,0.653219,-0.0031063,-0.425522,0.00617028,0.904922,-0.0943801,1.53063,-2.53,0.00000817716,-1.05103,0.611754,-0.00163925,-0.132909,0.963465,-0.10197,0.0154559,1.17129,0.000190353,0.0000160147,4.27958,-3.43539
0.0186234,0.0312491,0.653418,-0.0033351,-0.425676,0.00580954,0.904851,-0.0942345,1.51692,-2.53011,0.00000840785,-1.05049,0.612425,-0.00163735,-0.131802,0.963346,-0.101813,0.0163307,1.17085,0.000190355,0.000016105,4.28278,-3.43379
0.0190106,0.0313602,0.65366,-0.00359131,-0.425842,0.00541794,0.904774,-0.0940649,1.50103,-2.5302,0.00000870711,-1.04986,0.613206,-0.0016353,-0.130513,0.963207,-0.101631,0.0173514,1.17034,0.000190358,0.0000160825,4.28598,-3.43219
0.019429,0.0314725,0.653931,-0.00384401,-0.426043,0.00503438,0.904681,-0.0938707,1.48291,-2.53028,0.00000899221,-1.04914,0.614101,-0.00163311,-0.129036,0.963046,-0.101421,0.0185217,1.16976,0.000190361,0.0000160175,4.28918,-3.43059
0.0198585,0.0315286,0.654206,-0.00402617,-0.426314,0.00470767,0.904554,-0.0936513,1.46255,-2.53035,0.00000923821,-1.04832,0.615113,-0.00163057,-0.127367,0.962864,-0.101183,0.0198449,1.16909,0.000190364,0.0000159944,4.29238,-3.42899
0.0203081,0.0314958,0.654507,-0.00412821,-0.42664,0.00439917,0.904402,-0.0934062,1.43994,-2.5304,0.00000946003,-1.04741,0.616243,-0.00162744,-0.125502,0.96266,-0.100918,0.0213238,1.16835,0.000190367,0.0000159842,4.29558,-3.42739
0.0207863,0.0313782,0.654847,-0.00416319,-0.42701,0.00408673,0.904228,-0.0931349,1.41508,-2.53045,0.00000964836,-1.04639,0.617494,-0.00162357,-0.123439,0.962433,-0.100625,0.0229606,1.16752,0.00019037,0.0000159633,4.29878,-3.42579
0.0212953,0.031206,0.655223,-0.00415485,-0.427421,0.00377309,0.904035,-0.0928374,1.388,-2.53049,0.00000980253,-1.04528,0.618867,-0.00161894,-0.121174,0.962184,-0.100304,0.0247569,1.16662,0.000190373,0.0000159184,4.30197,-3.42419
0.0218375,0.0310184,0.655632,-0.00413361,-0.427869,0.00346211,0.903825,-0.0925133,1.35872,-2.53053,0.00000992874,-1.04407,0.620361,-0.00161356,-0.118707,0.961912,-0.0999539,0.0267139,1.16564,0.000190376,0.0000158487,4.30517,-3.42259
0.0224163,0.0308473,0.656072,-0.00412559,-0.428348,0.00315319,0.903599,-0.0921625,1.3273,-2.53056,0.000010033,-1.04276,0.621979,-0.00160755,-0.116037,0.961618,-0.0995752,0.0288321,1.16457,0.000190379,0.0000157638,4.30837,-3.42099
0.0230338,0.030707,0.656543,-0.00414277,-0.428856,0.00284563,0.903359,-0.0917851,1.29377,-2.53058,0.00001012,-1.04135,0.62372,-0.00160102,-0.113164,0.9613,-0.0991677,0.0311119,1.16342,0.000190381,0.0000156772,4.31157,-3.41939
0.0236498,0.0306391,0.657005,-0.00416048,-0.429433,0.00267222,0.903085,-0.0913809,1.25821,-2.5306,0.0000107069,-1.03984,0.625585,-0.00159433,-0.110144,0.96096,-0.0987314,0.0335531,1.16219,0.000190384,0.0000158171,4.31477,-3.41779
0.024358,0.030586,0.657553,-0.00426506,-0.42998,0.00232968,0.902825,-0.0909501,1.22069,-2.53062,0.0000107484,-1.03823,0.627573,-0.00158706,-0.106857,0.960598,-0.098266,0.0361553,1.16088,0.000190386,0.0000157835,4.31797,-3.41619
0.0251018,0.0304854,0.658146,-0.00433247,-0.430563,0.00198375,0.902548,-0.0904928,1.18129,-2.53064,0.0000107352,-1.03652,0.629683,-0.00157951,-0.103368,0.960213,-0.0977717,0.0389178,1.15949,0.000190389,0.0000157806,4.32117,-3.41459
0.0258619,0.0303269,0.658745,-0.00433305,-0.43121,0.00168593,0.90224,-0.0900091,1.14008,-2.53065,0.0000107332,-1.03471,0.631914,-0.00157143,-0.0996795,0.959806,-0.0972489,0.0418398,1.15802,0.000190391,0.0000157849,4.32437,-3.41298
0.0266507,0.0301219,0.659371,-0.00429154,-0.431902,0.00140067,0.901909,-0.0894992,1.09717,-2.53066,0.0000107402,-1.03281,0.634267,-0.00156274,-0.0957923,0.959377,-0.0966979,0.0449203,1.15647,0.000190394,0.0000157819,4.32757,-3.41138
0.0274743,0.0298913,0.660033,-0.00423148,-0.432628,0.00111324,0.901562,-0.0889633,1.05265,-2.53067,0.0000107417,-1.0308,0.63674,-0.00155344,-0.091708,0.958925,-0.0961189,0.0481579,1.15483,0.000190396,0.0000157664,4.33077,-3.40978
0.0283335,0.0296565,0.660725,-0.00416821,-0.433386,0.000828422,0.901198,-0.0884017,1.00663,-2.53068,0.0000107369,-1.0287,0.639331,-0.00154359,-0.0874282,0.958452,-0.0955122,0.0515511,1.15312,0.000190398,0.0000157399,4.33397,-3.40818
0.0292286,0.0294321,0.661445,-0.00411214,-0.434176,0.000549455,0.900819,-0.0878146,0.959211,-2.53069,0.000010729,-1.02651,0.642039,-0.00153325,-0.0829552,0.957958,-0.094878,0.0550981,1.15134,0.000190399,0.0000157096,4.33717,-3.40658
0.0301601,0.0292225,0.662193,-0.00406667,-0.434995,0.00027682,0.900423,-0.0872023,0.910512,-2.53069,0.0000107205,-1.02422,0.644864,-0.00152249,-0.0782911,0.957442,-0.0942166,0.0587972,1.14947,0.000190401,0.0000156837,4.34037,-3.40498
0.031128,0.0290229,0.662969,-0.00402842,-0.435844,0.00000911002,0.900013,-0.0865653,0.86065,-2.5307,0.0000107095,-1.02184,0.647803,-0.00151134,-0.0734385,0.956905,-0.0935284,0.0626461,1.14753,0.000190402,0.0000156671,4.34357,-3.40338
0.0321305,0.028823,0.663771,-0.00398826,-0.436725,-0.000251715,0.899586,-0.0859038,0.809746,-2.5307,0.0000106965,-1.01936,0.650856,-0.00149982,-0.0684001,0.956348,-0.0928136,0.0666429,1.14552,0.000190404,0.0000156635,4.34677,-3.40178
0.0331656,0.0286128,0.6646,-0.00393709,-0.437639,-0.000503569,0.899142,-0.0852182,0.757925,-2.5307,0.0000106836,-1.0168,0.654019,-0.00148792,-0.0631786,0.95577,-0.0920729,0.0707852,1.14343,0.000190405,0.0000156717,4.34997,-3.40018
0.0342327,0.0283857,0.665454,-0.00386977,-0.438588,-0.000746726,0.89868,-0.0845089,0.705314,-2.53071,0.0000106701,-1.01415,0.657292,-0.00147562,-0.057777,0.955173,-0.0913065,0.0750706,1.14127,0.000190406,0.0000156881,4.35317,-3.39858
0.0353316,0.0281402,0.666333,-0.00378512,-0.439569,-0.00098117,0.8982,-0.0837763,0.652045,-2.53071,0.0000106549,-1.01141,0.660672,-0.00146289,-0.0521985,0.954556,-0.090515,0.0794966,1.13904,0.000190407,0.0000157086,4.35637,-3.39698
0.0364622,0.0278793,0.667236,-0.00368538,-0.440582,-0.0012065,0.897704,-0.083021,0.598249,-2.53071,0.0000106378,-1.00858,0.664157,-0.00144973,-0.0464464,0.953919,-0.0896988,0.0840604,1.13674,0.000190408,0.0000157299,4.35957,-3.39538
0.0376245,0.0276082,0.668161,-0.0035747,-0.441627,-0.00142226,0.897191,-0.0822432,0.54406,-2.53071,0.0000106188,-1.00567,0.667745,-0.00143615,-0.0405242,0.953264,-0.0888586,0.0887595,1.13437,0.000190408,0.0000157505,4.36276,-3.39378
0.0388181,0.0273329,0.669109,-0.00345693,-0.442701,-0.00162665,0.896661,-0.0814436,0.489613,-2.53072,0.0000105999,-1.00268,0.671435,-0.00142215,-0.0344353,0.95259,-0.0879947,0.0935908,1.13194,0.000190408,0.0000157718,4.36596,-3.39218
0.0400437,0.0270577,0.670077,-0.0033356,-0.443804,-0.00181997,0.896116,-0.0806225,0.435045,-2.53072,0.000010582,-0.999614,0.675223,-0.00140777,-0.0281837,0.951898,-0.0871076,0.0985515,1.12944,0.000190409,0.0000157947,4.36916,-3.39058
0.0413002,0.026781,0.671064,-0.00320894,-0.444934,-0.00200116,0.895555,-0.0797806,0.380492,-2.53031,0.0000105627,-0.996465,0.679108,-0.00139303,-0.021773,0.951189,-0.0861981,0.103638,1.12688,0.000190408,0.0000158175,4.37236,-3.38898
0.0425891,0.0265043,0.672072,-0.00307998,-0.44609,-0.00217419,0.89498,-0.0789182,0.32609,-2.52956,0.0000105426,-0.993241,0.683086,-0.00137793,-0.0152072,0.950462,-0.0852664,0.108849,1.12425,0.000190407,0.0000158435,4.37556,-3.38738
0.0439079,0.0262263,0.673097,-0.00294545,-0.447272,-0.00233452,0.89439,-0.0780361,0.271977,-2.5283,0.0000105224,-0.989942,0.687156,-0.0013625,-0.0084905,0.949718,-0.0843134,0.114178,1.12156,0.000190406,0.0000158685,4.37876,-3.38578
0.0452556,0.0259457,0.67414,-0.00280333,-0.448481,-0.00248054,0.893785,-0.0771346,0.218289,-2.52626,0.0000105036,-0.986571,0.691316,-0.00134674,-0.00162694,0.948959,-0.0833395,0.119625,1.11882,0.000190404,0.0000158916,4.38196,-3.38418
0.0466316,0.025662,0.675198,-0.00265311,-0.449716,-0.00261216,0.893164,-0.0762144,0.165159,-2.52321,0.0000104857,-0.98313,0.695561,-0.00133066,0.00537917,0.948183,-0.0823454,0.125185,1.11602,0.000190402,0.0000159118,4.38516,-3.38258
0.0480355,0.0253758,0.676272,-0.00249498,-0.450975,-0.00272911,0.892529,-0.075276,0.112723,-2.51896,0.0000104686,-0.979621,0.699891,-0.00131426,0.0125234,0.947393,-0.0813317,0.130854,1.11316,0.0001904,0.0000159284,4.38836,-3.38098
0.0494667,0.0250883,0.67736,-0.00232957,-0.452259,-0.00283084,0.891879,-0.0743201,0.0611116,-2.51336,0.0000104519,-0.976047,0.704301,-0.00129755,0.0198014,0.946587,-0.080299,0.13663,1.11025,0.000190397,0.0000159408,4.39156,-3.37938
0.0509247,0.0248011,0.678461,-0.00215769,-0.453567,-0.0029168,0.891215,-0.0733472,0.0104552,-2.50627,0.0000104355,-0.972409,0.70879,-0.00128054,0.0272086,0.945767,-0.0792479,0.142508,1.10729,0.000190394,0.0000159488,4.39476,-3.37778
0.0524092,0.0245151,0.679575,-0.00198022,-0.454896,-0.00298759,0.890537,-0.072358,-0.0391186,-2.49759,0.0000104111,-0.96871,0.713354,-0.00126324,0.0347402,0.944933,-0.0781792,0.148484,1.10428,0.00019039,0.0000159489,4.39796,-3.37618
0.0539171,0.02423,0.680704,-0.00179529,-0.456249,-0.00304047,0.889845,-0.071353,-0.0874849,-2.48722,0.0000103551,-0.964952,0.71799,-0.00124564,0.0423917,0.944087,-0.0770935,0.154556,1.10122,0.000190387,0.0000159318,4.40116,-3.37458
0.0554434,0.0239497,0.681841,-0.00159932,-0.457631,-0.00306257,0.889136,-0.0703329,-0.134522,-2.47508,0.00001031,-0.961137,0.722697,-0.0012278,0.0501581,0.943227,-0.0759915,0.160719,1.09811,0.000190383,0.000015908,4.40436,-3.37298
0.0569901,0.0236788,0.682985,-0.00139735,-0.459037,-0.00305743,0.888411,-0.0692984,-0.18011,-2.46113,0.0000102887,-0.957269,0.72747,-0.00120972,0.0580346,0.942355,-0.0748739,0.16697,1.09496,0.000190378,0.0000158843,4.40756,-3.37138
0.05856,0.0234175,0.684137,-0.0011935,-0.460462,-0.00303319,0.887674,-0.0682501,-0.224136,-2.44532,0.0000102722,-0.953349,0.732306,-0.00119142,0.0660161,0.941472,-0.0737413,0.173304,1.09177,0.000190374,0.0000158597,4.41076,-3.36978
0.0601528,0.0231618,0.685298,-0.000985109,-0.461904,-0.00299168,0.886924,-0.0671886,-0.266487,-2.42761,0.0000102523,-0.94938,0.737204,-0.0011729,0.0740977,0.940577,-0.0725945,0.179717,1.08854,0.000190369,0.000015838,4.41396,-3.36817
0.0617663,0.0229074,0.686464,-0.000767168,-0.463365,-0.00293025,0.886162,-0.0661146,-0.307058,-2.40798,0.0000102304,-0.945364,0.742159,-0.00115417,0.0822742,0.939672,-0.0714343,0.186206,1.08527,0.000190365,0.0000158188,4.41716,-3.36657
0.063399,0.022652,0.687636,-0.000536987,-0.464844,-0.00284785,0.885388,-0.0650288,-0.345745,-2.38642,0.0000102072,-0.941303,0.747168,-0.00113521,0.0905405,0.938757,-0.0702613,0.192766,1.08196,0.00019036,0.0000158005,4.42036,-3.36497
0.0650499,0.0223959,0.688812,-0.000294235,-0.46634,-0.002744,0.884601,-0.0639319,-0.382451,-2.36293,0.0000101814,-0.937202,0.752229,-0.00111604,0.0988915,0.937833,-0.0690763,0.199393,1.07862,0.000190355,0.0000157802,4.42356,-3.36337
0.0667211,0.0221401,0.689992,-0.0000421196,-0.46785,-0.00262372,0.883804,-0.0628246,-0.417083,-2.3375,0.0000101486,-0.933061,0.757338,-0.00109665,0.107322,0.9369,-0.0678801,0.206083,1.07525,0.00019035,0.0000157528,4.42676,-3.36177
0.0684134,0.0218835,0.691179,0.000215286,-0.46937,-0.00249649,0.882998,-0.0617076,-0.449555,-2.31015,0.0000100324,-0.928884,0.762491,-0.00107703,0.115826,0.935958,-0.0666734,0.212832,1.07185,0.000190345,0.0000156888,4.42996,-3.36017
0.0701271,0.0216209,0.692374,0.000479962,-0.470897,-0.00236634,0.882185,-0.0605815,-0.479783,-2.28089,0.0000097966,-0.924674,0.767686,-0.00105714,0.1244,0.93501,-0.0654569,0.219635,1.06842,0.000190339,0.00001557,4.43315,-3.35857
0.0718567,0.0213485,0.693573,0.000756314,-0.472435,-0.00223121,0.881363,-0.0594472,-0.507692,-2.24974,0.00000942055,-0.920433,0.772919,-0.00103699,0.133037,0.934054,-0.0642314,0.226489,1.06497,0.000190334,0.0000153773,4.43635,-3.35697
0.0736006,0.021063,0.694773,0.00104779,-0.473983,-0.00208971,0.880531,-0.0583052,-0.533211,-2.21673,0.00000890953,-0.916164,0.778187,-0.00101656,0.141732,0.933092,-0.0629977,0.233389,1.06149,0.000190329,0.0000151037,4.43955,-3.35537
0.0753361,0.020782,0.695961,0.00133517,-0.475548,-0.00195155,0.879686,-0.0571564,-0.556276,-2.18189,0.00000842488,-0.911869,0.783487,-0.000995947,0.150479,0.932125,-0.0617567,0.24033,1.05799,0.000190323,0.0000148176,4.44275,-3.35377
0.0770638,0.0205305,0.697131,0.00159104,-0.477124,-0.00182927,0.878832,-0.0560014,-0.576828,-2.14525,0.00000809678,-0.907551,0.788815,-0.000975246,0.159273,0.931152,-0.0605092,0.247308,1.05448,0.000190318,0.0000145391,4.44595,-3.35217
0.0787992,0.0203211,0.698298,0.0018018,-0.478698,-0.00172858,0.877976,-0.0548409,-0.594816,-2.10685,0.0000078681,-0.903213,0.794168,-0.000954515,0.168108,0.930174,-0.0592558,0.254319,1.05094,0.000190312,0.0000142647,4.44915,-3.35057
0.0805506,0.0201498,0.699469,0.00197181,-0.480263,-0.0016472,0.877121,-0.0536758,-0.610234,-2.06673,0.00000766257,-0.898857,0.799543,-0.000933793,0.176979,0.929192,-0.0579974,0.261358,1.0474,0.000190307,0.0000139903,4.45235,-3.34897
0.0823161,0.0200034,0.700641,0.00211535,-0.481824,-0.00157835,0.876264,-0.0525068,-0.623351,-2.02493,0.00000741626,-0.894486,0.804936,-0.000913079,0.185879,0.928207,-0.0567345,0.268421,1.04384,0.000190302,0.0000137077,4.45555,-3.34737
0.0840872,0.0198661,0.701809,0.00224964,-0.483386,-0.00151426,0.875403,-0.0513346,-0.634511,-1.98152,0.0000071329,-0.890103,0.810344,-0.000892377,0.194804,0.927219,-0.0554681,0.275504,1.04027,0.000190298,0.0000134182,4.45875,-3.34577
0.0858577,0.0197263,0.702969,0.00238724,-0.484954,-0.0014491,0.874535,-0.0501599,-0.644005,-1.93652,0.00000682857,-0.885711,0.815764,-0.000871661,0.203748,0.92623,-0.054199,0.282601,1.03669,0.000190294,0.00001312,4.46195,-3.34417
0.0876252,0.0195804,0.704118,0.00253234,-0.486528,-0.00138115,0.87366,-0.0489834,-0.652083,-1.89001,0.00000655257,-0.881312,0.821191,-0.000850935,0.212705,0.925238,-0.052928,0.289709,1.03311,0.00019029,0.000012819,4.46515,-3.34257
0.089392,0.0194318,0.705258,0.00268101,-0.488105,-0.00131192,0.87278,-0.047806,-0.658955,-1.84204,0.00000629091,-0.87691,0.826623,-0.000830171,0.22167,0.924246,-0.051656,0.296822,1.02952,0.000190287,0.00001251,4.46835,-3.34097
0.0911562,0.0192878,0.70639,0.00282529,-0.489683,-0.00124521,0.871895,-0.0466284,-0.664801,-1.79266,0.0000060569,-0.872507,0.832056,-0.000809397,0.230636,0.923254,-0.0503837,0.303937,1.02594,0.000190284,0.0000121982,4.47155,-3.33937
0.0929179,0.0191563,0.707512,0.0029565,-0.491258,-0.0011848,0.871008,-0.0454512,-0.669775,-1.74194,0.00000584369,-0.868106,0.837487,-0.000788627,0.239599,0.922262,-0.049112,0.31105,1.02235,0.000190281,0.0000118819,4.47475,-3.33777
0.0946773,0.0190424,0.708624,0.00306876,-0.492828,-0.00113325,0.87012,-0.0442753,-0.674007,-1.68995,0.00000564115,-0.863709,0.842912,-0.000767885,0.248552,0.921271,-0.0478416,0.318154,1.01877,0.000190279,0.0000115608,4.47795,-3.33617
0.0964341,0.0189472,0.709726,0.00316087,-0.494392,-0.00109098,0.869233,-0.0431014,-0.677607,-1.63673,0.00000543172,-0.85932,0.848328,-0.000747187,0.25749,0.920282,-0.0465734,0.325247,1.0152,0.000190276,0.0000112339,4.48115,-3.33457
0.0981868,0.0188669,0.710818,0.0032368,-0.495948,-0.00105612,0.868345,-0.0419302,-0.68067,-1.58237,0.00000520035,-0.854941,0.853731,-0.000726541,0.266407,0.919296,-0.0453081,0.332323,1.01163,0.000190274,0.0000109002,4.48435,-3.33297
0.0999331,0.0187973,0.711898,0.00330137,-0.497499,-0.0010265,0.867458,-0.0407625,-0.683275,-1.52693,0.0000049511,-0.850575,0.859118,-0.00070596,0.275297,0.918312,-0.0440465,0.339378,1.00808,0.000190272,0.0000105594,4.48755,-3.33137
0.101671,0.0187355,0.712965,0.00335752,-0.499044,-0.00100078,0.86657,-0.039599,-0.685492,-1.47049,0.00000469278,-0.846224,0.864486,-0.000685455,0.284156,0.917331,-0.0427895,0.346408,1.00454,0.000190271,0.0000102117,4.49075,-3.32977
0.103398,0.0186812,0.71402,0.00340568,-0.500583,-0.000978695,0.865681,-0.0384405,-0.687378,-1.41311,0.00000442152,-0.841892,0.869831,-0.000665027,0.292977,0.916355,-0.0415377,0.353408,1.00101,0.000190269,0.00000985622,4.49395,-3.32817
0.105111,0.0186379,0.715059,0.00344137,-0.502115,-0.00096221,0.864794,-0.0372876,-0.688982,-1.35486,0.00000420684,-0.837582,0.87515,-0.000644686,0.301755,0.915384,-0.0402922,0.360373,0.997497,0.000190268,0.00000950035,4.49715,-3.32657
0.106817,0.0186226,0.716086,0.00344565,-0.503631,-0.000959373,0.863912,-0.0361411,-0.690347,-1.29583,0.00000404459,-0.833295,0.880439,-0.00062443,0.310484,0.914418,-0.0390536,0.3673,0.994006,0.000190267,0.00000914332,4.50035,-3.32496
0.108518,0.0186287,0.7171,0.00342635,-0.50513,-0.00096674,0.863036,-0.0350018,-0.691509,-1.23608,0.00000381718,-0.829035,0.885696,-0.000604314,0.319159,0.913458,-0.0378227,0.374184,0.990537,0.000190265,0.00000877659,4.50355,-3.32336
0.110208,0.0186428,0.718101,0.00339816,-0.506618,-0.000977889,0.862163,-0.0338703,-0.692497,-1.1757,0.00000353583,-0.824804,0.890916,-0.000584351,0.327774,0.912504,-0.0366002,0.381021,0.987092,0.000190264,0.00000839906,4.50675,-3.32176
0.111882,0.0186588,0.719084,0.00336774,-0.508097,-0.000989925,0.861293,-0.0327473,-0.693337,-1.11476,0.00000324107,-0.820606,0.896097,-0.000564543,0.336324,0.911558,-0.0353869,0.387805,0.983673,0.000190263,0.00000801272,4.50995,-3.32016
0.113539,0.0186785,0.72005,0.00333305,-0.509565,-0.0010037,0.860425,-0.0316337,-0.694052,-1.05333,0.00000295827,-0.816442,0.901235,-0.000544895,0.344803,0.91062,-0.0341837,0.394534,0.980282,0.000190263,0.00000761947,4.51315,-3.31856
0.115179,0.0187064,0.721,0.00328902,-0.51102,-0.0010213,0.859562,-0.03053,-0.69466,-0.991507,0.0000026807,-0.812315,0.906327,-0.000525411,0.353207,0.90969,-0.0329912,0.401202,0.976921,0.000190262,0.00000721845,4.51635,-3.31696
0.116801,0.0187452,0.721933,0.00323264,-0.512461,-0.00104411,0.858704,-0.029437,-0.695178,-0.929359,0.00000241034,-0.808228,0.911369,-0.000506119,0.361529,0.908769,-0.0318103,0.407806,0.973593,0.000190262,0.00000681337,4.51955,-3.31536
0.118405,0.0187957,0.722847,0.00316274,-0.513885,-0.00107248,0.857852,-0.0283553,-0.695618,-0.866969,0.00000214157,-0.804184,0.91636,-0.000487026,0.369765,0.907858,-0.0306416,0.414342,0.970299,0.000190261,0.00000640142,4.52275,-3.31376
0.119995,0.0188568,0.723743,0.00308048,-0.515291,-0.00110579,0.857009,-0.0272857,-0.695993,-0.804416,0.00000187464,-0.800185,0.921295,-0.000468147,0.377909,0.906956,-0.0294859,0.420804,0.967042,0.000190261,0.0000059811,4.52595,-3.31216
0.121567,0.0189257,0.724623,0.00298933,-0.516679,-0.00114261,0.856173,-0.0262288,-0.696311,-0.741781,0.00000157472,-0.796233,0.926171,-0.00044949,0.385956,0.906066,-0.028344,0.42719,0.963824,0.000190261,0.00000555149,4.52915,-3.31056
0.123117,0.0189999,0.725484,0.00289177,-0.51805,-0.00118189,0.855345,-0.0251853,-0.696582,-0.679144,0.00000127073,-0.792332,0.930985,-0.000431069,0.393902,0.905187,-0.0272165,0.433495,0.960647,0.000190261,0.00000511403,4.53235,-3.30896
0.124645,0.0190804,0.726325,0.00278668,-0.519403,-0.00122407,0.854524,-0.0241559,-0.696813,-0.616587,0.000000977847,-0.788483,0.935734,-0.000412896,0.40174,0.904319,-0.0261042,0.439715,0.957512,0.000190261,0.00000466978,4.53555,-3.30736
0.126151,0.0191684,0.727147,0.00267263,-0.520736,-0.00126973,0.853712,-0.0231411,-0.697009,-0.55419,0.000000694113,-0.784688,0.940416,-0.000394982,0.409467,0.903464,-0.0250077,0.445846,0.954422,0.000190261,0.00000421885,4.53875,-3.30576
0.127635,0.0192638,0.727951,0.00254972,-0.522049,-0.00131877,0.852911,-0.0221417,-0.697176,-0.492033,0.000000412115,-0.780952,0.945027,-0.000377339,0.417077,0.902622,-0.0239279,0.451885,0.951379,0.000190261,0.00000376071,4.54195,-3.30416
0.129097,0.0193655,0.728735,0.00241921,-0.52334,-0.00137067,0.85212,-0.0211582,-0.697318,-0.430196,0.000000129351,-0.777274,0.949564,-0.000359979,0.424565,0.901794,-0.0228652,0.457827,0.948384,0.000190261,0.00000329515,4.54515,-3.30256
0.130536,0.0194724,0.729499,0.00228228,-0.524608,-0.00142491,0.851339,-0.0201914,-0.697438,-0.368759,-0.000000150697,-0.773659,0.954025,-0.000342914,0.431927,0.900979,-0.0218205,0.463668,0.94544,0.000190262,0.00000282236,4.54835,-3.30096
0.13195,0.0195844,0.730243,0.00213905,-0.525855,-0.00148144,0.85057,-0.0192417,-0.697541,-0.307801,-0.000000420425,-0.770109,0.958407,-0.000326158,0.439158,0.900179,-0.0207944,0.469406,0.942548,0.000190262,0.00000234277,4.55155,-3.29936
0.133339,0.0197017,0.730968,0.00198927,-0.527077,-0.00154036,0.849814,-0.0183098,-0.697628,-0.2474,-0.000000679106,-0.766624,0.962706,-0.000309724,0.446253,0.899394,-0.0197875,0.475037,0.939711,0.000190263,0.00000185665,4.55475,-3.29776
0.134703,0.019824,0.731672,0.00183338,-0.528276,-0.00160148,0.84907,-0.0173963,-0.697703,-0.187634,-0.000000928414,-0.763209,0.96692,-0.000293622,0.453208,0.898624,-0.0188005,0.480556,0.936929,0.000190264,0.00000136455,4.55795,-3.29616
0.136038,0.0199505,0.732358,0.0016721,-0.529451,-0.00166443,0.848337,-0.0165018,-0.697766,-0.128581,-0.00000118559,-0.759864,0.971047,-0.000277853,0.460019,0.897871,-0.017834,0.485961,0.934206,0.000190265,0.000000865975,4.56115,-3.29456
0.13734,0.0200811,0.73302,0.00150543,-0.530603,-0.00172949,0.847617,-0.0156268,-0.697819,-0.0703164,-0.00000138893,-0.756593,0.975084,-0.000262457,0.466681,0.897133,-0.0168886,0.491247,0.931541,0.000190266,0.000000371159,4.56435,-3.29296
0.138618,0.0202178,0.733661,0.0013313,-0.531726,-0.00179722,0.846913,-0.0147719,-0.697865,-0.0129151,-0.00000155668,-0.753396,0.979029,-0.000247427,0.473191,0.896413,-0.0159649,0.496412,0.928938,0.000190267,-0.000000125643,4.56755,-3.29136
0.139874,0.0203571,0.734284,0.00115384,-0.53282,-0.00186591,0.846226,-0.0139376,-0.697904,0.0435487,-0.00000173178,-0.750277,0.982878,-0.000232769,0.479543,0.89571,-0.0150635,0.501453,0.926398,0.000190268,-0.000000627244,4.57075,-3.28976
0.141102,0.0204943,0.734889,0.0009785,-0.533886,-0.0019334,0.845554,-0.0131245,-0.697937,0.0990024,-0.00000192236,-0.747236,0.986629,-0.000218482,0.485734,0.895025,-0.0141849,0.506366,0.923922,0.000190269,-0.00000113377,4.57395,-3.28816
0.1423,0.020629,0.735471,0.00080572,-0.534926,-0.00199958,0.844896,-0.012333,-0.697965,0.153374,-0.00000209183,-0.744277,0.990281,-0.000204577,0.49176,0.894358,-0.0133297,0.511148,0.921512,0.00019027,-0.00000164264,4.57715,-3.28656
0.143465,0.020764,0.736033,0.000632228,-0.535939,-0.00206589,0.844254,-0.0115637,-0.697989,0.206595,-0.00000222912,-0.7414,0.99383,-0.000191072,0.497618,0.89371,-0.0124985,0.515796,0.919169,0.000190272,-0.00000214922,4.58035,-3.28496
0.1446,0.0209018,0.736573,0.000455089,-0.536923,-0.00213334,0.843628,-0.010817,-0.698009,0.258595,-0.0000023412,-0.738608,0.997275,-0.000177966,0.503303,0.89308,-0.0116918,0.520308,0.916896,0.000190273,-0.00000265688,4.58355,-3.28336
0.145707,0.0210421,0.737093,0.000274713,-0.537875,-0.00220188,0.843022,-0.0100934,-0.698027,0.309307,-0.00000243062,-0.735903,1.00061,-0.000165281,0.508811,0.892471,-0.0109101,0.524679,0.914692,0.000190275,-0.00000316332,4.58675,-3.28176
0.146787,0.0211818,0.737594,0.0000949231,-0.538794,-0.00226992,0.842434,-0.00939346,-0.698041,0.358667,-0.00000252337,-0.733285,1.00384,-0.000153015,0.514141,0.891881,-0.0101538,0.528909,0.912561,0.000190277,-0.00000367179,4.58995,-3.28016
0.147837,0.0213175,0.738075,-0.0000802763,-0.539683,-0.00233589,0.841865,-0.0087175,-0.698054,0.406611,-0.00000261771,-0.730758,1.00696,-0.000141173,0.519287,0.891311,-0.00942352,0.532993,0.910503,0.000190278,-0.00000418205,4.59315,-3.27856
0.148854,0.0214486,0.738535,-0.000250134,-0.540541,-0.00239954,0.841314,-0.00806597,-0.698064,0.453076,-0.00000269918,-0.728321,1.00997,-0.00012976,0.524247,0.890762,-0.00871963,0.536929,0.908519,0.00019028,-0.00000469267,4.59635,-3.27696
0.149839,0.0215766,0.738974,-0.000416528,-0.541368,-0.00246166,0.840782,-0.00743931,-0.698073,0.498004,-0.00000275924,-0.725978,1.01286,-0.000118785,0.529018,0.890234,-0.00804262,0.540715,0.906611,0.000190282,-0.00000520244,4.59955,-3.27536
0.150798,0.0217035,0.739392,-0.000581612,-0.542158,-0.0025231,0.840272,-0.00683789,-0.698081,0.541335,-0.000002785,-0.723729,1.01563,-0.000108262,0.533597,0.889727,-0.00739291,0.544349,0.90478,0.000190284,-0.0000057117,4.60275,-3.27376
0.151726,0.021827,0.739794,-0.000742571,-0.542916,-0.00258268,0.839783,-0.00626211,-0.698088,0.583015,-0.00000285101,-0.721576,1.01829,-0.0000981775,0.537981,0.889242,-0.00677087,0.547827,0.903027,0.000190286,-0.00000622646,4.60595,-3.27216
0.152618,0.021945,0.740174,-0.000896904,-0.543643,-0.00263958,0.839312,-0.00571232,-0.698093,0.622989,-0.00000290967,-0.719521,1.02083,-0.0000885501,0.542166,0.888778,-0.00617693,0.551149,0.901353,0.000190288,-0.0000067409,4.60915,-3.27056
0.153472,0.0220597,0.740533,-0.00104727,-0.544338,-0.00269489,0.838861,-0.00518888,-0.698098,0.661207,-0.00000293556,-0.717563,1.02324,-0.0000793923,0.546151,0.888337,-0.00561146,0.554312,0.899759,0.00019029,-0.00000725263,4.61235,-3.26895
0.154291,0.0221729,0.740874,-0.0011957,-0.545,-0.00274935,0.838431,-0.00469212,-0.698102,0.697618,-0.00000295772,-0.715706,1.02553,-0.0000707038,0.549933,0.887919,-0.00507482,0.557313,0.898247,0.000190292,-0.00000776309,4.61555,-3.26735
0.155085,0.0222851,0.741186,-0.00134292,-0.545621,-0.0028035,0.838026,-0.00422233,-0.698105,0.732176,-0.00000288523,-0.713949,1.0277,-0.000062537,0.553509,0.887523,-0.00456737,0.560151,0.896816,0.000190295,-0.00000826446,4.61875,-3.26575
0.155856,0.022392,0.741491,-0.00148297,-0.546203,-0.00285437,0.837646,-0.00377984,-0.698108,0.764836,-0.00000291677,-0.712294,1.02974,-0.0000548143,0.556878,0.88715,-0.00408935,0.562824,0.895469,0.000190297,-0.00000877972,4.62195,-3.26415
0.156588,0.0224853,0.741775,-0.00160649,-0.546755,-0.00289883,0.837286,-0.00336491,-0.698111,0.795556,-0.00000297459,-0.710743,1.03166,-0.0000475741,0.560037,0.8868,-0.00364108,0.565331,0.894206,0.000190299,-0.00000929786,4.62515,-3.26255
0.157277,0.0225699,0.742036,-0.00171947,-0.547277,-0.00293929,0.836945,-0.00297781,-0.698113,0.824297,-0.00000298759,-0.709295,1.03344,-0.0000408273,0.562984,0.886474,-0.00322291,0.56767,0.893027,0.000190302,-0.00000981281,4.62835,-3.26095
0.157929,0.0226532,0.742275,-0.0018306,-0.547763,-0.00297912,0.836626,-0.00261878,-0.698115,0.851022,-0.00000295338,-0.707953,1.0351,-0.0000345824,0.565717,0.886171,-0.00283509,0.569839,0.891934,0.000190304,-0.0000103227,4.63155,-3.25935
0.15855,0.0227364,0.742496,-0.00194104,-0.548211,-0.00301872,0.836332,-0.00228805,-0.698116,0.875695,-0.00000290959,-0.706716,1.03663,-0.000028842,0.568235,0.885892,-0.00247785,0.571837,0.890927,0.000190307,-0.0000108301,4.63475,-3.25775
0.15914,0.022815,0.742698,-0.0020452,-0.548621,-0.00305587,0.836063,-0.00198583,-0.698118,0.898286,-0.00000288345,-0.705586,1.03802,-0.0000236059,0.570536,0.885638,-0.00215138,0.573663,0.890007,0.000190309,-0.0000113381,4.63795,-3.25615
0.159698,0.0228841,0.742882,-0.00213741,-0.548993,-0.0030884,0.835818,-0.0017123,-0.698119,0.918765,-0.00000287318,-0.704563,1.03928,-0.0000188748,0.572618,0.885407,-0.00185591,0.575316,0.889174,0.000190312,-0.0000118475,4.64115,-3.25455
0.160218,0.0229437,0.743046,-0.00221779,-0.549332,-0.00311657,0.835596,-0.00146765,-0.69812,0.937106,-0.00000284546,-0.703648,1.04041,-0.0000146584,0.57448,0.885201,-0.00159162,0.576794,0.88843,0.000190315,-0.0000123437,4.64435,-3.25295
0.160686,0.0230084,0.743182,-0.0023042,-0.549639,-0.00314785,0.835393,-0.00125203,-0.698121,0.953285,-0.00000268215,-0.702841,1.04141,-0.0000110101,0.576121,0.885019,-0.00135874,0.578096,0.887773,0.000190317,-0.000012781,4.64755,-3.25135
0.161091,0.0230867,0.743303,-0.0024052,-0.549884,-0.00318381,0.835231,-0.00106555,-0.698121,0.967283,-0.00000263504,-0.702144,1.04227,-0.00000780205,0.577541,0.884862,-0.0011573,0.579223,0.887205,0.00019032,-0.0000131893,4.64995,-3.25015
0.161353,0.0231023,0.743447,-0.00242688,-0.550053,-0.00318896,0.83512,-0.000906687,-0.698122,0.97921,-0.00000317264,-0.701551,1.043,-0.00000495349,0.578752,0.884729,-0.000985322,0.580182,0.886721,0.000190322,-0.0000137575,4.64995,-3.25015
0.161495,0.0230758,0.743532,-0.00240027,-0.550247,-0.00317696,0.834992,-0.000771525,-0.698123,0.989356,-0.00000331336,-0.701046,1.04362,-0.00000257541,0.579781,0.884615,-0.000839226,0.580999,0.88631,0.000190324,-0.0000142969,4.64995,-3.25015
0.161579,0.0230819,0.743582,-0.00241332,-0.550425,-0.00318123,0.834875,-0.000656524,-0.698123,0.997989,-0.00000301956,-0.700615,1.04415,-0.00000061907,0.580656,0.884518,-0.000715212,0.581694,0.88596,0.000190326,-0.0000147923,4.64995,-3.25015
0.161666,0.0231383,0.74363,-0.00248569,-0.550555,-0.00320852,0.834789,-0.00055868,-0.698123,1.00533,-0.00000265563,-0.700249,1.0446,0.000000990341,0.5814,0.884435,-0.000609753,0.582285,0.885662,0.000190327,-0.0000152685,4.64995,-3.25015
0.161773,0.0232067,0.743684,-0.00257111,-0.550646,-0.00324045,0.834729,-0.000475441,-0.698124,1.01158,-0.00000249364,-0.699937,1.04499,0.00000233652,0.582033,0.884365,-0.000519896,0.582788,0.885409,0.000190329,-0.0000157552,4.64995,-3.25015
0.161878,0.023246,0.743738,-0.00262091,-0.55072,-0.00325829,0.834679,-0.000404631,-0.698124,1.0169,-0.00000251533,-0.699673,1.04532,0.00000347886,0.582573,0.884305,-0.000443318,0.583216,0.885193,0.00019033,-0.0000162593,4.64995,-3.25015
0.161959,0.0232494,0.743783,-0.00262736,-0.550795,-0.00325936,0.83463,-0.000344392,-0.698124,1.02142,-0.00000255088,-0.699447,1.04559,0.00000445186,0.583031,0.884254,-0.000378153,0.58358,0.88501,0.000190331,-0.0000167694,4.64995,-3.25015
0.162014,0.0232383,0.743815,-0.00261664,-0.550868,-0.00325396,0.834582,-0.000293141,-0.698125,1.02527,-0.00000248809,-0.699256,1.04583,0.00000527775,0.583421,0.884211,-0.000322786,0.583889,0.884854,0.000190331,-0.0000172729,4.64995,-3.25015
0.162055,0.0232357,0.743839,-0.00261606,-0.550931,-0.00325263,0.83454,-0.000249538,-0.698125,1.02854,-0.00000234517,-0.699092,1.04603,0.00000597598,0.583753,0.884174,-0.000275749,0.584153,0.884721,0.000190332,-0.0000177672,4.64995,-3.25015
0.162095,0.0232476,0.74386,-0.00263266,-0.55098,-0.00325798,0.834508,-0.000212442,-0.698125,1.03132,-0.00000220436,-0.698954,1.0462,0.00000656549,0.584035,0.884143,-0.000235742,0.584377,0.884608,0.000190332,-0.000018258,4.64995,-3.25015
0.162134,0.0232654,0.743881,-0.00265592,-0.551016,-0.00326587,0.834484,-0.000180882,-0.698125,1.03369,-0.00000211931,-0.698835,1.04635,0.00000706338,0.584276,0.884116,-0.000201675,0.584568,0.884512,0.000190333,-0.000018751,4.64995,-3.25015
0.162171,0.0232784,0.743899,-0.0026732,-0.551047,-0.00327142,0.834464,-0.000154034,-0.698125,1.03571,-0.00000208306,-0.698735,1.04647,0.00000748374,0.58448,0.884094,-0.00017266,0.58473,0.88443,0.000190333,-0.0000192477,4.64995,-3.25015
0.1622,0.0232831,0.743915,-0.00268045,-0.551075,-0.00327311,0.834445,-0.000131194,-0.698126,1.03742,-0.0000020579,-0.698649,1.04658,0.0000078382,0.584654,0.884074,-0.000147967,0.584868,0.884361,0.000190334,-0.0000197458,4.64995,-3.25015
0.162223,0.023283,0.743927,-0.00268188,-0.551101,-0.00327258,0.834428,-0.000111762,-0.698126,1.03888,-0.00000201744,-0.698577,1.04667,0.00000813689,0.584802,0.884058,-0.000126973,0.584985,0.884302,0.000190334,-0.0000202426,4.64995,-3.25015
0.162241,0.023283,0.743937,-0.00268341,-0.551124,-0.00327212,0.834413,-0.0000952298,-0.698126,1.04012,-0.00000196238,-0.698515,1.04674,0.00000838886,0.584928,0.884044,-0.000109126,0.585085,0.884251,0.000190334,-0.0000207374,4.64995,-3.25015
0.162256,0.0232852,0.743946,-0.00268748,-0.551142,-0.00327269,0.834401,-0.000081165,-0.698126,1.04118,-0.00000190826,-0.698462,1.04681,0.0000085982,0.585035,0.884032,-0.0000939426,0.58517,0.884208,0.000190334,-0.0000212313,4.64995,-3.25015
0.162271,0.0232887,0.743953,-0.00269291,-0.551157,-0.00327386,0.834391,-0.0000691995,-0.698126,1.04208,-0.00000186664,-0.698417,1.04686,0.00000876073,0.585126,0.884022,-0.0000810064,0.585243,0.884172,0.000190335,-0.0000217255,4.64995,-3.25015
0.162284,0.0232917,0.74396,-0.00269752,-0.551169,-0.00327482,0.834383,-0.00005902,-0.698126,1.04284,-0.00000183758,-0.698379,1.04691,0.00000887485,0.585203,0.884014,-0.0000699714,0.585304,0.884141,0.000190335,-0.0000222203,4.64995,-3.25015
0.162296,0.0232933,0.743966,-0.00270036,-0.55118,-0.0032752,0.834376,-0.0000503599,-0.698126,1.04349,-0.00000181426,-0.698347,1.04695,0.0000089393,0.585269,0.884006,-0.0000605495,0.585356,0.884115,0.000190335,-0.0000227154,4.64995,-3.25015
0.162305,0.0232941,0.743971,-0.00270198,-0.55119,-0.00327522,0.834369,-0.0000429924,-0.698126,1.04405,-0.00000179099,-0.698319,1.04698,0.00000895472,0.585325,0.884,-0.0000524971,0.585401,0.884092,0.000190335,-0.0000232103,4.64995,-3.25015
0.162312,0.0232947,0.743975,-0.0027034,-0.551198,-0.00327525,0.834364,-0.0000367244,-0.698126,1.04452,-0.00000176697,-0.698296,1.04701,0.00000892607,0.585373,0.883995,-0.000045608,0.585439,0.884073,0.000190335,-0.0000237048,4.64995,-3.25015
0.162319,0.0232957,0.743978,-0.00270511,-0.551205,-0.00327544,0.834359,-0.0000313918,-0.698126,1.04492,-0.00000174454,-0.698276,1.04704,0.00000886036,0.585413,0.88399,-0.0000397073,0.585471,0.884057,0.000190335,-0.0000241992,4.64995,-3.25015
0.162324,0.0232968,0.743981,-0.00270693,-0.551211,-0.00327573,0.834355,-0.0000268552,-0.698126,1.04526,-0.00000172568,-0.698259,1.04706,0.00000876437,0.585448,0.883986,-0.000034647,0.585499,0.884043,0.000190335,-0.0000246935,4.64995,-3.25015
0.162329,0.0232977,0.743983,-0.00270849,-0.551215,-0.00327596,0.834352,-0.0000229957,-0.698126,1.04555,-0.00000171042,-0.698244,1.04708,0.00000864379,0.585477,0.883983,-0.0000303023,0.585522,0.884031,0.000190335,-0.000025188,4.64995,-3.25015
0.162334,0.0232983,0.743986,-0.0027096,-0.551219,-0.00327606,0.834349,-0.0000197122,-0.698126,1.04579,-0.00000169742,-0.698232,1.04709,0.00000850342,0.585502,0.88398,-0.0000265682,0.585542,0.884021,0.000190335,-0.0000256826,4.64995,-3.25015
0.162337,0.0232987,0.743987,-0.00271038,-0.551223,-0.00327607,0.834347,-0.0000169188,-0.698126,1.046,-0.00000168547,-0.698222,1.0471,0.00000834779,0.585524,0.883978,-0.0000233559,0.585559,0.884013,0.000190335,-0.0000261771,4.64995,-3.25015
0.16234,0.0232991,0.743989,-0.00271104,-0.551226,-0.00327606,0.834345,-0.0000145423,-0.698126,1.04618,-0.00000167425,-0.698213,1.04712,0.00000818135,0.585542,0.883976,-0.0000205898,0.585573,0.884006,0.000190335,-0.0000266716,4.64996,-3.25014
0.162343,0.0232994,0.74399,-0.0027117,-0.551229,-0.00327608,0.834343,-0.0000125205,-0.698126,1.04633,-0.00000166408,-0.698205,1.04712,0.00000800823,0.585557,0.883974,-0.0000182055,0.585585,0.883999,0.000190335,-0.000027166,4.64996,-3.25014
0.162345,0.0232998,0.743991,-0.00271232,-0.551231,-0.0032761,0.834342,-0.0000108005,-0.698126,1.04646,-0.00000165525,-0.698199,1.04713,0.00000783192,0.58557,0.883973,-0.0000161482,0.585596,0.883994,0.000190335,-0.0000276605,4.64996,-3.25014
0.162348,0.0233001,0.743992,-0.00271285,-0.551233,-0.00327611,0.834341,-0.00000933718,-0.698126,1.04657,-0.00000164774,-0.698193,1.04714,0.00000765521,0.585581,0.883972,-0.0000143712,0.585604,0.88399,0.000190335,-0.0000281549,4.64996,-3.25014
0.162349,0.0233003,0.743993,-0.00271326,-0.551234,-0.00327608,0.83434,-0.00000809227,-0.698126,1.04667,-0.0000016412,-0.698189,1.04715,0.00000748027,0.585591,0.883971,-0.0000128349,0.585612,0.883986,0.000190335,-0.0000286494,4.64996,-3.25014
0.162351,0.0233005,0.743994,-0.00271363,-0.551236,-0.00327605,0.834339,-0.00000703318,-0.698126,1.04675,-0.0000016348,-0.698185,1.04715,0.00000730866,0.585599,0.88397,-0.0000115057,0.585618,0.883983,0.000190335,-0.0000291435,4.64996,-3.25014
0.162352,0.0233007,0.743994,-0.002714,-0.551237,-0.00327603,0.834338,-0.00000613218,-0.698126,1.04681,-0.00000162923,-0.698181,1.04715,0.00000714208,0.585606,0.883969,-0.0000103544,0.585624,0.88398,0.000190335,-0.0000296371,4.64996,-3.25014
0.162353,0.0233006,0.743995,-0.00271405,-0.551238,-0.00327591,0.834337,-0.00000536566,-0.698126,1.04687,-0.00000162459,-0.698178,1.04716,0.00000698147,0.585611,0.883968,-0.00000935611,0.585628,0.883978,0.000190335,-0.0000301297,4.64996,-3.25014
0.162353,0.0233004,0.743995,-0.00271381,-0.551239,-0.00327568,0.834336,-0.00000471353,-0.698126,1.04692,-0.00000161971,-0.698176,1.04716,0.00000682714,0.585616,0.883968,-0.00000848993,0.585632,0.883976,0.000190335,-0.0000306208,4.64996,-3.25014
0.162354,0.0232999,0.743995,-0.00271334,-0.551241,-0.00327537,0.834335,-0.00000415873,-0.698126,1.04696,-0.00000161471,-0.698174,1.04716,0.00000667977,0.585621,0.883967,-0.00000773768,0.585636,0.883974,0.000190335,-0.0000311103,4.64996,-3.25014
0.162354,0.0232993,0.743995,-0.00271268,-0.551242,-0.003275,0.834335,-0.00000368673,-0.698126,1.047,-0.00000160969,-0.698172,1.04717,0.00000653979,0.585624,0.883967,-0.00000708376,0.585639,0.883973,0.000190335,-0.0000315979,4.64996,-3.25014
0.162354,0.0232986,0.743995,-0.00271188,-0.551243,-0.00327458,0.834334,-0.00000328518,-0.698126,1.04703,-0.00000160467,-0.69817,1.04717,0.00000640744,0.585627,0.883966,-0.00000651482,0.585641,0.883971,0.000190335,-0.0000320834,4.64996,-3.25014
0.162353,0.0232978,0.743995,-0.00271096,-0.551244,-0.00327413,0.834333,-0.00000294355,-0.698126,1.04705,-0.00000159969,-0.698169,1.04717,0.00000628282,0.58563,0.883966,-0.00000601938,0.585643,0.88397,0.000190335,-0.0000325665,4.64996,-3.25014
0.162353,0.0232969,0.743994,-0.00270994,-0.551245,-0.00327363,0.834332,-0.00000265291,-0.698126,1.04707,-0.00000159474,-0.698168,1.04717,0.0000061659,0.585632,0.883966,-0.00000558758,0.585645,0.883969,0.000190335,-0.0000330472,4.64996,-3.25014
0.162353,0.023296,0.743994,-0.00270885,-0.551247,-0.00327312,0.834332,-0.00000240565,-0.698126,1.04709,-0.00000158983,-0.698167,1.04717,0.00000605656,0.585634,0.883966,-0.00000521094,0.585646,0.883969,0.000190335,-0.0000335253,4.64996,-3.25014
0.162352,0.023295,0.743994,-0.00270771,-0.551248,-0.00327259,0.834331,-0.00000219529,-0.698126,1.04711,-0.00000158497,-0.698166,1.04717,0.0000059546,0.585636,0.883966,-0.00000488216,0.585647,0.883968,0.000190335,-0.0000340009,4.64996,-3.25014
0.162351,0.023294,0.743993,-0.00270652,-0.551249,-0.00327204,0.83433,-0.00000201633,-0.698126,1.04712,-0.00000158016,-0.698165,1.04717,0.00000585977,0.585637,0.883965,-0.00000459493,0.585648,0.883967,0.000190335,-0.0000344738,4.64996,-3.25014
0.162351,0.023293,0.743993,-0.00270531,-0.55125,-0.00327149,0.834329,-0.00000186407,-0.698126,1.04713,-0.00000157538,-0.698165,1.04717,0.00000577178,0.585638,0.883965,-0.00000434381,0.585649,0.883967,0.000190335,-0.0000349439,4.64996,-3.25014
0.16235,0.0232919,0.743993,-0.00270407,-0.551251,-0.00327093,0.834329,-0.00000173454,-0.698126,1.04714,-0.00000157065,-0.698164,1.04718,0.00000569029,0.585639,0.883965,-0.00000412409,0.58565,0.883966,0.000190335,-0.0000354113,4.64996,-3.25014
0.162349,0.0232909,0.743992,-0.0027028,-0.551252,-0.00327037,0.834328,-0.00000162435,-0.698126,1.04715,-0.0000015661,-0.698164,1.04718,0.00000561488,0.58564,0.883965,-0.00000393144,0.585651,0.883966,0.000190335,-0.0000358759,4.64996,-3.25014
0.162348,0.0232898,0.743992,-0.00270149,-0.551253,-0.00326978,0.834327,-0.0000015306,-0.698126,1.04716,-0.00000156156,-0.698163,1.04718,0.00000554511,0.58564,0.883965,-0.00000376236,0.585651,0.883966,0.000190335,-0.0000363377,4.64996,-3.25014
0.162347,0.0232886,0.743991,-0.00270016,-0.551254,-0.0032692,0.834327,-0.00000145084,-0.698126,1.04717,-0.00000155707,-0.698163,1.04718,0.00000548066,0.585641,0.883965,-0.00000361382,0.585652,0.883966,0.000190335,-0.0000367967,4.64996,-3.25014
0.162347,0.0232875,0.743991,-0.00269881,-0.551255,-0.0032686,0.834326,-0.00000138299,-0.698126,1.04717,-0.00000155262,-0.698162,1.04718,0.00000542118,0.585642,0.883965,-0.0000034832,0.585652,0.883965,0.000190335,-0.0000372528,4.64996,-3.25014
0.162346,0.0232864,0.74399,-0.00269744,-0.551256,-0.003268,0.834325,-0.00000132526,-0.698126,1.04717,-0.00000154824,-0.698162,1.04718,0.00000536636,0.585642,0.883965,-0.00000336822,0.585652,0.883965,0.000190335,-0.0000377061,4.64996,-3.25014
0.162345,0.0232852,0.74399,-0.00269606,-0.551257,-0.0032674,0.834325,-0.00000127615,-0.698126,1.04718,-0.00000154393,-0.698162,1.04718,0.00000531587,0.585642,0.883965,-0.0000032669,0.585652,0.883965,0.000190335,-0.0000381566,4.64996,-3.25014
0.162344,0.0232841,0.74399,-0.00269467,-0.551258,-0.00326679,0.834324,-0.00000123437,-0.698126,1.04718,-0.00000153968,-0.698161,1.04718,0.00000526939,0.585643,0.883965,-0.00000317752,0.585653,0.883965,0.000190335,-0.0000386042,4.64996,-3.25014
0.162343,0.0232829,0.743989,-0.00269327,-0.551259,-0.00326619,0.834323,-0.00000119883,-0.698126,1.04718,-0.0000015355,-0.698161,1.04718,0.00000522662,0.585643,0.883965,-0.0000030986,0.585653,0.883965,0.000190335,-0.000039049,4.64996,-3.25014
0.162342,0.0232817,0.743989,-0.00269187,-0.55126,-0.00326558,0.834323,-0.00000116859,-0.698126,1.04719,-0.0000015314,-0.698161,1.04718,0.00000518728,0.585643,0.883965,-0.00000302882,0.585653,0.883965,0.000190335,-0.0000394909,4.64996,-3.25014
0.162341,0.0232806,0.743988,-0.00269047,-0.551261,-0.00326498,0.834322,-0.00000114286,-0.698126,1.04719,-0.00000152738,-0.698161,1.04718,0.0000051511,0.585643,0.883965,-0.00000296706,0.585653,0.883964,0.000190335,-0.0000399301,4.64996,-3.25014
0.16234,0.0232794,0.743988,-0.00268907,-0.551262,-0.00326438,0.834322,-0.00000112098,-0.698126,1.04719,-0.00000152342,-0.698161,1.04718,0.00000511782,0.585643,0.883965,-0.00000291232,0.585653,0.883964,0.000190335,-0.0000403664,4.64996,-3.25014
0.162339,0.0232782,0.743987,-0.00268767,-0.551263,-0.00326377,0.834321,-0.00000110236,-0.698126,1.04719,-0.00000151954,-0.69816,1.04718,0.0000050872,0.585644,0.883964,-0.00000286375,0.585653,0.883964,0.000190335,-0.0000408,4.64996,-3.25014
0.162338,0.0232771,0.743987,-0.00268627,-0.551264,-0.00326317,0.83432,-0.00000108652,-0.698126,1.04719,-0.00000151571,-0.69816,1.04718,0.00000505902,0.585644,0.883964,-0.00000282058,0.585653,0.883964,0.000190335,-0.0000412307,4.64996,-3.25014
0.162337,0.0232759,0.743986,-0.00268488,-0.551265,-0.00326258,0.83432,-0.00000107304,-0.698126,1.04719,-0.00000151196,-0.69816,1.04718,0.00000503306,0.585644,0.883964,-0.00000278217,0.585653,0.883964,0.000190335,-0.0000416587,4.64996,-3.25014
0.162337,0.0232759,0.743986,-0.00268488,-0.551265,-0.00326258,0.83432,-0.00000107304,-0.698126,1.04719,-0.00000151196,-0.69816,1.04718,0.00000503306,0.585644,0.883964,-0.00000278217,0.585653,0.883964,0.000190335,-0.0000416587,4.64996,-3.25014
0.162337,0.0232759,0.743986,-0.00268488,-0.551265,-0.00326258,0.83432,-0.00000107304,-0.698126,1.04719,-0.00000151196,-0.69816,1.04718,0.00000503306,0.585644,0.883964,-0.00000278217,0.585653,0.883964,0.000190335,-0.0000416587,4.64996,-3.25014
0.162337,0.0232759,0.743986,-0.00268488,-0.551265,-0.00326258,0.83432,-0.00000107304,-0.698126,1.04719,-0.00000151196,-0.69816,1.04718,0.00000503306,0.585644,0.883964,-0.00000278217,0.585653,0.883964,0.000190335,-0.0000416587,4.64996,-3.25014
0.162337,0.0232759,0.743986,-0.00268488,-0.551265,-0.00326258,0.83432,-0.00000107304,-0.698126,1.04719,-0.00000151196,-0.69816,1.04718,0.00000503306,0.585644,0.883964,-0.00000278217,0.585653,0.883964,0.000190335,-0.0000416587,4.64996,-3.25014
0.162337,0.0232759,0.743986,-0.00268488,-0.551265,-0.00326258,0.83432,-0.00000107304,-0.698126,1.04719,-0.00000151196,-0.69816,1.04718,0.00000503306,0.585644,0.883964,-0.00000278217,0.585653,0.883964,0.000190335,-0.0000416587,4.64996,-3.25014
0.162337,0.0232759,0.743986,-0.00268488,-0.551265,-0.00326258,0.83432,-0.00000107304,-0.698126,1.04719,-0.00000151196,-0.69816,1.04718,0.00000503306,0.585644,0.883964,-0.00000278217,0.585653,0.883964,0.000190335,-0.0000416587,4.64996,-3.25014
0.162337,0.0232759,0.743986,-0.00268488,-0.551265,-0.00326258,0.83432,-0.00000107304,-0.698126,1.04719,-0.00000151196,-0.69816,1.04718,0.00000503306,0.585644,0.883964,-0.00000278217,0.585653,0.883964,0.000190335,-0.0000416587,4.64996,-3.25014
0.162337,0.0232759,0.743986,-0.00268488,-0.551265,-0.00326258,0.83432,-0.00000107304,-0.698126,1.04719,-0.00000151196,-0.69816,1.04718,0.00000503306,0.585644,0.883964,-0.00000278217,0.585653,0.883964,0.000190335,-0.0000416587,4.64996,-3.25014
0.162337,0.0232759,0.743986,-0.00268488,-0.551265,-0.00326258,0.83432,-0.00000107304,-0.698126,1.04719,-0.00000151196,-0.69816,1.04718,0.00000503306,0.585644,0.883964,-0.00000278217,0.585653,0.883964,0.000190335,-0.0000416587,4.64996,-3.25014
0.162337,0.0232759,0.743986,-0.00268488,-0.551265,-0.00326258,0.83432,-0.00000107304,-0.698126,1.04719,-0.00000151196,-0.69816,1.04718,0.00000503306,0.585644,0.883964,-0.00000278217,0.585653,0.883964,0.000190335,-0.0000416587,4.64996,-3.25014
0.162337,0.0232759,0.743986,-0.00268488,-0.551265,-0.00326258,0.83432,-0.00000107304,-0.698126,1.04719,-0.00000151196,-0.69816,1.04718,0.00000503306,0.585644,0.883964,-0.00000278217,0.585653,0.883964,0.000190335,-0.0000416587,4.64996,-3.25014
0.162337,0.0232759,0.743986,-0.00268488,-0.551265,-0.00326258,0.83432,-0.00000107304,-0.698126,1.04719,-0.00000151196,-0.69816,1.04718,0.00000503306,0.585644,0.883964,-0.00000278217,0.585653,0.883964,0.000190335,-0.0000416587,4.64996,-3.25014
0.162337,0.0232759,0.743986,-0.00268488,-0.551265,-0.00326258,0.83432,-0.00000107304,-0.698126,1.04719,-0.00000151196,-0.69816,1.04718,0.00000503306,0.585644,0.883964,-0.00000278217,0.585653,0.883964,0.000190335,-0.0000416587,4.64996,-3.25014
0.162337,0.0232759,0.743986,-0.00268488,-0.551265,-0.00326258,0.83432,-0.00000107304,-0.698126,1.04719,-0.00000151196,-0.69816,1.04718,0.00000503306,0.585644,0.883964,-0.00000278217,0.585653,0.883964,0.000190335,-0.0000416587,4.64996,-3.25014
0.162337,0.0232759,0.743986,-0.00268488,-0.551265,-0.00326258,0.83432,-0.00000107304,-0.698126,1.04719,-0.00000151196,-0.69816,1.04718,0.00000503306,0.585644,0.883964,-0.00000278217,0.585653,0.883964,0.000190335,-0.0000416587,4.64996,-3.25014
0.162337,0.0232759,0.743986,-0.00268488,-0.551265,-0.00326258,0.83432,-0.00000107304,-0.698126,1.04719,-0.00000151196,-0.69816,1.04718,0.00000503306,0.585644,0.883964,-0.00000278217,0.585653,0.883964,0.000190335,-0.0000416587,4.64996,-3.25014
0.162337,0.0232759,0.743986,-0.00268488,-0.551265,-0.00326258,0.83432,-0.00000107304,-0.698126,1.04719,-0.00000151196,-0.69816,1.04718,0.00000503306,0.585644,0.883964,-0.00000278217,0.585653,0.883964,0.000190335,-0.0000416587,4.64996,-3.25014
0.162337,0.0232759,0.743986,-0.00268488,-0.551265,-0.00326258,0.83432,-0.00000107304,-0.698126,1.04719,-0.00000151196,-0.69816,1.04718,0.00000503306,0.585644,0.883964,-0.00000278217,0.585653,0.883964,0.000190335,-0.0000416587,4.64996,-3.25014
0.162337,0.0232759,0.743986,-0.00268488,-0.551265,-0.00326258,0.83432,-0.00000107304,-0.698126,1.04719,-0.00000151196,-0.69816,1.04718,0.00000503306,0.585644,0.883964,-0.00000278217,0.585653,0.883964,0.000190335,-0.0000416587,4.64996,-3.25014
0.162337,0.0232759,0.743986,-0.00268488,-0.551265,-0.00326258,0.83432,-0.00000107304,-0.698126,1.04719,-0.00000151196,-0.69816,1.04718,0.00000503306,0.585644,0.883964,-0.00000278217,0.585653,0.883964,0.000190335,-0.0000416587,4.64996,-3.25014
0.162337,0.0232759,0.743986,-0.00268488,-0.551265,-0.00326258,0.83432,-0.00000107304,-0.698126,1.04719,-0.00000151196,-0.69816,1.04718,0.00000503306,0.585644,0.883964,-0.00000278217,0.585653,0.883964,0.000190335,-0.0000416587,4.64996,-3.25014
0.162337,0.0232759,0.743986,-0.00268488,-0.551265,-0.00326258,0.83432,-0.00000107304,-0.698126,1.04719,-0.00000151196,-0.69816,1.04718,0.00000503306,0.585644,0.883964,-0.00000278217,0.585653,0.883964,0.000190335,-0.0000416587,4.64996,-3.25014
0.162337,0.0232759,0.743986,-0.00268488,-0.551265,-0.00326258,0.83432,-0.00000107304,-0.698126,1.04719,-0.00000151196,-0.69816,1.04718,0.00000503306,0.585644,0.883964,-0.00000278217,0.585653,0.883964,0.000190335,-0.0000416587,4.64996,-3.25014
0.162337,0.0232759,0.743986,-0.00268488,-0.551265,-0.00326258,0.83432,-0.00000107304,-0.698126,1.04719,-0.00000151196,-0.69816,1.04718,0.00000503306,0.585644,0.883964,-0.00000278217,0.585653,0.883964,0.000190335,-0.0000416587,4.64996,-3.25014
0.162337,0.0232759,0.743986,-0.00268488,-0.551265,-0.00326258,0.83432,-0.00000107304,-0.698126,1.04719,-0.00000151196,-0.69816,1.04718,0.00000503306,0.585644,0.883964,-0.00000278217,0.585653,0.883964,0.000190335,-0.0000416587,4.64996,-3.25014
0.162337,0.0232759,0.743986,-0.00268488,-0.551265,-0.00326258,0.83432,-0.00000107304,-0.698126,1.04719,-0.00000151196,-0.69816,1.04718,0.00000503306,0.585644,0.883964,-0.00000278217,0.585653,0.883964,0.000190335,-0.0000416587,4.64996,-3.25014
0.162337,0.0232759,0.743986,-0.00268488,-0.551265,-0.00326258,0.83432,-0.00000107304,-0.698126,1.04719,-0.00000151196,-0.69816,1.04718,0.00000503306,0.585644,0.883964,-0.00000278217,0.585653,0.883964,0.000190335,-0.0000416587,4.64996,-3.25014
0.162337,0.0232759,0.743986,-0.00268488,-0.551265,-0.00326258,0.83432,-0.00000107304,-0.698126,1.04719,-0.00000151196,-0.69816,1.04718,0.00000503306,0.585644,0.883964,-0.00000278217,0.585653,0.883964,0.000190335,-0.0000416587,4.64996,-3.25014
0.162337,0.0232759,0.743986,-0.00268488,-0.551265,-0.00326258,0.83432,-0.00000107304,-0.698126,1.04719,-0.00000151196,-0.69816,1.04718,0.00000503306,0.585644,0.883964,-0.00000278217,0.585653,0.883964,0.000190335,-0.0000416587,4.64996,-3.25014
0.162337,0.0232759,0.743986,-0.00268488,-0.551265,-0.00326258,0.83432,-0.00000107304,-0.698126,1.04719,-0.00000151196,-0.69816,1.04718,0.00000503306,0.585644,0.883964,-0.00000278217,0.585653,0.883964,0.000190335,-0.0000416587,4.64996,-3.25014
0.162337,0.0232759,0.743986,-0.00268488,-0.551265,-0.00326258,0.83432,-0.00000107304,-0.698126,1.04719,-0.00000151196,-0.69816,1.04718,0.00000503306,0.585644,0.883964,-0.00000278217,0.585653,0.883964,0.000190335,-0.0000416587,4.64996,-3.25014
0.162337,0.0232759,0.743986,-0.00268488,-0.551265,-0.00326258,0.83432,-0.00000107304,-0.698126,1.04719,-0.00000151196,-0.69816,1.04718,0.00000503306,0.585644,0.883964,-0.00000278217,0.585653,0.883964,0.000190335,-0.0000416587,4.64996,-3.25014
0.162337,0.0232759,0.743986,-0.00268488,-0.551265,-0.00326258,0.83432,-0.00000107304,-0.698126,1.04719,-0.00000151196,-0.69816,1.04718,0.00000503306,0.585644,0.883964,-0.00000278217,0.585653,0.883964,0.000190335,-0.0000416587,4.64996,-3.25014
0.162337,0.0232759,0.743986,-0.00268488,-0.551265,-0.00326258,0.83432,-0.00000107304,-0.698126,1.04719,-0.00000151196,-0.69816,1.04718,0.00000503306,0.585644,0.883964,-0.00000278217,0.585653,0.883964,0.000190335,-0.0000416587,4.64996,-3.25014
0.162337,0.0232759,0.743986,-0.00268488,-0.551265,-0.00326258,0.83432,-0.00000107304,-0.698126,1.04719,-0.00000151196,-0.69816,1.04718,0.00000503306,0.585644,0.883964,-0.00000278217,0.585653,0.883964,0.000190335,-0.0000416587,4.64996,-3.25014
0.162337,0.0232759,0.743986,-0.00268488,-0.551265,-0.00326258,0.83432,-0.00000107304,-0.698126,1.04719,-0.00000151196,-0.69816,1.04718,0.00000503306,0.585644,0.883964,-0.00000278217,0.585653,0.883964,0.000190335,-0.0000416587,4.64996,-3.25014
0.162337,0.0232759,0.743986,-0.00268488,-0.551265,-0.00326258,0.83432,-0.00000107304,-0.698126,1.04719,-0.00000151196,-0.69816,1.04718,0.00000503306,0.585644,0.883964,-0.00000278217,0.585653,0.883964,0.000190335,-0.0000416587,4.64996,-3.25014
0.162337,0.0232759,0.743986,-0.00268488,-0.551265,-0.00326258,0.83432,-0.00000107304,-0.698126,1.04719,-0.00000151196,-0.69816,1.04718,0.00000503306,0.585644,0.883964,-0.00000278217,0.585653,0.883964,0.000190335,-0.0000416587,4.64996,-3.25014
0.162337,0.0232759,0.743986,-0.00268488,-0.551265,-0.00326258,0.83432,-0.00000107304,-0.698126,1.04719,-0.00000151196,-0.69816,1.04718,0.00000503306,0.585644,0.883964,-0.00000278217,0.585653,0.883964,0.000190335,-0.0000416587,4.64996,-3.25014
0.162337,0.0232759,0.743986,-0.00268488,-0.551265,-0.00326258,0.83432,-0.00000107304,-0.698126,1.04719,-0.00000151196,-0.69816,1.04718,0.00000503306,0.585644,0.883964,-0.00000278217,0.585653,0.883964,0.000190335,-0.0000416587,4.64996,-3.25014
0.162337,0.0232759,0.743986,-0.00268488,-0.551265,-0.00326258,0.83432,-0.00000107304,-0.698126,1.04719,-0.00000151196,-0.69816,1.04718,0.00000503306,0.585644,0.883964,-0.00000278217,0.585653,0.883964,0.000190335,-0.0000416587,4.64996,-3.25014
0.162337,0.0232759,0.743986,-0.00268488,-0.551265,-0.00326258,0.83432,-0.00000107304,-0.698126,1.04719,-0.00000151196,-0.69816,1.04718,0.00000503306,0.585644,0.883964,-0.00000278217,0.585653,0.883964,0.000190335,-0.0000416587,4.64996,-3.25014
0.162337,0.0232759,0.743986,-0.00268488,-0.551265,-0.00326258,0.83432,-0.00000107304,-0.698126,1.04719,-0.00000151196,-0.69816,1.04718,0.00000503306,0.585644,0.883964,-0.00000278217,0.585653,0.883964,0.000190335,-0.0000416587,4.64996,-3.25014
0.162337,0.0232759,0.743986,-0.00268488,-0.551265,-0.00326258,0.83432,-0.00000107304,-0.698126,1.04719,-0.00000151196,-0.69816,1.04718,0.00000503306,0.585644,0.883964,-0.00000278217,0.585653,0.883964,0.000190335,-0.0000416587,4.64996,-3.25014
0.162337,0.0232759,0.743986,-0.00268488,-0.551265,-0.00326258,0.83432,-0.00000107304,-0.698126,1.04719,-0.00000151196,-0.69816,1.04718,0.00000503306,0.585644,0.883964,-0.00000278217,0.585653,0.883964,0.000190335,-0.0000416587,4.64996,-3.25014
0.162337,0.0232759,0.743986,-0.00268488,-0.551265,-0.00326258,0.83432,-0.00000107304,-0.698126,1.04719,-0.00000151196,-0.69816,1.04718,0.00000503306,0.585644,0.883964,-0.00000278217,0.585653,0.883964,0.000190335,-0.0000416587,4.64996,-3.25014
0.162337,0.0232759,0.743986,-0.00268488,-0.551265,-0.00326258,0.83432,-0.00000107304,-0.698126,1.04719,-0.00000151196,-0.69816,1.04718,0.00000503306,0.585644,0.883964,-0.00000278217,0.585653,0.883964,0.000190335,-0.0000416587,4.64996,-3.25014
0.162337,0.0232759,0.743986,-0.00268488,-0.551265,-0.00326258,0.83432,-0.00000107304,-0.698126,1.04719,-0.00000151196,-0.69816,1.04718,0.00000503306,0.585644,0.883964,-0.00000278217,0.585653,0.883964,0.000190335,-0.0000416587,4.64996,-3.25014
0.162337,0.0232759,0.743986,-0.00268488,-0.551265,-0.00326258,0.83432,-0.00000107304,-0.698126,1.04719,-0.00000151196,-0.69816,1.04718,0.00000503306,0.585644,0.883964,-0.00000278217,0.585653,0.883964,0.000190335,-0.0000416587,4.64996,-3.25014
0.162337,0.0232759,0.743986,-0.00268488,-0.551265,-0.00326258,0.83432,-0.00000107304,-0.698126,1.04719,-0.00000151196,-0.69816,1.04718,0.00000503306,0.585644,0.883964,-0.00000278217,0.585653,0.883964,0.000190335,-0.0000416587,4.64996,-3.25014
0.162337,0.0232759,0.743986,-0.00268488,-0.551265,-0.00326258,0.83432,-0.00000107304,-0.698126,1.04719,-0.00000151196,-0.69816,1.04718,0.00000503306,0.585644,0.883964,-0.00000278217,0.585653,0.883964,0.000190335,-0.0000416587,4.64996,-3.25014
0.162337,0.0232759,0.743986,-0.00268488,-0.551265,-0.00326258,0.83432,-0.00000107304,-0.698126,1.04719,-0.00000151196,-0.69816,1.04718,0.00000503306,0.585644,0.883964,-0.00000278217,0.585653,0.883964,0.000190335,-0.0000416587,4.64996,-3.25014
0.162337,0.0232759,0.743986,-0.00268488,-0.551265,-0.00326258,0.83432,-0.00000107304,-0.698126,1.04719,-0.00000151196,-0.69816,1.04718,0.00000503306,0.585644,0.883964,-0.00000278217,0.585653,0.883964,0.000190335,-0.0000416587,4.64996,-3.25014
0.162337,0.0232759,0.743986,-0.00268488,-0.551265,-0.00326258,0.83432,-0.00000107304,-0.698126,1.04719,-0.00000151196,-0.69816,1.04718,0.00000503306,0.585644,0.883964,-0.00000278217,0.585653,0.883964,0.000190335,-0.0000416587,4.64996,-3.25014
0.162337,0.0232759,0.743986,-0.00268488,-0.551265,-0.00326258,0.83432,-0.00000107304,-0.698126,1.04719,-0.00000151196,-0.69816,1.04718,0.00000503306,0.585644,0.883964,-0.00000278217,0.585653,0.883964,0.000190335,-0.0000416587,4.64996,-3.25014
0.162337,0.0232759,0.743986,-0.00268488,-0.551265,-0.00326258,0.83432,-0.00000107304,-0.698126,1.04719,-0.00000151196,-0.69816,1.04718,0.00000503306,0.585644,0.883964,-0.00000278217,0.585653,0.883964,0.000190335,-0.0000416587,4.64996,-3.25014
0.162337,0.0232759,0.743986,-0.00268488,-0.551265,-0.00326258,0.83432,-0.00000107304,-0.698126,1.04719,-0.00000151196,-0.69816,1.04718,0.00000503306,0.585644,0.883964,-0.00000278217,0.585653,0.883964,0.000190335,-0.0000416587,4.64996,-3.25014
0.162337,0.0232759,0.743986,-0.00268488,-0.551265,-0.00326258,0.83432,-0.00000107304,-0.698126,1.04719,-0.00000151196,-0.69816,1.04718,0.00000503306,0.585644,0.883964,-0.00000278217,0.585653,0.883964,0.000190335,-0.0000416587,4.64996,-3.25014
0.162337,0.0232759,0.743986,-0.00268488,-0.551265,-0.00326258,0.83432,-0.00000107304,-0.698126,1.04719,-0.00000151196,-0.69816,1.04718,0.00000503306,0.585644,0.883964,-0.00000278217,0.585653,0.883964,0.000190335,-0.0000416587,4.64996,-3.25014
0.162337,0.0232759,0.743986,-0.00268488,-0.551265,-0.00326258,0.83432,-0.00000107304,-0.698126,1.04719,-0.00000151196,-0.69816,1.04718,0.00000503306,0.585644,0.883964,-0.00000278217,0.585653,0.883964,0.000190335,-0.0000416587,4.64996,-3.25014
0.162337,0.0232759,0.743986,-0.00268488,-0.551265,-0.00326258,0.83432,-0.00000107304,-0.698126,1.04719,-0.00000151196,-0.69816,1.04718,0.00000503306,0.585644,0.883964,-0.00000278217,0.585653,0.883964,0.000190335,-0.0000416587,4.64996,-3.25014
0.162337,0.0232759,0.743986,-0.00268488,-0.551265,-0.00326258,0.83432,-0.00000107304,-0.698126,1.04719,-0.00000151196,-0.69816,1.04718,0.00000503306,0.585644,0.883964,-0.00000278217,0.585653,0.883964,0.000190335,-0.0000416587,4.64996,-3.25014
0.162337,0.0232759,0.743986,-0.00268488,-0.551265,-0.00326258,0.83432,-0.00000107304,-0.698126,1.04719,-0.00000151196,-0.69816,1.04718,0.00000503306,0.585644,0.883964,-0.00000278217,0.585653,0.883964,0.000190335,-0.0000416587,4.64996,-3.25014
0.162337,0.0232759,0.743986,-0.00268488,-0.551265,-0.00326258,0.83432,-0.00000107304,-0.698126,1.04719,-0.00000151196,-0.69816,1.04718,0.00000503306,0.585644,0.883964,-0.00000278217,0.585653,0.883964,0.000190335,-0.0000416587,4.64996,-3.25014
0.162337,0.0232759,0.743986,-0.00268488,-0.551265,-0.00326258,0.83432,-0.00000107304,-0.698126,1.04719,-0.00000151196,-0.69816,1.04718,0.00000503306,0.585644,0.883964,-0.00000278217,0.585653,0.883964,0.000190335,-0.0000416587,4.64996,-3.25014
0.162337,0.0232759,0.743986,-0.00268488,-0.551265,-0.00326258,0.83432,-0.00000107304,-0.698126,1.04719,-0.00000151196,-0.69816,1.04718,0.00000503306,0.585644,0.883964,-0.00000278217,0.585653,0.883964,0.000190335,-0.0000416587,4.64996,-3.25014
0.162337,0.0232759,0.743986,-0.00268488,-0.551265,-0.00326258,0.83432,-0.00000107304,-0.698126,1.04719,-0.00000151196,-0.69816,1.04718,0.00000503306,0.585644,0.883964,-0.00000278217,0.585653,0.883964,0.000190335,-0.0000416587,4.64996,-3.25014
0.162337,0.0232759,0.743986,-0.00268488,-0.551265,-0.00326258,0.83432,-0.00000107304,-0.698126,1.04719,-0.00000151196,-0.69816,1.04718,0.00000503306,0.585644,0.883964,-0.00000278217,0.585653,0.883964,0.000190335,-0.0000416587,4.64996,-3.25014
0.162337,0.0232759,0.743986,-0.00268488,-0.551265,-0.00326258,0.83432,-0.00000107304,-0.698126,1.04719,-0.00000151196,-0.69816,1.04718,0.00000503306,0.585644,0.883964,-0.00000278217,0.585653,0.883964,0.000190335,-0.0000416587,4.64996,-3.25014
0.162337,0.0232759,0.743986,-0.00268488,-0.551265,-0.00326258,0.83432,-0.00000107304,-0.698126,1.04719,-0.00000151196,-0.69816,1.04718,0.00000503306,0.585644,0.883964,-0.00000278217,0.585653,0.883964,0.000190335,-0.0000416587,4.64996,-3.25014
0.162337,0.0232759,0.743986,-0.00268488,-0.551265,-0.00326258,0.83432,-0.00000107304,-0.698126,1.04719,-0.00000151196,-0.69816,1.04718,0.00000503306,0.585644,0.883964,-0.00000278217,0.585653,0.883964,0.000190335,-0.0000416587,4.64996,-3.25014
0.162337,0.0232759,0.743986,-0.00268488,-0.551265,-0.00326258,0.83432,-0.00000107304,-0.698126,1.04719,-0.00000151196,-0.69816,1.04718,0.00000503306,0.585644,0.883964,-0.00000278217,0.585653,0.883964,0.000190335,-0.0000416587,4.64996,-3.25014
0.162337,0.0232759,0.743986,-0.00268488,-0.551265,-0.00326258,0.83432,-0.00000107304,-0.698126,1.04719,-0.00000151196,-0.69816,1.04718,0.00000503306,0.585644,0.883964,-0.00000278217,0.585653,0.883964,0.000190335,-0.0000416587,4.64996,-3.25014
0.162337,0.0232759,0.743986,-0.00268488,-0.551265,-0.00326258,0.83432,-0.00000107304,-0.698126,1.04719,-0.00000151196,-0.69816,1.04718,0.00000503306,0.585644,0.883964,-0.00000278217,0.585653,0.883964,0.000190335,-0.0000416587,4.64996,-3.25014
0.162337,0.0232759,0.743986,-0.00268488,-0.551265,-0.00326258,0.83432,-0.00000107304,-0.698126,1.04719,-0.00000151196,-0.69816,1.04718,0.00000503306,0.585644,0.883964,-0.00000278217,0.585653,0.883964,0.000190335,-0.0000416587,4.64996,-3.25014
0.162337,0.0232759,0.743986,-0.00268488,-0.551265,-0.00326258,0.83432,-0.00000107304,-0.698126,1.04719,-0.00000151196,-0.69816,1.04718,0.00000503306,0.585644,0.883964,-0.00000278217,0.585653,0.883964,0.000190335,-0.0000416587,4.64996,-3.25014
0.162337,0.0232759,0.743986,-0.00268488,-0.551265,-0.00326258,0.83432,-0.00000107304,-0.698126,1.04719,-0.00000151196,-0.69816,1.04718,0.00000503306,0.585644,0.883964,-0.00000278217,0.585653,0.883964,0.000190335,-0.0000416587,4.64996,-3.25014
0.162337,0.0232759,0.743986,-0.00268488,-0.551265,-0.00326258,0.83432,-0.00000107304,-0.698126,1.04719,-0.00000151196,-0.69816,1.04718,0.00000503306,0.585644,0.883964,-0.00000278217,0.585653,0.883964,0.000190335,-0.0000416587,4.64996,-3.25014
0.162337,0.0232759,0.743986,-0.00268488,-0.551265,-0.00326258,0.83432,-0.00000107304,-0.698126,1.04719,-0.00000151196,-0.69816,1.04718,0.00000503306,0.585644,0.883964,-0.00000278217,0.585653,0.883964,0.000190335,-0.0000416587,4.64996,-3.25014
0.162337,0.0232759,0.743986,-0.00268488,-0.551265,-0.00326258,0.83432,-0.00000107304,-0.698126,1.04719,-0.00000151196,-0.69816,1.04718,0.00000503306,0.585644,0.883964,-0.00000278217,0.585653,0.883964,0.000190335,-0.0000416587,4.64996,-3.25014
0.162337,0.0232759,0.743986,-0.00268488,-0.551265,-0.00326258,0.83432,-0.00000107304,-0.698126,1.04719,-0.00000151196,-0.69816,1.04718,0.00000503306,0.585644,0.883964,-0.00000278217,0.585653,0.883964,0.000190335,-0.0000416587,4.64996,-3.25014
0.162337,0.0232759,0.743986,-0.00268488,-0.551265,-0.00326258,0.83432,-0.00000107304,-0.698126,1.04719,-0.00000151196,-0.69816,1.04718,0.00000503306,0.585644,0.883964,-0.00000278217,0.585653,0.883964,0.000190335,-0.0000416587,4.64996,-3.25014
0.162337,0.0232759,0.743986,-0.00268488,-0.551265,-0.00326258,0.83432,-0.00000107304,-0.698126,1.04719,-0.00000151196,-0.69816,1.04718,0.00000503306,0.585644,0.883964,-0.00000278217,0.585653,0.883964,0.000190335,-0.0000416587,4.64996,-3.25014
0.162337,0.0232759,0.743986,-0.00268488,-0.551265,-0.00326258,0.83432,-0.00000107304,-0.698126,1.04719,-0.00000151196,-0.69816,1.04718,0.00000503306,0.585644,0.883964,-0.00000278217,0.585653,0.883964,0.000190335,-0.0000416587,4.64996,-3.25014
0.162337,0.0232759,0.743986,-0.00268488,-0.551265,-0.00326258,0.83432,-0.00000107304,-0.698126,1.04719,-0.00000151196,-0.69816,1.04718,0.00000503306,0.585644,0.883964,-0.00000278217,0.585653,0.883964,0.000190335,-0.0000416587,4.64996,-3.25014
0.162337,0.0232759,0.743986,-0.00268488,-0.551265,-0.00326258,0.83432,-0.00000107304,-0.698126,1.04719,-0.00000151196,-0.69816,1.04718,0.00000503306,0.585644,0.883964,-0.00000278217,0.585653,0.883964,0.000190335,-0.0000416587,4.64996,-3.25014
0.162337,0.0232759,0.743986,-0.00268488,-0.551265,-0.00326258,0.83432,-0.00000107304,-0.698126,1.04719,-0.00000151196,-0.69816,1.04718,0.00000503306,0.585644,0.883964,-0.00000278217,0.585653,0.883964,0.000190335,-0.0000416587,4.64996,-3.25014
0.162337,0.0232759,0.743986,-0.00268488,-0.551265,-0.00326258,0.83432,-0.00000107304,-0.698126,1.04719,-0.00000151196,-0.69816,1.04718,0.00000503306,0.585644,0.883964,-0.00000278217,0.585653,0.883964,0.000190335,-0.0000416587,4.64996,-3.25014
0.162337,0.0232759,0.743986,-0.00268488,-0.551265,-0.00326258,0.83432,-0.00000107304,-0.698126,1.04719,-0.00000151196,-0.69816,1.04718,0.00000503306,0.585644,0.883964,-0.00000278217,0.585653,0.883964,0.000190335,-0.0000416587,4.64996,-3.25014
0.162337,0.0232759,0.743986,-0.00268488,-0.551265,-0.00326258,0.83432,-0.00000107304,-0.698126,1.04719,-0.00000151196,-0.69816,1.04718,0.00000503306,0.585644,0.883964,-0.00000278217,0.585653,0.883964,0.000190335,-0.0000416587,4.64996,-3.25014
0.162337,0.0232759,0.743986,-0.00268488,-0.551265,-0.00326258,0.83432,-0.00000107304,-0.698126,1.04719,-0.00000151196,-0.69816,1.04718,0.00000503306,0.585644,0.883964,-0.00000278217,0.585653,0.883964,0.000190335,-0.0000416587,4.64996,-3.25014
0.162337,0.0232759,0.743986,-0.00268488,-0.551265,-0.00326258,0.83432,-0.00000107304,-0.698126,1.04719,-0.00000151196,-0.69816,1.04718,0.00000503306,0.585644,0.883964,-0.00000278217,0.585653,0.883964,0.000190335,-0.0000416587,4.64996,-3.25014
0.162337,0.0232759,0.743986,-0.00268488,-0.551265,-0.00326258,0.83432,-0.00000107304,-0.698126,1.04719,-0.00000151196,-0.69816,1.04718,0.00000503306,0.585644,0.883964,-0.00000278217,0.585653,0.883964,0.000190335,-0.0000416587,4.64996,-3.25014
0.162337,0.0232759,0.743986,-0.00268488,-0.551265,-0.00326258,0.83432,-0.00000107304,-0.698126,1.04719,-0.00000151196,-0.69816,1.04718,0.00000503306,0.585644,0.883964,-0.00000278217,0.585653,0.883964,0.000190335,-0.0000416587,4.64996,-3.25014
0.162337,0.0232759,0.743986,-0.00268488,-0.551265,-0.00326258,0.83432,-0.00000107304,-0.698126,1.04719,-0.00000151196,-0.69816,1.04718,0.00000503306,0.585644,0.883964,-0.00000278217,0.585653,0.883964,0.000190335,-0.0000416587,4.64996,-3.25014
0.162337,0.0232759,0.743986,-0.00268488,-0.551265,-0.00326258,0.83432,-0.00000107304,-0.698126,1.04719,-0.00000151196,-0.69816,1.04718,0.00000503306,0.585644,0.883964,-0.00000278217,0.585653,0.883964,0.000190335,-0.0000416587,4.64996,-3.25014
0.162337,0.0232759,0.743986,-0.00268488,-0.551265,-0.00326258,0.83432,-0.00000107304,-0.698126,1.04719,-0.00000151196,-0.69816,1.04718,0.00000503306,0.585644,0.883964,-0.00000278217,0.585653,0.883964,0.000190335,-0.0000416587,4.64996,-3.25014
0.162337,0.0232759,0.743986,-0.00268488,-0.551265,-0.00326258,0.83432,-0.00000107304,-0.698126,1.04719,-0.00000151196,-0.69816,1.04718,0.00000503306,0.585644,0.883964,-0.00000278217,0.585653,0.883964,0.000190335,-0.0000416587,4.64996,-3.25014
0.162337,0.0232759,0.743986,-0.00268488,-0.551265,-0.00326258,0.83432,-0.00000107304,-0.698126,1.04719,-0.00000151196,-0.69816,1.04718,0.00000503306,0.585644,0.883964,-0.00000278217,0.585653,0.883964,0.000190335,-0.0000416587,4.64996,-3.25014
0.162337,0.0232759,0.743986,-0.00268488,-0.551265,-0.00326258,0.83432,-0.00000107304,-0.698126,1.04719,-0.00000151196,-0.69816,1.04718,0.00000503306,0.585644,0.883964,-0.00000278217,0.585653,0.883964,0.000190335,-0.0000416587,4.64996,-3.25014
